customer_id,customer_name,email,phone,address,area,pincode,registration_date,customer_segment,total_orders,avg_order_value
97475543.0,Niharika Nagi,ektataneja@example.org,912987579691.0,"23, Nayar Path, Bihar Sharif-154625",Udupi,321865.0,2023-05-13,Premium,13.0,451.92
22077605.0,Megha Sachar,vedant45@example.com,915123179717.0,"51/302, Buch Chowk
Srinagar-570271",Aligarh,149394.0,2024-06-18,Inactive,4.0,825.48
47822591.0,Hema Bahri,samiazaan@example.com,910034076149.0,"941
Anne Street, Darbhanga 186125",Begusarai,621411.0,2024-09-25,Regular,17.0,1969.81
79726146.0,Zaitra Vig,ishanvi87@example.org,916264232390.0,"43/94, Ghosh, Alappuzha 635655",Kozhikode,826054.0,2023-10-04,New,4.0,220.09
57102800.0,Januja Verma,atideshpande@example.org,917293526596.0,"06
Om, Ambarnath 477463",Ichalkaranji,730539.0,2024-03-22,Inactive,14.0,578.14
54748429.0,Darsh More,ynayar@example.org,912582120513.0,"26/961
Salvi Circle, Durg 406361",Visakhapatnam,883122.0,2024-04-22,New,2.0,669.35
49152878.0,Patrick Sandhu,zehaanmahajan@example.org,912413014420.0,"304
Tara Road, Gandhinagar-559930",Gwalior,649817.0,2024-09-13,Premium,4.0,973.62
16379942.0,Harshil Kuruvilla,pathakanirudh@example.org,913807361990.0,"37/62, Basu Chowk
Sikar 515907",Orai,332997.0,2024-04-10,Inactive,15.0,1370.56
11071601.0,Ojas Ahuja,sneha11@example.com,912865080618.0,"H.No. 99
Kade Road
Ramgarh 695009",Buxar,528426.0,2023-07-04,Inactive,17.0,1950.54
68164013.0,Netra Chander,hwarrior@example.org,917645901970.0,"H.No. 94
Gupta Path, Hospet-831040",Malegaon,4515.0,2023-06-29,New,1.0,1061.82
80404839.0,Kashish Dora,pushti81@example.net,912463646408.0,"H.No. 24
Pant Street, Mathura 348430",Katni,642727.0,2023-04-13,Inactive,10.0,1537.35
27038630.0,Megha Thakkar,zinalsarna@example.com,916726295759.0,"H.No. 81
Sama Street, Danapur-137828",Fatehpur,393286.0,2023-04-27,Regular,11.0,1307.28
1655637.0,Turvi Radhakrishnan,mpandit@example.org,919130065165.0,"H.No. 404, Bhalla Chowk
Visakhapatnam 048875",Ichalkaranji,548633.0,2023-09-17,Regular,19.0,723.95
75566105.0,Dipta Doctor,peterdhaliwal@example.org,912758132658.0,"586
Badami Zila, Madhyamgram-394655",Hyderabad,871594.0,2024-03-20,Regular,18.0,1432.53
23961725.0,Zayyan Buch,kalpithayre@example.net,913139982063.0,"71/67, Oommen Ganj, Purnia 250900",Bhiwandi,629210.0,2024-05-11,Regular,6.0,367.74
67749649.0,Oviya Mitra,aaravdugar@example.com,919890802849.0,"103, Mahajan Circle
Silchar 256345",Mira-Bhayandar,222577.0,2024-04-10,Inactive,11.0,281.16
61461253.0,Arin Setty,naidushivani@example.org,917060856166.0,"63/164, Kari Chowk
Moradabad 624164",Amravati,381991.0,2024-08-29,Inactive,4.0,789.5
30619659.0,Lohit Kalla,vincent81@example.com,914466575315.0,"58/882, Ramanathan
Nashik 371218",Kochi,400041.0,2024-09-18,Inactive,14.0,1992.42
50229203.0,Rushil Dhingra,htella@example.org,910837043539.0,"H.No. 99
Ravel Street
Avadi 655413",Tiruchirappalli,598757.0,2023-09-14,Regular,7.0,1731.87
13567338.0,Wahab Borah,bhattlakshit@example.com,912286009144.0,"H.No. 739, Dewan Marg
Jamshedpur 475311",Hubli–Dharwad,509163.0,2024-10-14,Premium,10.0,1054.12
7591711.0,Triya Kakar,xshetty@example.net,913247466748.0,"H.No. 65, Ratti Circle, Nellore-187667",Nagercoil,792550.0,2024-01-30,Regular,12.0,1494.0
22102079.0,Vrinda Lalla,balakrishnanyutika@example.net,917567554265.0,"H.No. 73
Gupta Road, Barasat 506282",Alwar,595920.0,2024-06-21,Premium,10.0,615.86
48910430.0,Janani Prasad,abhirambabu@example.com,918550270063.0,"149
Pall Path, Aurangabad-876025",Bardhaman,125846.0,2024-09-04,Premium,3.0,1474.04
27604184.0,Tripti Nadig,tmaster@example.com,918533188202.0,"04/18
Maharaj Zila
Pudukkottai 529324",Nandyal,279361.0,2023-10-06,New,9.0,1108.86
79672044.0,Jagdish Vora,hemangini55@example.com,915901330659.0,"92, Choudhury Ganj, Bhopal-000074",Hapur,964688.0,2023-12-17,New,8.0,1115.88
13461704.0,Zayan Ratta,shivansh35@example.com,914996250775.0,"33/78
Joshi Path, Ludhiana-975587",Nanded,770516.0,2024-04-04,Premium,4.0,1024.45
66135710.0,Zayan Thakkar,ranveer19@example.net,914797514705.0,"68/55, Bhattacharyya Zila, Coimbatore 134031",Ramgarh,352680.0,2023-11-28,New,6.0,308.63
50572914.0,Ishani Mukherjee,shivani15@example.net,916128520461.0,"H.No. 68, Gade Chowk
Siliguri-878991",Bihar Sharif,654429.0,2023-10-21,Regular,20.0,701.55
4386273.0,Jagrati Sengupta,pandeymahika@example.org,911622184828.0,"20, Jayaraman Zila
Khora -207127",Nandyal,494307.0,2024-06-26,Inactive,12.0,298.97
57537308.0,Ayush Buch,morejagdish@example.net,912414404228.0,"079
Goyal Zila, Bhiwani-715658",Jorhat,779981.0,2024-05-18,New,8.0,1641.88
34526442.0,Harita Chatterjee,gaurika82@example.com,911099088799.0,"H.No. 249, Malhotra
Ghaziabad-893659",Raipur,674102.0,2023-09-27,Regular,14.0,1956.45
67383024.0,Riya Kothari,chowdhuryimaran@example.net,917775061608.0,"648, Biswas Street, Jalandhar 957104",Kollam,436202.0,2024-04-10,Premium,14.0,1240.9
28350645.0,Alka Srinivasan,xtalwar@example.org,917083212594.0,"623, Bassi Chowk, Patiala-864851",Ratlam,360999.0,2024-01-12,Inactive,9.0,553.0
81940369.0,Nilima Chaudhuri,agrawalmugdha@example.com,912540363435.0,"H.No. 466, Bhavsar Nagar, Kalyan-Dombivli-115231",Nellore,522947.0,2024-02-24,Premium,10.0,316.79
89950235.0,Aarav Dayal,darsh33@example.net,912975749481.0,"H.No. 639
Chowdhury Path, Tadepalligudem-993818",Warangal,334280.0,2023-12-24,Premium,13.0,1179.29
88202341.0,Jagrati Dubey,vasatika03@example.net,916290915278.0,"470, Kibe Zila, Tirupati-332036",Kottayam,174979.0,2023-08-20,Inactive,9.0,644.06
41155125.0,Yahvi Doshi,daliaoviya@example.com,918695302072.0,"11
Kaul Path, Berhampore 085176",Tenali,82916.0,2024-04-22,Inactive,14.0,1454.3
46369552.0,Keya Modi,bbumb@example.org,917249134497.0,"49/76
Bansal Path, Bangalore-861073",Jaipur,688982.0,2024-09-16,Regular,17.0,456.51
48943848.0,Tarak Nair,atwalmeghana@example.org,914393489828.0,"145, Apte Street
Orai-869408",Patiala,993533.0,2024-06-21,Premium,13.0,245.46
39645619.0,Indira Jaggi,falaksunder@example.org,913217797684.0,"08/524
Toor Path, Imphal 250392",Maheshtala,740640.0,2023-06-17,Regular,13.0,1512.4
76917159.0,Hiral Arya,mason40@example.net,919423640425.0,"53/93, Saran Road, Sambhal 129176",Ludhiana,591173.0,2024-06-23,Premium,11.0,1777.83
72366758.0,Vedant Sengupta,xbarad@example.net,915548301513.0,"51/364, Dewan Path
Mumbai-975747",Ichalkaranji,228827.0,2023-11-19,Inactive,9.0,513.7
66140659.0,Omya Iyengar,ishanimaharaj@example.net,916881997869.0,"H.No. 51, Lanka Street
Bettiah 293595",Ongole,15696.0,2023-12-09,Premium,8.0,509.85
87457446.0,Yashodhara Sarraf,prabhudaksha@example.com,916371662776.0,"H.No. 80
Seshadri Chowk
Chittoor 085684",Katihar,525466.0,2024-07-02,Premium,7.0,1301.39
10830043.0,Gabriel Iyer,bbala@example.com,917749185958.0,"H.No. 369, Buch Circle, Jammu-963201",Hospet,548469.0,2023-10-15,New,9.0,899.6
97150234.0,Ishaan Brahmbhatt,madhavi33@example.com,917565232774.0,"997, Lala Path
Anantapuram-222697",Bihar Sharif,945899.0,2023-11-22,New,13.0,1527.55
72489544.0,Sanaya Joshi,gsampath@example.net,917642751322.0,"H.No. 551, Bava Chowk
Madurai-398541",Siwan,332066.0,2024-09-19,Inactive,17.0,1600.17
81352781.0,Brinda Bassi,jminhas@example.net,912401887733.0,"03/95, Virk Road
Satna 527580",Dehradun,455587.0,2024-02-27,Regular,4.0,564.55
88130777.0,Darsh Gupta,xdash@example.org,918488103744.0,"508
Brar Path, Machilipatnam 589416",North Dumdum,424291.0,2023-10-17,New,16.0,301.23
65294340.0,Jasmit Kota,arjunbandi@example.com,918690426482.0,"53/982, Pandya Marg
Anantapur-635508",Jamalpur,835263.0,2024-04-16,New,17.0,356.29
40387944.0,Chavvi Gill,qabil65@example.net,913771369246.0,"584, Mohanty Marg, Mirzapur-256533",Parbhani,373298.0,2024-03-15,Regular,10.0,569.91
91868185.0,Raghav Sathe,ekaniparmer@example.org,919502350382.0,"00/26, Chandra Chowk, Uluberia 117916",Srinagar,517675.0,2023-10-15,New,1.0,1657.84
31846190.0,Charan Choudhary,tristantank@example.org,913765675938.0,"23/56, Kadakia Marg
Patna-321511",Kolkata,264654.0,2024-09-08,New,4.0,1176.18
15529446.0,Pallavi Goda,samarthpandey@example.com,911060144223.0,"H.No. 264
Master Chowk, Patna-122382",Haridwar,665417.0,2023-10-10,Premium,9.0,854.35
20956158.0,Kashish Misra,issacjalsa@example.net,918164398862.0,"55/77
Nadkarni Zila
Machilipatnam 232117",Kavali,767570.0,2024-03-10,Premium,7.0,312.69
68159723.0,Yashvi Pathak,wallaarunima@example.org,916156322453.0,"866, Zachariah Zila
Madurai 896328",Orai,197279.0,2024-05-21,New,6.0,1214.62
48554440.0,Rohan Ganesan,bhavika36@example.net,919450531493.0,"27/72
Raj Chowk, Bhiwani-471346",Malegaon,231443.0,2024-03-28,Regular,17.0,1354.99
966247.0,Jeevika Deo,sbalasubramanian@example.net,914778660685.0,"894, Chanda Road
Kamarhati 134874",Junagadh,410259.0,2023-11-16,Inactive,13.0,1110.76
40015980.0,Dipta Deshmukh,dugarpooja@example.org,919603818038.0,"96/245, Karnik Street
Bijapur-598528",Katni,118043.0,2023-06-28,New,18.0,1031.91
63262519.0,Benjamin Balakrishnan,nkaran@example.com,912022513666.0,"H.No. 08
Kalla Road
Udupi 906901",Karaikudi,681242.0,2024-02-21,Regular,10.0,607.45
81763298.0,Laban Kumar,xhanda@example.com,917218237156.0,"71
Chadha Marg, Tezpur 405760",Ichalkaranji,469063.0,2023-07-29,Premium,1.0,1747.14
49985597.0,Neel Rastogi,rachana02@example.net,910963742438.0,"27/024, Kumer Circle, Kurnool-562150",Kishanganj,147502.0,2024-08-06,Regular,3.0,775.73
21282544.0,Warda Basak,lchoudhary@example.net,919755371641.0,"413
Kakar Road
Ujjain 345914",Jaunpur,808063.0,2024-08-28,Regular,16.0,657.98
78868716.0,Sai Chhabra,mahika95@example.net,912345303128.0,"H.No. 581
Prabhakar Road, Morena 912519",Madhyamgram,179333.0,2023-12-10,Inactive,5.0,1774.41
30733165.0,Gaurang Grewal,gramesh@example.org,916506983114.0,"94/94, Hayer Ganj, Dhanbad-672298",Ujjain,119364.0,2024-05-10,Inactive,10.0,1609.11
78678612.0,Kritika Padmanabhan,divyaluthra@example.com,919528247423.0,"H.No. 71
Shroff Nagar, Bellary-820754",Mehsana,505469.0,2024-06-20,Premium,1.0,795.06
48511124.0,Girish Shankar,aggarwalhenry@example.org,912703776064.0,"H.No. 39, Sekhon Street, Sagar 312966",Korba,315557.0,2023-05-15,Inactive,10.0,1076.14
26412689.0,Yadavi Rastogi,hemanimander@example.net,915932940928.0,"H.No. 486, Chaudhary Road
Gangtok-942061",Bahraich,693005.0,2024-06-13,Regular,1.0,1700.46
26303194.0,Janaki Parsa,bhargavanachiket@example.org,911394026169.0,"49
Varghese Road, Raichur-972279",Pali,544786.0,2023-04-29,Premium,18.0,1045.94
93735495.0,Urvi Prasad,sanyathaman@example.org,914690237071.0,"H.No. 537, Solanki Nagar, Adoni-229163",Jehanabad,984732.0,2023-05-23,Regular,7.0,871.15
8395610.0,Ranveer Subramanian,gourkeya@example.org,919565623211.0,"892, Shukla Path
Nandyal 578526",Erode,820741.0,2024-03-23,Inactive,18.0,294.53
41640262.0,Vihaan Gola,samesh12@example.com,913681309390.0,"708
Rao Nagar
Gandhidham-720600",Ulhasnagar,275919.0,2023-08-17,Inactive,9.0,1805.87
60618999.0,Lopa Vig,dalbir15@example.org,916107809027.0,"551, Sawhney Road
Satna 010828",Pudukkottai,596613.0,2024-07-28,Regular,15.0,1631.96
77220027.0,Aryan Krish,agatedaksh@example.com,912081733998.0,"18/938, Pai Marg
Aurangabad 807716",Coimbatore,387538.0,2023-12-11,Premium,16.0,551.81
32019725.0,Tarak Rout,nitarabatta@example.net,918312294019.0,"H.No. 952, Munshi Zila
Pondicherry 250063",Panchkula,791364.0,2024-01-19,Premium,19.0,1169.96
38709137.0,Neha Gade,lmahal@example.com,917282970070.0,"34/477, Bali Ganj, Udaipur 580186",Mau,855661.0,2023-07-07,Inactive,18.0,1307.64
11540364.0,Jonathan Virk,wiyer@example.net,919470187869.0,"H.No. 14, Bir Path
Ujjain 314070",Firozabad,94033.0,2024-09-24,New,20.0,517.32
59207798.0,Chakrika Bhargava,omlopa@example.org,912674586312.0,"18
Master Zila
Miryalaguda 319766",Ballia,78765.0,2023-07-02,Premium,4.0,1441.64
10797688.0,Sudiksha Mannan,janigauri@example.net,911173858493.0,"782, Golla Ganj
Kottayam-979207",Bathinda,220981.0,2023-05-22,New,7.0,1017.39
88965399.0,Darsh Sura,yachanabalakrishnan@example.net,915674743154.0,"H.No. 599
Menon Path, Kalyan-Dombivli 164642",Guntur,563500.0,2024-05-28,Regular,3.0,1144.21
10608845.0,Aadi Gole,vbalan@example.com,918797630971.0,"69/876, Varughese Path
Tadipatri 100656",Bhilwara,702163.0,2024-03-29,Premium,2.0,735.36
28603182.0,Karan Narayan,zaid12@example.net,915668029297.0,"470
Ravi Ganj, Ulhasnagar-033422",South Dumdum,663469.0,2024-08-02,New,11.0,490.13
1152215.0,Yachana Pathak,chakradevnigam@example.org,912968749008.0,"067, Rao Street
Motihari 908674",Dhanbad,251590.0,2024-05-27,Inactive,2.0,1637.43
24357425.0,Wriddhish Munshi,nazaretharin@example.net,919235521021.0,"H.No. 36, Dani Nagar, Madurai-481558",Farrukhabad,399792.0,2024-07-17,Inactive,6.0,798.18
93924203.0,Xalak Goyal,iyengaryashoda@example.net,919121320359.0,"H.No. 86
Bath Path, Aligarh 524302",Jorhat,23557.0,2023-04-21,Premium,18.0,1360.15
61406908.0,Harrison Mistry,abhimanyu55@example.org,918553078964.0,"H.No. 08, Deo
Aizawl-412973",Deoghar,365307.0,2023-12-24,Regular,1.0,458.39
78841932.0,Bhavani Rai,varkeyalexander@example.com,915276737008.0,"H.No. 104
Tak Ganj, Bhatpara 028985",Guna,907803.0,2024-04-19,Inactive,4.0,979.63
67310893.0,Idika Patla,arya77@example.org,917710512882.0,"91/165, Dewan Circle
Ajmer-980052",Chennai,286135.0,2024-04-10,New,19.0,1592.94
666589.0,Kevin Bassi,jainchandani@example.net,912286568717.0,"25/224
Soni Ganj
Visakhapatnam-398942",Morbi,852969.0,2023-07-31,Regular,15.0,465.38
73639935.0,Urvi Deo,talwargautami@example.com,910653605570.0,"12/820, Radhakrishnan Ganj
Aligarh-496495",Medininagar,528705.0,2023-09-21,Inactive,10.0,360.91
51592174.0,Jasmit Sura,anusha59@example.com,912105350444.0,"H.No. 821, Barman Street
Bhagalpur 755691",Secunderabad,271886.0,2023-08-11,New,2.0,794.83
12338529.0,Rishi Nayak,yash47@example.org,911626035168.0,"59/031
Kohli Road, Bhilwara 572342",Bangalore,448389.0,2024-10-03,New,11.0,347.1
81757554.0,Yagnesh Nadkarni,srinivasnisha@example.net,919948703080.0,"46/12, Dash Street, Ujjain 348748",Shimoga,591693.0,2024-04-18,Premium,12.0,1815.02
95372766.0,Hitesh Morar,ikbalwagle@example.org,913522324064.0,"06
Dixit
Bahraich 227315",Latur,609032.0,2024-01-15,Regular,9.0,629.05
28111842.0,Charles Kannan,amrita30@example.org,915274016671.0,"55
Setty Ganj
Bijapur-974804",Tirunelveli,734693.0,2024-09-09,Premium,8.0,1892.45
27878182.0,Qabil Lata,aarnav41@example.com,910674077181.0,"76/44, Lata
Jhansi-232629",Thoothukudi,474639.0,2023-03-30,Inactive,1.0,1023.51
27353891.0,Gabriel Ahluwalia,tahuja@example.com,917146866075.0,"295, Varty
Jabalpur-431897",Parbhani,889940.0,2023-06-25,Premium,20.0,1110.61
19179897.0,Tarak Nagi,dasoliver@example.net,917958910560.0,"H.No. 031
Subramaniam Street
Tezpur 787717",Orai,757209.0,2023-08-14,Premium,18.0,1491.58
63630649.0,Indira Golla,atikhanna@example.org,912942586703.0,"44/45
Kamdar Path, Mumbai 535037",Vijayawada,178528.0,2023-09-02,Premium,8.0,1626.79
16359370.0,Harsh Gaba,zayan66@example.org,919244843255.0,"H.No. 384
Yohannan Chowk, Nanded-222053",South Dumdum,945900.0,2023-12-05,Premium,1.0,1352.7
92123198.0,Diya Munshi,garimadutt@example.com,916233788456.0,"H.No. 86
Rastogi Road
Tiruchirappalli 971518",Bidar,505894.0,2023-08-30,Regular,8.0,224.01
77306672.0,Bina Seshadri,qsaha@example.com,919226071144.0,"58
Balay Nagar, Berhampore 873691",Motihari,249750.0,2024-09-16,Regular,20.0,456.24
67696145.0,Isaac Rattan,yuvrajkant@example.net,919860704868.0,"79/94, Kuruvilla Road, Bihar Sharif-023568",Bettiah,523966.0,2023-06-06,Regular,18.0,482.94
29902416.0,Falak Choudhry,gautampandit@example.org,919002751510.0,"08/63
Bhatt Path
Khammam-521999",Tenali,401415.0,2023-07-17,Inactive,18.0,1010.11
11446157.0,Nidhi Borra,upadhriti34@example.org,911548720905.0,"99/071, Dua Street, Sultan Pur Majra-817622",Shimoga,681393.0,2024-09-18,Inactive,8.0,400.97
84377964.0,Saumya Babu,palleta@example.com,919610745850.0,"49, Deol Nagar, Khammam 908157",Tezpur,257432.0,2024-10-24,Inactive,13.0,1458.37
12591752.0,Zilmil Krishna,ukant@example.org,918759648216.0,"116, Korpal Ganj
Junagadh 903149",Singrauli,711091.0,2023-05-28,Inactive,14.0,740.4
4940671.0,Sarthak Doshi,fariq53@example.org,910560446881.0,"42, Mand Nagar
Kolkata-949731",Silchar,431653.0,2024-06-17,Inactive,7.0,494.03
88111697.0,Ronith Rajagopal,hemalkala@example.org,919594249087.0,"68/88
Bhargava Marg, Rajahmundry-132192",Ballia,413102.0,2024-01-30,Regular,4.0,1731.14
98241853.0,Lila Mangal,reddydamini@example.com,911819094177.0,"99/06
Kala Zila
Gandhidham 366062",Vellore,575103.0,2024-04-25,Premium,19.0,1203.76
75482.0,Jeet Gandhi,amrita05@example.net,916683687947.0,"95/861, Jaggi, Sikar-343285",Korba,298093.0,2024-09-19,Regular,13.0,1938.38
6291143.0,Banjeet Oak,abhatia@example.com,917842043541.0,"56/942
Rajan Road
Mysore 031754",Yamunanagar,135844.0,2023-08-05,Inactive,19.0,1934.37
20209237.0,Anthony Ratti,aryan46@example.com,919343589933.0,"44/934, Varma Marg
Thiruvananthapuram-851021",Shimoga,467793.0,2024-02-11,Regular,19.0,1121.1
85435560.0,Viraj Nair,krishnavedhika@example.org,918573659769.0,"32/80
Rajan Zila, Anantapur 869770",Ludhiana,660678.0,2024-07-28,Inactive,8.0,1309.0
68063317.0,Reva Rajagopal,lavanya06@example.com,915914922675.0,"95, Bahl Zila
Kirari Suleman Nagar-350381",Muzaffarnagar,732932.0,2024-10-21,Inactive,4.0,1316.23
82594354.0,Harinakshi Sule,ocontractor@example.net,919987025776.0,"H.No. 608
Dhawan Ganj
Nizamabad 291392",Avadi,345071.0,2024-01-04,Regular,7.0,321.8
51040116.0,Inaya Pillai,wyattsavant@example.com,912195862964.0,"77
Mistry Ganj, Unnao-632141",Berhampur,595645.0,2023-11-14,Regular,11.0,783.03
78053306.0,Meera Naik,sdeo@example.org,915474543951.0,"96/063
Aggarwal Ganj, Kozhikode 808109",Visakhapatnam,436981.0,2024-06-27,Inactive,6.0,1037.09
66761643.0,Samuel Mukherjee,wriddhishwagle@example.net,915802972983.0,"63
Goel Zila
Ichalkaranji 944267",Anand,695591.0,2023-05-07,Regular,20.0,1432.01
81932548.0,Baghyawati Gill,vaishnaviagrawal@example.com,914157659941.0,"227
Panchal Ganj, Raiganj 028467",Etawah,439705.0,2024-10-31,Premium,12.0,1508.41
19682060.0,Hamsini Swamy,vedhikasawhney@example.net,917542713658.0,"14/652
Ganesan Nagar, Patna-892135",Jehanabad,273810.0,2024-02-12,Inactive,4.0,850.2
1719710.0,Pushti Sabharwal,ramachandranharini@example.com,913657008587.0,"49, Halder Circle, Dindigul-895174",Giridih,798390.0,2023-06-26,New,2.0,1332.82
74195536.0,Champak Chhabra,ishanviratti@example.org,917254004313.0,"21/29
Yohannan, Ambarnath-175439",Amaravati,861407.0,2024-10-09,Premium,5.0,650.62
15534747.0,Oviya Luthra,edhar@example.org,913346867550.0,"H.No. 51, Mahajan Street
Dehradun 313062",Kadapa,76910.0,2023-09-19,Inactive,15.0,362.34
95558510.0,Ekaraj Halder,jairaj73@example.com,910597301955.0,"59, Raj, Tenali 078584",Bhind,565088.0,2023-06-25,Inactive,5.0,466.28
767523.0,Maya Khosla,khannaijaya@example.org,918702216695.0,"H.No. 10
Venkatesh Street, Kakinada 570578",Vasai-Virar,375272.0,2023-05-27,Inactive,13.0,1737.28
55056284.0,Devika Lal,kamdarkalpit@example.com,911917523704.0,"H.No. 812, Iyengar Path
Jaunpur 333582",Ichalkaranji,969027.0,2024-05-13,Inactive,11.0,373.44
86167288.0,Rachana Rajagopal,cratta@example.net,918164279226.0,"H.No. 292
Baral Nagar
Bettiah-410932",Nagpur,155646.0,2023-08-14,Inactive,1.0,1049.94
96511007.0,Hema Mannan,minhasria@example.net,914841825600.0,"25/07
Sarraf Ganj
Ajmer-104308",Dindigul,470156.0,2024-06-26,New,14.0,1243.4
31084686.0,Jai Ramaswamy,ylad@example.net,914211350551.0,"60/650, Yogi Road
Baranagar 657937",Aurangabad,587018.0,2024-06-20,Regular,4.0,893.55
99594960.0,Amaira Tak,inarang@example.net,918945188793.0,"14/029
Rajan
Shimoga-387010",Madanapalle,446417.0,2023-06-12,Inactive,16.0,1475.23
53815931.0,Praneel Sekhon,dalbirganguly@example.org,912760371239.0,"06, Bedi, Sonipat-496094",Jaipur,663082.0,2023-07-19,Inactive,17.0,1739.94
21597477.0,Mugdha Chaudhuri,varshadate@example.net,914449713252.0,"H.No. 85, Johal Path, Nadiad 338564",Bhopal,801132.0,2023-09-21,Inactive,18.0,246.42
243838.0,Sudiksha Nagar,chandanikrish@example.net,913688907644.0,"H.No. 58
Cherian Zila
Dhule 851724",Visakhapatnam,865844.0,2024-05-16,New,11.0,1158.27
15484407.0,Saksham Kaur,nathmohammed@example.net,912436260247.0,"45, Gera Path, Medininagar-812341",Kakinada,457519.0,2024-06-11,Premium,18.0,560.95
21677923.0,Lipika Mukhopadhyay,masonnayar@example.net,915843023006.0,"045
Nath Circle, Nagpur-291495",Kakinada,247798.0,2023-07-18,New,17.0,465.55
24845814.0,Harshil Shukla,vedhikavora@example.net,914481465069.0,"H.No. 189
Brahmbhatt
Shimoga 947864",Raipur,46092.0,2023-03-31,Regular,17.0,423.79
99893898.0,Vedant Master,forumwable@example.com,916100269271.0,"123, Manda Circle, Dehradun 286985",Berhampore,893327.0,2023-11-22,New,16.0,365.4
95856869.0,Bahadurjit Ratta,dinradhika@example.org,914932348174.0,"H.No. 031, Lala Nagar, Nandyal 203236",Tirupati,650085.0,2024-03-08,New,12.0,531.83
40275138.0,Eiravati Thaker,umangbabu@example.net,913593061474.0,"14/926
Goswami Nagar
Bhiwani-379094",Bathinda,833704.0,2024-01-05,Inactive,18.0,1468.32
12814732.0,Janya Soni,shenoyharita@example.net,917962909548.0,"054
Acharya Ganj, Dhanbad 214980",Karaikudi,768626.0,2023-05-26,Regular,8.0,1473.36
4057678.0,Brijesh Khalsa,rrai@example.org,919640449299.0,"96/44, Bhargava
Bikaner 112116",Kadapa,383118.0,2023-05-27,Inactive,19.0,882.63
46682777.0,Simon Parekh,vigekiya@example.org,915321666790.0,"22
Balay Road
Thanjavur 478790",Medininagar,705746.0,2024-07-02,Inactive,10.0,600.09
10562528.0,Udant Dada,odika72@example.com,916268234175.0,"H.No. 19, Taneja Ganj, Malda-646819",Udaipur,579690.0,2024-07-11,Premium,12.0,887.02
31978160.0,Kiaan Khare,januja42@example.net,913690372079.0,"H.No. 76, Sharma Zila
Bharatpur 622055",Saharanpur,506540.0,2024-05-01,New,8.0,1881.61
14207332.0,Ucchal Uppal,epandya@example.com,910556108847.0,"88, Contractor
Silchar 827375",Aligarh,571862.0,2024-01-03,Regular,18.0,1263.17
76019750.0,Omisha Balan,advaithsahota@example.com,914087964632.0,"91, Uppal Path
Guwahati 827046",Thiruvananthapuram,320360.0,2024-01-04,New,20.0,310.83
36833857.0,Omya Banik,jeet65@example.org,914224626112.0,"19
Dada Marg, Hajipur-162049",Silchar,319422.0,2024-02-26,Premium,7.0,1882.18
84275450.0,Frederick Sem,ucchalsingh@example.com,919792106665.0,"50/504
Sha Zila
Agra-731162",Nellore,809285.0,2024-03-10,Premium,17.0,239.05
6367136.0,Yashica Jayaraman,kmane@example.org,910288989871.0,"47/70
Kalita Road
Jalgaon-197155",Rohtak,337064.0,2024-02-17,Regular,18.0,1662.44
27049432.0,Mitali Shankar,sahotaudarsh@example.net,917330361553.0,"91/62
Chandra, Ambala-225973",Nagaon,68240.0,2023-07-08,Premium,1.0,1866.16
69863493.0,Yashica Madan,jsehgal@example.com,914102629181.0,"36, Rau Circle
Meerut-833400",Junagadh,342288.0,2023-06-09,Regular,6.0,1620.01
35349582.0,Raksha Kalla,qvohra@example.net,911616073929.0,"159, Sahni Circle, Panihati 063296",Bhilai,563148.0,2024-01-28,Premium,6.0,932.85
20148223.0,Manbir Dua,schar@example.org,910841775043.0,"H.No. 573, Comar Road, Proddatur-125060",Kamarhati,675142.0,2023-05-26,Inactive,5.0,599.99
46684081.0,Darika Hans,shahaarna@example.com,910111026662.0,"223, Jani Road
Hindupur 177571",Ghaziabad,519748.0,2023-04-01,Premium,11.0,1225.01
49795571.0,Rajata Agrawal,charvikurian@example.net,912035357315.0,"43/482
Munshi Zila, Khandwa 356038",Loni,73093.0,2024-03-08,Premium,13.0,401.72
44935198.0,Chakrika Divan,wazirpandit@example.org,918262249067.0,"80/85, Thakkar Circle, Bikaner 110079",Tumkur,112464.0,2023-12-05,New,14.0,973.32
74515162.0,Aarnav Parsa,miteshvarghese@example.org,910175896842.0,"72
Koshy, Pali 271238",Durgapur,233703.0,2024-08-19,New,10.0,1605.13
54885705.0,David Date,ojasvisandhu@example.com,915698167849.0,"74/94, Badal Nagar, Jalna 695558",Amritsar,359792.0,2024-03-30,Premium,13.0,432.05
96793479.0,Abhimanyu Venkataraman,wramakrishnan@example.com,916421168105.0,"70, Wali Marg, Saharanpur-050662",Ambarnath,540050.0,2024-08-23,Inactive,18.0,1185.01
87335844.0,Chandran Chakraborty,nborah@example.com,917358385469.0,"218
Bedi Chowk, Nangloi Jat 363286",Shivpuri,133563.0,2023-06-29,Premium,11.0,1770.89
67340606.0,Onkar Arya,lekharadhakrishnan@example.org,919744838836.0,"H.No. 08, Goda Street
Madurai 153185",Tirunelveli,991020.0,2024-06-20,Premium,6.0,263.58
72667140.0,Neelima Raj,benharrison@example.net,913425966061.0,"00/569
Hayer Street, Srinagar 199551",Mysore,827748.0,2023-07-30,Premium,9.0,1106.22
71956734.0,Sneha Chaudhuri,kalasaanvi@example.org,912805301886.0,"759
Sahni Marg
Parbhani 296580",Adoni,396862.0,2024-07-04,New,8.0,1219.73
8536503.0,Ubika Om,daminikala@example.com,911159408273.0,"76/125, Bora Chowk
Bharatpur-089713",Ramagundam,111678.0,2023-04-19,Regular,9.0,399.57
70179018.0,Sai Brar,shaoni@example.net,916854861520.0,"H.No. 689
Tara Chowk
Phagwara-194850",Bhiwani,759090.0,2024-09-11,New,5.0,1725.79
68219091.0,Tanvi Dixit,deourvi@example.com,917408608823.0,"26
Shah Road, Nadiad 221103",Ongole,443175.0,2024-10-04,Regular,16.0,529.87
71890882.0,Mitali Parsa,khalsazaid@example.org,919036276522.0,"65
Balasubramanian Road, Akola 312577",Fatehpur,316173.0,2024-03-16,Premium,6.0,907.37
44928499.0,Aarav Andra,sonikabir@example.org,910814388898.0,"H.No. 730
Saraf Marg, Lucknow-500239",Ramgarh,227609.0,2023-04-09,New,10.0,915.27
35302195.0,Garima Chahal,wyatt01@example.com,915011795455.0,"467
Bains Ganj
Allahabad-875803",Maheshtala,476166.0,2023-04-03,New,16.0,420.19
25641500.0,Harshil Vaidya,michaelthakur@example.org,910022986645.0,"H.No. 76, Kamdar Street
Nizamabad 170922",Sultan Pur Majra,580141.0,2024-10-20,Premium,18.0,241.19
29272253.0,Brijesh Nadkarni,gaurangigarg@example.com,915986579788.0,"52
Subramaniam Road, Ozhukarai-599981",Kolhapur,373917.0,2024-09-19,New,18.0,1282.7
30643619.0,Ethan Nagi,dmukherjee@example.com,919871390677.0,"219, Ratti Street
Gwalior 736989",Shimla,499186.0,2024-03-31,Inactive,5.0,1084.47
40800762.0,Pranav Dar,urvashi38@example.org,916133330746.0,"70/167, Gaba Ganj
Madhyamgram 684375",Pallavaram,455611.0,2023-10-30,Inactive,10.0,1781.9
74212242.0,Netra Kaul,manya42@example.org,919403832810.0,"78
Nagy Street, Giridih-598307",Allahabad,725534.0,2023-10-12,Premium,2.0,1065.52
30265929.0,Nandini Brahmbhatt,dixitganga@example.org,917876111371.0,"32/39
Natt Ganj
Thrissur-034713",Nizamabad,844891.0,2024-08-04,Premium,15.0,1388.33
22321208.0,Pratyush Bedi,praneel86@example.net,913108657015.0,"74/583
Kapoor Nagar
Buxar-561567",Ballia,740752.0,2024-10-02,Regular,18.0,558.66
60385293.0,Edhitha Pandey,hchaudry@example.org,912421513035.0,"30/01, Pillay Road
Jammu-165930",Medininagar,950046.0,2024-02-22,Premium,17.0,228.44
94137242.0,Rohan Mallick,wasonmohammed@example.net,917286111509.0,"H.No. 80, Varty Street, Narasaraopet-597623",Bhagalpur,104396.0,2023-04-17,New,14.0,1592.85
45477575.0,Aarna Bawa,kondajagdish@example.com,912719661653.0,"14/351, Agarwal Path
Medininagar 636193",Vellore,117423.0,2024-01-05,Inactive,4.0,327.93
9401406.0,Lucky Babu,shivanisura@example.net,917127291084.0,"19/19, Prabhakar Circle
Khandwa-188633",Panipat,128140.0,2023-11-18,Regular,14.0,792.74
21948041.0,Oni Amble,devbarman@example.com,911823986985.0,"20/02, Magar Chowk, Jaipur 910334",Bhavnagar,541006.0,2024-03-21,New,13.0,1381.95
39968800.0,Gopal Bera,gavin30@example.net,915415940125.0,"98/202
Maharaj Chowk
Srinagar-720865",Malda,385040.0,2023-09-29,New,19.0,1877.55
29097987.0,Matthew Subramanian,samuel89@example.net,910735951192.0,"H.No. 42
Korpal Zila
Kollam 079499",Hosur,56400.0,2024-04-23,Inactive,12.0,224.41
83304571.0,Abha Dugar,vrittishukla@example.com,918864717896.0,"63/02
Lalla
Nagaon-893985",Dharmavaram,356502.0,2023-11-27,New,19.0,1772.47
69126963.0,Chatura Lad,gagankaran@example.com,916785944688.0,"354, Chaudhry, Guna-116016",Mirzapur,838057.0,2024-02-21,Premium,19.0,1352.41
26903313.0,Chandresh Sandal,chandreshyohannan@example.org,918585668853.0,"H.No. 834, Mistry Circle, Jalna 276281",Bhimavaram,460961.0,2023-04-25,Regular,1.0,284.0
50899600.0,Frado Arya,kthakur@example.com,919208580722.0,"11, Kar Zila
Pondicherry-026892",Bettiah,87102.0,2023-11-15,New,1.0,989.49
12988801.0,Darika Verma,pallahredhaan@example.net,911617632853.0,"H.No. 697, Solanki Circle, Raurkela Industrial Township-387322",Gurgaon,701201.0,2024-09-02,New,8.0,1179.5
85869195.0,Kashish Nigam,rajagopalansudiksha@example.net,916550563624.0,"11/091, Roy Ganj, Tirunelveli-404174",Rajpur Sonarpur,313275.0,2024-07-10,Regular,2.0,1125.96
76327561.0,Osha Khanna,utkarsh04@example.net,915914626221.0,"63/442, Seth Zila
Guwahati-133100",Adoni,471009.0,2023-08-14,Inactive,5.0,553.12
54580166.0,Jason Pradhan,lucky87@example.net,910366322098.0,"08, Dani Chowk, Shimla 913693",Silchar,67494.0,2023-08-11,Regular,8.0,1024.69
15931134.0,Azaan Gara,jai07@example.com,914061338681.0,"H.No. 099
Ghosh Zila, Serampore-691244",Darbhanga,121150.0,2024-03-10,Inactive,5.0,760.9
79919160.0,Qasim Rai,madhavhans@example.com,914328493896.0,"44/93, Mall Chowk, Guna-533461",Silchar,216361.0,2023-12-30,Premium,8.0,565.61
5763963.0,Chandran Seth,yashoda79@example.net,914781329513.0,"17/902
Mital Road
Kharagpur-793062",Pimpri-Chinchwad,773179.0,2023-03-30,Regular,12.0,1118.82
75213636.0,Bhanumati Chatterjee,xitiarya@example.com,919715550043.0,"97/38, Prakash Ganj
Sonipat 694456",Sonipat,971252.0,2024-07-01,Inactive,5.0,1482.83
16543242.0,Vihaan Korpal,dayalekaraj@example.net,910147864761.0,"H.No. 44, Garde Street
Indore 604835",Darbhanga,887597.0,2023-06-05,Premium,6.0,1523.88
61568565.0,Kashish Lala,pallrajeshri@example.org,911472978989.0,"H.No. 98
Samra Path, Naihati 015024",Yamunanagar,522411.0,2024-10-25,New,2.0,1943.51
42227189.0,Nilima Borah,kashishvenkatesh@example.com,911523313436.0,"H.No. 22, Oommen Marg
Bokaro-040725",Sonipat,618575.0,2024-03-14,Regular,19.0,723.21
23996221.0,Jackson Issac,kulkarniekapad@example.com,919383618831.0,"H.No. 040
Kala Ganj, Bardhaman-699657",Ramagundam,243517.0,2023-10-10,Inactive,7.0,1783.28
76309170.0,Chandran Agate,rayomkaar@example.net,919151270003.0,"H.No. 36
Seshadri Zila, Nanded-141728",Bhind,592981.0,2023-11-26,Regular,18.0,1824.43
78157360.0,Xavier Toor,rayaan93@example.net,918405744884.0,"82/63
Pant
Shimoga-462093",Udaipur,574799.0,2024-08-05,Regular,20.0,1310.87
49833888.0,Harini Raja,ekavir40@example.net,913627365202.0,"00, Varma Zila, Amaravati 118550",Parbhani,925782.0,2024-03-31,Inactive,3.0,1908.42
60591625.0,Fitan Kunda,gillgunbir@example.net,913802646356.0,"81/40, Borah Path
Aligarh 096524",Delhi,623581.0,2023-07-30,New,8.0,374.61
5238055.0,Chandani D’Alia,sahninandini@example.net,910748552789.0,"H.No. 37
Balakrishnan, Raurkela Industrial Township-608642",Guntur,745044.0,2024-01-29,Regular,3.0,1166.67
25221501.0,Pratyush De,royisaac@example.org,912890041263.0,"79/767, Thaker Marg
Mehsana 184520",Orai,179348.0,2023-09-09,Regular,20.0,1935.84
71905368.0,Chameli Magar,ugulati@example.org,914462151039.0,"26/58, Sawhney Road
Ichalkaranji 364954",Bathinda,943076.0,2023-05-24,Premium,7.0,479.45
54057428.0,Chatura Contractor,gsachdev@example.org,912895987483.0,"061
Kalla Path, Khandwa-739363",Panvel,751652.0,2023-11-28,New,13.0,1564.34
68475914.0,Ishita Sarna,bhallasaanvi@example.org,915846214477.0,"198
D’Alia Road, Anantapur-670874",Kishanganj,766236.0,2023-10-27,Inactive,6.0,1615.84
48358028.0,Xavier Kibe,agatesiya@example.org,914582356467.0,"986
Banerjee Marg, Bhagalpur 966590",Gudivada,666095.0,2024-05-08,Premium,14.0,1852.36
43367112.0,Chasmum Ramesh,jom@example.com,913254450285.0,"H.No. 620
Krishnamurthy Nagar, Pudukkottai-019414",Gopalpur,276624.0,2023-12-14,New,19.0,1861.66
69034027.0,Udarsh Gole,tatwal@example.com,914668163295.0,"H.No. 751
Khanna Street, Kolkata-181161",Nagaon,299457.0,2024-06-02,Regular,4.0,1230.08
7687234.0,Farhan Sheth,dhritijhaveri@example.com,916981901972.0,"H.No. 346, Walia Zila
Raichur-286527",Naihati,183562.0,2024-09-27,Inactive,18.0,892.0
97411107.0,Udarsh Sandhu,janaki58@example.net,917134127881.0,"11/78
Dugal Street
Orai 801891",Medininagar,970183.0,2024-07-26,New,18.0,1406.97
9423628.0,Chanakya Dutta,magarekbal@example.net,919586659430.0,"66/820, Vora Marg
Bokaro-175491",Malegaon,936957.0,2023-09-03,Inactive,19.0,1911.7
72797175.0,Aarush Ratti,harinikurian@example.net,912998919903.0,"21/12
Malhotra Path
Mangalore-066277",Loni,660030.0,2023-11-17,Regular,7.0,426.09
38875754.0,Yash Mitter,falaksrinivasan@example.net,916294516611.0,"004
Hayre Circle
Anand 997941",Ambattur,109408.0,2023-08-12,Premium,9.0,237.42
49881540.0,Xalak Muni,avni70@example.net,917714808042.0,"140, Mannan Circle
Nashik-798110",Kottayam,59206.0,2024-09-13,Inactive,10.0,1134.6
13462905.0,Bimala Rau,arinhans@example.org,911441403364.0,"59/269, Natarajan Chowk
Jhansi-391339",Farrukhabad,96804.0,2023-03-23,Premium,14.0,809.44
37556526.0,Anjali Varkey,triveni48@example.org,916293872154.0,"H.No. 66, D’Alia Zila
Muzaffarpur-364745",Farrukhabad,243420.0,2024-06-14,Inactive,18.0,1200.18
52032226.0,Jagvi Choudhury,shivanimani@example.com,918058971158.0,"12/11, Kala Circle
Amroha 185767",Jodhpur,921195.0,2023-08-26,Premium,19.0,1551.39
75289676.0,Yashica Borra,odikasaha@example.org,916273362302.0,"22
Karnik Ganj, Thoothukudi-104639",Bardhaman,123617.0,2023-07-20,Inactive,19.0,1170.53
9274874.0,Kashvi Ganguly,fray@example.org,919362005254.0,"H.No. 813
Vasa Marg
Darbhanga 804686",Arrah,271335.0,2024-09-26,Regular,20.0,792.52
36428139.0,Hemani Ben,reva92@example.com,914591296611.0,"H.No. 45
Maharaj Circle, Bardhaman-464292",Nagaon,993212.0,2024-04-09,Premium,15.0,619.69
51994597.0,Xavier Divan,sahotaavni@example.org,913221280042.0,"83/630, Morar Road, Chandrapur 044856",Mira-Bhayandar,964776.0,2024-08-23,Regular,12.0,1591.21
95309983.0,Vansha Atwal,ramankritika@example.net,918540258136.0,"23/11, Ramesh, Udupi 062614",Solapur,373773.0,2024-09-07,New,15.0,1990.83
2391900.0,Nisha Gokhale,priyasankaran@example.com,917827056456.0,"970
Oak Zila
Rajahmundry 305834",Bhagalpur,348478.0,2024-09-26,New,17.0,897.78
82425179.0,Gagan Patil,diyalal@example.net,910042768876.0,"83/41
Kota, New Delhi 417281",Kakinada,367377.0,2024-06-13,Regular,17.0,1532.5
45868300.0,Isha Sheth,revaatwal@example.net,915776097269.0,"H.No. 36
Doctor Path, Aurangabad 897507",Ratlam,406941.0,2023-08-24,Premium,7.0,584.9
1855421.0,Jasmit Kibe,kabiranand@example.net,913618465633.0,"94
Lal Road, Satara 661110",Kadapa,608163.0,2023-06-30,Inactive,10.0,260.2
87256913.0,Abhiram Kannan,wagate@example.org,919125464205.0,"H.No. 39
Master Marg
Silchar-029236",Bhiwandi,398030.0,2024-10-01,Regular,10.0,990.58
15545780.0,Ekansh Baria,mammenqasim@example.net,911684219172.0,"99/11, Bhattacharyya Street
Nangloi Jat-388866",Ambala,953801.0,2024-04-13,Regular,18.0,1268.44
20951294.0,Sathvik Dhar,atichoudhary@example.net,918262522153.0,"527, Choudhury Zila
Khammam-116209",Anantapur,766714.0,2023-08-29,Premium,4.0,223.45
11636968.0,Frado Ravel,rachitaaurora@example.org,918546705384.0,"36/97, Dutta Chowk
Bharatpur-153378",Srinagar,213214.0,2024-09-21,Inactive,1.0,1574.94
86636273.0,Saksham Bora,michael01@example.org,913771587618.0,"H.No. 881, Shroff Ganj, Imphal-936263",Chinsurah,958910.0,2023-07-15,Inactive,13.0,529.61
40593638.0,Wridesh Ratti,bgrewal@example.net,917809813124.0,"01
Bhargava Circle, Chandrapur-262870",Purnia,432260.0,2023-12-12,Premium,18.0,1146.85
701493.0,Ekaraj Saini,arya43@example.net,918673348146.0,"H.No. 327, Borde Circle, Dibrugarh 462007",Shahjahanpur,845299.0,2024-02-11,Inactive,2.0,290.07
29664214.0,Vrishti Chopra,csankaran@example.com,913753459289.0,"57, Gala Circle, Bhavnagar-180888",Chennai,979766.0,2024-01-08,Regular,13.0,553.65
26278566.0,Henry Zachariah,surimaanas@example.org,913265736784.0,"H.No. 87
Jain Street, Darbhanga-415731",Satna,604955.0,2024-01-25,New,14.0,1739.84
87251489.0,Reyansh Johal,ladpatrick@example.net,914791054534.0,"49/97
Thakkar Chowk, Jamalpur-188650",Thane,171389.0,2024-03-04,Premium,9.0,1940.4
67465084.0,Rachita Gill,meghana61@example.net,912526347438.0,"415
Keer Zila
Pondicherry 417130",Ratlam,549174.0,2023-11-02,Premium,20.0,1001.97
83236183.0,Zayan Kalla,chatreshtella@example.net,918082907844.0,"71/586
Puri
Vasai-Virar 324011",Panihati,760694.0,2023-03-26,New,20.0,1145.01
66710182.0,Max Mallick,sameshdate@example.com,915154471124.0,"H.No. 31
Chowdhury Ganj
Rohtak 005657",Korba,565436.0,2024-03-18,Inactive,11.0,1751.48
93507573.0,Raksha Prashad,ntank@example.com,913359636515.0,"020, Nagi Road, Jaunpur 764276",Purnia,88946.0,2024-10-23,Premium,2.0,555.78
8733344.0,Chandani Mishra,kalitafaraj@example.com,915840260876.0,"80/04
Garde Marg, Amaravati 689188",Jammu,100521.0,2024-02-02,Premium,10.0,1152.02
73098723.0,Abhiram Khare,wvora@example.org,918578551855.0,"644, Cherian Circle
Karimnagar 990326",Coimbatore,17255.0,2024-02-22,New,1.0,474.41
49050014.0,Chanakya Mukhopadhyay,edhithashetty@example.net,913908121924.0,"H.No. 648, Morar Road
Dharmavaram-350890",Ludhiana,610068.0,2023-11-15,Premium,8.0,1589.25
98144693.0,Varenya Ahluwalia,imohan@example.com,913464079563.0,"41/464
Bajwa Zila
Katihar-157022",Kota,839641.0,2024-11-04,Premium,10.0,701.68
43034188.0,Ekaraj Bora,kohlimeera@example.org,919086755471.0,"40/707, Soman Chowk
Latur-351743",Sirsa,569612.0,2024-01-28,Inactive,2.0,1638.62
77673290.0,Aditya Ram,sanya50@example.com,914727216930.0,"H.No. 985, Contractor Chowk
Sangli-Miraj & Kupwad-857082",Sagar,627474.0,2024-11-04,Premium,7.0,1881.39
41494517.0,Maya Dara,hamsini77@example.com,910460781400.0,"28/79, Peri Ganj, Satna 501343",Latur,726616.0,2024-04-09,Inactive,10.0,860.07
85233498.0,Arin Chad,banjeetanne@example.org,915998716396.0,"H.No. 28, Agarwal Zila, Karnal-493549",Bijapur,369390.0,2024-06-17,New,4.0,1715.9
79592021.0,Jack Basu,gulatitanvi@example.net,915858527878.0,"668, Jaggi Circle, Jorhat-664299",Chittoor,463029.0,2024-02-16,Regular,1.0,291.29
40104482.0,George Toor,kdave@example.com,910785951907.0,"510
Ramakrishnan Chowk, Thiruvananthapuram 670909",Morbi,752996.0,2023-08-19,New,5.0,1632.94
1469696.0,Gaurangi Banerjee,raghavanjagrati@example.com,911996578832.0,"98/623
Balasubramanian Zila, Alappuzha-147623",Jalna,74329.0,2023-06-24,Premium,6.0,1784.79
21658322.0,Balhaar Balasubramanian,tandoneiravati@example.com,912216367658.0,"94/125, Chhabra Circle
Suryapet 010747",Maheshtala,216235.0,2024-07-29,Regular,5.0,1416.06
55094848.0,Michael Sarraf,ckakar@example.net,913540856268.0,"22, Sant Street
Patna-748149",Madanapalle,90667.0,2023-04-02,Premium,14.0,422.78
15897933.0,Mohini Rao,asom@example.org,919923746946.0,"518, Mammen Chowk, Aurangabad 953213",Jabalpur,337945.0,2023-03-18,Regular,1.0,1221.23
8138417.0,Champak Narayan,xnath@example.com,917995550144.0,"292
Basak Street
Kumbakonam-181430",Nangloi Jat,773735.0,2024-06-28,Premium,7.0,1446.82
24581427.0,Yahvi Tiwari,yauvanibarad@example.net,916583407320.0,"43/477, Bath Marg, Panihati-316632",Ahmednagar,644558.0,2023-08-20,Premium,3.0,747.9
73428596.0,Nathaniel Sem,ekanta10@example.com,917894420102.0,"19/020, Apte Road, Bareilly-249358",Kakinada,530738.0,2023-08-18,Inactive,16.0,808.24
95428692.0,Janani Yohannan,chakradevwable@example.com,919305731276.0,"H.No. 76, Ravel Circle, Raurkela Industrial Township-413543",Motihari,512761.0,2023-03-21,New,14.0,1834.38
51048402.0,Leela Bhandari,wnarayan@example.com,915440414387.0,"82/635
Karan Street, Srinagar 417962",Ahmedabad,68801.0,2024-02-13,Premium,12.0,895.49
13455530.0,Yoshita Varty,mdoshi@example.com,916473763998.0,"98
Bose, Kozhikode 567183",Saharsa,419575.0,2024-04-05,Inactive,3.0,1812.55
62742184.0,Gabriel Luthra,qasim85@example.net,915215652918.0,"H.No. 569, Narain Marg
Hosur-065127",Nandyal,575266.0,2023-10-21,Premium,15.0,1518.76
26285589.0,Bakhshi De,reyanshbarad@example.net,914948508183.0,"62/286, Rege Chowk, Bhalswa Jahangir Pur-017260",Yamunanagar,962533.0,2024-10-29,New,15.0,535.12
31991019.0,Gauri Dhar,dominicperi@example.net,912387333651.0,"53/402
Gola Zila, Ulhasnagar 941321",New Delhi,151851.0,2023-09-28,Regular,12.0,1231.06
52862822.0,Aarini Khosla,ysaran@example.com,913923024029.0,"12, Rao Chowk, Bhatpara 780850",Anand,618615.0,2024-07-16,Regular,14.0,491.28
2365348.0,Zashil Varghese,rayaan71@example.net,918719140213.0,"H.No. 059, Swamy Ganj
Thoothukudi-956774",Siwan,119006.0,2024-09-23,Regular,11.0,1133.51
62917794.0,Chaman Setty,charlesprabhu@example.org,913908732122.0,"067, Sem Street, Thane-645689",Bharatpur,198010.0,2024-02-12,Regular,16.0,1686.74
49806393.0,Aarush Natt,nachiket49@example.com,911883661448.0,"33, Kurian Zila
Jorhat 539806",Latur,918497.0,2023-03-31,Regular,5.0,1229.25
65382130.0,Nachiket Mani,rajaijaya@example.net,916928698211.0,"65
Manne Circle, Gangtok-255633",Ahmednagar,88366.0,2023-06-24,Regular,18.0,557.2
97111119.0,Ridhi Sekhon,rmishra@example.com,914119413443.0,"H.No. 44
Hora Circle
Jabalpur 884514",Tiruchirappalli,980279.0,2024-09-11,Regular,13.0,1047.73
48268435.0,Triveni Padmanabhan,bishakhaprasad@example.com,913882430209.0,"40
Bandi Chowk
Bally-447625",Ramagundam,631598.0,2024-04-05,Inactive,15.0,1670.86
10796846.0,Waida Sanghvi,qbera@example.com,912912553543.0,"H.No. 080
Vala Path, Nizamabad 974676",Tiruvottiyur,379070.0,2024-06-10,Regular,2.0,1548.31
31233120.0,Veer Krish,mitesh54@example.org,916780556163.0,"60/849
Venkatesh Road
Navi Mumbai-093276",Lucknow,9792.0,2024-05-03,Regular,2.0,555.76
4192351.0,Leela Date,vbalasubramanian@example.net,915977123356.0,"H.No. 10
Banik Ganj, Kavali-006107",Nandyal,871014.0,2024-01-20,Inactive,17.0,625.36
9347990.0,Aarush Pingle,natarajantanay@example.com,912353233822.0,"39/93
Khare, Kolkata 775692",Nizamabad,16949.0,2024-04-01,Premium,6.0,492.04
46699982.0,Abhiram Sahni,vuppal@example.org,916195107374.0,"728, Mishra, Haridwar 182006",Ulhasnagar,837587.0,2023-10-10,Inactive,19.0,1171.6
46515922.0,Harish Setty,kamya82@example.net,919104240371.0,"63/69, Mital Chowk, Gandhinagar-801336",Ghaziabad,793626.0,2024-09-05,Regular,16.0,950.75
2164524.0,Kamala Natt,abha02@example.net,914518913172.0,"H.No. 130
Bhakta Chowk
Morbi-605758",Rohtak,398241.0,2023-04-16,Inactive,1.0,754.95
94854830.0,Aarna Dave,michaelmann@example.com,912656646606.0,"80/915
Pau Nagar
Haridwar-710710",Kochi,194790.0,2023-07-27,Inactive,5.0,415.65
53886685.0,Ayaan Dixit,henrykanda@example.net,911691736168.0,"90, Issac Circle
Giridih-159208",Bhimavaram,771068.0,2024-05-01,New,11.0,1066.86
89223620.0,Udyati Malhotra,raaginimitter@example.net,913113813116.0,"13
Kaul Road
Kulti-440393",Amravati,487205.0,2023-07-21,Inactive,17.0,579.91
17597449.0,Umang Dhingra,pprabhakar@example.com,916003995803.0,"47
Patil Circle, Srikakulam 796222",Guna,433729.0,2023-04-06,Inactive,15.0,229.4
14167111.0,Balvan Raman,bassigavin@example.org,917717664768.0,"H.No. 15, Shetty Zila, Buxar-796680",Kishanganj,21360.0,2023-08-03,New,18.0,963.9
93867669.0,Vrishti Bhatti,ochoudhary@example.net,918863841928.0,"H.No. 419, Ranganathan Road
Thane-511020",Khammam,755055.0,2024-02-21,Inactive,10.0,1954.42
8886587.0,Aishani Sura,neelima18@example.com,913094116037.0,"68, Sunder Marg
Tiruppur 470957",Moradabad,171879.0,2023-08-27,Regular,4.0,951.65
53292177.0,Tanmayi Vyas,eesha65@example.com,918129263598.0,"14/54
Banik
Kirari Suleman Nagar-412785",Panihati,635480.0,2024-10-27,Inactive,3.0,1449.4
66130660.0,Lopa Bhasin,tanishverma@example.com,913233833271.0,"78/65
Trivedi Road
Chandigarh 042818",Gandhinagar,773293.0,2024-04-20,New,1.0,1673.4
29562254.0,Devansh Murty,niteshdeshpande@example.com,910288856856.0,"07/32
Ghosh Street, Nagercoil 485520",Jaunpur,853545.0,2023-07-19,Inactive,19.0,1290.14
40703374.0,Wriddhish Ramachandran,sahaamara@example.org,917101921951.0,"65/892
Rastogi Street
Anantapuram-983602",Nandyal,854748.0,2024-09-02,Regular,10.0,1934.68
18259715.0,Finn Chacko,ggala@example.org,910239259761.0,"H.No. 080
Kari, Deoghar 884791",Pudukkottai,635726.0,2023-05-14,Regular,9.0,1731.11
63184222.0,Veer Cheema,geetika98@example.com,910279270492.0,"33/00
Sami Chowk
Saharanpur 693311",Kharagpur,304440.0,2024-01-04,Inactive,15.0,1035.69
5540556.0,Lakshit Balan,gunbirpillai@example.org,914805774586.0,"508, Dixit Zila
Nashik-521010",Gangtok,166077.0,2023-08-28,Regular,13.0,273.47
36587003.0,Amaira Nagi,jdeo@example.org,916612634980.0,"494, Shukla Path
Nizamabad 528423",Tumkur,471550.0,2023-03-31,New,5.0,1759.74
55028958.0,Pavani Yadav,mallorinder@example.org,910013225561.0,"71/201, Swamy, Thoothukudi-983182",Howrah,918618.0,2023-05-10,New,17.0,1168.29
86995126.0,Bimala Bhattacharyya,sanishaurya@example.org,914697751039.0,"830
Naik Chowk, Shivpuri-973829",Durgapur,924849.0,2023-06-12,New,10.0,316.82
22358567.0,Zansi Chakraborty,sarthaksuri@example.org,912183034642.0,"05
Kara Street
Bhagalpur-060052",Faridabad,410334.0,2023-04-02,Inactive,8.0,638.86
10745302.0,Yochana Shukla,jaigrover@example.net,916832908358.0,"16/77, Kuruvilla Road
Jamalpur-474745",Indore,49444.0,2023-10-26,Premium,5.0,1530.95
31410886.0,Ayush Manda,finnraman@example.com,917625393535.0,"56/79, Shere Nagar
Pallavaram-288622",Sasaram,122681.0,2024-05-20,Inactive,9.0,757.75
80476444.0,Qadim Bail,vrittikoshy@example.com,916460558071.0,"96/75
Dutta Street
Dhule-206857",Eluru,868809.0,2024-05-27,Premium,1.0,1677.06
98709982.0,Dhruv Kalita,toormegha@example.org,914768443428.0,"H.No. 40
Vig Ganj, Dehri 859344",Dehri,79160.0,2024-04-11,Inactive,1.0,1704.93
36142455.0,Rushil Walla,tristannarang@example.org,917860508650.0,"52, Toor Circle, Bhagalpur 502939",Katni,388331.0,2023-03-19,Premium,6.0,1476.25
71607166.0,Inaya Sama,wahab05@example.org,913478170303.0,"H.No. 08
Toor
Chapra 724446",Rohtak,242409.0,2023-09-18,Inactive,11.0,1251.88
6622751.0,Nachiket Ratti,dyalaahana@example.com,911094409067.0,"481, Jaggi Path
Barasat-074501",Thiruvananthapuram,690638.0,2024-06-10,Inactive,9.0,598.89
77217240.0,Tristan Aurora,dugalranbir@example.org,917254351868.0,"69
Khalsa Path
Arrah-734122",Karawal Nagar,585326.0,2024-09-11,Premium,9.0,414.76
31537100.0,Rajata Sampath,ekiya53@example.org,914977793125.0,"H.No. 253, Sundaram Chowk, Pondicherry-876626",Kozhikode,147671.0,2024-02-16,Regular,13.0,917.32
38969732.0,Manthan Chana,obarad@example.com,910023988005.0,"05/935
Kohli Path, Jabalpur 151623",Pune,893205.0,2024-09-08,New,10.0,1501.23
81091233.0,Divya Dada,hemal96@example.com,914765173823.0,"H.No. 10, Balay Zila, Panipat 734804",Durgapur,538157.0,2024-04-24,Regular,4.0,1993.07
13424885.0,Azaan Modi,pandyaarya@example.org,911217455831.0,"H.No. 581
Bawa Path
Ichalkaranji-554765",Malda,905782.0,2024-01-14,Premium,8.0,358.46
91789216.0,Rajeshri Rama,iyengarchasmum@example.net,911071822147.0,"979, Yohannan Circle
Aurangabad 976812",Thane,386024.0,2024-01-05,New,15.0,1708.89
25661033.0,Raksha Kannan,akshaymann@example.net,913956848689.0,"H.No. 19
Gole Ganj
Ludhiana-452366",Miryalaguda,761294.0,2023-05-23,New,3.0,1020.5
24153726.0,Azad Sachdev,ugara@example.net,917096057254.0,"68/08
Dube Zila
Ambala-132424",Orai,411944.0,2024-06-19,Premium,16.0,546.12
87222820.0,Aadhya Padmanabhan,nkala@example.org,918096170656.0,"23/386, Savant Street, Bharatpur-396119",Ulhasnagar,651234.0,2023-03-25,Inactive,13.0,497.66
79628054.0,Oscar Narula,charkrishna@example.com,918952045142.0,"59/374, Borra Ganj
Navi Mumbai-709758",Pondicherry,820810.0,2024-10-25,Premium,5.0,1737.81
99156138.0,Yatin Hayer,raghavangaurang@example.com,915136640663.0,"714
Choudhury Chowk, Chinsurah 000605",Morbi,906839.0,2023-06-10,Regular,19.0,911.74
6150721.0,Vaishnavi Master,ldeshpande@example.org,917601993410.0,"82/547
Deep Road
Phusro-585053",Panihati,15615.0,2023-11-07,New,2.0,1705.17
12531927.0,Ayush Tripathi,vmodi@example.net,911601374441.0,"H.No. 084, Mody Ganj, Panipat-412839",Bhiwandi,581091.0,2024-05-12,New,20.0,1511.87
87200291.0,Anya Panchal,ngandhi@example.net,912129987003.0,"04/693, Ramanathan Chowk
Faridabad-115332",Ichalkaranji,603624.0,2024-02-03,Inactive,12.0,526.58
34897081.0,Kamala Dasgupta,bhaktabhavika@example.org,918893858583.0,"33, Uppal Chowk, Mysore-453952",Shahjahanpur,647500.0,2023-07-22,Premium,18.0,425.92
68754962.0,Odika Rout,bsinha@example.com,916771724656.0,"849
Sani Ganj
Ahmednagar 929709",Khammam,12144.0,2023-10-26,Inactive,2.0,512.27
38613642.0,Ishani Pandya,wahab57@example.net,910518544814.0,"H.No. 59
Apte Chowk, Tiruvottiyur-913801",Erode,325134.0,2024-11-03,Regular,16.0,1380.08
70589930.0,Sai Taneja,bariaazaan@example.com,911393696597.0,"H.No. 84
Narang Ganj, Dehradun-756490",Sambalpur,353937.0,2023-09-29,Premium,12.0,985.23
93937586.0,Pranav Solanki,hayrewarjas@example.org,910729863960.0,"H.No. 758
Goyal Nagar
Orai 041239",Medininagar,683079.0,2023-07-04,New,1.0,651.43
8817168.0,Lajita Sharma,gaurang89@example.net,919052032703.0,"10/038
Subramanian Chowk
Begusarai 041864",Mehsana,294382.0,2023-08-19,Inactive,7.0,1382.39
85763665.0,Eshana Narula,lekha86@example.net,914276685424.0,"812, Dutta Zila, Hindupur-529803",Sikar,238167.0,2024-06-26,Premium,13.0,1062.57
39423691.0,Lucky Goel,wparikh@example.com,914727485858.0,"67/88, Mukherjee, Bellary-497259",Chandrapur,923560.0,2024-05-28,New,18.0,332.84
17675915.0,Rayaan Wable,warhi45@example.net,916265153831.0,"759, Karnik Nagar, Gurgaon 611202",Varanasi,107960.0,2024-01-18,Inactive,4.0,1146.18
59141605.0,Saksham Kala,triyadutt@example.net,913335741144.0,"H.No. 570
Kulkarni Marg, Berhampur-762758",Motihari,58086.0,2024-07-10,New,15.0,1739.58
89418072.0,Azad Wason,ranaforum@example.com,913488448080.0,"62/91, Ramanathan Nagar
Orai 783992",Deoghar,115200.0,2024-10-11,Regular,18.0,1748.85
89412038.0,Ekansh Nagi,aarinirau@example.com,914575701999.0,"H.No. 566, Parmar
Medininagar-071397",Kharagpur,198327.0,2023-09-09,New,7.0,937.66
14632090.0,Ria Baria,qsoman@example.net,917887645218.0,"H.No. 517, Bhatti Marg, Bihar Sharif-108740",Miryalaguda,564210.0,2024-03-31,Regular,15.0,1620.46
70220141.0,Reyansh Dhaliwal,jganguly@example.org,910316308475.0,"49
Chaudhary Circle, Yamunanagar 303831",Sambalpur,988097.0,2024-03-24,Premium,13.0,469.6
79298972.0,Zaid Kari,solankiabeer@example.net,915590631276.0,"37
Bajaj Circle, Siwan 761617",Nadiad,685405.0,2023-06-25,Regular,5.0,1975.13
78572233.0,Ucchal Nagy,chauhanliam@example.com,913577865385.0,"19/95, Mangal Road
Hyderabad-121004",Siwan,584166.0,2023-10-26,Regular,7.0,1845.28
91382237.0,Yashasvi Prasad,osanghvi@example.org,912616587272.0,"68/302, Dara
Agra 821445",Bhiwani,733394.0,2024-03-18,Regular,4.0,1790.07
25659794.0,Rajeshri Radhakrishnan,ganga35@example.org,911383564089.0,"H.No. 973
Tara Street
Jorhat 869913",Buxar,619160.0,2023-05-25,Inactive,11.0,1192.81
88203688.0,Chavvi Karan,hsaini@example.org,916067392387.0,"31/15
Sundaram Road, Meerut-572312",Chittoor,743672.0,2023-04-16,New,9.0,1570.98
60732869.0,Joshua Nath,anamika40@example.com,910727099798.0,"H.No. 29
Hora Nagar
Amritsar-740154",Rajahmundry,625859.0,2023-04-08,New,17.0,1140.22
40563029.0,Chandani Rege,parsafaraj@example.org,913860638563.0,"75/25, Borde Marg, Maheshtala 940203",Chandigarh,24783.0,2024-08-23,Inactive,12.0,1203.36
34237583.0,Ishwar Chand,mitalwidisha@example.net,914460661311.0,"37/02
Ganguly Circle
Barasat-737778",Hapur,769474.0,2024-09-08,New,1.0,231.43
51174875.0,Sara Prasad,oviyabhardwaj@example.com,918587675278.0,"H.No. 252
Sami Marg
Kochi 597640",Saharsa,739236.0,2023-05-26,Inactive,7.0,1276.61
41261495.0,Faris Deol,pdey@example.org,910539623497.0,"70/832
Sarkar Zila
Sonipat-700002",Bhagalpur,78428.0,2024-10-20,Inactive,5.0,687.71
46876240.0,Vihaan Doctor,jagvi98@example.org,916127817416.0,"H.No. 305
Sunder Street, Proddatur-711890",Vijayanagaram,447804.0,2023-06-16,Premium,5.0,1588.64
20940403.0,Tanvi Kala,zayyan13@example.com,918270808381.0,"H.No. 537
Krishna Circle
Gurgaon 910763",Dhule,711075.0,2023-05-08,Premium,11.0,1511.1
52234494.0,Chameli Kadakia,bhavinisandhu@example.com,917943161445.0,"H.No. 038, Rama Nagar, Pali 764609",Bhopal,648848.0,2023-07-25,Premium,4.0,766.95
25503067.0,Ikshita Yohannan,solankicharita@example.org,917390880693.0,"H.No. 27
Issac Ganj
Mau 581320",Alwar,730983.0,2023-08-15,New,1.0,1257.76
3491230.0,Ucchal Chana,bariabina@example.org,914634268253.0,"52/516, Khalsa Zila
Kota-913116",Khora ,876370.0,2023-06-01,New,14.0,226.62
16420489.0,Divya Peri,imaran88@example.net,918033199185.0,"032, Pandey Chowk, Medininagar-342499",Nandyal,543319.0,2024-04-01,New,14.0,1368.05
57291761.0,Samarth Muni,netrasarkar@example.org,913190092444.0,"H.No. 997, Hayre Marg, Dhule-782519",Pallavaram,260349.0,2024-08-29,Regular,8.0,1338.09
21573815.0,Urvashi Dalal,rajagopalmanthan@example.net,916215015040.0,"77
Konda Street
South Dumdum-782739",Allahabad,583410.0,2023-09-26,Premium,2.0,206.87
82854537.0,Yauvani Korpal,kulkarnidhriti@example.org,919638469412.0,"754
Mody Marg
Aligarh-411970",Varanasi,690385.0,2024-05-05,Inactive,2.0,1027.48
88684966.0,Jalsa Khanna,warhi99@example.com,915005533370.0,"372
Date, Pali 101228",Surat,612723.0,2024-07-08,New,10.0,711.72
65143359.0,Zinal Thakkar,pranavdara@example.net,916329501969.0,"08
Comar Circle, Secunderabad-809728",Bhind,238085.0,2024-02-17,Premium,14.0,1071.2
77625089.0,Omisha Kalla,yogividhi@example.net,913171424585.0,"69/285, Sarkar Street, Hospet-402412",Rourkela,735727.0,2023-10-23,New,1.0,1879.39
8361353.0,Pahal Kibe,gabriel01@example.org,911673420898.0,"231, Bhasin Circle
Berhampur-413214",Bhiwani,528702.0,2024-02-17,New,3.0,632.74
95269737.0,Aarini Vora,tmitra@example.com,915485561082.0,"152
Karan
Bathinda-640398",Machilipatnam,468669.0,2024-03-10,Regular,19.0,413.46
83701325.0,Chasmum Rau,advaithupadhyay@example.net,919299589668.0,"H.No. 191, Rout Circle
Narasaraopet 526905",Dehradun,227249.0,2023-04-11,Premium,10.0,1515.8
98667584.0,Sara Soman,salvigeetika@example.com,912270298752.0,"01/760
Natarajan Path
Parbhani-638480",Jaipur,439446.0,2024-10-27,Premium,8.0,1072.65
51476157.0,Abdul Bali,nandinibanik@example.net,919436539657.0,"62/25
Sarma Circle
Mahbubnagar-707575",Burhanpur,928472.0,2024-08-21,Inactive,10.0,1033.16
2848415.0,Anika Raja,ukamdar@example.org,914449473640.0,"71/451, Sura Road, Nanded 621248",Aurangabad,529864.0,2024-07-13,Inactive,9.0,1798.13
71235336.0,Gabriel Sawhney,chahalsamuel@example.net,911821918243.0,"H.No. 671, Doctor Chowk, Saharanpur 270113",Bokaro,551761.0,2024-01-30,Regular,16.0,248.21
79206969.0,Aadi Bains,girindra18@example.net,916265590124.0,"671, Khurana
Mango 598682",Jamalpur,574469.0,2023-11-17,Regular,1.0,721.13
27971619.0,Wriddhish Anne,jbhalla@example.org,914196026115.0,"19/372, Batra Nagar
Jodhpur-951616",Mirzapur,466962.0,2023-10-11,New,3.0,1691.32
66427343.0,Forum Iyer,rajavarsha@example.net,911678329575.0,"25/98, Mallick Nagar
Gudivada 670706",Dewas,212034.0,2023-08-25,Premium,17.0,265.15
50392139.0,Zehaan Hayer,yashoda79@example.net,912943699968.0,"03/182, Manda Circle
Mangalore 883696",Jamnagar,361935.0,2024-07-02,Inactive,16.0,991.26
46088132.0,Benjamin Ramanathan,ssahota@example.com,916494151052.0,"12/15, Jha Ganj, Adoni-465226",Sasaram,881157.0,2024-05-09,New,13.0,321.43
61226563.0,Chameli Kala,aadhya91@example.com,910657229569.0,"45/52, Kapoor, Mahbubnagar-558328",Vadodara,584496.0,2024-01-06,Regular,5.0,417.98
5386246.0,Oeshi Dhillon,mallmaya@example.com,919401691011.0,"41/05
Cheema Marg, Durg-626411",Kadapa,956529.0,2023-05-19,Inactive,5.0,1741.42
97739583.0,Vasudha Nair,nratti@example.net,919053447703.0,"878
Rajagopal Circle, Phagwara-745365",Hapur,333808.0,2023-07-21,Inactive,17.0,1522.55
67711384.0,Widisha Varkey,gautami04@example.net,910359097668.0,"H.No. 177, Bera Ganj, Jehanabad-028809",Bilaspur,116890.0,2024-09-06,Premium,8.0,700.6
77320193.0,Aarush Das,jainjanuja@example.net,919561450716.0,"70/159
Maharaj Zila
Bettiah 050676",Jalgaon,816791.0,2024-10-03,Premium,4.0,1568.02
44409533.0,Vihaan Sule,varghesevasatika@example.net,918920960427.0,"H.No. 08, Kapadia Zila, Nagpur-853011",Tadipatri,789300.0,2024-03-10,New,12.0,1728.95
84287579.0,Amrita Borde,orajagopalan@example.org,910362362142.0,"H.No. 57
Baral Road
Dhanbad-870742",Raurkela Industrial Township,625329.0,2023-11-14,Premium,4.0,1655.6
25595836.0,Sathvik Prabhakar,vihaan96@example.net,916602270171.0,"71/414
Vaidya Marg, Kumbakonam 076787",Orai,103518.0,2023-10-22,New,18.0,314.17
17681645.0,Maanav Bhat,zayan80@example.net,915044455558.0,"H.No. 571, Barad Path, Siliguri 766713",Bhagalpur,392367.0,2023-12-21,Premium,15.0,1381.26
95364457.0,Nitara Bandi,gaurangi65@example.org,913181185855.0,"H.No. 205, Bose Path
Sri Ganganagar-216738",Ramagundam,738005.0,2024-02-21,Premium,13.0,1137.59
23348269.0,Rudra Dutta,janya57@example.com,914824634432.0,"02/047
Patel Road
Dindigul 073010",Ahmednagar,398963.0,2024-02-28,Inactive,9.0,1251.82
95858939.0,Chakrika Shroff,nbalay@example.com,910696161916.0,"83/95, Sheth Marg, Chandrapur-896229",Raiganj,353023.0,2023-10-19,Regular,8.0,1823.58
46313756.0,Widisha Desai,nakul82@example.net,911818880064.0,"102, Chopra Ganj, Korba-838479",Kolhapur,449091.0,2023-03-26,Premium,10.0,1245.36
38694209.0,Harinakshi Patla,zbhagat@example.com,914258283760.0,"349, Doshi Circle, Ramgarh 805466",Uluberia,377044.0,2024-08-23,Premium,20.0,1335.82
54680459.0,Fariq Kala,danielbanerjee@example.com,912843619880.0,"97/611, Modi Ganj
Allahabad-554472",Vijayanagaram,319468.0,2023-08-29,Regular,8.0,585.9
67952740.0,Sathvik Majumdar,nadkarnidalbir@example.org,917928178094.0,"52/345
Aurora Circle
Guna 800744",Raebareli,304107.0,2024-07-17,Regular,19.0,319.1
90665975.0,Hamsini Dhingra,zaitra78@example.com,917329062634.0,"83/623, Halder Marg
Panchkula 692228",Nangloi Jat,402144.0,2023-09-24,Inactive,15.0,271.25
35237846.0,Bakhshi Varkey,baljiwan77@example.org,914233248210.0,"54/322
Prakash Circle
Nanded-846263",Guna,546699.0,2023-09-11,Premium,20.0,1968.65
85476508.0,Orinder Dua,sarafekavir@example.net,919275873799.0,"55/632
Ratta Path, Bareilly 643413",Pallavaram,314585.0,2024-05-22,Inactive,18.0,1607.33
20122449.0,Amaira Ahuja,raagini26@example.net,913701177593.0,"H.No. 348, Kannan Chowk
Bahraich-832004",Cuttack,19668.0,2024-01-22,New,12.0,1298.4
40392019.0,Yashvi Sur,omamrita@example.net,917523213618.0,"73/114
Bhatnagar Ganj, Kozhikode 920406",Eluru,287315.0,2024-02-08,Premium,8.0,1419.8
25587553.0,Nakul Venkatesh,hamsinikarpe@example.org,919109521254.0,"H.No. 136
Jani Road, Bhimavaram-112584",Imphal,369946.0,2023-09-24,Regular,12.0,689.82
27727819.0,Lavanya Bhasin,vidhidixit@example.org,910017275424.0,"69, Mohanty Nagar
Bhopal-712953",Nagercoil,165069.0,2023-10-28,Inactive,8.0,1175.48
65396354.0,Hemani Modi,tanmayinarayanan@example.net,915903297319.0,"66/23
Raju
Madhyamgram-282305",Hindupur,725268.0,2023-03-18,Inactive,20.0,1738.21
84953008.0,Sai Pal,rattayashvi@example.net,911940931765.0,"15
Shankar Circle
Danapur-131817",Bongaigaon,290142.0,2024-09-09,Inactive,3.0,1187.65
22081691.0,Yagnesh Bora,harrisonmore@example.net,917333506544.0,"41/94
Bora Path
Siliguri 237079",Satara,999018.0,2023-11-16,New,13.0,361.38
77086074.0,Ekantika Mannan,yatancherian@example.net,913651278015.0,"875
Mishra Street, North Dumdum 684088",Hazaribagh,41866.0,2023-12-02,Regular,3.0,737.0
13978108.0,Oscar Oak,dubeywatika@example.org,916385184590.0,"28, Shukla Chowk, South Dumdum-353489",Kota,596608.0,2024-03-16,Premium,7.0,1307.21
3421258.0,Ishita Chaudhuri,tara78@example.com,915568926763.0,"17/31, Dora Chowk
Erode-651124",Kota,192064.0,2024-06-19,Premium,19.0,806.62
82160592.0,Krisha Keer,ishaandey@example.com,917577469426.0,"339, Singhal Chowk, Raichur-860394",Chittoor,741410.0,2023-12-31,New,15.0,568.11
4458329.0,Nimrat Sandal,manyachatterjee@example.net,914812159247.0,"85/452
Khatri
Jammu 831625",Mira-Bhayandar,842142.0,2024-07-01,Inactive,10.0,1617.0
92038780.0,Geetika Bansal,minhasraagini@example.com,919859795150.0,"02, Chahal Zila
Thrissur 415323",Pallavaram,536778.0,2023-08-03,Premium,12.0,445.0
63376126.0,Michael Pall,bsahni@example.org,911059645212.0,"47/807
Doshi Path, Dehri 730907",Kollam,926884.0,2024-10-30,Inactive,2.0,1176.22
62816600.0,Gagan Kumar,karajhalak@example.org,913938766347.0,"H.No. 60
Garde Zila
Bikaner-229719",Kavali,243459.0,2024-04-24,Inactive,2.0,1790.22
25713335.0,Ojas Sridhar,nbhatnagar@example.org,912511340295.0,"H.No. 33, Gole Marg, Hubli–Dharwad-959877",Chennai,855454.0,2024-02-10,New,16.0,1362.71
58111297.0,Chasmum Mutti,vrindakumer@example.com,917550631586.0,"500
Bhat Ganj
Tadepalligudem 780400",Sambalpur,390809.0,2023-08-16,Regular,20.0,1149.62
22571994.0,Lakshit Bassi,badamivrishti@example.net,910036404914.0,"24, Bail Street
Jammu-808344",Bihar Sharif,83717.0,2024-07-08,Regular,2.0,912.9
47711422.0,Meghana Varkey,ebhatti@example.org,916518497579.0,"H.No. 33
Vig Circle
Kishanganj-213957",Bhatpara,244531.0,2023-10-26,Inactive,20.0,1234.7
35885052.0,Aadhya Ravi,urmibedi@example.org,917577557825.0,"20/26
Kuruvilla Road, Pondicherry-851116",Bhiwandi,745674.0,2023-09-24,Inactive,1.0,1838.87
51503088.0,Arin More,aashibiswas@example.org,913687250793.0,"H.No. 11, Krishnan Zila
Kirari Suleman Nagar-199625",Kumbakonam,867510.0,2024-02-23,New,20.0,1651.36
47043878.0,Frado Batra,birnicholas@example.net,913457449137.0,"581
Ramakrishnan Path
Naihati-117037",Bilaspur,280957.0,2024-06-13,Premium,18.0,1411.67
72495274.0,Vasatika Amble,bhattirishi@example.com,918829664522.0,"804, Prasad Ganj, Gulbarga 969848",Aizawl,945908.0,2024-01-30,New,11.0,1364.51
6081270.0,Caleb Sane,diptagour@example.net,915268329172.0,"009
Loyal Marg
Udaipur 582796",Gaya,603031.0,2024-08-17,Inactive,15.0,969.51
38048329.0,Harrison Loyal,niharika09@example.com,914168101745.0,"41/188, Bobal Ganj, Shimla-284469",Pali,987355.0,2024-10-01,New,1.0,904.76
69089982.0,Daniel Reddy,rrandhawa@example.org,919283864790.0,"H.No. 55, Ganesh Ganj, Proddatur 621180",Noida,758620.0,2024-09-16,Inactive,5.0,1831.09
59909004.0,Indali Master,samaksh55@example.org,911233769062.0,"H.No. 08
Dar
Sambhal-965654",Haridwar,910220.0,2023-11-09,New,15.0,731.88
79607319.0,Tanay Prabhakar,loyalluke@example.net,915364222165.0,"H.No. 565
Sura Ganj
Jaunpur-709356",Indore,988411.0,2023-08-31,New,6.0,942.14
66742602.0,Yatan Uppal,hchakraborty@example.net,913358190164.0,"18
Bala Zila, Katni 101174",Jalna,749857.0,2023-07-01,New,14.0,1981.09
24032469.0,Liam Khatri,chaayabalay@example.net,918692887618.0,"38
Bassi Ganj, Navi Mumbai-379945",Muzaffarnagar,722292.0,2023-11-07,New,14.0,814.5
65772743.0,William Kuruvilla,onveerbedi@example.net,914201768186.0,"43/82, Bala Nagar
Khammam 231196",Erode,283776.0,2024-08-02,Regular,14.0,1780.68
15661901.0,Warda Wagle,umangat@example.com,913419186879.0,"53/830
Date Circle, Indore-996250",Kumbakonam,996843.0,2024-10-31,Regular,1.0,764.57
21866852.0,Ojas Morar,gangulymahika@example.org,916521407154.0,"059
Narain Marg, Mau 610611",Guwahati,428400.0,2023-11-14,Premium,18.0,1480.38
79478655.0,Zilmil Rege,noah34@example.com,919785584366.0,"34
Saini Road, Begusarai-262999",Silchar,627881.0,2024-08-15,Regular,9.0,1845.26
13164195.0,Fitan Uppal,abeerbedi@example.org,912687424638.0,"94
Vohra Chowk, Kulti-326317",Durg,142902.0,2023-11-26,Premium,17.0,786.74
38565569.0,Udarsh Nayar,garimabala@example.com,917985567266.0,"36/815, Khosla Chowk, Karaikudi-978674",Anantapuram,200521.0,2024-03-01,Premium,5.0,1765.01
10225164.0,Siya Parmer,watika42@example.net,915830822437.0,"51/60
Chawla
Darbhanga-169445",Dehri,625283.0,2024-09-25,Inactive,20.0,491.07
72946405.0,Ria Kuruvilla,oscar26@example.net,913574244187.0,"H.No. 434
Pradhan Zila, Gorakhpur 540230",Kulti,547077.0,2024-02-07,Premium,6.0,1287.78
97557157.0,Priya Karan,ekiya65@example.net,917534401355.0,"56/24
Bhalla Road, Sirsa 663909",Bardhaman,361111.0,2024-01-22,Regular,1.0,800.21
32595806.0,Radha Bhardwaj,mchatterjee@example.com,919025510710.0,"65
Thaker Path, Ranchi 954884",Chandigarh,980380.0,2024-05-30,Inactive,19.0,442.13
53100521.0,Mitesh Bora,krishnanabhimanyu@example.com,912864450701.0,"H.No. 306, Lanka Ganj
Orai-124210",Gandhidham,108712.0,2024-03-02,Inactive,3.0,982.11
59252433.0,Vincent Raval,riya20@example.org,916194393464.0,"H.No. 212, Srinivas Chowk, Udupi-349021",Karaikudi,598368.0,2024-09-20,Regular,1.0,990.53
59890331.0,Raagini Badal,nicholas03@example.com,910650147457.0,"82/260
Chokshi Ganj
Etawah 946629",Chennai,382306.0,2024-11-01,Premium,16.0,552.68
95001589.0,Dayamai Bhasin,darika48@example.org,916133118331.0,"145, Bumb Street
Bidar 474547",Asansol,376431.0,2024-08-23,Regular,20.0,1788.42
53076417.0,Chaitanya Nayak,yuvrajmadan@example.com,916462947667.0,"63, Dyal Zila
Malda 584769",Malda,592396.0,2024-02-23,Inactive,6.0,411.27
82286725.0,Unnati Mishra,sarkarwarhi@example.net,917198774440.0,"910, Seth Ganj
Tirunelveli-419308",Orai,730156.0,2024-10-17,Premium,18.0,1322.85
13383642.0,Xavier Kashyap,okulkarni@example.org,910358365531.0,"61
Yadav Road
Jorhat-609503",Mumbai,385101.0,2024-04-02,Regular,16.0,1114.11
52215833.0,Lipika Parmer,gavinprabhakar@example.net,910213519763.0,"00/455, Chakraborty Road, Jammu 801712",Sirsa,414814.0,2024-09-27,Regular,5.0,305.65
67271824.0,Liam Rama,ebains@example.com,913494169459.0,"308, Dave Chowk
Tadipatri 154537",Salem,368044.0,2024-09-13,Inactive,11.0,1765.06
78903046.0,Dakshesh Sundaram,nidrachowdhury@example.com,914597003144.0,"63/496, Zacharia, Nagpur 548720",Karawal Nagar,481302.0,2023-04-16,Regular,7.0,1371.83
90021871.0,Pooja Dube,sudikshagokhale@example.org,910950444681.0,"H.No. 052
Chawla Marg, Ongole-389291",Thiruvananthapuram,326796.0,2023-08-04,Regular,2.0,1907.98
97286925.0,Omkaar Bedi,girindra67@example.com,912878097839.0,"H.No. 44
Sarma Chowk
Bettiah 917609",Vellore,106555.0,2023-08-30,Inactive,20.0,617.71
6186471.0,Dominic Koshy,choprachanchal@example.org,915606658365.0,"22/739
Sachdev Ganj
Madanapalle-093707",Chittoor,410608.0,2024-09-18,New,17.0,1619.95
5039883.0,Gavin Garg,nitesh75@example.org,911177506972.0,"H.No. 872
Oza Marg
Hazaribagh 512058",Purnia,360444.0,2023-12-19,Inactive,15.0,610.99
90882023.0,Benjamin Misra,craman@example.org,917726876648.0,"35/442
Merchant Circle, Uluberia 558909",Begusarai,686278.0,2023-06-12,Premium,11.0,1137.49
33295496.0,Imaran Chaudry,janyasaha@example.net,912342967640.0,"88/372, Gera Zila, Tiruchirappalli-103051",Haldia,234933.0,2024-01-12,Premium,14.0,1136.17
72393904.0,Amara Mahajan,kamala48@example.net,916539195024.0,"H.No. 030, Bhattacharyya Path, Thrissur-308964",Mumbai,130954.0,2024-07-25,Inactive,8.0,1920.6
15830066.0,Rishi Krishnan,anvimerchant@example.net,915565332468.0,"H.No. 56, Chahal Marg
Hosur 232465",Mira-Bhayandar,652139.0,2024-10-18,New,19.0,936.66
93341057.0,Ayaan Tiwari,nagiyashica@example.net,912233062532.0,"74/730
Zacharia Road, Karawal Nagar-451755",Maheshtala,660740.0,2023-10-15,Inactive,20.0,1783.53
64106072.0,Pratyush Majumdar,riasheth@example.org,911641476779.0,"H.No. 009
Sharma Marg
Loni 610495",Deoghar,787371.0,2023-04-13,Inactive,3.0,1704.43
62742797.0,Tanvi Dhar,xbaral@example.org,913688388307.0,"53
Bakshi Chowk
Tirunelveli 714052",Fatehpur,407022.0,2023-08-30,Premium,13.0,979.11
79591237.0,Osha Warrior,anika64@example.com,913674159132.0,"28/18
Banik Chowk
Rajpur Sonarpur 816154",Thane,394025.0,2023-12-23,Premium,6.0,1695.64
59095971.0,Jason Wagle,pahalsama@example.com,915028942978.0,"22/10, Tara Nagar
Nashik 495261",Amroha,238579.0,2023-09-08,Inactive,15.0,311.21
34768050.0,Ekalinga Dixit,ojas67@example.com,912167772234.0,"H.No. 66, Walia Street, Thoothukudi-930293",Dhanbad,35987.0,2023-11-21,Inactive,17.0,1358.51
15221182.0,Charles Munshi,yashodaanne@example.org,919185934023.0,"34/72
Ratta Ganj, Ramagundam-239302",Visakhapatnam,639677.0,2023-08-19,Inactive,11.0,1871.46
66655397.0,Hemal Grover,xalak59@example.org,917971360873.0,"H.No. 663, Badal Road, Dewas 856228",Pali,154251.0,2023-04-23,New,5.0,775.85
63971358.0,Leela Hayre,npalla@example.org,918511026912.0,"599
Sharaf Zila
Adoni 602296",Mau,621459.0,2023-06-24,Regular,2.0,1159.84
38615653.0,Xiti Sachdeva,hnarang@example.net,913348023005.0,"04/04, Padmanabhan Street, Hosur 637223",Motihari,309098.0,2024-03-30,Regular,8.0,1501.01
30192942.0,Darika Raj,indalisunder@example.net,912817982930.0,"45
Shroff Zila, Bhiwani 555758",Jodhpur,907183.0,2024-02-04,Premium,8.0,1400.72
4444673.0,Chatresh Patla,owenkhatri@example.net,915269995631.0,"H.No. 70
Kade Marg
Mysore 259029",Srikakulam,440337.0,2023-06-24,New,15.0,584.69
25850478.0,Jeevika Taneja,barkha46@example.net,915246025546.0,"H.No. 65
Balakrishnan Nagar
Ambarnath-424723",Danapur,112691.0,2024-04-05,Inactive,2.0,679.32
50484778.0,Hiral Saxena,kurianatharv@example.com,911901886309.0,"07/185
Agate Zila, Shivpuri 496563",Kanpur,7186.0,2024-05-16,Inactive,2.0,1495.86
30891209.0,Azaan Bora,manan23@example.org,913519053638.0,"381, Balan Circle, Anand 910232",Gudivada,347450.0,2024-07-22,New,1.0,1815.35
91144803.0,Hemang Singhal,njain@example.com,919950752442.0,"474
Sidhu Marg
Avadi-099148",Imphal,509332.0,2023-09-16,Regular,16.0,650.17
79764621.0,Darpan Sastry,dayita64@example.org,915525091796.0,"H.No. 910, Bora Zila, Tezpur-561747",Rajahmundry,148516.0,2023-05-15,Premium,5.0,1830.61
87823209.0,Hemang Suri,aggarwalwatika@example.net,915979846952.0,"75/184, Apte Ganj, Kurnool 695756",Tadepalligudem,826255.0,2023-04-08,Inactive,18.0,983.94
26432512.0,Warhi Iyer,petergrewal@example.net,918533287852.0,"H.No. 206
Varty Zila
South Dumdum 988271",Khora ,53631.0,2023-12-17,New,18.0,1092.52
34526570.0,Falak Edwin,jalsasetty@example.com,915953004076.0,"H.No. 240
Dhar Marg
Bhagalpur-524099",Mysore,369619.0,2024-07-29,New,19.0,847.76
35358395.0,Hiral Kumar,yadavxalak@example.net,912099208879.0,"H.No. 835
Sahota Street
Ramagundam 303158",Dindigul,587334.0,2023-10-05,Inactive,12.0,787.28
20634789.0,Aarnav Som,watikasule@example.org,912866703248.0,"202
Prabhakar Nagar, Latur-410481",Chinsurah,885507.0,2024-07-02,New,12.0,1223.43
11047835.0,Nathaniel Reddy,rsengupta@example.net,910814269381.0,"H.No. 31
Dugar Nagar, Nashik-602362",Tinsukia,553038.0,2024-01-31,Regular,6.0,573.38
17201639.0,Vidhi Toor,qsani@example.com,913882677422.0,"H.No. 413
Bera Marg
Madhyamgram 098129",Korba,139363.0,2023-05-23,New,15.0,1472.23
87718744.0,Max Pandit,vamakshi09@example.com,912812848221.0,"66/373
Wali
Singrauli-074003",Bathinda,966966.0,2023-09-29,Regular,6.0,863.84
75474920.0,Ojas Wali,khuranafrado@example.org,916596952410.0,"86/139
Wali Marg, Cuttack 645746",Serampore,234962.0,2024-10-20,Regular,18.0,569.23
57956497.0,Reva Sahota,frederick08@example.com,914831674927.0,"81, Naik, Dharmavaram-468737",Kurnool,2246.0,2024-10-05,Inactive,1.0,460.65
14114543.0,Vedika Aurora,rajagopalangeetika@example.net,910528551826.0,"H.No. 306
Palla Path, Guwahati-489162",Muzaffarnagar,76708.0,2023-03-29,Inactive,20.0,659.52
5043760.0,Chatresh Dara,dsinghal@example.org,919498451461.0,"93, Bansal Road
New Delhi 109118",Davanagere,638623.0,2023-11-28,Regular,2.0,1154.94
66359719.0,Diya Murty,mitalihayer@example.com,916264838134.0,"693, Sankar Road, Bhavnagar 420251",Nagercoil,262617.0,2024-05-20,Regular,2.0,949.36
32656885.0,Xiti Sane,nyadav@example.net,918698992003.0,"10, Chana Street, Thiruvananthapuram-939172",Durgapur,278727.0,2023-08-01,New,1.0,309.43
2457734.0,Onkar Garg,warhi85@example.com,914165510683.0,"51/82, Sathe Marg
Khora  495386",Ahmednagar,317271.0,2023-05-27,Premium,12.0,923.06
9702217.0,David Doshi,madhavkibe@example.com,911280868167.0,"51/90
Mani Road, Muzaffarnagar-728003",Shahjahanpur,708661.0,2024-09-17,New,6.0,1209.86
55425478.0,Karan Ramachandran,jackson54@example.net,916226098653.0,"03, Mann Circle
Sultan Pur Majra 572115",Surendranagar Dudhrej,408102.0,2024-07-05,Inactive,12.0,1605.51
50781611.0,Jeremiah Mallick,battayashasvi@example.com,916250356419.0,"010
Raju Zila, Sikar 787053",Nagpur,441000.0,2023-05-24,Regular,16.0,315.86
39150258.0,Dalaja Choudhury,beraprisha@example.com,913078845579.0,"08/794
Jha Circle
Bhavnagar 975604",Gandhinagar,788644.0,2023-04-19,Inactive,17.0,945.82
77035814.0,Ishaan Mohanty,dev69@example.com,917909626015.0,"04/69
Sahni Path
Guntakal-870680",Bhimavaram,250593.0,2023-06-03,Inactive,11.0,585.35
35459748.0,Ekbal Dasgupta,kchaudhary@example.org,910020908360.0,"88/275
Dasgupta Ganj, Giridih 295131",Firozabad,635776.0,2024-01-29,Inactive,12.0,288.29
7728356.0,Vasana Bumb,odikaraval@example.net,918547056959.0,"665, Vig Circle, Anand-237063",Raebareli,211437.0,2024-03-18,New,10.0,202.43
75632045.0,Shivansh Sharaf,minhasjacob@example.org,919720360185.0,"11/75, Khanna Marg, Ludhiana 820421",Silchar,207255.0,2023-08-10,Regular,15.0,1268.29
40667183.0,Yatin Setty,lthakkar@example.com,911961148190.0,"84, Sekhon Circle
Bijapur 527244",Bidar,428468.0,2024-09-09,New,19.0,1815.79
63368244.0,Jeevika Tara,rkapur@example.net,910657846620.0,"12/41, Uppal
Aizawl-053988",Danapur,905945.0,2024-08-01,New,19.0,1245.73
16448993.0,Chakradev Krishnan,ojasvi77@example.com,911745697720.0,"19/660
Sarma Circle, Jaipur-351693",Korba,426587.0,2023-09-19,Inactive,14.0,1691.92
3096845.0,Yashvi Chander,saksham67@example.com,914918237687.0,"H.No. 43, Swaminathan
Mau-891182",Guntakal,853373.0,2023-10-22,New,20.0,336.81
26863280.0,Aryan Dewan,balveer31@example.org,916785581966.0,"54/51, Bora Circle
Ramagundam-730584",Rajkot,80555.0,2023-11-25,Inactive,8.0,301.34
28428852.0,Libni Dada,pranit07@example.net,916086959184.0,"04/861, Kaul Chowk
Sikar-365292",Mira-Bhayandar,367282.0,2023-04-11,Inactive,7.0,872.25
37691544.0,Onkar Devan,bmane@example.com,914827774859.0,"57/859, Desai Chowk, Varanasi-296853",Darbhanga,210271.0,2024-10-15,Inactive,15.0,1599.46
70976153.0,Devansh Nanda,vihaankanda@example.com,910409791316.0,"95/511
Tak Nagar, Pudukkottai-475800",Ahmednagar,541588.0,2024-03-01,New,7.0,1480.3
25287111.0,Lakshmi Ratti,chakradhar10@example.com,913532064242.0,"H.No. 501, Deshpande Street
Madurai 919253",Thane,443182.0,2024-02-25,Inactive,9.0,581.43
82900175.0,Avni Som,hiralmunshi@example.net,919372846272.0,"362, Mitter Path
Arrah-104021",Baranagar,248293.0,2023-06-01,New,17.0,334.16
93699264.0,Bakhshi Ghose,fbalakrishnan@example.org,912273731670.0,"84/24
Hans Path, Kakinada-824537",Hubli–Dharwad,527137.0,2023-10-14,Inactive,17.0,1846.48
73869823.0,Nathan Ratti,radhakrishnanaarav@example.com,915123068256.0,"226, Lala Path
Satara 401183",Mysore,570165.0,2023-05-18,Regular,8.0,1225.49
32293017.0,Samarth Kapoor,mandalmohammed@example.org,913363867219.0,"H.No. 700, Sidhu Road, Gudivada-131588",Gudivada,371366.0,2024-01-21,Inactive,16.0,691.29
44030130.0,Laksh Dalal,gchawla@example.net,916400317953.0,"51/50, Salvi Marg
Jehanabad-358947",Ghaziabad,59886.0,2024-07-31,Regular,4.0,904.08
1200365.0,Avni Mistry,rkurian@example.net,916473105621.0,"29/45, Morar Road, Sangli-Miraj & Kupwad 629491",Thane,151739.0,2023-06-21,Regular,1.0,1170.74
96903782.0,Tanish Andra,chasmum69@example.net,918455570605.0,"261
Iyengar Zila
Proddatur-816790",Kakinada,206769.0,2024-01-12,Regular,5.0,504.83
35278126.0,Harinakshi Arya,agara@example.org,914200557657.0,"79/328
Prakash Zila
Sirsa 377650",Tumkur,365840.0,2023-12-24,Premium,12.0,1956.57
6756256.0,Ijaya Goel,qsarin@example.org,919023845910.0,"79
Sahni Chowk, Nagaon 813383",Bellary,83206.0,2023-07-06,Premium,13.0,1902.9
8073518.0,Mekhala Pandit,biswasosha@example.com,916343097558.0,"H.No. 05, Pau Zila, Nangloi Jat 527313",Nellore,377431.0,2024-01-07,Premium,16.0,946.2
76857266.0,Liam Nadig,siddharthissac@example.com,913610614346.0,"H.No. 70
Om Nagar
Mango 097340",Mumbai,3787.0,2024-06-22,Premium,17.0,1514.21
49241309.0,Pahal Palla,wrideshmannan@example.net,918806437787.0,"87/32, Parekh Nagar, Jaipur-419966",Gurgaon,751303.0,2024-06-19,Inactive,11.0,1340.89
80952275.0,Kevin Babu,aayush04@example.net,911373104228.0,"19/783, Saha Chowk
Bharatpur-389798",Bongaigaon,154167.0,2024-07-06,New,17.0,1928.27
31576845.0,Chasmum Raman,bimalaanne@example.org,914433885067.0,"01/925, Goda Zila
Ahmedabad-481472",Madurai,6864.0,2023-07-07,New,12.0,1389.96
47515046.0,Guneet Uppal,wvora@example.org,918461943264.0,"49, Borde Ganj
Vijayawada 334138",Jamshedpur,440555.0,2023-12-27,New,18.0,1095.92
98930670.0,Anjali Raju,wriddhish20@example.com,911927569407.0,"97, Singhal Circle, Howrah-648166",Singrauli,463489.0,2024-06-11,Regular,6.0,1092.16
24621386.0,Maanav Raghavan,ramanamika@example.org,918193670473.0,"74
Jaggi Road
Khammam-907374",Rajahmundry,607110.0,2023-11-15,Premium,14.0,344.08
53399500.0,Libni Sinha,rayaantiwari@example.org,913874548085.0,"H.No. 178
Ramakrishnan Zila, Ghaziabad-767609",Kadapa,687962.0,2024-07-01,Regular,18.0,1012.5
52815265.0,Daniel Bains,lopa03@example.net,911862689215.0,"H.No. 00
Tandon Street
Rohtak 114577",Pudukkottai,765060.0,2024-05-12,New,10.0,806.63
61015113.0,Dalaja Choudhury,jaggionveer@example.com,918885353111.0,"15/686, Sarin Road, Baranagar-665391",Amroha,471074.0,2023-11-17,Regular,4.0,1764.18
63624332.0,Krisha Zachariah,dhingraabha@example.org,914655906980.0,"40/476
Patla, Surat-220751",Rewa,391559.0,2023-08-17,Inactive,19.0,387.57
28286754.0,Bina Setty,nandini67@example.org,912983108244.0,"H.No. 864, Subramanian Ganj, Dibrugarh-834044",Singrauli,463264.0,2024-03-18,Regular,16.0,1337.18
60835946.0,Yoshita Sani,fganesh@example.org,910580757571.0,"H.No. 370, Nagi Street
Bulandshahr 539967",Fatehpur,847170.0,2024-04-24,Inactive,14.0,1400.1
59620534.0,Oeshi Sethi,parmarbhavika@example.com,916520512800.0,"H.No. 04, Salvi Street
Munger 206534",Ambattur,529502.0,2024-01-16,Premium,15.0,1340.99
820740.0,Mekhala Sathe,naveennatt@example.com,914144553554.0,"H.No. 20, Thakkar Marg
Ambala 748990",Ambala,634784.0,2023-11-15,Premium,1.0,1385.46
91602727.0,Rayaan Palla,yatin72@example.org,919823493170.0,"H.No. 82, Sridhar Nagar
Pali 461261",Indore,798247.0,2023-08-31,Inactive,5.0,1156.54
50848069.0,Yahvi Golla,tdutta@example.net,915073649524.0,"35/772, Varghese Street, Shimla-179982",Belgaum,881993.0,2024-03-07,Inactive,11.0,586.25
55049973.0,Nicholas Badami,nsavant@example.org,918153290806.0,"60/984
Rajagopalan Chowk, Howrah 811703",Srikakulam,633900.0,2024-03-27,Regular,16.0,206.54
12397668.0,Ojasvi Mahal,vedant21@example.org,910821902509.0,"H.No. 86, Aurora Ganj
Sikar-722421",Guwahati,637399.0,2024-05-09,Premium,13.0,204.06
61516967.0,Mohammed Morar,wreddy@example.net,915164226033.0,"08/07, Seshadri Chowk, Noida 969216",Erode,250388.0,2024-02-20,Regular,9.0,556.81
96853930.0,Jagvi Varty,tbaral@example.com,917519714638.0,"460, Viswanathan Nagar, Nangloi Jat 590971",Bhopal,349563.0,2023-07-03,Premium,16.0,462.19
91853589.0,Xavier Wali,jatin71@example.net,910858948536.0,"67/39
Yogi Ganj, Loni 127098",Jalna,649749.0,2024-06-17,New,5.0,918.69
7228206.0,Anmol Koshy,rdevi@example.com,913516981949.0,"95
Sinha Path, Ludhiana-771856",Jalgaon,132617.0,2023-05-25,New,15.0,843.79
41612464.0,Chatura Sodhi,adya94@example.com,915783246081.0,"54/092
Bhatnagar Road, Ozhukarai-567116",Bhavnagar,521802.0,2023-08-06,Regular,18.0,874.93
10683250.0,Manthan Sundaram,ekavir81@example.org,915063231276.0,"H.No. 464
Singhal Marg
Patna-308566",Bhagalpur,545885.0,2024-07-19,Regular,14.0,480.47
94078407.0,Praneel Baria,olata@example.org,913022848733.0,"H.No. 409, Badal Marg
Morena-092728",Uluberia,208164.0,2024-01-23,Premium,4.0,1370.22
26364643.0,Zehaan Keer,riya25@example.com,919889207512.0,"88
Bhandari Path, Raurkela Industrial Township 646085",Morena,6749.0,2024-08-22,Inactive,9.0,1086.68
85016568.0,Rudra Mall,nandra@example.com,917990226858.0,"26/84, Manne Road
Nadiad-091335",Tinsukia,355326.0,2024-07-17,Regular,2.0,367.12
11153360.0,Libni Sastry,warjaschoudhury@example.com,915612430324.0,"66/78
Baral Zila
Sonipat-698595",Amaravati,724136.0,2024-04-01,Inactive,20.0,1575.46
88532418.0,Ansh Bahl,bina13@example.com,913215442494.0,"546
Devi, Bardhaman-527064",Gorakhpur,13574.0,2024-10-21,New,12.0,344.66
66023110.0,Joshua Mishra,imaranchana@example.com,918833868907.0,"H.No. 62
Chand Path
Bhimavaram 617653",Kottayam,636641.0,2023-11-03,New,20.0,1807.56
18229949.0,William Bora,nlata@example.org,918795009128.0,"038
Varty Zila
Berhampore-791959",Danapur,397135.0,2023-04-15,Inactive,10.0,466.33
58873572.0,Chandran Kale,manbirdhawan@example.com,918707061412.0,"H.No. 77
Jayaraman Marg
Durgapur 062032",Nanded,745599.0,2023-09-10,Premium,13.0,1721.61
5001749.0,Dayamai Chanda,ekta28@example.com,917870905337.0,"H.No. 218
Srinivas Road, Kalyan-Dombivli-797929",Kota,761952.0,2023-06-06,Inactive,3.0,1623.48
6668498.0,Bimala Prakash,vchander@example.net,911206965311.0,"757, Sandhu Street
Nagpur-709424",Ratlam,62592.0,2024-05-08,Inactive,11.0,1413.4
13441874.0,Hemang Sandal,ysingh@example.net,919735172951.0,"89/07, Sangha Ganj
Suryapet-403179",Berhampur,970701.0,2023-04-09,Inactive,2.0,602.63
52915166.0,Harita Gulati,sanaya15@example.net,916795302367.0,"H.No. 019, Parsa Street, Deoghar 818465",Dehri,272048.0,2024-06-28,Inactive,18.0,505.66
41647393.0,Simon Padmanabhan,kevin23@example.com,916509506565.0,"H.No. 485
Mangat Street, Varanasi-453576",Sirsa,149812.0,2023-11-09,Inactive,11.0,1785.8
51945420.0,Geetika Kalita,bhandariaryan@example.com,913223300806.0,"839, Boase Zila, Bahraich 523840",Tiruppur,611743.0,2023-04-05,Premium,3.0,412.9
53640286.0,Quincy Cheema,vigvasatika@example.org,915944903566.0,"58/738, Dhar Zila, Phusro-372086",Mathura,28426.0,2023-11-12,Premium,20.0,1368.38
15599514.0,Yashodhara Magar,jeetbansal@example.org,913660608773.0,"H.No. 586, Sawhney Zila
Jamnagar-849026",Tezpur,170702.0,2023-04-18,Regular,20.0,1171.07
55552600.0,Baljiwan Nagar,barkha14@example.net,911193411909.0,"91/534
Solanki Marg, Chinsurah-132968",Gorakhpur,81284.0,2024-10-30,Regular,14.0,1412.54
78439088.0,Ria Taneja,mbanerjee@example.com,915711757102.0,"68, Verma Zila, Gurgaon 268634",Ballia,527348.0,2024-06-27,Regular,6.0,1507.04
42947770.0,Vincent Bahri,januja43@example.com,918697987562.0,"H.No. 198
Dhingra Nagar
Raiganj-712327",Bhalswa Jahangir Pur,582630.0,2024-09-18,New,16.0,1358.53
66252737.0,Umang Bhavsar,xiti79@example.org,918253237477.0,"91/97, Doctor Zila
Madurai-593317",Warangal,272505.0,2024-09-12,Premium,15.0,1188.67
71615827.0,Yash Contractor,aadi81@example.com,919513823264.0,"H.No. 89
Dhillon Path, Pondicherry 003231",Bulandshahr,346706.0,2024-03-23,Premium,3.0,900.98
15487049.0,Aadhya Cherian,rushil71@example.com,915068387363.0,"H.No. 071
Mane Circle
Jorhat 896774",Motihari,716665.0,2024-02-13,New,15.0,1928.0
85218071.0,Panini Mani,bhavanighosh@example.org,912901349860.0,"397
Ramaswamy Nagar, Motihari-389474",Hyderabad,908140.0,2023-04-28,New,20.0,1125.33
24456825.0,Vansha Khurana,patrickyohannan@example.com,919196673491.0,"94, Varty Zila
Pallavaram 302373",Indore,382788.0,2023-12-21,Inactive,18.0,363.12
15043066.0,Bakhshi Majumdar,mittalaarini@example.com,914631697976.0,"H.No. 597
Johal Ganj, Bhilwara 123696",Rohtak,707096.0,2024-02-12,Inactive,2.0,1748.41
98246574.0,Rachita Varty,hardik53@example.net,918123225989.0,"H.No. 85, Bail
Gandhidham-851792",Chinsurah,638222.0,2023-03-24,Premium,15.0,1904.61
80567870.0,Andrew Bajaj,ekavir45@example.org,913353528598.0,"740, Ramachandran, Shivpuri-023391",Khammam,390449.0,2024-06-05,Regular,1.0,1769.49
92843141.0,Mekhala Seshadri,shethchakradhar@example.com,916092001301.0,"H.No. 61, Mall Path, Gangtok-253081",Kota,595099.0,2023-04-02,Premium,1.0,502.79
62416456.0,Diya Chakrabarti,bhavanikala@example.com,919634128482.0,"937, Nayar Street
Ongole-865795",Medininagar,121675.0,2023-09-25,Inactive,18.0,752.91
6245778.0,Reva Shanker,edhitha04@example.org,915282895141.0,"H.No. 716
Ram Marg, Kakinada 548086",Guntakal,850565.0,2024-01-11,Premium,17.0,1779.46
80315623.0,Varenya Banik,aachalsarma@example.com,910978849959.0,"261
Yohannan Zila, Kalyan-Dombivli 109129",Loni,205436.0,2024-10-14,New,14.0,1313.73
46623192.0,Warinder Sastry,pallaraksha@example.com,913785653819.0,"H.No. 50, Uppal Marg
Anantapur-558351",Nizamabad,232354.0,2024-10-22,New,6.0,1970.59
27504517.0,Rayaan Gupta,tailorsimon@example.org,918679065841.0,"77, Mital Path
Rajahmundry 334280",Bardhaman,833561.0,2023-06-30,New,18.0,1175.7
22800586.0,Jacob Lad,ramakrishnanchandresh@example.net,916720787687.0,"09, Varma
Bareilly-794732",Bijapur,339864.0,2024-06-12,New,10.0,1332.02
17287733.0,Balhaar Chaudhari,ranveerkrish@example.com,915241154906.0,"824
Bedi Nagar
Siliguri 925880",Morbi,410335.0,2024-04-27,Premium,12.0,1897.84
87691707.0,Radha Jha,subramanianveer@example.org,917471816598.0,"95/78
Narain Path, Farrukhabad-849186",Miryalaguda,930945.0,2024-04-05,Inactive,18.0,1423.63
8655667.0,Ayaan Upadhyay,akapur@example.com,918735041469.0,"039
Bobal Path, Jalandhar-942451",Gwalior,479960.0,2023-07-16,Premium,1.0,456.16
2442235.0,Pushti Bhattacharyya,qmaharaj@example.org,910324285991.0,"H.No. 38
Loyal Street
Vellore 607787",Latur,117097.0,2024-05-17,Premium,11.0,661.58
41073776.0,Urmi Dara,anitakaur@example.com,913612230348.0,"93, Bhatnagar Marg, Hindupur-363934",Meerut,658588.0,2024-03-02,Premium,8.0,1366.55
45659330.0,Jackson Sandal,leena40@example.net,913923091063.0,"H.No. 607
Kar Nagar, Maheshtala 129369",Gwalior,236335.0,2024-07-28,New,19.0,1364.9
79369660.0,Bahadurjit Doctor,isaiahdesai@example.com,918612602657.0,"23/122, Kale Nagar
Aurangabad-034703",Purnia,782515.0,2023-12-11,Premium,13.0,1085.69
44269569.0,Chasmum Natarajan,nisha81@example.org,914487444914.0,"H.No. 852, Comar Chowk, Sangli-Miraj & Kupwad-332124",Agra,129271.0,2024-06-16,New,18.0,812.22
46848302.0,Praneel Ramesh,utara@example.com,912422932652.0,"542
Kota Chowk, Medininagar-457616",Gulbarga,748017.0,2024-07-15,Premium,15.0,1657.96
83034412.0,Unnati Deol,vchoudhary@example.com,918211722634.0,"H.No. 276
Dugal Circle
Rourkela-734631",Jamnagar,743423.0,2024-04-22,New,11.0,1077.88
26912171.0,Jagat Banerjee,sudikshabhatt@example.com,910056698506.0,"66/690
Gala Zila
Motihari 873668",Rampur,426824.0,2024-06-21,New,2.0,386.54
71229024.0,Manbir Ramesh,ekbaldeshmukh@example.net,919167807700.0,"38/411
Deshmukh Marg
Gangtok 554649",Jamalpur,761366.0,2024-02-10,New,4.0,1869.02
20835909.0,Inaya Ramanathan,madhavsom@example.org,915770149400.0,"87/765, Kota Ganj, Saharsa 993982",Tinsukia,681334.0,2023-04-02,Premium,9.0,713.25
83155219.0,Yauvani Chanda,ijayavasa@example.net,912774870676.0,"H.No. 66, Malhotra Zila
Mangalore-435105",Satara,88020.0,2024-02-18,Inactive,5.0,1433.81
80286283.0,Girindra Kalla,yash33@example.com,918122810213.0,"H.No. 328, Basu
Gangtok 697599",Ahmednagar,167124.0,2023-10-10,Regular,8.0,311.01
30367559.0,Bhavna Guha,isabharwal@example.com,916618110362.0,"H.No. 38
Prabhu Nagar, Gorakhpur-773747",Aligarh,885164.0,2024-09-29,Regular,6.0,1419.6
76082627.0,Ekalinga Goda,madhavijayaraman@example.com,914631524618.0,"91/217
Sachdev Zila
Bijapur 682568",Jehanabad,877090.0,2024-07-03,Inactive,4.0,770.0
41874489.0,Vrishti Baria,varsha76@example.com,917971760280.0,"70
Sawhney Street, Agra 309466",Ahmedabad,285855.0,2023-04-09,Regular,2.0,1944.43
47335806.0,Pavani Borde,yashodhara92@example.com,916632289559.0,"H.No. 70, Chatterjee
Thrissur-635211",Pimpri-Chinchwad,553989.0,2024-05-25,Regular,9.0,1188.0
59824662.0,Tanish Jayaraman,sarmaavi@example.net,917132578180.0,"H.No. 55, Kala Path
Dibrugarh 172574",Bhilwara,406032.0,2024-05-18,Premium,1.0,741.83
16436359.0,Yashica Ramesh,upasna58@example.net,910300078228.0,"41/28, Tella Zila
Bokaro-422478",Kota,362536.0,2024-07-26,New,9.0,1485.15
45383958.0,Aachal Mangat,yasti56@example.org,917359299521.0,"H.No. 37
Venkatesh, Sonipat-528712",Rewa,626591.0,2024-10-02,New,19.0,482.19
52613657.0,Kala Ravi,unni50@example.org,917291189791.0,"H.No. 521
Peri, Khora  519235",Sultan Pur Majra,685992.0,2023-03-16,New,9.0,470.5
36675827.0,Xiti Chowdhury,naksh47@example.com,919583780426.0,"47/62, Dhar, Jaipur-105116",Patiala,230470.0,2024-10-07,Inactive,15.0,1143.03
80800079.0,Shivani Barad,csanghvi@example.net,919371491537.0,"62/36, Bhatnagar Zila, Tiruchirappalli-339874",Bidhannagar,221116.0,2023-05-12,Inactive,18.0,508.84
45066676.0,Lipika Murthy,lankayagnesh@example.com,913928866671.0,"55, Bassi Marg, Bhilwara 898751",Satna,469678.0,2023-03-25,Premium,1.0,1076.85
1060685.0,Yadavi Rajagopalan,dipta24@example.net,912609155283.0,"48
Choudhary Ganj, Gorakhpur 965066",Mango,449803.0,2024-03-07,Inactive,4.0,999.24
87536050.0,Rushil Raja,xrau@example.org,916646603523.0,"H.No. 197
Mody Zila
Sirsa 179676",Vadodara,593400.0,2023-04-02,Regular,18.0,1857.99
67829645.0,Akshay Vohra,sainigam@example.net,915456660745.0,"35, Ramaswamy Road, Munger 879775",Jamalpur,675581.0,2023-11-08,New,4.0,711.83
45700473.0,Omkaar Padmanabhan,vedantgrover@example.com,914785576484.0,"808
Balakrishnan Ganj, Begusarai 914766",Thoothukudi,88698.0,2023-12-23,Inactive,12.0,525.38
90144978.0,Pooja Lad,kothariyashoda@example.net,914662712497.0,"013
Sarma Circle
Rohtak 943634",Chittoor,216756.0,2024-07-10,Regular,3.0,1017.23
96629258.0,Liam Joshi,choudharyelijah@example.net,916067383883.0,"78/80, Venkataraman, Lucknow 671983",Chandigarh,918398.0,2023-07-07,Inactive,14.0,1462.21
76925460.0,Tara Narasimhan,reva48@example.org,914214193495.0,"29, Tak Path, Yamunanagar 262795",Kharagpur,501619.0,2024-05-17,Regular,2.0,1526.55
59190584.0,Xiti Tata,jgolla@example.com,912224721462.0,"77/806, Sethi Nagar
Phusro-516017",Vijayawada,483920.0,2024-05-19,Premium,6.0,1175.38
24323106.0,Faras Edwin,janani01@example.net,913495856739.0,"96/09
Jaggi Circle
Siwan-762214",Amaravati,840367.0,2024-02-12,Inactive,19.0,384.21
66354642.0,Priya Behl,pdas@example.org,918110065349.0,"H.No. 37, Karpe Marg
Rajkot 008569",Tenali,696330.0,2024-03-30,Premium,7.0,1153.17
17390673.0,Raghav Wali,forum17@example.net,912430555725.0,"49/45, Doctor Road, Anand-556316",Korba,669102.0,2024-10-23,Regular,16.0,1043.26
80419534.0,Gunbir Pandey,baradvihaan@example.com,913927367437.0,"109, Bose Path
Bharatpur 828807",Sagar,841623.0,2024-01-02,Premium,19.0,993.78
4439806.0,Balendra Sethi,johalmadhavi@example.net,912826946272.0,"89/706, Grewal Street, Jalgaon-268348",Mathura,838796.0,2024-04-19,New,7.0,790.59
89811984.0,Saumya Yadav,mseshadri@example.net,915999625979.0,"H.No. 132, Behl Path, Kakinada 191344",Ramgarh,309567.0,2023-07-26,Regular,3.0,1957.67
44223796.0,Bakhshi Lad,indira89@example.com,910380300612.0,"38/453
Dasgupta Chowk, Tirunelveli-600855",Erode,41954.0,2023-06-16,Regular,16.0,1449.84
88223261.0,Yoshita Suri,xiti38@example.com,914811973924.0,"H.No. 42, Wali
Panihati-273533",Navi Mumbai,578028.0,2024-01-14,Regular,7.0,532.31
90372221.0,Rajeshri Hayre,pahal62@example.com,919263387366.0,"H.No. 571, De Chowk, Rampur-364379",Jabalpur,262984.0,2023-05-30,Regular,6.0,1923.68
87213891.0,Janani Malhotra,idikaamble@example.com,914987307199.0,"H.No. 54
Chowdhury Road, Phusro-208073",Sonipat,813317.0,2023-06-03,New,1.0,1382.19
45729563.0,Jagvi Chaudry,ishenoy@example.org,912803231374.0,"58/545, Doctor Zila, Sri Ganganagar 092880",Bijapur,919273.0,2023-08-13,New,14.0,725.66
10706516.0,Charita Srivastava,dakshesh23@example.org,917851282763.0,"57/12, Narula Road
Karaikudi 600784",Miryalaguda,85972.0,2024-08-18,Regular,13.0,1420.97
25526479.0,Mason Doctor,siyasinghal@example.net,912906385338.0,"H.No. 45
Nadig Ganj, Ongole-168533",Hazaribagh,154794.0,2023-03-16,Regular,2.0,391.73
90902199.0,Faras Dua,sairajagopal@example.com,911485483795.0,"72/803, Puri Ganj, Kottayam 970220",Kishanganj,502489.0,2024-06-27,Regular,17.0,707.15
89874335.0,Mitali Sheth,sinhahemang@example.org,912129269238.0,"58/50, Batta Zila, Chandigarh 648087",Raiganj,701928.0,2023-04-14,New,15.0,808.55
27381533.0,Zayan Guha,bahriforum@example.net,916631495305.0,"64/71, D’Alia Circle
Kochi 188675",Rampur,831630.0,2023-08-06,Premium,9.0,1414.83
50652833.0,Aarnav Mittal,mohananika@example.org,910883311515.0,"H.No. 921, Choudhary Marg
Ahmednagar-371806",Belgaum,138728.0,2024-04-20,Premium,16.0,274.21
65391539.0,Yashica Khurana,kkata@example.org,915728034109.0,"H.No. 134, Mangat
Jamshedpur-231579",Satara,480445.0,2024-04-27,New,3.0,446.4
59517074.0,Aarav Murty,chadhameera@example.com,912806180633.0,"H.No. 17, Mane Circle
Davanagere 301952",Ichalkaranji,862020.0,2023-05-12,Premium,3.0,1693.23
66943324.0,Gavin Karnik,rudrakrishna@example.com,915045422274.0,"36/02
Padmanabhan Ganj, Saharsa 133874",Gorakhpur,851838.0,2023-08-13,Premium,19.0,1013.57
67386193.0,Wakeeta Khurana,pillaifariq@example.net,919266189601.0,"H.No. 48, Luthra Ganj
Baranagar-391311",Pali,488313.0,2024-06-01,Regular,14.0,1029.98
96009692.0,Panini Naik,ekapad42@example.org,919936871600.0,"64/48
Nigam, Proddatur-341138",Bhagalpur,700626.0,2024-07-28,Regular,15.0,1970.23
89986926.0,Manya Barad,vihaandey@example.net,913773330901.0,"H.No. 15
Kalita Marg, Bijapur-881606",Kota,455704.0,2024-11-04,New,18.0,1235.14
58170168.0,Urmi Bansal,vamakshiramachandran@example.org,918168193739.0,"497
Madan, Anantapuram-223901",Sasaram,480016.0,2023-08-03,Premium,16.0,757.56
17392512.0,Lavanya Bumb,iwable@example.net,911105571320.0,"30/18
Bath Zila, Vijayanagaram 234562",Secunderabad,103058.0,2024-07-04,Premium,14.0,1902.78
10038382.0,Rajata Balay,sanaya20@example.net,913662858508.0,"43
Sood Circle
Anand 032303",Bahraich,605355.0,2023-08-15,Inactive,3.0,339.73
98691989.0,Dakshesh Lala,wsathe@example.org,913368717192.0,"H.No. 246
Khosla Path, Parbhani 480197",Bhavnagar,312609.0,2024-08-30,Regular,18.0,1980.1
14323169.0,Jai Raj,widishamerchant@example.org,913914844066.0,"54
Ramanathan Chowk, Miryalaguda-463278",Firozabad,781242.0,2023-05-15,Inactive,20.0,1651.18
67729191.0,Arin Grover,rsehgal@example.org,910767750343.0,"24
Ratta Nagar, Mumbai 505338",Karimnagar,981853.0,2023-12-31,New,17.0,722.69
57063557.0,Vaishnavi Srinivas,onisubramaniam@example.org,919544044299.0,"H.No. 54
Kumer, Ahmednagar-380592",Raurkela Industrial Township,307921.0,2023-06-27,Inactive,5.0,1465.59
83058329.0,Fariq Arya,aradhanaramachandran@example.com,913060752366.0,"90/99
Samra Marg, Belgaum-250930",Varanasi,807586.0,2024-07-13,Inactive,6.0,248.96
17521263.0,Tanvi Patla,kvarughese@example.com,912592294650.0,"H.No. 90
Pant Ganj
Bally 308097",Serampore,580825.0,2024-06-23,Inactive,19.0,1990.96
37904682.0,Krisha Shere,ssarin@example.org,913917558935.0,"209, Hegde Ganj
Bidhannagar 176217",Bhimavaram,730139.0,2024-10-03,Premium,20.0,567.65
30447453.0,Jagrati Lad,bjain@example.com,914094100272.0,"379, Cherian Zila, Panihati 138451",Thanjavur,425881.0,2023-06-01,Premium,14.0,389.39
73661993.0,Elijah Verma,jiyer@example.org,910700318505.0,"H.No. 87, Kuruvilla Marg, Madhyamgram 992879",Hajipur,170699.0,2024-08-28,Inactive,2.0,1800.62
97277696.0,Ijaya Halder,hariyug@example.net,910067533786.0,"506, Mohanty Chowk, Bulandshahr 342089",Jamalpur,190033.0,2023-06-21,Premium,8.0,1630.93
27336589.0,Bishakha Bhargava,siyathakur@example.org,916632910288.0,"41/83, Walia Path, Pune 923796",Ghaziabad,702025.0,2023-12-28,New,11.0,678.05
66499992.0,Anirudh Barad,nsundaram@example.org,916569056034.0,"29/059
Parsa Zila
Serampore-060287",Haridwar,240315.0,2024-04-17,Regular,11.0,927.0
14367270.0,Ganga Mody,siddharthkale@example.com,914861358787.0,"87
Barman Zila
Guna 597819",Jabalpur,191949.0,2024-03-28,Inactive,16.0,763.23
30373140.0,Sai Dhingra,jnagarajan@example.com,911350209612.0,"H.No. 191
Sarraf Path, Guntur-844266",Kishanganj,125766.0,2024-07-28,Regular,2.0,596.71
96171594.0,Pratyush Tak,ibanik@example.org,913712129827.0,"H.No. 885
Kara, Nadiad 204192",Jodhpur,808731.0,2023-06-28,Regular,19.0,385.02
35402531.0,Eta Gola,khareurishilla@example.com,911088654783.0,"H.No. 24
Khalsa Nagar
Kalyan-Dombivli-228271",Kulti,872429.0,2023-06-04,New,11.0,1808.3
82989313.0,Finn Ghose,chanderlogan@example.org,914625083034.0,"34/85
Sandhu Path, Dharmavaram 398768",Deoghar,667126.0,2024-09-20,Inactive,15.0,1060.18
93826036.0,Reyansh Sarma,awason@example.org,912625405261.0,"528, Dar Ganj
Kurnool-850226",Hazaribagh,267488.0,2023-03-20,Premium,19.0,1143.97
87444738.0,Meghana Prabhu,comarfrado@example.net,912007001918.0,"33/015
Basu Chowk
Hazaribagh 623922",Satna,647152.0,2023-08-16,Inactive,9.0,1435.78
92356639.0,Girish Lall,nihalmani@example.net,918704717716.0,"H.No. 722
Badal Street, Sangli-Miraj & Kupwad 073500",Udaipur,558949.0,2023-07-20,Inactive,10.0,261.81
46836361.0,Champak Nazareth,gabrielkapadia@example.org,912143681671.0,"66/47, Mitra Nagar
Tinsukia-056627",Bikaner,287396.0,2023-11-22,Premium,16.0,545.22
25770577.0,Janya Chhabra,sachdevabdul@example.net,919768264030.0,"546
Sampath Circle, Kurnool 566625",Jaipur,799444.0,2023-07-17,Regular,17.0,1095.13
59094034.0,Ekanta Dass,johalkala@example.net,918448088232.0,"H.No. 49
Khare Zila, Khammam-745540",Nangloi Jat,513907.0,2023-05-22,Regular,1.0,771.9
65543312.0,Logan Pillay,krish11@example.com,913496402599.0,"05, Buch Street, Faridabad 972146",Mumbai,706490.0,2024-07-28,New,4.0,1209.29
28205701.0,Vedika D’Alia,dhillonthomas@example.com,912668365905.0,"76/920
Reddy Ganj, Motihari-005549",Panvel,289627.0,2024-10-25,Inactive,10.0,1286.02
81346291.0,Yashasvi Acharya,ramaswamyedhitha@example.org,916964239005.0,"209
Ravi Ganj
Sambhal 050363",Nizamabad,656769.0,2023-08-07,Premium,11.0,490.48
79764458.0,Bhavani Kant,mekhala15@example.org,915988293261.0,"83, Murty Street, Mira-Bhayandar 564005",Etawah,466737.0,2023-12-21,New,3.0,501.25
42101831.0,Eshana Dutt,neelima02@example.net,912499219448.0,"84/796, Raju Nagar
Ballia-732796",Madhyamgram,546948.0,2023-09-16,Inactive,8.0,212.33
34657654.0,Vidhi Devi,zaid59@example.com,911799003085.0,"95, Srivastava Road, Rourkela 177189",Ramgarh,189096.0,2024-06-24,Inactive,18.0,1243.18
3730316.0,Ishanvi Shankar,daksha35@example.org,912906397510.0,"356
Mohan Nagar
Cuttack-228642",Berhampore,968515.0,2023-03-20,Regular,10.0,215.72
86479284.0,Harini Kadakia,jacobmadan@example.org,916786214335.0,"H.No. 43, Bhasin Marg, Nellore-336446",Davanagere,315863.0,2024-10-17,Premium,9.0,461.87
81174361.0,Shivansh Sawhney,kkhalsa@example.org,915425736706.0,"H.No. 92
Venkatesh Circle, Burhanpur-429078",Bhopal,487403.0,2024-07-16,Inactive,12.0,223.29
13251137.0,Ekalinga Vasa,kibesiddharth@example.net,911079854186.0,"926, Pradhan Ganj, Silchar-691207",Rampur,87377.0,2023-05-19,Premium,2.0,1633.07
53523251.0,Yashoda Chauhan,unnigoswami@example.net,916594954198.0,"64/682, Mannan Circle
Farrukhabad 476505",Ranchi,290313.0,2024-03-17,New,4.0,1871.94
84382654.0,Gaurangi Singh,vbumb@example.org,918310880668.0,"429, Goswami Chowk, Bhiwandi-975689",Pali,843683.0,2024-10-24,Inactive,3.0,540.83
22076522.0,Chaaya Andra,baniklila@example.org,916122081552.0,"11/294, Chander Zila, Ambarnath-944366",Hindupur,271246.0,2024-05-13,Regular,5.0,1670.28
26521850.0,Yatin Varma,shahadvika@example.com,910664125053.0,"29, Kothari Circle, Phusro-901162",Kishanganj,263131.0,2023-06-10,New,10.0,215.87
12277039.0,Manthan Trivedi,mparmer@example.org,916416122694.0,"83/51, Prakash Path
Parbhani 536736",Unnao,287796.0,2023-09-13,Regular,1.0,1422.63
39153585.0,Rishi Sur,modykaran@example.org,919970204248.0,"27/13, Prabhakar Ganj, Kishanganj 123587",Tirunelveli,325976.0,2024-03-03,Premium,9.0,1851.83
99231937.0,William Banerjee,bahadurjitsarin@example.net,917079072572.0,"86/296
Buch Marg
Satara 896641",Secunderabad,246460.0,2023-08-13,Regular,16.0,1757.01
49970560.0,Pallavi Rao,aryan83@example.net,912045584381.0,"11/37, Sahni Street, Madurai 667472",Guwahati,787564.0,2023-10-17,Regular,15.0,1587.05
68985290.0,Jack Memon,rmalhotra@example.net,914438976612.0,"51/961, Majumdar Zila
Jamshedpur-164148",Ujjain,770279.0,2023-12-11,Premium,17.0,1779.1
48000260.0,Dakshesh Jhaveri,kundaucchal@example.com,913975067956.0,"H.No. 772, Banerjee Zila, Imphal 073883",Bulandshahr,230718.0,2023-09-28,Inactive,18.0,592.51
2136830.0,Bhavya Goswami,saxenamadhavi@example.net,916953143954.0,"09/73
Bath Street
Parbhani-673476",Bidhannagar,598513.0,2023-09-19,New,4.0,485.78
44426129.0,Aahana Gopal,tdave@example.org,911329393852.0,"297
Kakar Zila
South Dumdum 826959",Vasai-Virar,945784.0,2023-09-23,Regular,10.0,591.55
57081965.0,Daksha Mutti,chaman40@example.org,917025021525.0,"168, Bala Circle
Vijayawada 590467",Patna,779376.0,2024-10-14,Regular,7.0,897.32
34156884.0,Rachita Lal,savantwarda@example.com,916220051464.0,"96/155
Srivastava Ganj, Farrukhabad 800537",Kolkata,769142.0,2023-06-02,Regular,14.0,877.65
27694927.0,Vedant Chandra,bhavikadara@example.org,910304045215.0,"H.No. 46
Oak Path, Dewas 419841",Nagpur,711139.0,2024-06-11,Premium,8.0,267.32
16230299.0,Urvi Koshy,mdatta@example.net,916378326641.0,"H.No. 010
Chandran Street
Mau 901345",Pune,858006.0,2024-08-22,Regular,4.0,1776.71
99424244.0,Bhavini Mander,yashasvipalan@example.net,916324786919.0,"800
Subramanian Street
Dhule-015954",Mumbai,184817.0,2024-03-30,Premium,15.0,379.8
3893903.0,Bimala Sura,aradhanaganesh@example.net,919430583987.0,"H.No. 05, Balay Zila, Hazaribagh 973916",Bathinda,546301.0,2023-03-23,New,20.0,1922.71
42989999.0,Ishwar Munshi,pganguly@example.org,919523281337.0,"643
Vaidya Circle
Kota-421541",Mahbubnagar,396934.0,2024-03-17,New,2.0,247.46
16617201.0,Ekaraj Bhandari,magarbanjeet@example.net,910754952959.0,"71/757
Sen Street
Kavali 743310",Hosur,790556.0,2024-01-20,New,8.0,355.17
46615831.0,Wishi Chada,avi03@example.org,916374050977.0,"30/93, Chadha Road
Nizamabad-229304",Raurkela Industrial Township,947965.0,2024-05-28,Inactive,4.0,855.3
55286608.0,Ekaraj Shan,psankaran@example.net,915042339924.0,"06/50, Loke Nagar, Tadepalligudem 421448",Kozhikode,112691.0,2024-04-11,New,11.0,374.96
79789048.0,Saumya Bassi,falgunichaudhari@example.net,913549437973.0,"H.No. 25, Kumer Zila, Jalandhar-370188",Ozhukarai,401049.0,2023-11-04,Regular,17.0,771.05
92885616.0,Noah Dey,nakshraghavan@example.net,913954332213.0,"88, Nadkarni Nagar, Gaya 628811",Delhi,342749.0,2024-02-07,Inactive,13.0,285.81
8375298.0,Yahvi Vora,misrathomas@example.net,917327618091.0,"92
Mahajan Marg
Tadepalligudem-886941",Begusarai,665539.0,2023-06-16,Premium,5.0,443.91
75560116.0,Indali Sehgal,qthaker@example.com,915114008972.0,"49/97
Gole Zila, Rampur 083595",Karaikudi,425210.0,2024-10-04,Regular,3.0,708.22
81462774.0,Ishaan Sarkar,bdara@example.net,912543113443.0,"78
Chaudhuri Marg, Phusro 720202",Junagadh,513437.0,2024-03-13,Regular,12.0,1895.04
89784343.0,Radhika Kaul,vidhimitra@example.net,911430159648.0,"24/53
Koshy Chowk, Bangalore-414625",Dibrugarh,451264.0,2024-04-02,Premium,11.0,673.6
38355752.0,Udyati Shenoy,ilad@example.net,917198043543.0,"882
Sharma Marg, Berhampore 371055",Panvel,848392.0,2023-10-31,Premium,20.0,336.21
39976965.0,Dayamai Sawhney,seshadrizilmil@example.com,910361940355.0,"980
Soni Circle, Chapra 478764",Pimpri-Chinchwad,858879.0,2024-05-03,Regular,13.0,714.17
33280073.0,Yuvraj Lad,saanvimandal@example.org,911655001265.0,"909
Krishnamurthy Circle
Nizamabad 447824",Tadepalligudem,102918.0,2023-07-01,Inactive,17.0,1537.47
46594066.0,Ishaan Lad,vsengupta@example.net,911766149593.0,"52/94, Choudhury Street
Chittoor-870282",Giridih,731803.0,2024-07-15,Premium,7.0,519.46
90298394.0,Urvashi Oak,tacharya@example.com,916127998611.0,"82, Nagi Ganj
Kulti 065984",Bhilwara,744905.0,2023-04-22,Regular,1.0,1947.79
42465414.0,Ria Mallick,lajitatrivedi@example.com,919771037426.0,"56/146
Rege Nagar, Kamarhati-492065",Kadapa,486794.0,2024-01-26,Regular,17.0,1898.12
13850004.0,Umang Ramakrishnan,warda08@example.org,911629873465.0,"724, Shah, Kishanganj 847017",Kozhikode,23455.0,2023-12-15,Premium,15.0,1129.76
55060796.0,Lopa Barman,yashodhara48@example.net,910750969994.0,"827
Narula Street, Karnal-354449",Satara,268202.0,2024-07-02,New,5.0,1299.25
25829710.0,Saumya Chhabra,gangaverma@example.com,916273990493.0,"H.No. 13
Sidhu Road, Gorakhpur-295747",Faridabad,289481.0,2024-01-21,New,4.0,1894.32
53782978.0,Laban Baria,mohinihari@example.net,913191651115.0,"H.No. 66, Kumer Street
Bongaigaon 699438",Junagadh,690652.0,2024-08-05,New,10.0,1390.84
76441843.0,Neelima Chander,znadkarni@example.org,910526681272.0,"H.No. 72, Raja Nagar, Anantapur 525150",Gulbarga,583506.0,2023-05-28,New,10.0,1437.54
4543215.0,Farhan Soni,binakala@example.com,910054329885.0,"84/481
Gupta Marg
Kolhapur-377160",Satna,339165.0,2023-10-21,Premium,6.0,526.7
86444757.0,Zaitra Walia,jason88@example.org,917107156292.0,"980, Boase Path
Shimoga 779674",Jabalpur,546325.0,2023-05-25,New,10.0,1212.75
22161071.0,Arunima Deol,dhruvlala@example.org,913157281420.0,"H.No. 579
Bala Zila
Durgapur 493585",Jalna,571163.0,2023-06-30,New,7.0,1582.43
66310963.0,Farhan Khare,bavaatharv@example.com,910532753576.0,"95/373, Mohanty Marg, Visakhapatnam-528253",Dewas,874424.0,2023-05-27,Inactive,6.0,1289.52
57340963.0,Wridesh Kothari,eshana23@example.com,914241078794.0,"56, Mangal Chowk, Nagercoil-046733",Proddatur,479748.0,2024-02-29,Regular,2.0,230.19
49147776.0,Meghana Khanna,qkari@example.net,918223727918.0,"290
Prabhakar Road
Purnia-614564",Panvel,468561.0,2024-07-04,Inactive,5.0,1115.7
90743791.0,Vidhi Saxena,yasti64@example.net,919003391948.0,"H.No. 239, Kuruvilla Marg, Shivpuri 484426",Morbi,187890.0,2023-04-16,Inactive,5.0,1871.81
54222320.0,Edhitha Kakar,pillayomisha@example.org,917018280903.0,"H.No. 47, Singh Nagar
Nellore 891716",Pali,375546.0,2023-07-24,Regular,19.0,295.18
6184558.0,Gaurang Grewal,jpalan@example.net,913522405840.0,"51/040, Mittal Chowk
Salem-548267",Tezpur,80875.0,2023-06-06,Regular,1.0,1352.97
46989310.0,Atharv Sharaf,lallwarinder@example.net,915477306937.0,"385, Varghese Street, Moradabad 456513",Hindupur,8262.0,2024-10-03,Regular,17.0,577.75
35420673.0,Anika Agrawal,ymukhopadhyay@example.com,913516247132.0,"H.No. 261
Chatterjee Ganj
Jalgaon-635598",Chennai,472044.0,2023-10-16,Premium,19.0,501.98
9450435.0,Sai Chaudhry,ravalbina@example.com,914134889578.0,"76/10
Guha Marg, Thiruvananthapuram-148407",Bellary,630243.0,2023-11-19,Regular,1.0,1567.76
34853377.0,William Dutta,ktandon@example.net,918007533944.0,"H.No. 165
Madan Zila, Ambarnath 801685",Nanded,986269.0,2023-06-04,Premium,8.0,732.53
91384030.0,Gaurika Sheth,guneet73@example.org,916966755401.0,"820
Doctor Ganj
Chennai 396453",Arrah,418798.0,2023-12-25,Premium,11.0,1621.1
84641682.0,Anthony Natt,devansh22@example.com,916158145605.0,"H.No. 18, Deshpande Marg
Sirsa 415949",Bhilai,103668.0,2024-09-23,Inactive,16.0,909.95
97259564.0,Watika Narayanan,soommen@example.com,914465932360.0,"H.No. 97, Sule Ganj
Moradabad 014721",Khammam,14378.0,2024-02-18,Premium,6.0,1047.69
88553721.0,Vritti Mangat,rchoudhary@example.com,915384110682.0,"H.No. 067
Bhat Marg, Tadipatri 600686",Kadapa,858622.0,2023-09-10,Regular,6.0,984.13
59518795.0,Wazir Sandal,pmangal@example.org,912725276242.0,"95/826
Bal
Secunderabad 223476",Jodhpur,589920.0,2023-11-09,New,16.0,947.51
81533356.0,Gauri Lala,veer75@example.net,915615041337.0,"49
Radhakrishnan Street
Tenali-419488",Tiruppur,63954.0,2024-01-28,Premium,14.0,674.3
12469338.0,Lavanya Dani,fsathe@example.org,915012759595.0,"39/71, Talwar Nagar
Sonipat 594726",Coimbatore,728275.0,2024-01-30,Inactive,2.0,1896.89
60561655.0,Rohan Palla,imukherjee@example.org,913411162979.0,"498
Mohanty Path
Udupi-000701",Nashik,563888.0,2023-12-26,Regular,3.0,378.17
9105829.0,David Gopal,kdeol@example.org,913163739818.0,"80/23, Kashyap Chowk, Nanded-894272",Begusarai,450245.0,2023-07-14,Regular,11.0,1350.06
33034249.0,Lavanya Hari,aarini44@example.org,911138185119.0,"H.No. 62
Padmanabhan Road
Raebareli 131857",Bhind,684458.0,2024-10-19,Inactive,5.0,861.55
69632084.0,Max Sandal,amrutakhosla@example.org,913886001970.0,"25, Master Ganj
Jorhat-231554",Etawah,59625.0,2024-04-07,Premium,17.0,1400.31
69516494.0,Veda Chad,nakulsani@example.org,915429086834.0,"63/911
Pandya Zila, Rohtak 316439",Kanpur,520506.0,2024-09-23,Regular,12.0,1291.92
87120918.0,Wyatt Basak,maanav92@example.com,910505377468.0,"08, Prabhu Path
Haldia 489368",Malda,526640.0,2024-04-12,Inactive,10.0,1017.63
25665997.0,Barkha Sodhi,esom@example.net,911225729546.0,"H.No. 810, Sarkar Chowk, Rajahmundry 931307",Muzaffarnagar,684302.0,2024-08-21,Regular,3.0,1188.16
48778633.0,Sarthak Chaudhari,jmore@example.net,911929560812.0,"H.No. 27
Keer Zila
Bettiah 229893",Pimpri-Chinchwad,519996.0,2023-12-13,New,14.0,609.63
89617089.0,Kamala Apte,warjasnayar@example.org,913898334323.0,"H.No. 63
Sarkar Circle
Orai 521594",Bidhannagar,710095.0,2024-04-20,New,9.0,541.33
61877649.0,Yuvraj Roy,fitanvarty@example.net,918160299632.0,"72, Mannan Circle, Durgapur-415078",Nagaon,251525.0,2023-10-25,Premium,12.0,1739.04
46185579.0,Vidhi Pillai,ishanvi02@example.org,918236993791.0,"01/95, Mangat
Tinsukia 747651",Siliguri,88753.0,2024-08-18,Premium,3.0,1874.34
8734819.0,Balveer Verma,henry39@example.org,912461408251.0,"38/07
Chawla Marg, Farrukhabad 603507",Surendranagar Dudhrej,150558.0,2023-11-11,New,13.0,1466.9
46208150.0,Watika Bedi,lallawilliam@example.net,912333868900.0,"H.No. 513
Buch Chowk, Mau-355674",Meerut,266700.0,2024-02-05,New,3.0,1283.1
13189939.0,Ishanvi Raman,kalaoviya@example.net,916171620979.0,"38, Goyal Road
Ballia 891603",Bhopal,626288.0,2024-05-04,Inactive,17.0,1906.92
93318833.0,Jagat Sridhar,kashvi96@example.org,915679800880.0,"09/099, Oommen Zila
Mumbai 615873",Indore,920281.0,2024-01-10,New,19.0,490.94
75640174.0,Advik Bhakta,yashodharaseshadri@example.org,915605923086.0,"60/893
Das Chowk, Adoni 157491",Akola,186830.0,2024-07-26,Premium,2.0,1380.54
69415494.0,Yashvi Iyer,hkurian@example.net,913715814052.0,"H.No. 952, Viswanathan Chowk
Ongole-121550",Rajkot,742368.0,2023-03-23,New,9.0,706.67
58505903.0,Harinakshi Sibal,borabarkha@example.org,919143791748.0,"H.No. 68
Kohli
Suryapet 129805",Kottayam,289118.0,2024-01-22,New,18.0,1079.81
90184276.0,Vasudha Brar,rachitraju@example.com,917784991232.0,"50, Murthy Nagar
Howrah-738443",Kurnool,264663.0,2024-02-12,Inactive,1.0,580.47
5226128.0,Wridesh Mander,samakshshere@example.org,911346830780.0,"02/758, Garg Zila, Tinsukia-257738",Bhimavaram,227013.0,2024-03-09,New,10.0,1049.1
99347871.0,Robert Kashyap,gnadkarni@example.net,915345369198.0,"37/115
Kade Nagar
Baranagar 427420",Muzaffarnagar,535677.0,2023-12-01,Regular,3.0,1535.03
57081917.0,Nidra Choudhary,htiwari@example.net,914316153012.0,"H.No. 578
Gaba Zila
Nagercoil-822965",Howrah,420892.0,2023-12-16,Inactive,6.0,1378.87
18791381.0,Avni Gera,haritagandhi@example.net,917897866204.0,"80/24
Singhal Path
Anantapur 636515",Jamalpur,585239.0,2024-03-02,Premium,1.0,1206.26
94979163.0,Warda Sarin,yloke@example.com,917700918124.0,"07/82
Brahmbhatt Zila, Tumkur-832067",Kanpur,98338.0,2024-05-14,New,7.0,1146.5
81822935.0,Dhruv Ganguly,balvansule@example.org,912529021155.0,"23/02
Mane
Bhind 848106",Nanded,425857.0,2023-08-19,Regular,18.0,1808.94
63310076.0,Chavvi Jani,dbhandari@example.com,917103735614.0,"067
Dalal Zila
Sambalpur-237974",Etawah,334921.0,2024-05-15,Regular,17.0,1123.43
80862136.0,Pallavi Seth,deshpandebalhaar@example.net,919189855174.0,"21/80, Shetty Path, Haldia-849255",Ambattur,924868.0,2024-03-31,Premium,16.0,393.28
64316806.0,Yadavi Bhagat,yahviparsa@example.org,917844043339.0,"036, Taneja Nagar, Sonipat-029200",Karnal,930174.0,2024-07-07,Regular,2.0,836.58
37183511.0,Neel Minhas,upma50@example.net,916989909809.0,"55
Rout Chowk
Bardhaman-834635",Gopalpur,231644.0,2024-07-29,New,13.0,1855.04
52085702.0,Irya Soni,kadereyansh@example.com,912219234142.0,"H.No. 05, Sachdev Circle
Munger-508158",Fatehpur,231895.0,2023-09-13,New,8.0,801.83
16376189.0,Samaksh Srivastava,vsom@example.org,914908958231.0,"H.No. 417
Goel Road, Alappuzha-241112",Chapra,840977.0,2024-02-25,Premium,10.0,271.53
17132416.0,Diya Tak,timothy84@example.com,914665999776.0,"86, Swamy Marg, Agra 946002",Solapur,302449.0,2024-01-02,Regular,20.0,644.85
66440188.0,Ira Radhakrishnan,thomas14@example.org,914366052297.0,"610
Baral Path
Mahbubnagar-336583",Haldia,894414.0,2023-08-15,Premium,9.0,1976.52
10700664.0,Rehaan Tara,ishere@example.org,917307216422.0,"09/35, Kar
Jabalpur 573121",Raebareli,287997.0,2024-10-10,Regular,5.0,1535.01
12769552.0,Chameli Ranganathan,yutikaraja@example.org,911478349920.0,"32/73, Yadav Zila, Junagadh-515395",Ratlam,414930.0,2023-05-03,Regular,10.0,1316.09
89142848.0,Vasudha Jain,rameshzaitra@example.org,918906815887.0,"H.No. 190
Pandey Nagar, Bikaner-019291",Rajkot,286052.0,2024-01-01,New,11.0,1459.23
32006907.0,Mohammed Din,egandhi@example.com,914064496995.0,"H.No. 00
Contractor Street, Hindupur-954443",Guwahati,192156.0,2023-09-28,Regular,13.0,879.66
85072416.0,Brinda Sekhon,nayarnathan@example.org,916250194648.0,"75, Dhar
Durg-621338",Loni,973101.0,2024-01-03,New,20.0,467.12
23755474.0,Jhalak Rajagopal,rajugeetika@example.org,910332709486.0,"H.No. 888, Ranganathan Zila, Gulbarga 969531",Jodhpur,891412.0,2024-09-13,Premium,9.0,854.81
26752630.0,Nakul Gade,samuel16@example.net,914583794714.0,"40/280, Balakrishnan Path, Bongaigaon 601425",Delhi,313960.0,2024-09-25,Inactive,5.0,1340.67
59353207.0,Aayush Oza,wmangat@example.org,914180828726.0,"H.No. 293
Divan Road
Berhampur 659733",Khammam,89328.0,2023-05-31,Inactive,2.0,1618.52
12090436.0,Tripti Yogi,sekhonjhalak@example.org,912933032532.0,"24/89, Gour, Chandigarh 624564",Asansol,684483.0,2023-03-19,Regular,18.0,1307.52
97419742.0,Wishi Doshi,gauri61@example.com,919351162452.0,"290, Chad Street, Shahjahanpur-216192",Adoni,603224.0,2023-10-09,Inactive,7.0,1663.04
99772709.0,Xiti Jaggi,girishgour@example.net,915944903403.0,"39/76, Yogi Chowk, Jalna-806277",Tadepalligudem,798755.0,2023-09-03,Regular,11.0,1905.19
88667557.0,Gunbir Anand,avni95@example.net,914652807920.0,"H.No. 13, Sarma Path
Bhilwara 520495",Chennai,478377.0,2024-04-16,New,10.0,792.85
4394659.0,Xalak Goel,thakurmitali@example.org,915366984594.0,"69/41, Sen Nagar
Bhagalpur-361305",Pune,92392.0,2023-08-25,New,7.0,291.77
52757321.0,Hritik Narain,jagvi66@example.net,914710265125.0,"500
Raghavan Circle
Nellore 449924",Bulandshahr,262684.0,2024-04-26,New,11.0,1059.22
19275474.0,Girik Hora,azadchoudhary@example.org,918111503883.0,"78/37
Gera Zila, Alappuzha-096565",Lucknow,916112.0,2024-10-22,New,14.0,698.12
55404382.0,Isaiah Issac,csahni@example.net,915616720604.0,"H.No. 428
Dewan Road, Hospet-604940",Guntakal,245224.0,2023-09-25,Premium,19.0,950.79
70084516.0,Ishaan Baria,gulatichaitaly@example.org,914576665844.0,"H.No. 765, Sangha, Pimpri-Chinchwad-976190",Pallavaram,932798.0,2024-03-10,New,11.0,486.51
29265216.0,Samuel Buch,ethankala@example.com,919408407178.0,"05
Wable Nagar, Varanasi-387829",Bidar,638496.0,2024-04-22,New,3.0,609.49
16785724.0,Indali Majumdar,ozaomkaar@example.com,919072562154.0,"610
Thaker Zila
Bilaspur-483457",Vellore,61886.0,2023-08-06,Regular,16.0,1768.52
14272050.0,Rajata Misra,quincy04@example.net,912456749629.0,"59/380
Dewan Ganj
Malegaon-743475",Satna,120950.0,2023-11-26,New,7.0,662.99
95736310.0,Bishakha Vora,sinhasudiksha@example.com,914684203915.0,"H.No. 642
Dewan Circle, Bhiwani-554746",Morbi,759352.0,2024-01-08,Premium,11.0,1954.12
14079305.0,Jeevika Narain,rattiikshita@example.org,919580725986.0,"144
Gokhale Nagar, Bhalswa Jahangir Pur 956383",Warangal,702601.0,2024-09-08,Premium,17.0,567.1
71189232.0,Darsh Bedi,agastyabhatia@example.net,915487235286.0,"51/101, Sarna Nagar, Bettiah 417621",New Delhi,116341.0,2024-06-28,Inactive,14.0,1754.14
61486140.0,Jeremiah Chand,zdeep@example.com,914772271075.0,"38/80
Parikh
Jamshedpur 875730",Amritsar,569153.0,2023-12-15,Inactive,15.0,1967.78
76008165.0,Hemangini Mutti,maniomisha@example.com,917951857432.0,"45/266
Tara Marg, Silchar 957848",Katihar,262577.0,2024-02-07,Premium,6.0,1724.44
63060947.0,Kamala Bobal,canne@example.net,918262016820.0,"613, Saran Road, Alappuzha 680503",Hindupur,56676.0,2024-06-11,New,18.0,1884.15
25706121.0,Baghyawati Toor,thomas08@example.com,918493699952.0,"127
Korpal Street, Kakinada 138460",Srinagar,466303.0,2024-03-03,Premium,12.0,1453.68
55803572.0,Champak Palla,gbail@example.net,917358285259.0,"58/271
Parmar Circle
Nagaon-635394",Rewa,391552.0,2023-03-27,Premium,17.0,1237.96
38133873.0,Rehaan Borde,janya13@example.net,919494890296.0,"93, Das Path
Haridwar 763529",Khammam,123704.0,2024-04-13,Premium,10.0,770.71
73735548.0,Ishanvi Bala,praneelgolla@example.com,919105014487.0,"712
Kamdar Path, Raipur-299266",Haldia,567104.0,2023-06-11,Premium,7.0,554.65
12778027.0,Eshana Prabhu,isha32@example.com,914584193699.0,"H.No. 446
Soni
Bihar Sharif 011073",New Delhi,862253.0,2023-05-26,New,9.0,1513.18
42781544.0,Isaiah Sankar,saxenalogan@example.org,918633550027.0,"088, Sane Marg
Sambalpur 100191",Faridabad,898529.0,2023-12-05,New,1.0,1248.16
78725001.0,David Thaker,janujaahuja@example.org,911519284976.0,"H.No. 99
Sawhney Path, Satna 073907",Machilipatnam,343097.0,2024-11-01,Regular,15.0,1105.15
20254516.0,Tanveer Samra,triptisama@example.com,912262540783.0,"37/67, Tak Zila
Nadiad 662567",Nandyal,696091.0,2024-07-23,Inactive,18.0,1536.88
97928781.0,Dhriti Om,ychander@example.org,919169001005.0,"37
Kade Marg
Raichur 315310",Gaya,464706.0,2024-05-24,Inactive,2.0,1278.88
3875480.0,Harshil Mital,qnarula@example.com,918582878676.0,"58
Chaudhry Zila
Bhind 676771",Berhampur,743842.0,2024-05-26,Inactive,8.0,1863.49
27416314.0,Anika Hari,garima95@example.org,912296472054.0,"91, Ramanathan Nagar, Bhatpara-172778",Kanpur,803498.0,2024-03-02,Inactive,3.0,820.6
77214094.0,Raksha Walla,oakkaran@example.org,911246730805.0,"04, Atwal Nagar, Kanpur 851914",Khammam,105283.0,2023-07-09,New,6.0,1957.35
77661491.0,Jyoti Srinivas,zramesh@example.org,914985679808.0,"236, Parikh Nagar, Rajpur Sonarpur-736094",Hosur,276733.0,2024-06-23,New,20.0,1628.56
10285414.0,Meera Nigam,priyalanka@example.org,910495654938.0,"76, Jaggi
Kirari Suleman Nagar-469099",Shimla,186927.0,2023-07-13,Inactive,18.0,993.5
8205155.0,Vrishti Din,pooja30@example.com,911171023508.0,"45, Dhawan Marg, Mahbubnagar-157273",Sagar,165438.0,2023-08-12,New,3.0,305.85
29361038.0,Idika Gade,oscarchaudhari@example.com,913433025314.0,"09/56
Palla Street, Bhatpara-222615",Aurangabad,160138.0,2023-08-14,New,19.0,282.0
6319646.0,Rehaan Suresh,ryan15@example.com,915773547026.0,"38, Chandran Chowk
Phusro 940532",Udupi,413954.0,2024-02-20,Regular,9.0,518.17
22738465.0,Gabriel Oak,advayluthra@example.com,918378521079.0,"42/463
Rana Street, Chennai 439851",Narasaraopet,890953.0,2023-07-02,Inactive,16.0,1903.09
37947202.0,Eta Srinivasan,mitali78@example.org,910505228431.0,"H.No. 486, Sen Road, Silchar-440108",Nandyal,87344.0,2024-01-25,Regular,3.0,259.96
93284515.0,Tejas Mahal,naksh19@example.org,919143727853.0,"31/521, Pingle Marg, Amravati 270216",Mumbai,953623.0,2023-12-01,New,2.0,1324.95
84161531.0,Raagini Verma,ethanmander@example.org,910033480072.0,"H.No. 36
Sarin Circle, Moradabad-889706",Rohtak,902770.0,2024-07-12,Premium,19.0,1681.88
22293666.0,Gopal Kumar,imaran02@example.net,916532818859.0,"H.No. 605, Raval Street, Gudivada-682740",Saharsa,447206.0,2023-04-09,New,2.0,1671.53
15236510.0,Pooja Prasad,wyattsrinivas@example.com,918889190584.0,"460
Thaker
Tadepalligudem 696563",Serampore,264052.0,2023-12-13,New,11.0,937.26
34787383.0,Ekbal Talwar,jyotisethi@example.com,914349309978.0,"07, Gopal Ganj
Bhimavaram 958877",Anantapur,29302.0,2024-10-12,Premium,17.0,292.41
18954314.0,Ladli Nagarajan,krishnadamyanti@example.org,915691931638.0,"82/74
Kaul Street, Chandigarh 578066",Mau,381178.0,2024-10-18,Inactive,6.0,1781.37
20298398.0,Urvi Bali,yuvrajdayal@example.org,914923522636.0,"H.No. 412
Batra Zila, Bhilai 424489",Ahmednagar,278627.0,2023-12-22,New,1.0,1049.6
33617546.0,Harrison Edwin,kapurtristan@example.org,915693598058.0,"084, Arora, Asansol-794979",Bhopal,755104.0,2024-09-24,New,12.0,239.2
76359458.0,Yahvi Sule,vyanjananigam@example.net,914270795616.0,"H.No. 79
Kulkarni Path, Gandhidham 810520",Hosur,894432.0,2023-07-22,New,2.0,1638.08
96640716.0,Yatan Varughese,vedachopra@example.net,912831619158.0,"710
Sant Zila, Howrah 712153",Sikar,505940.0,2024-10-15,New,16.0,462.66
78847070.0,Gauri Ramakrishnan,priyasura@example.net,915959080534.0,"131, Sundaram Ganj, Jamnagar 024377",Anantapur,478537.0,2023-07-27,Inactive,12.0,1918.04
27513158.0,Dev Taneja,unadig@example.net,912759325069.0,"H.No. 764, Padmanabhan Chowk
Sirsa 804300",Aizawl,769023.0,2024-03-05,New,7.0,1387.81
65618148.0,Aadhya Palla,forumshan@example.org,915697227214.0,"78
Nagi Zila, Jamshedpur-811905",Gandhinagar,748222.0,2023-03-29,Inactive,9.0,1644.51
68307253.0,Rachita Borra,andrewarora@example.net,911117805975.0,"02
Wable Ganj, Kolkata-072162",Dewas,100051.0,2024-10-24,Premium,7.0,1547.07
87889031.0,Baghyawati Nair,apandit@example.org,917499048288.0,"88
Atwal Zila, Arrah 728863",Bhimavaram,48081.0,2023-06-10,Regular,18.0,836.6
70243933.0,Irya Gola,ekbal71@example.org,919538190762.0,"41/448
Bandi Ganj
Jamshedpur 168104",Mahbubnagar,829779.0,2023-08-05,Regular,13.0,476.91
12141418.0,Faras Patla,nperi@example.com,915294948800.0,"19/61, Memon Circle, Siwan-721238",Ambala,97395.0,2023-09-04,Inactive,5.0,862.68
60565603.0,Ladli Tara,kallawaida@example.com,917749450638.0,"H.No. 51
Sampath Nagar, Bellary 602969",Madhyamgram,390752.0,2024-07-18,New,11.0,949.6
64906311.0,Balendra Pandey,ijaya32@example.net,912253335610.0,"17/83, Kant Marg, Kadapa-463586",Sikar,417724.0,2024-07-26,Inactive,10.0,1124.25
12851610.0,Unnati Narayanan,indali31@example.net,917687211642.0,"09/64
Shanker Ganj
Bongaigaon-786416",Proddatur,304595.0,2024-08-06,Inactive,14.0,633.41
84937877.0,Yug Mahal,tejasdani@example.com,916333548720.0,"H.No. 35, Prashad Road, Nangloi Jat 100742",Guntur,711210.0,2023-06-11,Premium,4.0,1863.17
49574186.0,Yashica Devan,nimrat27@example.com,911497711371.0,"61/77
Sinha Path, Munger-718295",Barasat,505155.0,2024-09-17,Premium,13.0,625.97
65221572.0,Leela Bumb,jkapoor@example.com,919228899916.0,"H.No. 30
Mand Marg, Ramgarh 691868",Delhi,305120.0,2024-03-04,New,17.0,1100.53
4758426.0,Qushi Dash,contractorurishilla@example.org,916166771196.0,"78
Jha Zila
Chandrapur 263897",Vijayawada,415274.0,2024-01-06,New,14.0,448.81
84826389.0,Alexander Peri,rchaudry@example.org,911899042566.0,"H.No. 221
Nair Nagar, Rajkot-091373",Sonipat,965944.0,2023-11-28,Premium,13.0,1607.4
42102289.0,Guneet Vaidya,wyattkara@example.com,918325020241.0,"71, Padmanabhan
Chapra-979621",Raebareli,499108.0,2024-09-05,New,20.0,1310.74
11063505.0,Garima Pillay,dakshesh96@example.org,915618959508.0,"H.No. 89
Nori Ganj, Bhiwani-227906",Udaipur,434196.0,2024-11-01,New,2.0,1285.79
84862161.0,Advaith Baria,ayushnatarajan@example.org,918117857683.0,"387
Narula Zila
Korba 967819",Farrukhabad,770374.0,2024-02-14,New,12.0,1512.98
88520326.0,Chasmum Dhaliwal,sarora@example.org,912277505609.0,"65/481, Solanki Zila, Hosur 461150",Asansol,37026.0,2023-11-26,Premium,14.0,1537.05
8025622.0,Daksh Bali,xraju@example.org,919133188884.0,"18/209
Bumb Circle
Amravati-268871",Bulandshahr,177515.0,2024-03-14,Regular,15.0,1160.55
99361865.0,Ekantika Ravel,bhasinsiddharth@example.com,911375770898.0,"53/83
Munshi Chowk
Ramgarh-680245",Berhampur,172106.0,2023-05-21,New,20.0,1423.56
40841791.0,Krishna Chahal,teerth57@example.org,916881678668.0,"H.No. 680, Raghavan Zila
Ballia-415317",Mysore,227417.0,2023-06-26,New,4.0,851.79
20360447.0,Timothy Dubey,naksh97@example.net,914050952910.0,"56/253
Deol, Hapur 797670",Akola,329409.0,2024-10-25,New,2.0,640.41
90647204.0,Lipika Swaminathan,chandchaitaly@example.com,919409371996.0,"315, Pingle Path, Giridih 546076",Muzaffarnagar,603717.0,2023-10-14,New,13.0,1124.52
78748184.0,Odika Jain,eray@example.net,919700695987.0,"72/19
Sarma
Tinsukia 520475",Karawal Nagar,273092.0,2023-11-22,Regular,13.0,533.74
65121696.0,Warinder Gopal,roynimrat@example.org,918190571130.0,"422, Pradhan Road
Vijayanagaram 919198",Mirzapur,329948.0,2024-10-19,New,7.0,425.04
99729547.0,Wridesh Saini,meeradey@example.net,916456914561.0,"H.No. 18
Pillay Chowk
Patna-810149",Gwalior,81603.0,2023-12-07,New,17.0,1763.46
65692224.0,Aahana Buch,zayyan92@example.com,916331588994.0,"H.No. 50
Dave Marg
Nashik 705135",Jaunpur,542226.0,2023-03-18,Regular,3.0,1053.33
22613559.0,Omya Johal,yogiwilliam@example.org,916462183989.0,"62/824
Varma Chowk, Allahabad-131566",Berhampur,776802.0,2023-12-21,Premium,10.0,736.33
17749347.0,Akshay Bhasin,bhatsiddharth@example.org,914068407520.0,"217, Banik Street
Rohtak 274302",Panchkula,821987.0,2024-07-26,Premium,15.0,1842.37
57526322.0,Henry Dar,yamini34@example.net,914734332396.0,"21/13, Patla Zila
Hosur-358068",Kishanganj,207296.0,2023-07-19,Premium,2.0,601.98
1589656.0,Xiti Prabhu,maharajmitesh@example.org,918617173657.0,"H.No. 729, Raval
Sambalpur 817241",Gorakhpur,374983.0,2024-05-26,Premium,13.0,1548.76
58085779.0,Abeer Oak,omistry@example.net,913143786832.0,"H.No. 136
Devi Path
Bangalore 448384",Berhampur,652494.0,2024-08-09,New,19.0,1602.11
70221073.0,David Setty,ekansh32@example.org,911120030837.0,"20
Zacharia Road, Satara-435232",Etawah,358801.0,2023-05-22,Premium,16.0,1074.21
77869660.0,Nidhi Sha,ewali@example.org,915624805014.0,"H.No. 174, Saraf Chowk, Deoghar-906819",Gandhinagar,843445.0,2023-11-20,Premium,8.0,439.41
38957713.0,Damyanti Krish,xkhatri@example.net,913915566370.0,"730, Krishna Marg, Tiruchirappalli 628526",Uluberia,3946.0,2023-08-05,New,19.0,935.68
51544662.0,Hiral Tara,chandasamuel@example.org,912979772171.0,"H.No. 950
Kaul Path
Agra 447974",Chinsurah,346670.0,2023-12-17,New,15.0,1352.21
37309023.0,Dominic Dutt,msule@example.net,910605657715.0,"88/43
Sunder Zila
Dibrugarh-657473",Guntur,716024.0,2023-12-05,Premium,10.0,1270.38
99707100.0,Falan Master,mrao@example.net,911942073062.0,"44/84
Sule Road, Howrah-418979",Munger,361839.0,2024-02-24,Inactive,9.0,1089.92
59643062.0,Reyansh Khatri,ishanvisuri@example.org,914280528331.0,"73/83
Saran Road
Jamshedpur 954172",Aligarh,88100.0,2024-09-27,Inactive,11.0,416.94
22227829.0,Rehaan Patla,kala29@example.com,914151762255.0,"238
Tiwari Chowk
Tirunelveli-454482",Bhiwani,499199.0,2024-09-18,New,17.0,1386.69
20343501.0,Anthony Krishnamurthy,sahotamax@example.net,916911354078.0,"H.No. 940, Bose Zila
Aizawl 529946",Sasaram,655005.0,2023-04-12,Inactive,19.0,1070.47
48409448.0,Pavani Vaidya,varsha47@example.net,913909005984.0,"76
Chana Street
Bhimavaram-424017",Ludhiana,743825.0,2024-05-07,New,18.0,1652.89
55038040.0,Vidhi Balakrishnan,tnigam@example.net,912208072943.0,"H.No. 81
Johal Zila
Kottayam-727849",Agartala,875201.0,2024-01-14,New,8.0,505.03
34755436.0,Jatin Ramachandran,naveen22@example.org,913760572477.0,"440
Chakraborty, Raipur-544802",Kolkata,370073.0,2023-06-01,New,10.0,622.59
87463923.0,Gagan Lal,pranit82@example.com,916850228529.0,"43, Sarna Street
Begusarai 207171",Katihar,276564.0,2024-03-21,Inactive,5.0,216.98
28499191.0,Amara Patel,duaakshay@example.com,917550026872.0,"98, Sen Ganj
Secunderabad-632862",Thoothukudi,190084.0,2023-07-24,Premium,11.0,1018.2
37759707.0,Jhalak Venkataraman,zachariavasana@example.org,914291372627.0,"H.No. 774
Borah Nagar, Surat-338543",Sultan Pur Majra,626543.0,2023-10-02,Premium,12.0,924.06
26936578.0,Lavanya Bawa,riya23@example.net,917015746909.0,"H.No. 59
Amble
Pali 954401",Maheshtala,200144.0,2024-04-05,Regular,5.0,1610.07
22020776.0,Manan Banerjee,zpal@example.net,912470348352.0,"11, Sura Chowk
Hajipur-950505",Bhiwandi,681898.0,2023-05-23,Regular,10.0,714.21
47618810.0,Ekalinga Mandal,avi52@example.net,915348918656.0,"H.No. 57
Goda Chowk, Pimpri-Chinchwad 391055",Ghaziabad,423916.0,2024-05-27,Inactive,17.0,1395.84
53605257.0,Harita Naidu,devika35@example.com,914351086868.0,"H.No. 95
Murthy Path, Shimoga 503288",Haridwar,809794.0,2023-09-23,Regular,3.0,444.54
28289030.0,Sarthak Parmar,cgulati@example.net,914141149452.0,"37
Ganesan Marg
Nangloi Jat-417273",Dehri,383972.0,2024-10-11,Regular,11.0,1739.54
26935187.0,Tanveer Yogi,jananikapoor@example.net,913044515316.0,"51/88
Tandon Circle
Tiruvottiyur 882576",Chandrapur,741984.0,2023-11-03,Premium,9.0,919.12
75944533.0,Garima Kohli,ganesharin@example.com,912534013202.0,"H.No. 25, Sharaf Chowk, Rajkot 112785",Jabalpur,760017.0,2023-10-21,Inactive,19.0,577.89
31389750.0,Advika Bala,praneelmorar@example.com,918556395895.0,"42/949
Dani Chowk, Raipur 625479",Karaikudi,251735.0,2023-08-18,New,18.0,1600.66
99784559.0,Laban Chopra,gayathri37@example.net,916462666703.0,"672
Bhatia Road
Rampur 543886",Allahabad,407983.0,2024-07-14,Inactive,18.0,218.41
87450286.0,Harish Bedi,pathakpanini@example.org,911622228229.0,"259
Sharaf Circle
Jamalpur-304705",Asansol,895547.0,2023-12-25,Premium,9.0,1856.86
94850985.0,Isaac Anne,unnati97@example.org,912623368002.0,"17/71, Hegde Road, Rajpur Sonarpur 453198",Delhi,80190.0,2023-11-08,New,8.0,1923.29
3660263.0,Jagdish Bains,qsrinivas@example.org,913911005064.0,"787
Bora Circle, Madurai 132549",Phagwara,202676.0,2023-05-27,Regular,10.0,1573.91
61982521.0,Jagat Dewan,pchander@example.com,914183746427.0,"47/63, Kurian Nagar, Anand-272334",Faridabad,493391.0,2023-11-29,Inactive,3.0,1995.09
29973346.0,Pranit Sane,panchaljasmit@example.com,912794025384.0,"503
Memon Nagar, Jehanabad-859439",Sambhal,521032.0,2024-02-02,Premium,1.0,1786.85
894128.0,Chatura Agarwal,harishom@example.net,919523503339.0,"58/69
Mallick Path
Rajahmundry 318453",Durgapur,13150.0,2023-07-20,Inactive,5.0,1323.32
40871915.0,Alka Sandal,harinakshisahota@example.net,910427804429.0,"86/200, Nazareth Zila, Thoothukudi 902537",Mehsana,80248.0,2024-02-10,Premium,8.0,1636.24
41972994.0,Lila Khanna,vsaini@example.com,916651606377.0,"H.No. 304, Mody Ganj
Machilipatnam 049054",Bhatpara,238845.0,2023-07-21,Inactive,16.0,748.34
11082181.0,Pratyush Munshi,evig@example.com,916368497999.0,"H.No. 07
Apte Chowk
Ulhasnagar-524587",Kalyan-Dombivli,816410.0,2024-02-15,Premium,6.0,624.4
26040510.0,Jasmit Barad,jeetnazareth@example.com,912643679870.0,"542
Babu Circle, Berhampur 003256",Kadapa,393692.0,2023-10-03,Premium,5.0,507.99
82770142.0,Balveer Brar,yashica30@example.org,915482011794.0,"H.No. 62, Khalsa Chowk
Ghaziabad-756275",Karaikudi,719292.0,2024-09-08,New,2.0,1834.58
46504355.0,Ridhi Oak,avnijha@example.net,910121430253.0,"H.No. 272
Pingle, Aligarh 181840",Arrah,603176.0,2023-04-04,Regular,15.0,294.04
40419593.0,Siya Pandit,dbera@example.org,918818400484.0,"H.No. 401
Nori Circle, Phusro-398654",Dibrugarh,493928.0,2024-08-27,Inactive,20.0,787.07
31076002.0,Urvi Wali,rachit18@example.net,910697271551.0,"H.No. 94, Nanda
Karnal 471409",Tinsukia,177431.0,2023-05-19,New,5.0,1389.14
91590001.0,Nandini Bawa,jsandhu@example.org,918945639341.0,"H.No. 86, Din Zila, Korba-969073",Kolhapur,465150.0,2023-09-19,Premium,13.0,1304.73
76377003.0,Harsh Bhandari,viswanathanaarav@example.com,912663980292.0,"44
Krishna Chowk, Bhatpara 525476",Chandigarh,145664.0,2024-08-07,Inactive,10.0,842.66
40626729.0,Rachit Toor,chavvigola@example.com,914784993048.0,"87/923
Bhavsar
Muzaffarpur 139781",Tinsukia,419606.0,2024-03-19,Regular,1.0,1921.19
50680889.0,Warda Karan,yashawininazareth@example.org,914346200740.0,"H.No. 57
Raval Street
Kharagpur-806830",Thoothukudi,99859.0,2024-02-22,New,1.0,619.56
41439103.0,Ati Wali,avi82@example.net,919486745671.0,"76/26, Hans
Panipat-910815",Junagadh,893610.0,2024-09-20,Premium,6.0,1326.63
35782051.0,Ekiya Mital,deygaurav@example.net,917434858324.0,"31/25
Narayan, Rampur 164546",Mango,523577.0,2023-11-26,New,1.0,1090.28
71252391.0,Mohini Johal,ajaggi@example.com,915078105989.0,"68/70
Merchant Ganj
Anand 877850",Kulti,40488.0,2024-05-24,New,8.0,1558.97
56764791.0,Priya Shukla,rajavasana@example.net,910581036038.0,"96/18
Panchal Chowk
Hosur-935341",Hindupur,876143.0,2024-09-08,Regular,10.0,1226.1
50652909.0,Meera Jain,deyrehaan@example.org,912415312076.0,"H.No. 50
Munshi Zila, Amaravati-880526",Farrukhabad,124819.0,2024-02-25,Regular,8.0,559.99
29451600.0,Max Shankar,bchoudhry@example.com,919631255198.0,"H.No. 89, Babu Zila, Bangalore 287095",Amritsar,191584.0,2023-04-15,New,5.0,1882.69
38114014.0,Yatin Sandal,balakrishnanchristopher@example.org,917207541281.0,"H.No. 349
Sami
Adoni 237515",Mumbai,438966.0,2024-01-03,New,12.0,1006.24
25977417.0,Lohit Sengupta,agarwalamol@example.net,917397766081.0,"H.No. 985, Sarma Road, Raebareli 726376",Berhampore,363245.0,2024-04-13,Inactive,11.0,399.59
39418109.0,Yahvi Kala,reyanshbasu@example.com,918277876974.0,"H.No. 942
Jaggi Street
Anand 778048",Navi Mumbai,729388.0,2023-07-29,Inactive,19.0,928.13
80761521.0,Yashica Rama,laladarika@example.com,918109319446.0,"H.No. 25, Loke Circle, Aligarh 718926",Latur,257938.0,2024-05-17,Inactive,5.0,850.56
54375571.0,Omaja Bumb,vrishtirajagopal@example.com,911796813431.0,"24/60, Dada, Allahabad 330051",Korba,207211.0,2023-09-30,Premium,4.0,405.49
50968312.0,Idika Chaudhry,anirudh02@example.org,913861368124.0,"74/873
Basu Road
Dindigul 291516",Maheshtala,195956.0,2024-02-17,Inactive,13.0,1794.46
33829924.0,Jeevika Sami,chhabranisha@example.org,910108011104.0,"61/245
Seth Circle
Guna 980948",Kanpur,182213.0,2023-12-18,New,18.0,615.52
29562072.0,Edhitha Ranganathan,yashawini55@example.net,914683223867.0,"09, Soman Marg, Guna 345092",Hindupur,976259.0,2023-08-10,New,10.0,1449.0
4618801.0,David Saran,dalbir79@example.org,915688841303.0,"24, Dayal Chowk
Avadi 300543",Jodhpur,869099.0,2023-11-16,Premium,11.0,201.56
30535703.0,Dev Comar,jmurthy@example.net,919081513994.0,"H.No. 353
Ramakrishnan Street, Begusarai-376450",Morbi,267760.0,2024-06-06,Regular,3.0,301.96
10605484.0,Rachit Chakraborty,karabhiram@example.com,917890394043.0,"H.No. 714
Das Circle, Nanded-127585",Visakhapatnam,411956.0,2024-05-17,Inactive,13.0,652.0
8164639.0,Pushti Dhillon,varenya91@example.com,910237840551.0,"81/62
Char Circle, Ramagundam 071898",Gandhidham,975982.0,2024-05-27,Premium,11.0,329.17
63360864.0,Idika Sahni,kotavrinda@example.net,918914014300.0,"87/887
Chatterjee Street
Karaikudi 061007",Bhopal,402853.0,2024-03-28,Inactive,16.0,1804.42
2361575.0,Aarnav Seth,banditeerth@example.org,914767930808.0,"H.No. 24
Mahal Circle
Guwahati-694378",Faridabad,160994.0,2023-09-14,New,19.0,1993.09
59485034.0,Dominic Sidhu,narainbaghyawati@example.com,917819007247.0,"H.No. 17
Mangat Chowk
Morena 729596",Agartala,931347.0,2023-03-20,New,1.0,1762.35
6025470.0,Isaac Mander,rdixit@example.com,912510629805.0,"57/46
Solanki Street
Jammu 135323",Sagar,644361.0,2024-08-17,Premium,12.0,1599.39
31371112.0,Osha Chad,babujoshua@example.org,915023632803.0,"H.No. 48
Kamdar
Salem 078745",Darbhanga,351799.0,2023-11-17,Regular,5.0,231.41
14294171.0,Ikshita Bava,chaturadave@example.net,913700730466.0,"693
Oak Ganj
Karnal-566675",Saharanpur,84734.0,2023-12-23,Regular,1.0,1680.47
92245432.0,Ayushman Goel,zagate@example.net,917707886127.0,"H.No. 556
Rege Zila
Davanagere 091304",Tadipatri,863697.0,2024-06-02,Premium,12.0,316.16
2928026.0,Vrishti Basak,gautamisrinivasan@example.com,915081846964.0,"H.No. 40, Sekhon Chowk
Ajmer 858814",Ahmedabad,960708.0,2024-03-20,New,9.0,280.45
98687927.0,Yachana Brar,xlanka@example.com,919571032894.0,"92/339, Kar
Saharsa-001690",Pali,337430.0,2023-09-23,Premium,6.0,825.55
15796277.0,Finn Pau,vganesh@example.com,910685249206.0,"29
Comar Path
Davanagere-714215",Loni,223700.0,2024-08-02,New,19.0,1365.33
92604392.0,Kevin Palan,ati37@example.com,913580662726.0,"372, Mitter Zila
Ranchi-735929",Faridabad,853795.0,2023-11-16,Premium,10.0,909.0
77303171.0,Sneha Menon,vgopal@example.com,917195647131.0,"H.No. 24, Raman Road
Haldia 955041",Guna,876392.0,2023-08-22,Inactive,19.0,452.86
24144240.0,Charles Parsa,vasudha38@example.com,913590549557.0,"756, Anand Chowk, Bhusawal 348094",Tezpur,49861.0,2023-09-06,Regular,15.0,1938.81
74548003.0,Falan Dhillon,bakhshi09@example.org,913585767899.0,"H.No. 399, Bhatnagar Ganj
Nagercoil 907151",Erode,455503.0,2024-07-15,Regular,9.0,1412.04
8122530.0,Fiyaz Rai,dixitanay@example.org,910601452212.0,"458
Garg Street, Farrukhabad 058172",Tadepalligudem,666.0,2023-05-30,Inactive,9.0,1493.48
97664747.0,Sanaya Chatterjee,ranveer24@example.org,915541355903.0,"59
Nair Ganj, Sambhal-803177",Gulbarga,474294.0,2024-03-21,Premium,9.0,1160.21
79960955.0,Chatresh Samra,yohannanshaurya@example.org,917990161657.0,"H.No. 533, Grover Chowk
Panvel 187331",New Delhi,606822.0,2023-05-23,New,18.0,381.62
99643057.0,Avni Lad,vohratanveer@example.org,915454861960.0,"H.No. 592
Vyas Path, Narasaraopet 538104",Ichalkaranji,931414.0,2024-11-01,Inactive,4.0,1677.24
1313292.0,Robert Kaur,mohinisarna@example.net,918400584200.0,"92/24, Nanda Chowk, Belgaum-142848",Korba,990395.0,2024-03-04,Inactive,20.0,1275.41
94453274.0,Widisha Wali,jdixit@example.net,919891075000.0,"H.No. 985, Amble Road, Ajmer 586935",Aurangabad,208007.0,2024-10-14,Regular,15.0,917.84
1588560.0,Jeremiah Nath,faqidswaminathan@example.org,911110614819.0,"16/09
Setty Nagar, Gopalpur 225399",Anantapuram,900047.0,2023-12-01,New,10.0,945.18
30029998.0,Ishwar Edwin,khuranaanusha@example.net,915414846542.0,"95/10, Chada, Pimpri-Chinchwad-575371",Hazaribagh,654240.0,2024-09-01,New,9.0,863.3
37095171.0,Ira Soni,oviyadada@example.net,913564125856.0,"97/289
Ganguly Street, Amritsar 338128",Guna,294022.0,2023-12-04,Inactive,10.0,1680.98
79773912.0,Vaishnavi Gulati,adityaramanathan@example.net,912619074930.0,"44/995
Saran, Gandhidham-563933",Jaunpur,669886.0,2023-10-06,Regular,7.0,751.73
30317733.0,Janani Sawhney,amritaoommen@example.com,912691824202.0,"H.No. 27, Kara Road, Ranchi-263406",Durgapur,98666.0,2024-06-28,Inactive,12.0,569.16
48188624.0,Maanav Tella,doshidarpan@example.com,919515707055.0,"28/10
Chadha Road, Kirari Suleman Nagar 215968",Chittoor,740511.0,2024-02-19,Regular,11.0,320.69
59197894.0,Mitesh Saha,dayalgeetika@example.com,917334044529.0,"H.No. 327, Soni Nagar
Orai 366501",Akola,519759.0,2023-10-14,Inactive,19.0,1788.36
34697768.0,Omaja Oak,tripti84@example.net,915048960122.0,"41, Bajwa Zila, Sangli-Miraj & Kupwad-859767",Aurangabad,37920.0,2023-03-17,Regular,13.0,1965.2
82372427.0,Anjali Cheema,anthonybandi@example.com,913264367851.0,"H.No. 888, Lad Chowk
Kota-646642",Dehradun,992332.0,2023-10-19,New,14.0,1515.62
41008070.0,Libni Dua,kariwyatt@example.net,914053744727.0,"H.No. 036, Sarma Path
Hapur 500317",Vijayawada,129888.0,2024-05-01,New,1.0,1017.46
87220860.0,Yashvi Dua,lmane@example.net,915023590282.0,"H.No. 769, Sengupta Street
Pondicherry-124635",Kochi,736698.0,2024-04-22,Regular,6.0,1474.44
19705695.0,Ayush Kala,sundarameta@example.net,916469197317.0,"H.No. 29
Rastogi Street
Dehradun 322885",Patiala,520564.0,2024-07-26,Premium,6.0,816.6
60974181.0,Hardik Kakar,radharam@example.org,919524312073.0,"80, Kala Nagar, Udaipur-156360",Bahraich,118581.0,2024-01-22,Premium,20.0,1122.83
90621147.0,Vaishnavi Chowdhury,oeshibhatnagar@example.org,916604113829.0,"18/61, Shere Ganj
Amaravati-935529",Jhansi,334137.0,2024-10-05,Premium,2.0,710.2
68661619.0,Chaaya Manne,masonyogi@example.net,918638625999.0,"65
Chander Ganj
Berhampore 551962",Darbhanga,164675.0,2024-07-18,Inactive,1.0,1343.07
64748953.0,Oscar Natt,chaudharisanya@example.org,912819640618.0,"303
Chander Zila, Amravati-905369",Hapur,190188.0,2023-06-29,Inactive,2.0,1507.44
6579892.0,Indrajit Sodhi,kalasai@example.net,917412279120.0,"H.No. 22
Konda Chowk
Akola-179821",Silchar,511482.0,2023-10-03,Regular,3.0,869.19
85747175.0,Karan Chatterjee,krishadyal@example.org,916476131641.0,"64
Reddy Marg, Bettiah 258049",Rajkot,456459.0,2023-11-27,Premium,3.0,245.0
30455484.0,Lajita Ravel,agateamrita@example.com,917635370470.0,"H.No. 62
Talwar Zila, Rampur-538869",Katni,819570.0,2023-05-08,New,2.0,1001.64
37802267.0,Lipika Jha,luke49@example.net,916541449697.0,"65/44, Aggarwal Chowk, Aurangabad-943415",Orai,693570.0,2023-11-24,New,4.0,594.87
17341194.0,Faras Kaul,jairajdhawan@example.net,915939467680.0,"60, Sama Street, Ambattur-994166",Burhanpur,328247.0,2023-04-21,Premium,18.0,1530.18
22047134.0,Ubika Shukla,malhotrajonathan@example.org,912205703998.0,"00
Sahota Circle
Shivpuri 170582",Warangal,40280.0,2024-10-26,Inactive,20.0,991.94
54893418.0,Chatresh Prashad,mpatel@example.org,913099493905.0,"H.No. 77, Narula Street, Jamnagar 960771",Dibrugarh,271286.0,2024-02-14,Premium,13.0,1858.33
48647253.0,Theodore Ram,pranitsachdeva@example.net,912165513787.0,"H.No. 19, Dash Road
Morbi 758796",Warangal,950220.0,2024-03-15,Inactive,12.0,1736.69
1705969.0,Qasim Kalla,ekannan@example.com,915255620077.0,"56/445
Jayaraman Marg
Ichalkaranji-658913",Surat,962834.0,2024-05-23,Premium,20.0,877.0
59398136.0,Neelima Lanka,vasanadugar@example.org,912484999938.0,"738, Menon Chowk, Tezpur-908744",Machilipatnam,460348.0,2023-08-24,Regular,14.0,1205.76
94165062.0,Siddharth Shroff,qsarin@example.com,913976440717.0,"34/246, Lal, Bhagalpur-593389",Eluru,291980.0,2023-08-16,Inactive,9.0,793.38
47206881.0,Barkha Contractor,gollaqabil@example.net,913058120333.0,"704, Bail Marg, Tiruvottiyur-710662",Nellore,396198.0,2024-07-24,Premium,3.0,929.72
37915052.0,Ayush Kade,tbajaj@example.net,919356903921.0,"63
Khanna Road, Kadapa-270217",Jalna,215907.0,2023-11-16,Regular,10.0,1499.16
98211325.0,Tristan Varkey,rrao@example.com,918190884351.0,"H.No. 96
Dewan Circle
Silchar 718127",Bhilai,30634.0,2024-06-26,Regular,15.0,1044.86
76218218.0,Vedant Dubey,patlaanamika@example.com,912806012939.0,"695
Bansal Chowk, Erode 117771",Etawah,638879.0,2024-05-04,Inactive,10.0,1170.57
58152923.0,Amrita Babu,mandarajeshri@example.com,911786360189.0,"287, Lall Chowk, Amroha-875008",Kishanganj,950528.0,2023-07-04,Premium,18.0,1776.12
42262168.0,Mason Iyengar,nisha39@example.net,918382900547.0,"27/85, Setty Street, Ichalkaranji-385279",Avadi,606137.0,2024-02-23,Regular,18.0,489.19
40256341.0,Sachi Keer,tanay81@example.org,911953677888.0,"H.No. 38, Mannan Ganj, Aurangabad 039376",Mira-Bhayandar,60405.0,2024-10-27,Regular,12.0,913.91
33998721.0,Aahana Naik,rakshabahri@example.org,915366695062.0,"H.No. 71, Khalsa Chowk
Warangal 517087",Bhilai,702364.0,2024-02-11,New,8.0,245.84
49260858.0,Charan Chaudhary,bmishra@example.net,917599093381.0,"H.No. 226, Pillay Marg
Maheshtala-191051",Phagwara,494573.0,2023-07-05,Regular,4.0,1855.11
22524981.0,Samar Sengupta,ipant@example.org,913459525429.0,"H.No. 688, Mannan Chowk, Nizamabad 675490",South Dumdum,907188.0,2023-10-28,New,14.0,343.23
50015282.0,Ekbal Shan,goyalhema@example.com,913239322598.0,"685
Oza Ganj
Patna-922777",Berhampore,448354.0,2023-04-20,Regular,9.0,1392.05
98088303.0,Neel Palan,tsethi@example.net,911174483003.0,"H.No. 836, Srinivasan Road, Hajipur 801503",Agartala,50491.0,2023-08-22,New,9.0,1765.46
19425804.0,Xavier Sahni,anamika10@example.org,917547849322.0,"42/11
Lad Nagar
Siwan 341914",Jodhpur,705258.0,2023-04-06,Inactive,10.0,1121.27
14974554.0,Kevin Magar,frado24@example.org,919658647915.0,"80/56, Parikh Circle, Bhiwandi-904481",Baranagar,739444.0,2024-10-10,New,9.0,805.9
25128143.0,Odika Kannan,kondaadya@example.org,916573372154.0,"H.No. 88
Rout Circle
Udupi 443473",Mahbubnagar,251772.0,2024-11-02,Premium,18.0,1149.94
21524495.0,Alka Deol,sanya43@example.org,913332494874.0,"281, Wason Marg, Kochi 700268",Katni,396358.0,2024-01-05,Premium,9.0,236.96
49136375.0,Rohan Basak,duttavedika@example.org,916284222218.0,"29/64, Chander Path
Karawal Nagar-716604",Bathinda,843234.0,2024-08-01,Inactive,19.0,1524.23
97507853.0,Udyati Rana,zaid68@example.com,910367054399.0,"H.No. 866, Dua Marg
Begusarai-138399",Chapra,910042.0,2024-10-07,Regular,15.0,1654.66
68857118.0,Hritik Batta,horajacob@example.org,918634602154.0,"03/83
Sankaran Road, Davanagere-746406",Nanded,149991.0,2024-06-23,New,4.0,1596.98
81183415.0,Rachita Char,tejas00@example.com,910674233951.0,"H.No. 66
Kade Ganj
Bhiwani 535411",Imphal,593985.0,2024-01-31,Regular,19.0,1980.66
91196901.0,Atharv Kurian,balhaar57@example.net,916467088294.0,"54/93, Menon Circle
Lucknow-115301",Jabalpur,1489.0,2024-04-15,Premium,11.0,1086.3
8228843.0,Vritti Halder,vyasmitesh@example.org,910299222582.0,"H.No. 52, Lalla Path
Saharanpur-442469",Bangalore,542334.0,2024-07-06,Inactive,1.0,1215.61
50518311.0,Arunima Tak,umangdate@example.net,917739965877.0,"17/381
Ramaswamy Circle
Sambalpur 187850",Arrah,183905.0,2024-08-31,Regular,16.0,1238.72
21779155.0,Udant Upadhyay,ranganathanoeshi@example.com,913505316095.0,"H.No. 048, Shenoy Road, Morbi 688880",Guntur,764470.0,2023-10-04,New,19.0,1190.95
94281220.0,Teerth Balan,xdubey@example.net,914426947273.0,"10/49
Kanda Zila, Arrah-883000",Pondicherry,185375.0,2024-05-05,Regular,1.0,325.65
15631726.0,Ucchal Murthy,paldavid@example.com,914769193931.0,"89
Munshi Ganj
Nadiad-575587",Tezpur,47849.0,2024-02-05,Inactive,11.0,664.87
9573071.0,Ranveer Mahal,phegde@example.org,912292591574.0,"49, Sarkar Zila, Navi Mumbai-077374",Thrissur,856100.0,2023-11-07,New,5.0,958.06
31026200.0,Saksham Garg,suhani16@example.net,912089281317.0,"43/18, Chaudhuri Road, Tirunelveli 430798",Kavali,690956.0,2024-03-18,New,13.0,285.02
49457685.0,Bahadurjit Pau,osharaf@example.org,918753883807.0,"870
Warrior Circle, Bhubaneswar 429828",Kamarhati,464123.0,2023-10-30,Inactive,10.0,487.34
82169898.0,Bhavna Pau,ssavant@example.net,910915046348.0,"20/330
Kala Chowk, Barasat-149624",Buxar,891289.0,2024-03-21,Premium,12.0,1208.52
72132838.0,Yashvi Kashyap,granganathan@example.org,915953170169.0,"45/542, Acharya Circle
Ahmednagar-090180",Raurkela Industrial Township,367210.0,2023-10-28,Premium,8.0,567.13
954629.0,Fiyaz Mand,naggarwal@example.com,915395090719.0,"46/673
Magar Ganj, Panchkula 815005",Begusarai,107720.0,2024-02-26,New,14.0,1390.08
44139071.0,Lopa Padmanabhan,jagratimangat@example.com,919143735194.0,"85/433, Brar Path
Vijayawada-143684",Belgaum,769214.0,2024-01-16,Regular,8.0,923.09
6344345.0,Shaurya Chhabra,samarjhaveri@example.net,915052725276.0,"074
Saha Street, Erode-682888",Burhanpur,789598.0,2024-10-03,Premium,19.0,1110.11
31981068.0,Hemang Sarkar,msinghal@example.com,919096558393.0,"19/83, Mohanty Street
Korba-913410",Shivpuri,990270.0,2023-06-12,Regular,20.0,546.25
30788486.0,Vrishti Mittal,madanfaraj@example.org,917284058772.0,"75, Goel Path, Pimpri-Chinchwad 654563",Bhimavaram,643683.0,2024-03-01,New,11.0,328.57
48368085.0,Patrick Doctor,mmittal@example.com,913029667256.0,"185
Bobal Ganj
Aurangabad 817825",Vijayanagaram,418461.0,2024-10-31,Premium,5.0,477.1
82374625.0,Ronith Sami,pandeyliam@example.org,910578538175.0,"09/073, Rout Marg
Bhilai-211934",Singrauli,789283.0,2023-03-22,New,20.0,1923.64
75674671.0,Balendra Bains,chaayabuch@example.org,918184540796.0,"53/208
Loyal Circle
Srikakulam 469930",Tadipatri,851131.0,2024-04-01,New,13.0,1085.52
34668988.0,Wishi Varughese,damyanti67@example.net,916060129082.0,"68/391, Raval
Belgaum 624810",Nagpur,723012.0,2023-08-10,Inactive,3.0,534.37
53354003.0,Yatin Borra,amara94@example.org,910486044530.0,"89/528
Bhasin, Saharanpur 707355",Raiganj,821014.0,2024-09-23,New,13.0,1934.52
78732957.0,Madhav Anne,alka61@example.org,912750275807.0,"351, Kala Road
Katihar-538807",Malegaon,654544.0,2024-08-12,New,8.0,1148.93
10210309.0,Deepa Dewan,sagarjagdish@example.com,918039932264.0,"16/10, Seshadri, Tenali-896132",Kharagpur,318476.0,2024-05-08,Inactive,13.0,515.07
23984022.0,Liam Gupta,onveerdalal@example.org,919346224478.0,"55, Yohannan Ganj, Baranagar-705140",Nagaon,971471.0,2023-08-19,Regular,3.0,1519.51
95371787.0,Bhavya Bhattacharyya,yachanabora@example.com,913557649123.0,"H.No. 81
Kamdar Nagar
Bhavnagar 028519",Gudivada,296207.0,2023-03-20,New,9.0,1312.28
89968482.0,Elijah Bora,vbarad@example.org,916560410443.0,"62/39
Om, Farrukhabad 349709",Kottayam,913086.0,2023-03-30,Regular,12.0,1883.93
31527100.0,Triya Tailor,kamalasankaran@example.org,915113709301.0,"77/42, Buch Circle, Kharagpur 515901",Ratlam,816490.0,2023-11-21,Inactive,12.0,1830.13
8791577.0,Warda Kohli,madhavigandhi@example.com,910162338039.0,"H.No. 19
Dass Street
Gopalpur 195262",Madhyamgram,999631.0,2023-08-29,Regular,1.0,1031.07
63217390.0,Warinder Sha,urishilla57@example.org,914444556532.0,"75, Iyengar Street, Karaikudi-212227",Deoghar,65670.0,2023-07-18,Inactive,15.0,637.06
62526813.0,Keya Bansal,ravelrishi@example.com,913082897907.0,"04/541
Tank Ganj
Solapur-551644",Nashik,608018.0,2024-08-19,Inactive,6.0,1777.35
16561710.0,Isaiah Natt,amrita65@example.org,914278244798.0,"85, Samra Zila
Thane-835654",Baranagar,881409.0,2023-09-16,New,12.0,1043.28
91550885.0,Isaiah Basu,upadhyayekansh@example.org,915229800698.0,"28/00
Salvi Chowk
Srikakulam-844769",Alappuzha,96313.0,2023-05-17,New,14.0,1404.12
75025941.0,Rachita Buch,deepaloke@example.com,912168944634.0,"57/921, Luthra Road, Belgaum 202392",Jalna,210807.0,2023-03-26,Premium,15.0,323.12
90649019.0,Omaja Sahni,meera84@example.org,917564348738.0,"166
Choudhry Path, Kulti-308225",Fatehpur,578000.0,2023-04-07,New,18.0,1096.12
88550139.0,Oeshi Kamdar,semjanani@example.net,915134360934.0,"725, Borra Circle, Dhule 475721",Nadiad,703403.0,2024-08-11,New,3.0,1910.25
66932104.0,Chakradhar Dhawan,patlaatharv@example.com,910995494446.0,"110, Dass Zila, Fatehpur 117215",Shahjahanpur,219750.0,2023-10-19,Premium,3.0,976.71
45481936.0,Robert Gour,cheemaranveer@example.org,914286731151.0,"99/95
Srinivasan Circle, Siliguri 496598",Munger,202068.0,2023-08-04,Premium,3.0,1909.44
5961261.0,Vrishti Memon,brijeshwable@example.net,918367807648.0,"66/405
Talwar Ganj, Tiruchirappalli-116372",Varanasi,113744.0,2023-06-28,Premium,17.0,309.79
17696094.0,Tanvi Barad,zachariaaashi@example.net,918576193152.0,"947
Master Circle
Warangal 536256",Kirari Suleman Nagar,23472.0,2024-09-18,New,16.0,1626.23
91408854.0,Warinder Virk,eta71@example.net,913622980382.0,"H.No. 145
Chana Road
Sikar-170087",Vijayawada,572574.0,2024-02-08,New,19.0,555.13
32203588.0,Krish Srinivas,agastya33@example.org,916712649181.0,"51/956
Krish Road
Tezpur-618176",Berhampur,622176.0,2024-04-06,Premium,9.0,1678.38
63339001.0,Viraj Bhandari,manansheth@example.com,915242594815.0,"H.No. 15, Thaker, Noida-144319",Noida,273531.0,2023-09-09,New,12.0,682.32
45553300.0,Panini Lall,jtrivedi@example.com,918881034315.0,"615
Mital Street, Morbi-030259",Latur,710487.0,2024-06-19,Premium,9.0,1713.65
67960179.0,Nakul Goda,udantgole@example.com,910316838209.0,"H.No. 25
Kala Path
Udaipur 950049",Bidar,366198.0,2024-06-28,Premium,10.0,1797.89
40085705.0,Anirudh Deshpande,jsaxena@example.org,917369504458.0,"H.No. 21
Bandi Circle, Etawah 281890",Kishanganj,530403.0,2023-09-02,New,6.0,777.89
60700850.0,Ishwar Dubey,jbassi@example.com,915664075971.0,"86/596, Choudhry Nagar, Madurai-306982",Tezpur,311501.0,2024-07-22,Regular,2.0,812.35
12059049.0,Jagdish Mander,wpall@example.net,914436092312.0,"47/938, Chandra
Ichalkaranji-922446",Nizamabad,696590.0,2024-09-23,Regular,17.0,235.4
52409516.0,Rehaan Jha,ekanshpadmanabhan@example.org,915614108132.0,"08/25
Gokhale Chowk, Dewas 028514",Jabalpur,502565.0,2023-04-23,Inactive,13.0,435.47
66269844.0,Harshil Edwin,pallabina@example.com,911151637158.0,"H.No. 831
Kade Circle, Dibrugarh 622053",Ghaziabad,818957.0,2023-08-23,Premium,4.0,1371.03
8513589.0,Ishaan Nayak,odika51@example.net,912532228833.0,"H.No. 611, Karpe Nagar, Chinsurah 132815",Bathinda,645238.0,2024-02-08,New,6.0,1590.11
6335221.0,Lajita Loyal,vedhikagulati@example.com,917625044170.0,"83
Shukla Zila
Bhagalpur 663970",Rajpur Sonarpur,713686.0,2024-01-05,Premium,20.0,1518.83
69925688.0,Yashica Sehgal,igola@example.net,916177443666.0,"77/881, Mitra Street
Erode 449182",Nandyal,920703.0,2024-02-25,Inactive,20.0,1350.67
18326028.0,Lekha Bakshi,chakradharganesh@example.com,910594752331.0,"H.No. 58
Talwar, Udupi-285349",Ratlam,685813.0,2024-04-10,Inactive,3.0,244.31
15661674.0,Jyoti Ray,dugalchandresh@example.org,910329379624.0,"47/13
Mander Ganj, Farrukhabad 654671",Vadodara,300794.0,2023-11-10,Regular,12.0,453.24
92642745.0,Nicholas Puri,ekta46@example.net,912976140015.0,"H.No. 95, Gulati Circle, Ozhukarai-920887",Bihar Sharif,404970.0,2024-05-07,Regular,18.0,415.99
72164737.0,Mugdha Mohan,sara93@example.org,918089472545.0,"01/71
Shah Nagar
Malda 134603",Udaipur,685858.0,2023-08-16,Premium,6.0,377.36
35912599.0,Neha Atwal,sacharindali@example.org,912515095063.0,"65, Purohit Path, Jamalpur-094676",Bilaspur,525952.0,2024-05-08,Regular,16.0,461.95
46717997.0,Wishi Srivastava,jsoman@example.com,913395458385.0,"65/723, Arya Zila
Imphal 050184",Unnao,789057.0,2023-12-20,New,12.0,793.98
38478423.0,Theodore Doctor,thomasdin@example.org,910273723560.0,"H.No. 40, Wason Ganj, Amaravati-597149",Nellore,156234.0,2024-03-29,Premium,3.0,263.3
47990044.0,Leela Dubey,triptisahota@example.net,914639987787.0,"H.No. 74
Buch Zila
Sambalpur 958963",Kadapa,404979.0,2024-09-29,New,12.0,1118.99
18465047.0,Patrick Chaudhry,amairadevan@example.org,911670972074.0,"H.No. 31, Gour Zila, Ahmedabad 457410",Ghaziabad,531091.0,2024-03-25,New,8.0,746.88
36737539.0,Leena Naidu,harinakshi40@example.net,912870152408.0,"14/24
Tandon Path, Madurai 446998",Gwalior,671833.0,2024-02-06,Inactive,9.0,1636.27
23286884.0,Vedika Kaur,okumer@example.org,914744931835.0,"H.No. 97
Nagar Zila, Mahbubnagar-096292",Serampore,408435.0,2024-03-16,Premium,4.0,505.94
34297405.0,Jack Babu,sherekevin@example.net,912483521197.0,"677
Modi Zila
Patiala-529796",Saharanpur,49880.0,2023-12-13,New,1.0,1688.73
85626346.0,Isaiah Gera,aayush34@example.org,919060582251.0,"H.No. 179, Kadakia, Rajkot-257700",Ghaziabad,130770.0,2024-08-14,Regular,1.0,293.54
84468124.0,Ishanvi Parmar,senanmol@example.net,911836790188.0,"78/351, Shenoy Chowk, Maheshtala 333932",Gaya,311182.0,2023-04-20,Premium,12.0,859.39
11470681.0,Yashawini Sunder,kdash@example.com,916224678339.0,"633
Dhar Zila
Bahraich 587394",Munger,928068.0,2023-08-23,New,2.0,570.88
77903462.0,Madhavi Pandya,chanakyabhattacharyya@example.org,913900038945.0,"101, Upadhyay
Nagaon 684099",Thane,224382.0,2024-09-20,Inactive,19.0,206.87
68341636.0,Hemani Mannan,patrick94@example.com,917114609010.0,"77
Mishra Street, Bhatpara-089042",Aurangabad,778819.0,2024-08-27,Premium,19.0,1043.7
7522036.0,Kashvi Karan,chhabraunnati@example.net,911380682354.0,"H.No. 97
Vala Circle
Etawah-602343",Hospet,173000.0,2024-01-24,Premium,2.0,797.92
69364309.0,Bhavini Chokshi,atimunshi@example.com,918588590346.0,"15/74
Dutta Circle, Faridabad-491312",Haridwar,55710.0,2024-09-22,Regular,6.0,636.83
51661209.0,Vasana Chandran,aaravdave@example.com,911574680957.0,"32/84
Natt Zila
Thiruvananthapuram 751597",Bidhannagar,211320.0,2023-06-23,New,13.0,852.39
4849477.0,Caleb Ram,leenamahal@example.com,911527293843.0,"H.No. 984
Chaudhry Street
Alwar-501673",Hosur,328080.0,2023-07-22,Premium,19.0,1782.35
74313592.0,Vaishnavi Prasad,shivanilata@example.org,916727437245.0,"H.No. 904, Gola Street, Bikaner 679779",Pimpri-Chinchwad,683667.0,2024-09-10,Premium,3.0,1208.69
26245432.0,Darika Konda,tanklekha@example.com,912092993789.0,"830
Saran Path, Dindigul-325356",Tirupati,459997.0,2024-01-11,Inactive,17.0,719.09
78412820.0,Charvi Bajaj,yastikota@example.net,918725813517.0,"32/31
Maharaj Ganj, Ratlam 858199",Siliguri,795903.0,2024-07-18,New,8.0,1009.58
11254582.0,Caleb Krish,rachitsaran@example.net,910583515404.0,"H.No. 99
Padmanabhan Marg
Panipat-465142",Machilipatnam,331326.0,2023-08-13,Inactive,19.0,1036.03
3399251.0,Ekalinga Bhatt,karinakul@example.org,911258273127.0,"H.No. 246, Narasimhan Nagar, Anand 951847",Solapur,498701.0,2023-05-03,New,20.0,937.11
70820304.0,Advik Butala,deygirindra@example.net,910109249339.0,"H.No. 575, Tailor Road, Loni-288467",Adoni,918082.0,2024-01-17,Premium,13.0,420.89
17861428.0,Nicholas Chowdhury,agastya94@example.org,915929115112.0,"H.No. 71
Chad Road
Kanpur-884402",Chandigarh,396282.0,2024-03-04,Inactive,10.0,1606.18
39317905.0,Gagan Garg,wvarkey@example.com,913741950298.0,"763, Ben Zila, Hapur-382162",Hazaribagh,289050.0,2024-05-10,New,8.0,1546.54
36885115.0,Agastya Contractor,swaminathanranbir@example.org,912272749423.0,"24
Peri Circle
Bellary-534501",Latur,930913.0,2023-04-22,Regular,7.0,1248.24
36462363.0,Samaksh Mandal,warjas57@example.com,915971311538.0,"31
Sidhu Marg
Berhampur-389160",Dhanbad,649341.0,2024-10-31,Inactive,16.0,747.55
85490177.0,Jonathan Shukla,krishnadayal@example.net,911219885191.0,"H.No. 16, Majumdar Chowk
Jalandhar 070381",Howrah,223428.0,2024-07-24,Regular,2.0,655.95
63402854.0,Pallavi Sidhu,finnmallick@example.org,917562221409.0,"86, Thaker Ganj, Pallavaram-787731",Kollam,393814.0,2024-08-31,New,1.0,1110.52
99301505.0,Reyansh Wason,ypant@example.net,912848657389.0,"H.No. 980, Rajan Street
Amravati 480325",Bhimavaram,331633.0,2024-08-11,Inactive,5.0,294.44
92098757.0,Bhavna Mammen,umang45@example.net,910977447626.0,"290
Bhasin Zila
Jammu-346920",Phagwara,773475.0,2023-11-19,New,14.0,1419.7
79916464.0,Aishani Sunder,krishnasane@example.org,919476086352.0,"50/573, Sinha Path, Ujjain-447928",Shahjahanpur,261246.0,2024-02-13,New,17.0,539.79
10240052.0,Gagan Kakar,dipta34@example.org,918187203939.0,"33, Subramanian Circle
Katihar 845560",Guntakal,388744.0,2024-03-25,Regular,1.0,942.49
9738801.0,Damyanti Nadkarni,ganga81@example.com,911334078635.0,"45/643
Ramaswamy Nagar
Phusro-922851",Nellore,86659.0,2024-03-02,Inactive,19.0,376.73
2233446.0,Wakeeta Pillay,handayashvi@example.com,918165594840.0,"H.No. 67, Sahota Circle
Kolkata-000516",Panihati,125919.0,2023-12-27,New,6.0,1466.45
35434373.0,Pushti Pandya,deolanmol@example.org,915821281977.0,"29/21
Pau, Mau 854346",Aurangabad,407353.0,2023-07-30,Premium,9.0,368.71
89476734.0,Jackson Rajagopal,fganesan@example.com,911504140269.0,"01/36
Ghosh Circle
Mumbai 440965",Surat,454361.0,2023-07-12,Inactive,18.0,1505.74
51833636.0,Ikbal Munshi,leela67@example.net,917514521835.0,"15/52
Khare Path
Sirsa 885319",Anand,255774.0,2024-03-03,Regular,3.0,1977.36
75913572.0,Aahana Menon,guhadalaja@example.com,917893263725.0,"652
Nori Road, Rajahmundry 374248",Guna,325080.0,2024-03-26,Inactive,9.0,1844.07
40277444.0,Damyanti Acharya,naksh70@example.org,918722804872.0,"29/24, Krish Nagar, Baranagar-937508",Panihati,401259.0,2023-05-10,New,1.0,251.79
80833965.0,Irya Brar,semrachana@example.com,913383231107.0,"H.No. 593
Pillay Street
Karimnagar-329110",Sangli-Miraj & Kupwad,268118.0,2023-09-05,Inactive,13.0,1896.2
46146390.0,Yashoda Sani,jalsaluthra@example.net,910547588648.0,"693
Rege
Salem 039470",Bahraich,255938.0,2023-04-19,Premium,4.0,271.5
59436131.0,Vritti Kota,anya33@example.com,911548648747.0,"37
Kaul
Thanjavur-688358",Imphal,400123.0,2024-09-02,New,18.0,546.58
14479168.0,Sai Sawhney,vihaantata@example.net,913731908925.0,"53
Boase Chowk, Jamshedpur-402993",Rewa,854880.0,2024-02-06,New,17.0,917.45
43784632.0,Adya Johal,tbrar@example.com,912407309187.0,"34/579, Dhingra Street, Nagaon 995800",Gandhinagar,171799.0,2023-04-12,Inactive,12.0,694.85
33331259.0,Leena Deol,nitesh33@example.com,917107649413.0,"74/973
Kashyap Circle
Hapur 323439",Saharsa,14967.0,2024-08-07,Inactive,7.0,1559.22
85838438.0,Advay Mann,dixitakshay@example.org,915607982022.0,"194, Mukherjee Chowk
Ahmedabad-136214",Suryapet,544363.0,2024-04-25,Inactive,15.0,1754.47
57674875.0,Kiaan Shukla,palanazad@example.com,916491766641.0,"41, Memon Road, Bilaspur-628397",Burhanpur,110402.0,2023-05-07,Regular,16.0,1666.12
37227953.0,Madhav Raghavan,iacharya@example.org,919920618347.0,"H.No. 625
Bhat Zila, Sambhal 832470",Pune,970382.0,2024-09-11,Inactive,4.0,500.75
83867512.0,Aarush Samra,rayvasudha@example.org,912014611501.0,"12/95
Bhavsar Circle, Faridabad 252485",Kadapa,693161.0,2024-06-22,Inactive,18.0,1476.0
17100301.0,Jason Sur,dugarkritika@example.com,917354329231.0,"27/82
Sachar Zila
Secunderabad 831235",Deoghar,119736.0,2024-08-06,Premium,16.0,1515.01
12967305.0,Bhavani Sood,sanayareddy@example.net,913820343447.0,"38, Memon
Allahabad-545707",Durg,963984.0,2023-12-24,New,16.0,607.46
72079189.0,Bhavani Gupta,siddharth05@example.net,913331569034.0,"434, Basu Street
Guna 218695",Hosur,446112.0,2023-05-23,Inactive,17.0,1383.05
83348353.0,Eta Dutt,fradorai@example.org,918182015528.0,"51/76, Hari Nagar
Nandyal-125693",Gurgaon,447354.0,2024-08-23,Inactive,1.0,533.72
80954112.0,Irya Rana,lajitasanghvi@example.org,915197325335.0,"04, Memon Path, Dindigul-403829",Jammu,296499.0,2023-06-06,New,6.0,1672.37
61320989.0,Anirudh Rege,choudharyvrinda@example.org,918711240437.0,"H.No. 65, Halder, Amravati 316229",Aurangabad,611718.0,2023-07-01,Regular,6.0,1247.37
45166203.0,Rushil Dass,borraonveer@example.net,914948263379.0,"07/48, Varughese Road, Phusro 293764",Proddatur,350967.0,2023-10-26,Regular,19.0,724.81
25294147.0,Daksh Guha,rattabalveer@example.com,917692105074.0,"H.No. 55, Mittal Street
Coimbatore-087516",Amritsar,125429.0,2024-06-16,New,9.0,1458.87
33706378.0,Michael Dugar,cherianchakradev@example.org,918729359769.0,"149
Baria Chowk
Indore 240558",Mehsana,601242.0,2023-09-02,New,16.0,1110.01
82804543.0,Yamini Thakkar,amorar@example.com,910786953897.0,"880
Rau Nagar
Tenali-161447",Arrah,124227.0,2024-08-02,New,8.0,1762.86
68016312.0,Qarin Bera,prasadikshita@example.net,919685502817.0,"22/496, Bhatnagar Marg
Bahraich 728459",Orai,118987.0,2024-09-24,Regular,5.0,1093.92
75860724.0,Pranav Venkataraman,pantindira@example.com,917626050488.0,"30/79
Brar Zila
Bahraich 409370",Aizawl,763550.0,2023-06-12,Premium,4.0,462.17
10541231.0,Dayita Yadav,dalajasekhon@example.net,917085625074.0,"H.No. 64
Arora Nagar, Dhanbad-111725",Bhiwandi,94381.0,2024-07-17,Premium,14.0,409.51
18035010.0,Vrishti Chakrabarti,narasimhanteerth@example.com,916607447619.0,"49/53
Sant Nagar, Avadi-509374",Burhanpur,67286.0,2024-01-30,Premium,16.0,745.1
36400756.0,Rayaan Nayak,mallguneet@example.org,913987599210.0,"441
Basak, Jamalpur 091680",Bidar,984457.0,2023-04-04,Inactive,19.0,721.41
4869199.0,Advik Bajwa,mahikakakar@example.org,914975057976.0,"785, Mital Chowk
Naihati 597518",Siwan,803941.0,2024-10-16,New,7.0,1695.8
52659908.0,Lucky Kala,jaggiurmi@example.com,913454899928.0,"H.No. 72, Lalla Chowk, Panipat 548209",Kozhikode,108922.0,2024-05-02,Regular,5.0,1590.28
2517955.0,Charan Sharma,rsagar@example.org,919881295551.0,"512, Mani Chowk
Sikar-332566",Mathura,52692.0,2024-02-28,Regular,7.0,1625.44
63858550.0,Neha Balakrishnan,parsaviraj@example.net,913449112414.0,"71, Choudhry Street
Adoni 161614",Ichalkaranji,742412.0,2024-05-05,Premium,7.0,1197.2
71755645.0,Hemang Raja,netra96@example.org,915108987857.0,"291, Varty Circle, Vijayanagaram-507487",Pallavaram,279065.0,2024-04-12,Regular,10.0,963.44
92203470.0,Chatresh Narula,vshanker@example.net,913010851160.0,"16
Vaidya Ganj
Sangli-Miraj & Kupwad 799068",Amaravati,432216.0,2023-11-10,Regular,17.0,1678.84
77161976.0,Kavya Gupta,farissuresh@example.com,911868150261.0,"01/65
Mander Zila
Loni-418847",Dindigul,243125.0,2024-07-05,Regular,8.0,1498.83
28663279.0,Sai Bhatia,xchoudhry@example.org,912901668937.0,"14/344
Malhotra Road, Ahmedabad-019006",Jamnagar,321770.0,2023-03-30,Premium,6.0,1539.15
23098216.0,Ladli Chhabra,nagykashish@example.com,913306511837.0,"66/01, Kar Chowk, Shimla-966926",Mahbubnagar,153137.0,2023-11-01,New,9.0,1193.05
75752515.0,Gagan Chakraborty,tbadal@example.com,914693290990.0,"352, Chahal Ganj, Aurangabad-005102",Ballia,636676.0,2024-04-17,Premium,14.0,763.15
54730270.0,Aradhana Munshi,rajeshri93@example.org,917741778001.0,"70/03
Sarma Ganj, Patiala-333640",Salem,706203.0,2023-03-22,New,19.0,1256.55
12655794.0,Teerth Mand,karavrishti@example.net,916818492918.0,"74, Luthra Road
Raurkela Industrial Township 152924",Hosur,806093.0,2024-03-07,Regular,15.0,446.56
44557943.0,Megha D’Alia,pallawyatt@example.net,910518807208.0,"H.No. 515, Parikh Street
Proddatur 789104",Bangalore,391984.0,2024-01-23,Inactive,19.0,874.8
72089140.0,Kritika Kalla,ishanviacharya@example.net,919344431150.0,"02
Chanda Circle, Kurnool-724694",Kamarhati,462353.0,2024-06-04,Regular,18.0,1751.47
77768189.0,Ojas Sinha,anjalisamra@example.com,914222492798.0,"H.No. 940, Sawhney Circle
Bhusawal 477498",Machilipatnam,468910.0,2023-06-17,Regular,3.0,434.62
60300263.0,Sathvik Jani,omishasood@example.org,910932690331.0,"18/71
Gulati Marg
Karnal 644806",Rewa,314082.0,2023-10-07,New,8.0,374.67
22210238.0,Rayaan Krishna,fsuri@example.org,911178349947.0,"585, Mandal Zila, Nandyal 508289",Muzaffarnagar,118790.0,2024-06-10,New,8.0,351.08
30979436.0,Diya Chaudry,jchaudhary@example.net,910475672137.0,"H.No. 116
Dani Road, Gopalpur-838761",Ozhukarai,57642.0,2024-07-26,Regular,17.0,422.51
23676689.0,Jagat Dhar,jagatkota@example.net,912464612480.0,"56/400
Varma Chowk
Mathura 283182",Orai,822374.0,2023-10-03,Premium,2.0,654.95
82025691.0,Zaid Boase,hsaran@example.net,911896756292.0,"18
Ramakrishnan Ganj
Gurgaon 134787",Begusarai,407090.0,2023-06-24,Regular,17.0,811.77
68128937.0,Girish Murthy,desainitara@example.net,913911471576.0,"194, Kumar Chowk
Bongaigaon 044195",Panipat,688117.0,2024-03-07,New,4.0,1817.62
23081177.0,Harinakshi Batta,bhavanibajaj@example.net,911251297321.0,"82/83, Shan Circle
Chittoor-396809",Panchkula,828437.0,2024-06-14,New,14.0,969.68
90745023.0,Samarth Sathe,gillkritika@example.com,912233599200.0,"13
Garde
Coimbatore-135385",Ratlam,300261.0,2023-10-28,Inactive,12.0,889.72
83262890.0,Aryan Date,parikhwishi@example.com,919591029583.0,"63/990
Ramesh Nagar
Bahraich-932537",Ulhasnagar,561730.0,2023-10-15,New,1.0,1293.97
3588443.0,Yashica Pingle,nakul94@example.org,918446914302.0,"63/847
Garg, Gwalior 577648",Rohtak,586174.0,2024-04-11,Premium,20.0,1727.18
92509376.0,Sudiksha Dutta,gayathri09@example.org,913768208977.0,"H.No. 586
Jha Nagar
Singrauli-552485",Jehanabad,260252.0,2024-09-03,Regular,15.0,1367.8
77031496.0,Abeer Rastogi,contractorsimon@example.com,917241267216.0,"92
Raj Chowk
Mira-Bhayandar 559172",Pimpri-Chinchwad,196025.0,2023-12-28,New,7.0,404.11
51119088.0,Zehaan Srinivas,narayananlakshit@example.net,912554511316.0,"H.No. 12, Chaudhari Zila
Guwahati 756722",Tinsukia,538718.0,2023-07-26,Regular,9.0,1264.67
9107360.0,Anvi Iyer,dmane@example.net,914359488204.0,"029, Aurora Marg
Hospet 337208",Dindigul,390035.0,2024-04-23,Inactive,12.0,617.79
88866835.0,Osha Dora,ebatta@example.net,913251161123.0,"H.No. 022, Bava Street, Srikakulam-979419",South Dumdum,65460.0,2023-11-01,Premium,6.0,506.63
50527764.0,Sai Garg,krishna27@example.com,914308258615.0,"03
Chatterjee
Bhiwandi 307084",Amroha,957367.0,2023-12-28,Premium,16.0,1830.26
19400174.0,Urvi Grover,bawamaanav@example.org,917769359511.0,"H.No. 70
Sem Ganj
Rajkot-074481",Saharanpur,467162.0,2024-05-22,New,2.0,907.16
80517784.0,Udyati Dara,aradhana66@example.org,918168382338.0,"62/772
Oza Chowk, Proddatur-971544",Raiganj,418404.0,2024-07-05,Regular,7.0,513.2
60446619.0,Yashvi Kar,hsaha@example.com,911720595499.0,"18/11
Balakrishnan Marg
Vellore-979843",Guntakal,797149.0,2024-06-15,Regular,20.0,1259.49
85074810.0,Aarna Naik,jai89@example.net,913459878125.0,"47/217, Andra Road, Malegaon 699427",Bhagalpur,439383.0,2024-09-14,Regular,11.0,766.81
73654821.0,Vedant Rattan,soodurishilla@example.org,913339938034.0,"45/821, Joshi Zila, Bhilai 902150",Vijayawada,570349.0,2023-10-16,New,18.0,1892.18
47387512.0,Shivansh Gaba,harshilsawhney@example.net,912253875315.0,"36, Bose Street, Pali 357092",Chittoor,858549.0,2023-07-08,Regular,18.0,805.43
35988028.0,Tejas Char,ekaraj79@example.org,911918583375.0,"860
Palla Road
Imphal-322818",Naihati,996267.0,2024-08-31,Premium,6.0,898.52
92583164.0,Amruta Lad,omaja42@example.org,913641624982.0,"H.No. 81, Bhakta Marg
Hubli–Dharwad-245228",Burhanpur,526523.0,2023-09-29,Premium,20.0,1027.67
8155924.0,Suhani Kanda,srinivasanchanakya@example.net,918668962091.0,"794
Grover Chowk, Guntur-757863",Patiala,92581.0,2024-03-30,Regular,10.0,1749.17
72702075.0,Veda Thaman,azaanprabhakar@example.org,916584396393.0,"295, Warrior Path, Durg-256359",Jalna,362822.0,2024-07-01,Regular,5.0,1863.18
79155946.0,Nachiket Saini,samuelkari@example.com,919861518805.0,"H.No. 244, Ramaswamy Nagar, Bardhaman 868416",Thiruvananthapuram,506102.0,2023-09-05,New,17.0,1799.48
31708103.0,Kabir Mani,gaurang03@example.org,917121002615.0,"85/279, Krishnan Chowk, Bhiwandi 709482",Gudivada,479673.0,2023-09-25,New,1.0,769.19
77345018.0,Bishakha Lanka,aarnavmenon@example.com,918331784518.0,"06/040, Sarna Nagar, Karawal Nagar-311295",Udupi,407746.0,2024-07-26,Regular,1.0,828.2
25722990.0,Nidra Radhakrishnan,yauvani33@example.net,911412403640.0,"236
Zacharia Path, Agartala-384748",Pallavaram,344843.0,2024-03-13,Regular,16.0,1409.6
60062501.0,Anirudh Mistry,abhiramsrivastava@example.com,915499082414.0,"H.No. 45
Minhas Nagar, Amritsar 574954",Bhilwara,250202.0,2024-01-04,New,2.0,1888.02
33472376.0,Krisha Misra,khannayoshita@example.org,911613537998.0,"87/134, Sankaran Road, Darbhanga 261333",Bardhaman,123186.0,2024-01-16,Premium,11.0,1704.14
34073080.0,Pushti Gour,rdoshi@example.org,918446066369.0,"31
Kant
Sikar 368740",Thrissur,227379.0,2023-05-04,Regular,10.0,1285.18
86897973.0,Arin Pandya,wchoudhary@example.com,913308795787.0,"H.No. 950
Mann Circle
Amritsar-268863",Arrah,603962.0,2024-03-30,Inactive,14.0,802.09
85198177.0,Charita Comar,divyashanker@example.org,917579170820.0,"60/85, Pant Road
Kollam-512597",Jammu,741033.0,2023-04-01,Premium,6.0,1666.01
8395343.0,Ekani Pingle,joshiwarhi@example.com,911269447591.0,"57/055
Tripathi Ganj
Fatehpur 117481",Bathinda,809596.0,2024-03-10,New,11.0,315.99
51557673.0,Faras Varughese,hemangchhabra@example.net,916220367302.0,"H.No. 45, Hayer Circle
Varanasi 847363",Mira-Bhayandar,270793.0,2023-08-01,New,4.0,510.76
75892474.0,Baghyawati Ray,sameshissac@example.net,915850794587.0,"45, Lalla Ganj
Jammu 661842",Guntur,353826.0,2023-08-27,New,17.0,564.89
67092149.0,Daksh Atwal,indiratrivedi@example.com,919692423734.0,"374, Sehgal Zila
Mysore 291634",Davanagere,619381.0,2023-12-16,Premium,1.0,376.48
35554129.0,Darika Natarajan,wahabmisra@example.com,915987778693.0,"84, Golla
Ghaziabad 458388",Alappuzha,464641.0,2024-08-11,Premium,15.0,1226.88
18889370.0,Mason Atwal,ckashyap@example.org,916363015013.0,"H.No. 41
Bawa Ganj, Surendranagar Dudhrej-587195",Sri Ganganagar,255117.0,2023-06-14,Regular,18.0,598.79
16764246.0,Aarini Dewan,alkaseshadri@example.net,914240815214.0,"80/13, Atwal Ganj, Hubli–Dharwad 554031",Pali,638631.0,2024-09-28,Premium,1.0,1938.34
43459807.0,Charan Brahmbhatt,aahanatailor@example.net,911379152726.0,"555, Batra Chowk, Bhimavaram 413732",Khammam,886183.0,2023-04-08,Premium,6.0,1643.67
10857389.0,Nihal Mital,ipal@example.org,913361128329.0,"90/44
Kamdar Chowk
Kolkata-447646",Hindupur,893621.0,2024-07-29,Inactive,9.0,553.29
59329145.0,William Guha,lshenoy@example.org,912059322066.0,"28/86, Bala Ganj
Raipur-127796",Gulbarga,776510.0,2024-08-30,Regular,19.0,999.5
31456752.0,Henry Borah,ramachandrankavya@example.com,916419690294.0,"H.No. 046, Cherian Road, Jamnagar 499840",Thanjavur,988334.0,2024-06-21,Premium,16.0,1337.43
96583772.0,Ekta Sane,jtank@example.com,912168390459.0,"H.No. 59, Bava Ganj, Anantapur 847660",Bhatpara,675854.0,2023-11-19,New,8.0,690.19
18394558.0,Dipta Sarraf,yashodalata@example.org,915052350631.0,"36, Subramanian Circle, Hyderabad 897585",Bareilly,155249.0,2023-12-30,Regular,2.0,1186.59
2584499.0,Shivansh Tata,diya19@example.com,914402458047.0,"55/121, Grewal Circle, Mehsana-928447",Ludhiana,880262.0,2024-09-13,Regular,2.0,1686.86
27709218.0,Ryan Dhingra,rthaman@example.org,917199410362.0,"H.No. 69, Kadakia Chowk
Bilaspur-453013",Dindigul,36144.0,2024-04-26,Regular,18.0,1872.09
99160348.0,Jeremiah Sarin,kdada@example.org,919569891158.0,"982
Nayar Ganj, Haridwar 970636",Siliguri,47733.0,2024-09-15,Inactive,19.0,1550.84
55693909.0,Darsh Pandey,mdugar@example.net,919650016694.0,"32, Lad Street
Tiruvottiyur 643887",Narasaraopet,15855.0,2024-06-27,Premium,1.0,1965.46
31582950.0,Bhavya Khalsa,advaithtata@example.com,914142910319.0,"098, Dhawan Chowk, Dhanbad-430781",Jhansi,945972.0,2023-12-20,New,13.0,586.75
19482392.0,Yachana Nath,dnanda@example.net,916045529982.0,"93, Dalal
Sangli-Miraj & Kupwad-541844",Muzaffarnagar,670607.0,2023-06-22,Regular,10.0,1478.75
4862761.0,Maya Chatterjee,quincyacharya@example.net,917319006066.0,"45, Sachar Ganj, Imphal 709402",Eluru,153679.0,2023-08-31,Premium,20.0,477.19
45804389.0,Liam Dayal,daksh09@example.net,919642993273.0,"30, Roy Circle
Naihati-365590",Maheshtala,759825.0,2023-07-02,Inactive,11.0,788.1
74179536.0,Hitesh Ray,amairasodhi@example.net,914445794358.0,"H.No. 90
Viswanathan Nagar, Deoghar-802762",Nizamabad,835800.0,2024-10-14,Inactive,18.0,517.73
91024604.0,Manbir Devan,ishwarnagi@example.net,916331040254.0,"86/721
Sekhon
Rajkot 131436",Sambalpur,463411.0,2023-08-27,Inactive,2.0,1577.27
31923338.0,Ishwar Goyal,ejaggi@example.com,917810888270.0,"H.No. 491, Ram Marg
Belgaum 471793",Yamunanagar,838368.0,2024-03-13,New,8.0,1166.83
33574338.0,Prisha Bahl,venkateshowen@example.org,914860121846.0,"58/15
Dash Path, Pali-217275",Thiruvananthapuram,139810.0,2023-08-12,Inactive,8.0,830.3
82322028.0,Reyansh Sinha,venkateshdamyanti@example.org,913360950116.0,"H.No. 674
Narula Street, Nagercoil 295923",South Dumdum,718072.0,2023-07-16,New,6.0,1700.56
51812283.0,Vasana Rajagopalan,ucchal05@example.org,919130860126.0,"11/03
Dada Chowk
Rajpur Sonarpur 110283",Katni,474877.0,2024-03-14,Regular,6.0,1685.52
68419593.0,Sneha Sodhi,parth81@example.org,917985486410.0,"H.No. 888
Nagarajan Nagar
Tezpur 275419",Patna,602979.0,2023-10-19,Inactive,5.0,1769.51
54205055.0,Yasti Shukla,moreekaja@example.com,918002791410.0,"87, Om Ganj
Mirzapur 784887",Junagadh,964252.0,2024-05-18,Regular,9.0,1637.67
84456355.0,Avi Ratti,kallamaya@example.com,914569997056.0,"11/390
Bava Path, Bhiwani-791996",Karawal Nagar,536746.0,2023-09-26,New,2.0,1361.12
93458307.0,Jalsa Choudhury,yasti36@example.com,918159326660.0,"H.No. 819
Lal Road
Guwahati 653919",Anand,531962.0,2023-10-25,Inactive,6.0,541.59
27304827.0,Arjun Bhardwaj,jason04@example.org,912458388214.0,"H.No. 452
Bobal Path, Medininagar-979279",Coimbatore,986968.0,2024-06-01,Premium,9.0,1736.28
67302239.0,Tanvi Bajaj,gpal@example.net,910053909621.0,"11/16
Sridhar Street
Meerut-931911",Kozhikode,525311.0,2023-10-29,Regular,7.0,1463.73
12305040.0,Guneet Jayaraman,hamsini08@example.org,917731006615.0,"H.No. 31
Dhillon Street, Panchkula 640027",Noida,910150.0,2023-07-20,Regular,14.0,1968.85
43377076.0,Imaran Krishnan,aryanchoudhary@example.net,916921859325.0,"46/011
Dhar Zila
Kishanganj 805857",Junagadh,642567.0,2023-09-22,New,6.0,720.69
52075070.0,Vedika Muni,kdate@example.com,914610802746.0,"62/746
Banik Nagar
Thiruvananthapuram 557615",Kadapa,761787.0,2023-08-31,Regular,8.0,638.6
4378755.0,Oscar Ratta,wguha@example.com,916824800377.0,"18/375, Ramachandran Circle
Karnal 455818",Pali,583209.0,2023-11-10,Premium,2.0,1144.9
67215939.0,Dominic Viswanathan,tatakala@example.com,918298265101.0,"31/897
Nigam Zila, Satna-184043",Erode,699508.0,2024-01-03,New,12.0,1427.91
13963450.0,Hemang Kakar,jjhaveri@example.org,911400761810.0,"H.No. 298, Sanghvi Chowk, Pali 342053",Malegaon,663144.0,2024-03-23,New,14.0,1364.82
59009727.0,Charles Kulkarni,ysahni@example.com,913393369439.0,"324, Chopra Marg, Bilaspur 405151",Adoni,424255.0,2024-03-16,New,7.0,580.22
47274329.0,Hemal Murthy,ramanathanrajeshri@example.net,917460904135.0,"20/507
Taneja Chowk, Pondicherry-483122",Ludhiana,831272.0,2024-02-12,New,7.0,1898.39
97492493.0,Alexander Ray,zkalla@example.com,911673837375.0,"52/62
Srinivasan Marg, Tirupati 141027",Singrauli,867234.0,2023-04-26,Inactive,8.0,1310.07
16256136.0,Panini Mangal,gautambhasin@example.org,914463536572.0,"88, Aurora Path
Khammam 476253",Aurangabad,36309.0,2023-09-09,Regular,14.0,415.01
42209203.0,Aryan Sundaram,jmahal@example.com,919237477537.0,"H.No. 22
Saraf Zila, Aligarh 160919",Bangalore,528483.0,2024-03-29,New,19.0,1051.3
30767655.0,Aarnav Issac,onimandal@example.com,918546207158.0,"H.No. 824
Goel, Miryalaguda-574451",Karnal,942916.0,2024-06-05,Regular,15.0,698.87
81605722.0,Bachittar Morar,vasana79@example.net,910620947151.0,"H.No. 838, Taneja Nagar
New Delhi 195998",Salem,610584.0,2023-11-18,Regular,15.0,856.01
16082651.0,Amara Sundaram,sehgalsiya@example.net,914087502008.0,"54, Manda Road
Dehradun 627738",Junagadh,506119.0,2023-11-04,Regular,14.0,895.74
52337289.0,Pooja Mital,jbhargava@example.com,917053948299.0,"73/053, Sanghvi Zila
Tirupati 939999",Morena,913898.0,2023-06-16,New,3.0,1999.83
24644542.0,Harish Mahajan,darajeet@example.com,914675681657.0,"H.No. 942, Chaudhry Path
Bhatpara-381499",Tirupati,77875.0,2024-03-17,New,4.0,1252.89
72564495.0,Urmi Badami,quincyanne@example.com,916112821853.0,"H.No. 19, Ahuja Ganj, Meerut-057290",Gandhidham,140024.0,2024-03-13,New,11.0,1015.81
95594611.0,Dayita Dass,vaidyasuhani@example.org,914764637802.0,"02/97, Kanda Path, Mangalore-954268",Thiruvananthapuram,280153.0,2023-04-09,Regular,1.0,797.28
23794330.0,Nisha Amble,xbhakta@example.net,914117730044.0,"H.No. 55, Choudhary Chowk
Ongole 045956",Machilipatnam,324950.0,2024-05-28,Regular,1.0,822.37
1771249.0,Samesh Devi,osant@example.org,912871168311.0,"95/77
Merchant Zila
Faridabad-209978",Bathinda,348054.0,2023-04-14,New,4.0,790.78
57360162.0,Aarini Rama,bkuruvilla@example.com,916662931943.0,"H.No. 10
Pai Chowk
Jorhat 052878",Bally,69036.0,2023-10-30,Regular,20.0,607.46
70230254.0,Hamsini Sandhu,aachalsheth@example.net,916745836473.0,"16/48, Dyal, Morena 865201",Suryapet,377043.0,2023-12-24,New,14.0,1488.42
30285217.0,Isha Sahni,upalla@example.net,912925135279.0,"27, Rajan Street
Buxar-287946",Parbhani,275327.0,2023-09-23,Premium,11.0,334.01
14428954.0,Viraj Tank,otalwar@example.com,917348563344.0,"99, Arora Ganj
Jhansi-873180",Medininagar,607637.0,2024-10-22,Premium,10.0,1387.23
9987182.0,Tristan Hegde,devansh88@example.org,911484654463.0,"138, Dewan Circle
Kolkata-153958",Darbhanga,35650.0,2024-08-21,Regular,8.0,635.99
92636025.0,Balendra Sidhu,cborah@example.org,918849874792.0,"53/99, Morar Path
Guntakal-505821",Ambattur,292276.0,2024-09-24,Inactive,14.0,1563.87
19771128.0,Urvashi Bhandari,maxlad@example.net,917898424469.0,"85/427
Ramesh Road
Alwar-246479",Vijayawada,962095.0,2023-11-26,Regular,4.0,1807.2
13122744.0,Yashvi Dalal,zashilkaran@example.com,915291649728.0,"H.No. 95
Dasgupta Circle
Sultan Pur Majra 866995",Kalyan-Dombivli,491018.0,2024-02-02,Regular,5.0,1616.47
90696847.0,Balendra Choudhary,vyanjanasharma@example.com,915378909010.0,"156, Ramanathan Road
Alappuzha 776848",Bathinda,695228.0,2023-09-19,Regular,6.0,934.37
44050697.0,Hemang Ratti,joshuaganesan@example.org,914804846626.0,"33/729
Kala Street, North Dumdum 647189",Ujjain,97187.0,2023-12-28,New,16.0,1312.22
44723662.0,Veer Dixit,theodore63@example.com,911250040727.0,"01/67
Dara Circle
Orai 934810",Dhanbad,205626.0,2023-10-07,Regular,7.0,272.63
69908484.0,Kevin Sachar,harita88@example.org,914413833245.0,"28/698, Divan Ganj, Hindupur 852596",Udupi,819988.0,2024-08-08,New,8.0,382.07
82708090.0,Krishna Seshadri,raghav93@example.net,915447759512.0,"H.No. 426, Rai Path, Maheshtala 883085",Panvel,210002.0,2024-01-01,Premium,7.0,1295.96
83267752.0,Om Choudhury,gaurav60@example.net,910158143195.0,"131
Dixit Path
Nashik-762279",Raipur,51420.0,2023-09-25,New,13.0,802.85
19259955.0,Rehaan Borde,dasslila@example.org,914778763749.0,"H.No. 95
Dutta Ganj, South Dumdum-476520",Nagpur,410844.0,2023-04-03,Inactive,15.0,213.69
11616535.0,Vrinda Bassi,faraschandra@example.net,911828267316.0,"H.No. 94, Saxena Nagar
Katihar 418163",Tadepalligudem,285899.0,2024-08-18,Premium,6.0,1583.56
50557979.0,Kiaan Naidu,mdeol@example.org,914579644974.0,"H.No. 478
Rao Nagar, Noida 012414",Khammam,399392.0,2024-03-31,Premium,6.0,1557.45
53538932.0,Quincy Nanda,maya02@example.com,919603784118.0,"H.No. 57
Mander Ganj
Katni-110592",Thoothukudi,932768.0,2023-05-11,Premium,9.0,1763.76
63292875.0,Guneet Borah,dev66@example.org,919335183633.0,"094
Kala Zila, Tiruchirappalli-999978",Noida,980046.0,2024-09-30,Premium,18.0,1756.08
98858383.0,Janani Gill,vrinda77@example.org,918703511183.0,"717, Bahri Zila
Mau 600591",Dehri,875536.0,2023-12-31,Regular,3.0,700.22
86715467.0,Chanakya Bansal,azad10@example.net,910711273685.0,"19/83, Acharya Marg, Alwar 879724",Amaravati,455609.0,2024-03-18,Inactive,9.0,495.2
13197985.0,Gaurika Balasubramanian,divya22@example.org,915071048399.0,"H.No. 212
Amble Path
Tiruchirappalli-691683",Nanded,299635.0,2023-04-19,Premium,19.0,516.21
85561151.0,Zinal Dhawan,gulatiedhitha@example.org,917812668846.0,"65/275, Manne Road, Muzaffarpur-688635",Kanpur,515548.0,2024-08-13,Regular,12.0,227.18
94706375.0,Urishilla Kala,pdin@example.org,918234995797.0,"H.No. 71
Mand Zila, Rewa 438780",Amravati,691745.0,2023-04-05,Regular,6.0,1653.1
53974737.0,Kiaan Menon,narainojas@example.net,916042878994.0,"59/09, Shankar Chowk
Guwahati-481373",Panipat,637163.0,2023-10-30,New,15.0,672.4
83039559.0,Hemang Jain,khuranachanchal@example.net,913796588487.0,"64/54
Gill Chowk
Pali 227550",Jalgaon,925122.0,2023-07-01,Premium,5.0,247.73
98218863.0,Panini Dua,karurishilla@example.net,917259581563.0,"98/00
Jhaveri Nagar, Belgaum 313583",Pimpri-Chinchwad,603140.0,2023-06-05,Regular,10.0,716.11
54347213.0,Devansh Prasad,brijesh54@example.org,916450875266.0,"49/494, Sodhi, Morbi 621218",Lucknow,12673.0,2024-04-07,Premium,16.0,1388.04
30065862.0,Urishilla Hegde,ydeo@example.org,910400446367.0,"H.No. 330
Rana Path, Sagar 712033",Allahabad,911359.0,2024-09-02,Regular,13.0,749.95
42615134.0,Champak Patil,nmall@example.com,911526502275.0,"19, Sachdev, Bidar 765497",Muzaffarnagar,539257.0,2024-09-22,Inactive,15.0,1828.12
94033330.0,Prisha Tella,joshibalveer@example.org,916400082007.0,"38
Nazareth, Vadodara-354901",Visakhapatnam,609564.0,2024-09-25,Regular,10.0,1747.91
64795608.0,Ishita Mital,aishanikalita@example.com,917703216311.0,"35/424
Karpe Ganj, Faridabad-080640",Udupi,176996.0,2023-10-22,New,14.0,470.99
1662375.0,Tanmayi Yohannan,indrajitdhillon@example.com,914153204014.0,"72, Saxena Marg
Bellary-326727",Tiruchirappalli,783266.0,2023-11-18,New,7.0,1350.81
91130614.0,Rayaan Seth,chaman96@example.org,919679640338.0,"H.No. 542
Amble Ganj
Farrukhabad 572765",Jabalpur,364241.0,2023-06-22,Inactive,7.0,528.12
85020453.0,Hamsini Tripathi,shaurya77@example.com,917671807529.0,"96/221
Morar Circle, Ambattur 315265",Jaunpur,938416.0,2023-05-18,Premium,14.0,1343.69
80875034.0,Vasatika Palla,maanasrattan@example.com,910399688696.0,"89
Thaker Road, Agra-525317",Mahbubnagar,197561.0,2023-07-15,Inactive,4.0,1407.92
72605638.0,Zansi Nanda,teerth55@example.net,918421385201.0,"45/445, Jaggi Chowk
Karawal Nagar 883125",Korba,823516.0,2024-09-02,Inactive,12.0,983.84
47939657.0,Idika Sem,johalsiya@example.org,913258360745.0,"24/46, Kuruvilla Ganj, Gorakhpur-791998",Bhavnagar,6891.0,2024-07-01,Regular,9.0,1600.67
35156679.0,Chakradev Verma,vincent13@example.com,910123070760.0,"71/96, Amble Circle, Panvel-979863",Etawah,954583.0,2024-01-07,Premium,8.0,1412.4
47125914.0,Yashoda Chacko,ati59@example.com,913099194870.0,"069, Bath Zila
Aurangabad-968050",Kochi,723520.0,2023-03-29,Premium,16.0,1535.12
94713625.0,Samar Deol,davesathvik@example.com,915710064320.0,"H.No. 98
Roy Road
Jhansi 989608",Barasat,284684.0,2023-08-15,Premium,10.0,1791.16
43066953.0,Hredhaan Sengupta,upma64@example.net,910309692891.0,"H.No. 53
Dutta Zila
Raiganj-923965",Bikaner,349157.0,2024-10-15,Regular,4.0,323.92
32987624.0,Dalaja Arora,calebsengupta@example.com,912671590893.0,"46/767
Chacko Chowk
Arrah 424009",Jabalpur,399897.0,2023-04-05,Premium,15.0,902.61
11143197.0,Siya Mani,malloliver@example.net,917820827129.0,"50, Yadav Street, Jhansi-806525",Bulandshahr,514698.0,2023-03-29,Regular,13.0,778.44
77015367.0,Oni Bhagat,dominicbhandari@example.com,911974312832.0,"H.No. 36, Ray Path
Bellary 439994",Chittoor,58142.0,2024-07-17,Regular,8.0,288.08
63571453.0,Praneel Saran,jaggikala@example.com,914230230814.0,"325, Banik Path
New Delhi-923781",Kanpur,844591.0,2023-05-14,Premium,1.0,1367.12
95334407.0,Krish Sunder,eta37@example.net,919128281411.0,"H.No. 126
Thaman Ganj
Tinsukia 716227",Cuttack,347212.0,2023-03-29,Inactive,6.0,602.09
2400009.0,Jonathan Korpal,liam03@example.org,917087853375.0,"22/29, Chowdhury Path, Karimnagar 950098",Amaravati,690370.0,2024-02-26,Premium,7.0,1328.35
43519553.0,Lekha Swamy,bhavnamittal@example.com,915146840650.0,"53/90
Mukherjee Circle, Rajpur Sonarpur-576874",Mathura,998055.0,2024-02-07,Premium,18.0,898.85
91566278.0,Keya Chadha,gdeo@example.net,912704173257.0,"18, Sura
Ratlam 964051",Burhanpur,161156.0,2024-09-24,Premium,5.0,1953.37
93522848.0,Mohammed Sahni,takkrishna@example.net,913796801303.0,"490
Soman Ganj
Bhatpara 521317",Jodhpur,103710.0,2023-10-29,Inactive,20.0,1875.27
48776805.0,Prisha Sanghvi,laleta@example.net,915013111868.0,"52/809
Hegde Marg
Satara-825467",Alwar,612480.0,2023-06-01,Premium,1.0,351.38
6061349.0,Gautami Trivedi,iryasarin@example.org,918375797986.0,"H.No. 03
Dasgupta Marg
Ozhukarai 426511",Haldia,987109.0,2024-03-17,Regular,17.0,332.03
49617531.0,Vamakshi Pradhan,thomassanghvi@example.com,911748286727.0,"71/92, Bajwa Path
Morbi-309555",Firozabad,856856.0,2024-03-19,Inactive,12.0,1346.9
25915909.0,Gaurangi Singh,wallavasudha@example.com,919053658129.0,"H.No. 903, Nagi Circle
Raipur-607118",Bhimavaram,638420.0,2024-01-18,New,18.0,1155.71
2058037.0,Yutika Badal,biswastamanna@example.org,919780212360.0,"H.No. 88, Konda Chowk
Ahmednagar 017628",Rajkot,493628.0,2023-11-17,Inactive,11.0,1797.02
43307488.0,Jagrati Prabhu,choudharybalhaar@example.org,915596788472.0,"72/18, Munshi Zila, Jamalpur 838235",Bhatpara,793361.0,2023-08-06,Regular,1.0,1036.29
58513300.0,Hemal Mammen,farajwason@example.org,915425118250.0,"129, Seth, Mirzapur 807650",Jodhpur,245873.0,2023-09-25,Premium,1.0,664.85
41146001.0,Nirja Prasad,mahallaban@example.net,917080654919.0,"H.No. 97, Bhat Zila
Sonipat 701585",Belgaum,160105.0,2023-07-12,Regular,5.0,934.23
89910157.0,Dayamai Ray,jdate@example.com,912655185000.0,"775, Nayak Street, Patna-218169",Khandwa,166001.0,2023-03-19,New,5.0,1859.93
33608451.0,Lohit Dugar,vgera@example.net,912059024117.0,"666, Magar Street
Udupi 424461",Madurai,317235.0,2023-05-19,Inactive,5.0,774.65
58214883.0,Udant Grover,cnarayan@example.com,915768346291.0,"79/852
Nadkarni
Panchkula 391511",Darbhanga,871302.0,2024-05-05,Regular,11.0,229.17
2875442.0,Arunima Vyas,buchayushman@example.net,915969178797.0,"176, Krishnamurthy
Ramgarh 170370",Bettiah,68994.0,2023-07-19,Premium,19.0,1858.8
83660688.0,Gopal Dube,aditya26@example.com,917216179263.0,"52/64, Koshy Circle
Hapur 029532",Kottayam,317201.0,2024-07-13,Premium,1.0,1768.23
9650263.0,Samar Vasa,gpadmanabhan@example.com,910522525268.0,"01/76
Mani Road
Chittoor-256884",Gandhidham,40161.0,2023-04-24,New,5.0,843.98
36517334.0,Ria Dua,akshay40@example.com,919591362787.0,"16/46
Karan Nagar, Karaikudi 841373",Naihati,886615.0,2024-03-30,Premium,19.0,1603.14
1989720.0,Anusha Bahri,hemanginigour@example.org,917371380072.0,"H.No. 78, Memon Marg, Bettiah-165769",Saharanpur,232753.0,2023-11-10,Inactive,6.0,239.76
68486301.0,Bachittar Misra,kallaneel@example.net,913417767361.0,"53/56, Sandhu Road, Kharagpur-982343",Kanpur,146326.0,2023-04-26,Inactive,10.0,205.49
2134827.0,Vasudha Kalita,zaitra93@example.org,911088999128.0,"21/239
Bedi, Bettiah-618106",Ambarnath,863663.0,2023-10-22,New,10.0,1710.75
67896836.0,Om Murty,cmittal@example.net,911350116554.0,"H.No. 14
Batra Marg
Shahjahanpur 432714",Gulbarga,976912.0,2024-09-16,New,15.0,469.03
98152679.0,Geetika Arora,kurianlakshit@example.net,910844545975.0,"H.No. 84, Rama
Chapra-101291",Thiruvananthapuram,917590.0,2024-08-01,Regular,1.0,583.12
6812439.0,Vasana Mand,prakashvrinda@example.net,919206751723.0,"17/04
Balakrishnan Nagar, Raiganj 562478",Bhalswa Jahangir Pur,940482.0,2024-10-17,Premium,1.0,938.29
90038364.0,Upadhriti Chand,ybawa@example.com,915570774670.0,"H.No. 860, Jain Zila, Aizawl-045836",Ozhukarai,733321.0,2024-03-18,Regular,17.0,650.89
47215976.0,Jasmit Ganesh,urishillajain@example.org,912531547334.0,"H.No. 771, Sha Circle, Korba 949390",Jalna,91065.0,2024-09-25,Premium,9.0,842.83
74840437.0,Rachit Arya,sarmachatresh@example.net,910841111302.0,"730, Sama Road, Bhopal-485906",Korba,807661.0,2024-03-10,Inactive,1.0,330.17
10418604.0,Xavier Agrawal,lopaagrawal@example.org,919789289354.0,"10, Sangha Street, Bharatpur-212237",Gandhidham,850794.0,2024-04-11,New,15.0,501.27
65514005.0,Ekapad Kuruvilla,yatinsoni@example.com,915893633406.0,"H.No. 48, Dora Marg
Jamshedpur-323719",Dhanbad,615240.0,2023-07-21,Regular,16.0,266.6
1479065.0,Keya Grover,vbalakrishnan@example.org,912569948550.0,"179, Sekhon Ganj
Gurgaon-532079",Bokaro,717396.0,2024-02-09,New,17.0,1597.83
87641623.0,Isaac Rattan,iborde@example.org,916798665565.0,"H.No. 71
Pant Street, Haldia 203973",Bulandshahr,795752.0,2023-09-25,Regular,11.0,1243.23
34381941.0,Oeshi Thaman,bahriishanvi@example.net,913236868087.0,"42, Sawhney Marg, Bhubaneswar-711454",Malegaon,348234.0,2023-07-13,Inactive,10.0,1753.38
81822494.0,Dominic Verma,lucky44@example.org,910830410076.0,"540, Chandra Path, Dehradun-294311",Sri Ganganagar,342395.0,2024-07-14,New,9.0,1284.68
97191387.0,Chavvi Bhatia,vmall@example.org,919266633731.0,"43/75
Dalal Ganj, Moradabad-771813",Madurai,866334.0,2023-06-03,Premium,3.0,853.44
25795941.0,Urishilla Dhillon,ryanbath@example.com,912107939692.0,"04, Barman Street, Bhind 281577",Bhalswa Jahangir Pur,311683.0,2024-04-14,Regular,10.0,765.4
97825663.0,Upadhriti Sha,pahalsaini@example.com,910310548959.0,"241, Bakshi Marg, Tadipatri 896705",Udaipur,719362.0,2023-06-19,Regular,8.0,527.59
19966989.0,Varsha Dutt,hritik00@example.com,918348721744.0,"33/377, Hayer Marg
Khammam 556674",Secunderabad,441105.0,2024-03-06,Premium,2.0,1737.1
57967753.0,Lila Tailor,bchoudhury@example.com,912820121343.0,"96/52
Prasad Chowk, Sambalpur-169998",Davanagere,869884.0,2024-01-11,Premium,20.0,203.28
10694081.0,Faris Raval,neel30@example.net,912433385418.0,"H.No. 668, Rama Chowk
Tiruchirappalli-877111",Meerut,568324.0,2023-10-02,Regular,16.0,769.13
4356173.0,Jalsa Khatri,mahajanbakhshi@example.org,911963988928.0,"48, Patla Ganj, Avadi 838391",Rajkot,763603.0,2024-09-10,New,9.0,1838.56
87266309.0,Yachana Sethi,dashneel@example.com,912738098281.0,"63/721, Gala, Rourkela 611895",Agra,173328.0,2023-11-17,Regular,19.0,1097.48
65134271.0,Ansh Singh,damyantiwalia@example.net,913392617416.0,"H.No. 928
Dugar
Silchar-434394",Ajmer,108582.0,2023-12-18,Premium,19.0,1433.53
11928321.0,Nikita Palan,hdivan@example.net,914092497738.0,"H.No. 09, Dave Street, Kochi-481440",Maheshtala,554594.0,2024-06-30,Inactive,17.0,1770.94
32527479.0,Nidhi Varkey,krishakaul@example.org,915761360776.0,"H.No. 901
Pau Ganj, Munger-041682",Jorhat,597322.0,2023-11-04,Regular,19.0,896.82
47275378.0,Aarav Dar,amruta30@example.net,916663401107.0,"H.No. 24, Lata Street, Ahmedabad 581000",Ahmednagar,572351.0,2023-03-16,Premium,3.0,623.26
9246851.0,Aarush Dixit,psandal@example.com,910245024147.0,"H.No. 942
Rajagopal Path
Dharmavaram-327499",Ujjain,317869.0,2024-10-10,New,10.0,1574.34
12402437.0,Kamala Rama,raymegha@example.net,910025008643.0,"63
Mallick Chowk
Lucknow 415089",Rajahmundry,126465.0,2024-06-29,New,14.0,1580.62
95382317.0,Aradhana Sen,indiraseshadri@example.com,914150494578.0,"790, Tata Marg
Asansol-472717",Patiala,466894.0,2024-05-20,New,14.0,940.85
19523014.0,Neha Shroff,vaishnaviravi@example.net,916853642519.0,"86/05
Dutt, Proddatur-587012",Ongole,419857.0,2024-02-24,New,14.0,679.5
2188994.0,Bimala Mitra,uarora@example.net,919473010631.0,"01/27
Murthy Circle
Ratlam 179286",Patiala,635527.0,2023-10-26,Inactive,6.0,484.51
31328762.0,Vanya Sanghvi,banikishita@example.net,911933280674.0,"H.No. 98
Balasubramanian Path
Jamshedpur 087164",Durg,198685.0,2024-03-08,Premium,5.0,941.9
39354312.0,Chatresh Andra,gmorar@example.net,918970441806.0,"H.No. 599, Saran Street, Guwahati-654856",Kulti,154452.0,2023-09-22,Premium,4.0,1599.19
17939362.0,Anjali Yogi,utkarshratti@example.com,918381205056.0,"H.No. 066
Bhavsar Nagar, Darbhanga 347239",Noida,745281.0,2024-02-11,Inactive,17.0,496.59
12755730.0,Indrajit Mahal,padmanabhanharshil@example.org,911181779895.0,"76
Ben Path, Thanjavur-431970",Howrah,473540.0,2023-08-20,Regular,8.0,748.43
64562786.0,Neel Sankar,krishadvika@example.com,911836216883.0,"98
Chhabra Street, Hazaribagh-482791",Firozabad,785077.0,2024-03-13,Inactive,19.0,1483.65
18771682.0,Nitara Sur,lohitsarraf@example.com,917036253090.0,"937
Suresh Ganj, Karawal Nagar-054361",Shivpuri,865499.0,2023-07-11,Premium,12.0,1420.99
18170800.0,Anamika Sur,rhayre@example.net,916867546589.0,"57
Chakraborty Path
Bidhannagar 065607",Mathura,501272.0,2024-07-02,Regular,12.0,1972.81
31914222.0,Rajeshri Lad,uraj@example.org,917055035409.0,"89, Oza Circle, Chandrapur-723479",Bhilwara,757778.0,2024-09-29,Inactive,4.0,380.49
29095552.0,Gunbir Vala,sathvikbala@example.com,911939422010.0,"49/46
Mangal
Morena-353261",Amritsar,893254.0,2023-04-19,Inactive,17.0,1617.63
13415362.0,Tristan Grover,diyakuruvilla@example.org,911159969130.0,"H.No. 96
Randhawa Path, Morena 357169",Dibrugarh,460303.0,2023-06-25,Inactive,2.0,978.88
13284996.0,Irya Dayal,shamanbir@example.org,914376337070.0,"H.No. 614, Sehgal Path
Akola-450080",Phagwara,363237.0,2024-04-11,Regular,9.0,449.79
3410758.0,Qabil Salvi,gandhibhavya@example.net,918055425835.0,"16/72, Jhaveri Road
Hubli–Dharwad 657248",Hazaribagh,293062.0,2023-07-16,Regular,1.0,1892.51
14330483.0,Vasatika Konda,kaurishwar@example.org,917210695462.0,"H.No. 63
Iyer
Sangli-Miraj & Kupwad-906471",Durgapur,943453.0,2023-08-04,Premium,12.0,538.66
95768401.0,Jyoti Pau,varughesedayamai@example.org,912484526832.0,"14/790, Ramesh Nagar
Amravati 506114",Kadapa,760525.0,2024-11-03,Inactive,8.0,590.36
57662767.0,Lila Chakraborty,birhemangini@example.org,917149410387.0,"65/74
Lad Zila, Ulhasnagar-281824",Kalyan-Dombivli,652094.0,2023-10-21,Premium,10.0,403.61
51387106.0,Nandini Devi,xitigour@example.net,916146934112.0,"26
Jain Circle, Gaya-053431",Jamalpur,902417.0,2023-10-15,New,15.0,615.8
89995124.0,Gauri Butala,ranveeranne@example.org,915746130106.0,"890, Sastry, Narasaraopet-405280",Muzaffarpur,833041.0,2023-10-29,Premium,6.0,995.42
73660582.0,Timothy Bhalla,simonmurty@example.net,912429664865.0,"H.No. 08, Upadhyay Street, Mathura-083468",Agra,457942.0,2024-10-20,Premium,18.0,1045.53
70459847.0,Krish Shankar,mekhalasaraf@example.org,917738181829.0,"53/713, Raghavan Street
Bhilwara-021410",Bhopal,973977.0,2024-08-29,Premium,12.0,324.58
3999964.0,Ansh Minhas,nbir@example.net,911642384127.0,"H.No. 82, Madan Road
Jalandhar-138003",Orai,33590.0,2023-08-08,Premium,15.0,1147.01
39674723.0,Advika Keer,khatriayushman@example.net,919786599046.0,"H.No. 211, Mitra Chowk
Solapur 253328",Bettiah,813010.0,2024-08-05,New,3.0,765.19
23448955.0,Pranit Gade,kamdarhemang@example.com,914578541592.0,"87/17, Gola Circle
Narasaraopet-044900",Raebareli,185824.0,2024-10-12,Premium,13.0,1201.0
76971644.0,Banjeet Pal,jaggigaurang@example.net,918326420171.0,"93/149, Bumb Chowk, Guwahati 790333",Thoothukudi,796020.0,2024-09-20,Inactive,20.0,1812.27
81382213.0,Victor Khurana,jkaur@example.org,914182396433.0,"92/411
Kannan Nagar, Tirunelveli 887984",Burhanpur,952694.0,2024-05-18,Inactive,9.0,845.85
21456226.0,Indrajit Mitra,yauvani00@example.net,917975415940.0,"342
Hans
Bathinda-978162",Adoni,626620.0,2023-07-21,New,18.0,980.16
46378942.0,Oscar Kurian,vedhikanarasimhan@example.com,918233044292.0,"64/29, Lalla Road, Kolhapur 461306",Chandigarh,319915.0,2023-11-20,Premium,1.0,1768.04
12088552.0,Aditya Barman,draj@example.org,912767114555.0,"17/59, Dutta Street, Siwan 346894",Patiala,82581.0,2023-04-17,Premium,3.0,1137.83
18642306.0,Wazir Bahl,jsunder@example.com,913151999184.0,"16/718, Kanda Chowk, Meerut 856894",Tinsukia,877253.0,2023-12-21,Inactive,12.0,1802.63
11387110.0,Om Sastry,aishani38@example.com,915717298058.0,"H.No. 413, Char Nagar, Mehsana-538034",Coimbatore,14359.0,2023-08-17,Premium,8.0,1303.37
51341672.0,Aarna Mital,ghoshlavanya@example.org,919570921584.0,"H.No. 75
Bobal Path
Hajipur 676112",Bhagalpur,789995.0,2024-04-03,Regular,10.0,1898.18
79630614.0,Nikita Misra,rachanabadal@example.net,919318757996.0,"47/23, Tripathi Path
Vadodara-629791",Sasaram,880263.0,2024-07-13,Regular,3.0,362.45
76602787.0,Qasim Chandra,pavanijaggi@example.org,919034440388.0,"H.No. 07, Guha Marg
Deoghar 511184",Mehsana,856383.0,2024-04-07,New,9.0,1683.71
50630016.0,Max Ranganathan,aaravkhosla@example.org,917735360816.0,"47
Ramesh Ganj, Lucknow-952273",Unnao,926172.0,2023-08-22,Inactive,17.0,1445.33
85354059.0,Anamika Dugar,borahansh@example.net,911796601244.0,"H.No. 245
Vora Marg
Ambattur-417585",Begusarai,887933.0,2023-08-20,Premium,2.0,672.87
30188374.0,Naveen Chakrabarti,manbir37@example.org,910399858374.0,"01, Ramakrishnan Ganj, Bhavnagar-851185",Haldia,400684.0,2024-03-28,New,15.0,915.53
13760839.0,Anvi Savant,yashvi72@example.org,914497088467.0,"H.No. 661, Dora Street
Surat 406513",Guwahati,412928.0,2023-08-23,Premium,17.0,444.89
12455156.0,Ijaya Agrawal,anirudh89@example.com,910402868008.0,"51, Kari Nagar, Tenali-778804",Eluru,317047.0,2023-04-03,Inactive,16.0,1139.56
13604883.0,Siddharth Kata,mvaidya@example.com,914260686222.0,"80/102
Raj Marg, Tadipatri-190103",Karimnagar,638908.0,2024-09-23,Premium,17.0,1659.88
69240186.0,Triya Memon,ssoman@example.org,919926498016.0,"83/387
Shankar Chowk, Suryapet 985417",Kottayam,850470.0,2024-04-16,Regular,8.0,884.0
57765367.0,Advika Sundaram,shivani60@example.net,916679045294.0,"92, Handa Street
Jehanabad-548704",Sultan Pur Majra,221493.0,2024-01-26,Premium,1.0,1296.69
97928541.0,Pratyush Peri,vasudha09@example.com,910425860983.0,"40/020
Krish Circle
Amaravati 137329",Tiruchirappalli,917035.0,2023-06-27,New,4.0,1838.77
31718565.0,Andrew Wable,jackson06@example.org,913875006343.0,"77, Dhar Zila
Kozhikode-400515",Durgapur,16828.0,2024-05-29,Regular,6.0,245.16
76438648.0,Faraj Radhakrishnan,sandalpanini@example.org,916668672098.0,"H.No. 17, Aurora Street
Ujjain 452078",Dewas,418024.0,2023-04-10,New,6.0,854.68
36146306.0,Aryan Ghose,brahmbhattvihaan@example.net,913834021286.0,"422
Salvi
Panchkula 451977",Pallavaram,767176.0,2023-11-10,Regular,19.0,828.14
87160527.0,Gautam Ravel,pandyazaitra@example.org,911325826385.0,"729, Acharya
Unnao 554182",Bulandshahr,720320.0,2024-10-09,New,6.0,1966.02
1108176.0,Charita Chad,ekantika51@example.com,919496285339.0,"99/756, Gour Marg
Suryapet-685926",Bhalswa Jahangir Pur,902052.0,2023-07-27,Premium,20.0,1460.76
83610315.0,Nachiket Roy,wsangha@example.net,918837467840.0,"17/829, Garg Circle, Kirari Suleman Nagar 040091",Shahjahanpur,632904.0,2023-07-31,Inactive,16.0,376.5
24043135.0,Edhitha Bassi,chavvijohal@example.com,919376472347.0,"39/739
Nanda Zila
Secunderabad-753649",Bijapur,339705.0,2024-10-01,Inactive,15.0,1681.39
84448310.0,Ati Lad,tanmayi18@example.org,910041668650.0,"07/725
Warrior Path
Chittoor 204154",Mumbai,109591.0,2024-09-28,Regular,16.0,282.58
59769142.0,Pooja Bajaj,ijaya43@example.com,917213936820.0,"21/95
Merchant Street
Katni-296822",Bellary,208439.0,2024-03-01,New,4.0,718.4
90753712.0,Amruta Bhatt,hkant@example.net,915970336021.0,"50/595, Mall Nagar
Bhusawal 169200",Dharmavaram,22174.0,2024-06-24,Regular,4.0,1408.03
38748727.0,Raghav Nath,bmani@example.net,918239306340.0,"H.No. 560
Dass Nagar, Kota-609570",Tiruchirappalli,573755.0,2024-08-04,New,4.0,495.67
45033270.0,Manan Chandran,keermugdha@example.org,918836550788.0,"64
Padmanabhan Path
Bulandshahr 387848",Thanjavur,372814.0,2024-04-28,New,15.0,252.26
6459100.0,Shivansh Mand,gaurav29@example.com,910122930874.0,"145, Arora Ganj
Karaikudi-304218",Agra,85316.0,2024-10-04,Premium,19.0,1193.57
60904312.0,Jagdish Badami,isha60@example.com,911521745715.0,"588, Dass
Kakinada 672163",Mumbai,503282.0,2024-06-04,Regular,20.0,564.73
98225598.0,Neelima Som,gyohannan@example.com,910109338724.0,"824
Narasimhan
Malda 057726",Sambalpur,731095.0,2023-05-12,Premium,9.0,1190.21
31813.0,Indrajit Pau,wakeetasehgal@example.com,911785834174.0,"66, Vora Chowk
Maheshtala 376030",Sultan Pur Majra,666762.0,2024-04-10,Regular,18.0,1230.75
79135318.0,Amaira Issac,zayyankala@example.org,918435512593.0,"06/34, Sha Marg, Mango-359050",Saharanpur,317779.0,2023-06-14,Inactive,17.0,454.3
99627097.0,Amara Narayanan,yatin58@example.net,917346202732.0,"H.No. 17
Uppal Marg
Danapur 126611",Raiganj,437954.0,2023-03-19,New,10.0,1085.49
90919603.0,Priya Chaudry,osaraf@example.com,918985875464.0,"29/035
Walia Path, Kulti 693931",Howrah,82827.0,2023-11-14,Regular,10.0,555.97
46741896.0,Jagvi Patla,faras93@example.net,915373835658.0,"838
Arya, Nanded 274834",Mango,656521.0,2023-10-21,Premium,13.0,1518.23
58942207.0,Krisha Sama,agarwalrohan@example.org,913187813435.0,"H.No. 86, Goel, Bijapur 190889",Patna,861467.0,2024-07-05,Regular,8.0,525.9
86839058.0,Kashvi Sarma,samuel91@example.org,911494038086.0,"H.No. 860, Agate Ganj
Medininagar 205852",Ujjain,72586.0,2024-06-19,Regular,5.0,1953.24
82179338.0,Isha Dugar,adya37@example.net,914121420985.0,"60, Bakshi Circle, Tezpur-857578",Ulhasnagar,370025.0,2023-03-17,New,12.0,1775.89
1342184.0,Girish Sem,krao@example.com,919414776168.0,"783
Nigam Circle, Karawal Nagar-701964",Dehradun,774395.0,2024-10-25,Inactive,20.0,1893.83
76604145.0,Nidra Agate,ayushbobal@example.org,912148872899.0,"42/473, Mistry Chowk
Chittoor 860495",Rourkela,767461.0,2023-03-22,Regular,14.0,1276.88
37702698.0,Joshua Bajaj,theodoretalwar@example.com,912404294208.0,"99, Narayanan Street
Shivpuri 766228",Bareilly,845884.0,2023-11-13,New,12.0,1727.41
3786105.0,Ojas Sankaran,jyoti35@example.net,918374055039.0,"H.No. 66
Mahajan Chowk, Yamunanagar 911948",Kirari Suleman Nagar,288478.0,2024-06-02,New,13.0,1172.32
64535602.0,Faris Mahajan,calebbhargava@example.net,912643413862.0,"H.No. 758, Krishna Zila
Sagar-352638",Jalgaon,236937.0,2023-08-09,Inactive,13.0,1816.18
29525287.0,Theodore Dhar,sachidutt@example.net,913787903128.0,"H.No. 736, Brar Street
Darbhanga-292274",Bhimavaram,891343.0,2023-11-16,Premium,15.0,1976.98
1683786.0,Urvashi Balan,simonkade@example.org,916376148431.0,"02/23
Dube Street, Bhagalpur 402715",Hajipur,775942.0,2023-09-12,Regular,14.0,776.52
73586244.0,Netra Oak,manbir86@example.net,919201629210.0,"H.No. 340
Kala Path, Bikaner-738975",Erode,392999.0,2024-02-28,New,1.0,377.07
26805477.0,Xavier Hans,doctoraradhana@example.org,912458797663.0,"H.No. 02, Deep Ganj
Firozabad 664104",Sambhal,593073.0,2024-05-28,New,18.0,1148.4
73679086.0,Tarak Divan,ranbir07@example.org,912530072462.0,"324, Shanker
Ludhiana 440403",Dibrugarh,181712.0,2023-07-12,New,16.0,1297.47
59677346.0,Falak Reddy,gopalmody@example.com,914767521220.0,"78/69
Majumdar Nagar, Tumkur 014721",Bongaigaon,483994.0,2024-11-02,Inactive,2.0,502.96
81528623.0,Qasim Hans,dbains@example.net,915373271238.0,"34
Rai Zila
Proddatur-395778",Jamshedpur,156998.0,2024-06-08,Premium,3.0,957.94
38420886.0,Nidra Date,uhora@example.org,910156459577.0,"H.No. 06, Talwar Ganj
Singrauli 304396",Sonipat,695663.0,2023-04-08,New,20.0,1180.95
12302179.0,Nikita Nagi,shettyradha@example.com,911629232876.0,"03/92, Karpe Road, Firozabad-215941",Tumkur,702467.0,2024-02-01,Premium,15.0,246.73
88164280.0,Saumya Barman,nakul83@example.com,916048001993.0,"03
Iyer Nagar
Bhatpara-765591",Thane,413547.0,2024-09-09,Regular,11.0,745.22
74735607.0,Naksh Amble,aadhyabhalla@example.com,919974502354.0,"94, Goda Street
Satna 920950",Raipur,474552.0,2023-12-30,Inactive,6.0,935.8
42514124.0,Bakhshi Sodhi,tsuri@example.org,911511639311.0,"461, Kashyap Street, Anand-025146",Bally,107629.0,2023-05-10,Inactive,7.0,1958.97
13071673.0,Ijaya Bir,tkalla@example.com,919431717406.0,"02/685, Dar Street
Mathura 835017",Jhansi,491822.0,2024-04-27,Regular,17.0,1208.04
68196920.0,Vasana Tripathi,faras32@example.com,912274327318.0,"377, Wason Street
Chittoor 121927",Rewa,437649.0,2023-10-29,Regular,15.0,1810.28
26844216.0,Yochana Babu,sibalmaya@example.com,917007237157.0,"H.No. 593
Mangat Street
Nagpur-588651",Pali,245058.0,2024-06-07,Premium,16.0,927.07
38780509.0,Ira Guha,haritabasu@example.com,912186885453.0,"55
Zachariah Road
Jaunpur 869945",Ongole,715292.0,2024-05-11,Regular,3.0,1238.37
3292927.0,Nisha Iyer,vdalia@example.org,910256207668.0,"H.No. 13, Dash Path, Bhatpara-468793",Rewa,320465.0,2024-01-12,New,6.0,1795.72
28991365.0,Avi Menon,rachitapandey@example.com,917703806581.0,"04/26
Narain Street, Meerut-759858",Jamnagar,449419.0,2024-03-20,New,20.0,459.1
39999278.0,Chandresh Khare,agarwalladli@example.org,911677869657.0,"177
Bath Road, Rajpur Sonarpur 549727",Baranagar,594349.0,2024-08-02,New,8.0,664.22
86050297.0,Vincent Sahni,bhardwajwidisha@example.com,917630260634.0,"954, Dubey Ganj
Siliguri 525261",Sikar,756155.0,2023-04-15,Inactive,16.0,941.51
86045277.0,Umang Pai,ykeer@example.org,918185828105.0,"14/995, Aurora Chowk, Unnao-559200",Mau,229457.0,2024-08-15,New,8.0,1065.84
88167544.0,Fariq Chawla,nachiketgrewal@example.org,917326538601.0,"464
Toor Marg, Amroha 537677",Mirzapur,766641.0,2023-04-15,New,10.0,1097.35
75984768.0,Dev Deshpande,tsarkar@example.org,912325025410.0,"H.No. 186
Kala Road
Gurgaon 751287",Guwahati,737567.0,2024-08-05,Regular,14.0,1723.2
15144290.0,Omkaar Swamy,ekaraj66@example.org,918174880266.0,"H.No. 375
Mangal Marg
Ludhiana-653677",Nizamabad,789273.0,2024-10-17,New,19.0,436.35
52279849.0,Henry Sawhney,sidhuyashodhara@example.net,917679499649.0,"493, Kuruvilla, Erode 325603",Anantapur,169958.0,2024-07-10,Regular,17.0,585.08
81160474.0,Adweta Gokhale,upkaar63@example.net,919858713408.0,"H.No. 601
Halder Street
Sri Ganganagar 570259",Aizawl,841396.0,2023-08-02,Premium,19.0,447.55
84361534.0,Ansh Agrawal,ayush35@example.net,916376339108.0,"155, Bal Zila
Hyderabad-668727",Narasaraopet,332324.0,2024-07-24,Regular,1.0,438.19
53025962.0,Sai Mandal,narangsai@example.org,917245639777.0,"H.No. 575, Borah Marg
Salem-633370",Dibrugarh,95444.0,2024-06-13,Premium,10.0,324.92
83404008.0,Pooja Chaudhary,kuruvillabhanumati@example.net,916417197642.0,"H.No. 88
Nayar Circle
Aizawl-692199",Berhampore,573140.0,2024-09-17,New,5.0,1391.13
81959925.0,Aarav Gopal,indalikapur@example.org,910924963437.0,"84/47
Banik Ganj, Solapur 423436",Durgapur,158515.0,2023-10-11,Inactive,1.0,1888.83
76850859.0,Harita Bir,rajata75@example.net,911212814412.0,"71/50, Saini Street
Bhubaneswar-356727",Berhampur,103202.0,2023-12-29,Inactive,19.0,468.79
11705793.0,Tripti Barad,natarajanfaris@example.org,915299677818.0,"H.No. 502, Chhabra Zila
Ramagundam 546778",Dindigul,645810.0,2024-04-12,New,18.0,1164.81
62068277.0,Zarna Shetty,kumerzansi@example.org,913151597352.0,"H.No. 12, Kale Chowk
New Delhi 521199",Hosur,397881.0,2024-03-03,Regular,6.0,1515.17
9048817.0,Bhavika Banik,jkhurana@example.org,916308618481.0,"H.No. 866, Reddy Zila, Surat 956469",Udaipur,205466.0,2023-05-08,Inactive,1.0,222.89
31619915.0,Joshua Trivedi,dnair@example.net,912053725463.0,"75/382, Sengupta Ganj
Madurai-669210",Gandhinagar,297641.0,2024-06-09,New,13.0,722.45
42872865.0,Vasatika Chatterjee,ishwar92@example.com,918245522185.0,"80/255
Nori Marg
Tinsukia-515901",Bulandshahr,876401.0,2023-10-09,Inactive,14.0,976.81
81906973.0,Oliver Wagle,siddharth54@example.com,914040972837.0,"52/226
Gopal Circle, Machilipatnam-015697",Loni,114641.0,2023-08-16,New,20.0,218.78
82286908.0,Oliver Sengupta,wallawriddhish@example.org,911247075738.0,"30/07, Varghese Street, Nadiad-719989",Vasai-Virar,414399.0,2024-06-24,New,16.0,713.26
1174162.0,Anirudh Vig,hema05@example.com,913087052860.0,"46/798
Sangha
Silchar 248580",Guna,413955.0,2023-07-02,Premium,12.0,1255.44
62323608.0,Ekansh Bains,bgoyal@example.net,912095116435.0,"08/545
Seshadri Nagar, Deoghar 100024",Nandyal,537361.0,2023-08-09,New,2.0,1446.34
72857290.0,Krishna Aggarwal,mahikakala@example.net,912668380523.0,"H.No. 43, Devan Street
Barasat 071684",Sasaram,9157.0,2023-09-20,Inactive,13.0,1806.01
21784094.0,Lakshit Rai,jagdish68@example.com,919072015729.0,"07/299, Shenoy Circle
Raipur 072826",Bareilly,284389.0,2024-05-18,Regular,17.0,1530.19
82529927.0,Yoshita Jain,omyapadmanabhan@example.com,911559626739.0,"53, Iyer Ganj
Sangli-Miraj & Kupwad 327741",Chinsurah,934156.0,2024-04-03,Inactive,3.0,587.28
14994388.0,Charles Wason,wrao@example.com,916588657688.0,"533
Jhaveri Marg
Bharatpur-930354",Gwalior,941934.0,2024-04-29,Premium,20.0,1782.84
54216497.0,Mohini Pandya,turvisani@example.com,917593328430.0,"H.No. 599, Srivastava Road
Shimoga-070708",Guwahati,44806.0,2024-07-07,New,13.0,1881.19
80796977.0,Nicholas Chandra,issacgeorge@example.com,912151011082.0,"62/330, Mammen Marg, Kamarhati-528007",Deoghar,659205.0,2024-06-28,Premium,7.0,1170.84
31681710.0,Udant Prabhakar,nachiket85@example.net,914377591231.0,"H.No. 30, Gole Chowk, Faridabad-856742",Panchkula,728463.0,2024-01-06,Regular,15.0,223.11
47955004.0,Mohini Sidhu,wmitter@example.net,915245895284.0,"249, Krishnan Path, Bhubaneswar 211635",Kollam,204587.0,2023-08-21,Inactive,6.0,1681.52
23126657.0,Ekiya Sekhon,ochakraborty@example.org,910822554720.0,"00
Talwar Path
Silchar 399086",Bahraich,52603.0,2023-04-23,Premium,1.0,1034.23
91973128.0,Advik Hayre,guneetwable@example.com,912754727801.0,"78, Deshmukh Road, Gulbarga 580534",Karnal,645358.0,2024-07-01,Premium,15.0,989.8
22915611.0,Rishi Minhas,watikamemon@example.com,915847912085.0,"H.No. 66
Goyal, Noida 071135",Karaikudi,515734.0,2023-08-06,Regular,10.0,1239.42
76864442.0,Yashasvi Srinivas,omya58@example.com,911342482017.0,"399, Agate
Eluru-619957",Karnal,395170.0,2023-07-31,Regular,13.0,1565.67
96628029.0,Zansi Kara,qmitter@example.com,910416266059.0,"H.No. 297
Kamdar Nagar
Ghaziabad-068306",Tirupati,454533.0,2024-03-22,Premium,3.0,994.81
59216664.0,Netra Keer,yauvanikhare@example.net,910581126760.0,"54/792
Dugar Road, Secunderabad 353845",Deoghar,284974.0,2023-03-22,Regular,10.0,225.69
70615775.0,Abdul Narang,tmannan@example.org,911142878185.0,"H.No. 590
Sidhu Ganj
Vijayawada-873377",Ludhiana,912652.0,2024-01-07,Inactive,15.0,233.12
34761418.0,Nitesh De,faraj44@example.net,916028349053.0,"14/45, Mander Path
Narasaraopet 297200",Bhilwara,401933.0,2024-08-19,New,6.0,1729.83
56248757.0,Ekansh Narayan,qraghavan@example.com,911905283202.0,"05/325, Kade Circle
Belgaum-791134",Chapra,14789.0,2024-08-05,Premium,16.0,1040.97
31622158.0,Omya Modi,bailjonathan@example.com,919629355011.0,"H.No. 399
Yadav Marg, Mango 503337",Kolhapur,478462.0,2023-05-06,New,20.0,504.15
4200802.0,Chakrika Gaba,ekavir26@example.net,916706188692.0,"20
Gokhale Chowk, Fatehpur-880669",Ramgarh,860603.0,2023-11-15,Inactive,10.0,678.96
58631874.0,Yauvani Bhat,emagar@example.org,910836759648.0,"25/246
Dutt Chowk, Bhatpara 304248",Avadi,281610.0,2024-10-01,New,11.0,862.23
22036818.0,Yatan Yogi,sandhurishi@example.org,910180661597.0,"30/023
Bail
Jabalpur 182539",Hindupur,19178.0,2023-11-14,New,5.0,1732.02
7333934.0,Om Chand,gavin45@example.net,910085369768.0,"81/00
Suresh Marg
Faridabad 923920",Deoghar,383021.0,2023-12-23,New,11.0,739.47
5712468.0,Zinal Shan,farisbadal@example.net,918793620316.0,"62
Karan Zila, Patna 168894",Thanjavur,858342.0,2024-03-25,Inactive,3.0,872.57
17929886.0,Oscar Parekh,rattatanveer@example.net,917928483913.0,"H.No. 261
Sachar Marg, Visakhapatnam 234841",Salem,356407.0,2023-03-28,New,7.0,744.0
408590.0,Januja Zachariah,nakshsahni@example.net,916303259192.0,"25/639
Chandran Zila
Kozhikode 329055",Jorhat,356268.0,2024-03-11,Regular,17.0,436.74
42797397.0,Banjeet Shanker,upkaar20@example.com,918446664143.0,"83/59, Kanda Ganj
Guna-842560",Jaunpur,518798.0,2023-05-08,Premium,8.0,640.54
58929595.0,Aarush Ratti,emaharaj@example.net,913382161253.0,"H.No. 69, Patil Chowk, Chandigarh 109848",Hubli–Dharwad,349867.0,2024-08-08,Regular,2.0,588.65
41971906.0,Yashica Sankaran,rachita94@example.org,914111236113.0,"H.No. 961
Mukherjee Path, Hazaribagh-823281",Phagwara,595797.0,2024-02-13,Premium,17.0,245.86
80269328.0,Daksha Saxena,xchandran@example.net,919481355985.0,"23
Tripathi Zila, Faridabad 904585",Ambattur,153808.0,2023-05-03,Premium,15.0,976.36
76533277.0,Bakhshi Kuruvilla,muniharshil@example.net,911084917852.0,"40/20
Varty Marg
Ahmedabad 579383",Gangtok,912071.0,2023-10-11,New,16.0,1857.65
50760752.0,Yug Varughese,kapooravi@example.org,916862473368.0,"H.No. 12
Randhawa
Proddatur 807263",Maheshtala,100658.0,2023-03-17,New,14.0,1670.47
83588803.0,Indira Sabharwal,faris26@example.com,914756154232.0,"H.No. 292, D’Alia Ganj
Dewas 344699",Tinsukia,666065.0,2024-07-11,New,4.0,1509.41
30755306.0,Divya Kakar,samakshravel@example.org,918218551992.0,"47/88
Dubey Zila
Ambattur-437317",Bhilwara,523338.0,2024-06-14,Inactive,9.0,555.67
26592009.0,Michael Dhingra,mdasgupta@example.org,918994317959.0,"H.No. 28, Vasa Road
Nagpur 397247",Adoni,16283.0,2023-11-02,Premium,14.0,317.83
32830199.0,Abhimanyu Suri,kalaarya@example.com,916646218510.0,"11/864
Ganesan Nagar
Thoothukudi 654016",Aizawl,531804.0,2024-08-27,Premium,2.0,680.11
99824171.0,Vasatika Ram,tkhare@example.com,912587842615.0,"34/661
Divan Zila
Chandrapur-092281",Thoothukudi,298856.0,2024-04-15,Inactive,1.0,1663.58
61618079.0,Isaac Sunder,maxedwin@example.net,915151568175.0,"97, Sandal Path
Tezpur-513861",Ambala,941949.0,2023-07-14,Inactive,9.0,1191.93
71694275.0,Samarth Wagle,ronith46@example.org,916141888676.0,"61/61, Mukherjee Chowk, Amritsar-381162",Aurangabad,914570.0,2023-06-02,Regular,8.0,476.34
81200164.0,Zehaan Chaudhry,qoza@example.com,913605357175.0,"H.No. 44
Gera Zila, Kottayam-835901",Anantapur,891346.0,2024-08-30,Regular,10.0,337.07
66233704.0,Adya Wason,ibiswas@example.org,911520711439.0,"72/459
Ranganathan
Baranagar 535808",Jorhat,836682.0,2024-05-18,Inactive,7.0,1341.67
66866026.0,Vyanjana Nagi,tellajasmit@example.org,913915253647.0,"02/534
Kale Ganj, Jamnagar-316257",Ahmedabad,410022.0,2023-07-05,Regular,13.0,802.79
86483673.0,Ranveer Ranganathan,yatinthaker@example.org,918882836595.0,"58/697
Zacharia
Tinsukia 392234",Satara,979887.0,2023-08-18,Regular,17.0,682.78
22483684.0,Gautami Dar,vanya27@example.net,910394383371.0,"12/217
Doshi Marg, Nashik 384774",Kirari Suleman Nagar,70737.0,2024-03-05,Regular,20.0,719.77
65368179.0,Ati Iyer,urmisahni@example.org,916668101665.0,"883, Rout Marg
Tezpur-233753",Bokaro,212082.0,2023-10-23,Premium,4.0,1826.72
94430842.0,Pallavi Kothari,nishakhatri@example.net,915406530289.0,"H.No. 11
Bal Nagar, Sri Ganganagar 444163",Jammu,634446.0,2024-03-19,New,5.0,399.54
18940384.0,Anita Sehgal,leela14@example.net,918731423350.0,"34
More Nagar, Cuttack-272219",Sonipat,744492.0,2023-10-08,New,7.0,1068.47
25585013.0,Ishita Amble,baradjanani@example.com,912658217488.0,"24/60, Morar Nagar, Mirzapur 616969",Vasai-Virar,699030.0,2024-05-05,Inactive,18.0,840.15
9314637.0,Aarav Sandal,chakrikasood@example.net,918595330748.0,"42/24, Sagar Ganj
Nandyal-490265",Bhubaneswar,207302.0,2024-07-28,Inactive,15.0,1208.09
92409489.0,Deepa Devi,dhingrachaitaly@example.net,918086554994.0,"H.No. 984, Shere Nagar
Kolkata 345413",Shivpuri,850210.0,2024-04-09,Regular,4.0,1614.57
21425168.0,Gavin Panchal,banjeetchoudhary@example.org,910575864244.0,"14, Salvi Nagar, Giridih 525156",Aligarh,189621.0,2023-08-11,New,5.0,1861.73
11228463.0,Theodore Cherian,oliver85@example.com,918075077633.0,"H.No. 173, Pant Street, Jaipur 419135",Kanpur,834868.0,2023-07-30,Inactive,8.0,1275.97
57642258.0,Gunbir Dutt,pbaria@example.com,914772390454.0,"25, Agarwal, Mumbai-047534",Etawah,558798.0,2024-09-27,Premium,10.0,1174.55
26250082.0,Om Bora,hegdenitara@example.net,918833747830.0,"H.No. 24
Sani Ganj
Burhanpur-998507",Arrah,557458.0,2024-10-24,New,1.0,796.49
34580200.0,Unni Dara,janyamisra@example.org,916863976622.0,"26/93
Hans Ganj
Madurai-579587",Bally,46262.0,2024-06-04,Premium,2.0,1418.51
89531595.0,Balvan Bera,sankaranindali@example.net,914682859844.0,"457, Yohannan Nagar
Bardhaman-370968",Jammu,894540.0,2023-08-13,Regular,6.0,1385.2
72760434.0,Andrew Sibal,abajaj@example.net,915579856116.0,"022, Rana Ganj, Barasat 146414",Kozhikode,330665.0,2024-10-07,Premium,10.0,1843.51
86499778.0,Chakrika Sachar,tejas83@example.net,919998768162.0,"25, Golla Zila
Adoni-109681",Bhilai,967382.0,2023-09-21,Regular,18.0,654.76
41395224.0,Thomas Sarkar,ywali@example.com,910830045833.0,"58/93
Dey Path, Korba 451295",Jalna,171941.0,2024-10-26,Regular,13.0,358.51
21270783.0,Aarna Vig,asrivastava@example.com,916453132564.0,"692
Vala Road
Morena 501812",Bhavnagar,551325.0,2023-05-01,New,3.0,1508.8
68939350.0,Rachita Dhar,nicholas19@example.net,919681602897.0,"H.No. 89, Sunder Zila
Tadipatri 192695",Machilipatnam,156078.0,2023-04-28,Premium,17.0,304.51
14839726.0,Lohit Lanka,faris19@example.org,918537203327.0,"72/674
Bhatnagar Marg, Kochi 818898",Mira-Bhayandar,615732.0,2024-01-24,Regular,10.0,516.19
38808614.0,Xavier Shetty,zbandi@example.net,910270068786.0,"H.No. 13
Agrawal Nagar, Alappuzha-390199",Vijayanagaram,825269.0,2023-06-15,Premium,10.0,340.46
44828791.0,Zansi Panchal,usami@example.com,914772735523.0,"68/389
Desai Zila, Purnia-820691",Khora ,694027.0,2023-06-02,New,18.0,1696.98
1603358.0,Samaksh Randhawa,ubumb@example.com,915833938125.0,"H.No. 78, Palla
Sultan Pur Majra-672854",Gandhinagar,600850.0,2024-06-09,Inactive,5.0,1155.87
31826.0,Ekiya Pau,fbedi@example.com,919364120886.0,"H.No. 336
Lad Zila, Hajipur-409871",Chinsurah,201602.0,2023-11-29,New,18.0,752.78
191616.0,Brijesh Tata,yadavipatla@example.org,918144382068.0,"19/151, Bera Nagar, Surendranagar Dudhrej-068367",Pallavaram,587079.0,2023-04-27,Regular,4.0,1053.7
45546750.0,Mugdha Pandey,panchalharish@example.net,916103840428.0,"26
Verma Zila
Tenali 461865",Madhyamgram,787740.0,2024-10-28,Premium,13.0,1808.6
33675108.0,Yagnesh Patel,fraja@example.org,911694173612.0,"H.No. 105
Thaker Road, Kurnool-283377",Jalgaon,128202.0,2023-12-03,Inactive,20.0,1281.15
98896871.0,Laksh Narula,iverma@example.net,912037294459.0,"H.No. 523, Sani Path, Rampur 258686",Asansol,479606.0,2023-06-06,Regular,5.0,1064.61
644189.0,Tanay Sahni,janya99@example.org,913485618787.0,"H.No. 95
Bhasin Path, Raiganj 351412",Bhopal,899027.0,2023-12-15,Premium,2.0,793.86
21461764.0,Nandini Bassi,yahvi51@example.org,914910458334.0,"H.No. 05, Mohanty Street
Jamalpur 866732",Singrauli,431789.0,2023-04-18,Premium,15.0,1689.46
70170606.0,Edhitha Chhabra,omisha41@example.net,910821956742.0,"25/21, Parmer Ganj
Madurai-341556",Purnia,264083.0,2024-07-11,Premium,19.0,921.51
65782437.0,Geetika Kara,warda03@example.com,919629696556.0,"H.No. 81, Nayar Chowk
Adoni-598184",Haldia,643529.0,2023-04-12,New,4.0,1215.48
37245065.0,Ishani Dhillon,abhiramagate@example.net,919828958601.0,"83, Grover
Raichur 632370",Dibrugarh,796944.0,2024-07-21,Inactive,16.0,1556.07
42012717.0,Edhitha Sahota,georgesami@example.org,913021236686.0,"04/496
Kala Street, Ghaziabad-646233",Jabalpur,831378.0,2023-08-18,Regular,10.0,1030.12
60399360.0,Gavin Solanki,kuruvillachaman@example.net,910146011592.0,"336, Nath, Loni-751166",Jamnagar,624598.0,2024-04-27,Premium,3.0,1757.64
5140660.0,Tripti Loke,anika70@example.com,916100622779.0,"25, Oommen Road, Gandhidham 607310",Akola,164050.0,2023-08-18,Inactive,17.0,908.68
40858753.0,Samaksh Sharma,neel23@example.net,916411803422.0,"59
Kumar Path, Ajmer 208298",Bharatpur,674980.0,2024-05-06,Regular,5.0,1149.5
69219122.0,Varsha Varughese,inayaswaminathan@example.com,917327181780.0,"H.No. 39, Bora Street
Bellary-036992",Pimpri-Chinchwad,579100.0,2024-10-09,Premium,17.0,1177.34
8967266.0,Theodore Bhakta,bhaktayochana@example.com,917689918192.0,"H.No. 90
Naidu Road, Munger 723012",Imphal,58300.0,2024-09-01,Regular,5.0,1164.14
27304727.0,Farhan Patel,daveekavir@example.com,912172076008.0,"51/41
Arora Path, Gopalpur 325615",Tiruvottiyur,372198.0,2024-03-26,Regular,8.0,1675.04
62600289.0,Tanmayi Zachariah,aishanikata@example.net,914705136766.0,"88, Chaudhary Zila, Kalyan-Dombivli 682393",Udaipur,72489.0,2024-02-20,Inactive,10.0,1326.02
50286371.0,Jonathan Zachariah,luke39@example.org,913065429937.0,"H.No. 770
Narasimhan Circle
Ozhukarai 931863",Bangalore,798154.0,2024-01-10,New,3.0,280.77
43799224.0,Vasatika Agate,chandrahemangini@example.net,919118000872.0,"97
Radhakrishnan Chowk, Delhi-697602",Karaikudi,8953.0,2024-06-23,Regular,9.0,1566.49
29431960.0,Jagdish Manda,hredhaan09@example.org,914683221848.0,"954
Misra Marg
Dhule 966285",Etawah,741828.0,2024-02-09,Premium,5.0,1602.35
7076456.0,Upkaar Munshi,onveer31@example.org,914035210960.0,"H.No. 90
Prabhu Nagar
Bhiwandi-896778",Ichalkaranji,726872.0,2024-02-06,Regular,10.0,469.41
43860025.0,Nidhi Baria,wwalia@example.org,918335535451.0,"H.No. 155, Bhargava Chowk, Serampore 694711",Nagpur,394614.0,2023-11-20,Regular,18.0,292.92
74833221.0,Agastya Saran,nde@example.net,917320060961.0,"43, Mane Circle
Kishanganj-282155",Nashik,247247.0,2024-04-28,Regular,1.0,1764.07
13465850.0,Anmol Koshy,nitesh46@example.org,913400835234.0,"H.No. 563, Din Ganj, Aligarh-043634",Danapur,441097.0,2023-09-26,Premium,6.0,1956.03
46541905.0,Arunima Rout,jacobthakur@example.org,918100204926.0,"H.No. 10, Swamy Ganj
Unnao 053101",Udaipur,903499.0,2024-02-06,New,16.0,922.29
21809858.0,Ekansh Seshadri,faqid76@example.org,915264993781.0,"86/52
Kade Street
Pimpri-Chinchwad 444382",Bihar Sharif,146074.0,2023-04-06,Inactive,9.0,1343.53
75928073.0,Harsh Aggarwal,dayamai16@example.com,919146290492.0,"H.No. 73, Ahuja Marg
Motihari-981926",Udupi,442492.0,2023-08-01,Inactive,20.0,1684.84
67538982.0,Upma Salvi,farhanmishra@example.net,915817511922.0,"734
Shetty Circle
Amravati-970918",Shivpuri,230324.0,2023-08-21,Premium,6.0,1257.71
57505804.0,Zinal Padmanabhan,yashodharabhat@example.com,919680388675.0,"71, Yohannan
Shimla 687225",Orai,20322.0,2024-08-25,New,9.0,225.87
88775948.0,Yug Pal,dsankaran@example.com,917873972066.0,"57/17
Chaudry Path
Karawal Nagar 060987",Nagaon,558701.0,2024-06-27,New,19.0,227.1
89704218.0,Harini Ramakrishnan,dateeiravati@example.org,917541455837.0,"H.No. 92
Sura Road, Medininagar 243233",Khora ,706845.0,2023-10-07,Premium,11.0,1029.69
9796585.0,Damini Jha,bhaktaekanta@example.org,919205507273.0,"38/33, Wadhwa Marg, Sambhal-817010",Danapur,253065.0,2023-11-30,Inactive,20.0,1565.31
1497747.0,Nachiket Kalla,solankibarkha@example.org,917538099191.0,"83/053
Deshmukh Road
Amravati-859834",Sangli-Miraj & Kupwad,323849.0,2024-04-11,Inactive,7.0,1241.73
29038113.0,Wridesh Vyas,hamsini20@example.net,910173547629.0,"H.No. 190, Gandhi Path
Phusro 927759",Kalyan-Dombivli,119441.0,2024-06-10,New,18.0,875.32
61182897.0,Yug Dutt,vamakshi57@example.org,917073740149.0,"H.No. 03, Shukla Nagar, Kirari Suleman Nagar 188098",Satara,685609.0,2023-03-28,Regular,15.0,1261.08
15391556.0,Ria Pau,oviya43@example.net,918895879525.0,"51/45
Lanka Path
Panchkula-119503",Nellore,687731.0,2023-10-12,Inactive,16.0,762.73
1529180.0,Darsh Gokhale,randhawaaashi@example.com,912845073428.0,"406
Chanda Chowk
Jalandhar 950864",Bareilly,516534.0,2024-06-07,Inactive,5.0,596.54
32797235.0,Shravya Chandran,bhargavanicholas@example.com,912314097600.0,"H.No. 746, Chaudry Marg
Vadodara-727395",Guntakal,417102.0,2023-11-29,Regular,1.0,1709.96
78158536.0,Yatan Gola,tailoraryan@example.org,913838696631.0,"499
Iyengar Road
Ichalkaranji-651065",Imphal,390560.0,2024-04-07,Premium,16.0,705.47
88779806.0,Ethan Taneja,mohammed37@example.com,914425141669.0,"828, Sahni Nagar, Tenali-855185",Srinagar,651071.0,2023-07-29,Regular,11.0,679.0
93018527.0,Lekha Rout,ibhargava@example.net,917786364533.0,"48, Dugal Chowk, Varanasi-890255",Narasaraopet,722749.0,2024-05-16,New,1.0,913.11
52393801.0,Aarush Roy,hemalkapadia@example.org,913857518200.0,"411
Nori Zila, Giridih 250229",Ranchi,96858.0,2023-03-20,New,2.0,1910.55
70529459.0,Zayyan Parsa,alexanderbajaj@example.org,919342363612.0,"84/461, Ahuja Circle, Nadiad-378990",Pondicherry,829855.0,2023-05-04,Regular,5.0,203.05
48481702.0,Dayita Kothari,upadhyaylohit@example.org,910285913474.0,"14/904, Bal Path
Jehanabad 025610",Shivpuri,351248.0,2024-06-15,Regular,4.0,1209.16
15417130.0,Henry Arora,sanya65@example.com,911452737487.0,"91/48, Sangha Zila
Srikakulam 495855",Indore,866515.0,2024-03-03,New,5.0,1289.29
14705462.0,Nakul Pal,ydevan@example.net,919025613803.0,"64
Goyal Nagar
Sonipat-553665",Bahraich,575946.0,2023-09-24,Premium,2.0,765.18
14944819.0,Triya Patla,fradonarayan@example.net,914477864460.0,"H.No. 214
Barman Road
Mira-Bhayandar-611798",Anand,469217.0,2023-11-24,Premium,14.0,1127.8
89028323.0,Avni Padmanabhan,ekavirbaral@example.net,918793765954.0,"708
Basak Road, Aurangabad-112247",Lucknow,407239.0,2023-09-03,Regular,13.0,1329.47
11775073.0,Keya Ganesan,shethgagan@example.com,912214080783.0,"H.No. 074, Suresh Nagar
Sambalpur 952829",Morbi,836825.0,2023-06-02,Regular,16.0,212.35
54799731.0,Rushil Palan,agatemanya@example.org,916807056894.0,"99/811, Khatri Zila
Bhilwara 448234",Jaipur,387529.0,2023-05-10,Premium,14.0,1150.73
93617659.0,Nikita Ramanathan,arya76@example.net,910665861592.0,"346
Roy
Hyderabad 233989",Nangloi Jat,190336.0,2024-09-21,Regular,11.0,1800.81
45708879.0,Girindra Majumdar,faraj30@example.net,917578551021.0,"716, Kalita Path, Srinagar 803059",Ulhasnagar,25486.0,2024-03-11,Regular,20.0,988.63
62807542.0,Chatura Apte,andrajyoti@example.com,914546734417.0,"H.No. 48
Manda Zila
Mahbubnagar 841942",Patiala,340166.0,2023-03-17,Premium,11.0,524.5
7551173.0,Chandran Sur,wakeetajohal@example.org,918332946262.0,"27
Choudhary Ganj, Bhimavaram 214075",Ghaziabad,306374.0,2023-10-27,New,11.0,1197.58
65815155.0,Amara Palan,diya73@example.org,912982802627.0,"31, Baral Zila
Katni 084466",Bangalore,760332.0,2024-09-10,New,10.0,1963.99
86704661.0,Kamala Chokshi,turvidas@example.net,911010266095.0,"09/68, Brahmbhatt Nagar
Davanagere-527950",Kamarhati,812273.0,2024-03-16,Premium,12.0,1726.51
57896058.0,Samuel Gara,kibechandresh@example.com,912129261611.0,"64/37
Khurana Nagar
Bhiwandi-628111",Begusarai,487693.0,2024-06-23,Regular,8.0,982.05
85519349.0,Harshil Kari,dayalguneet@example.org,919329800177.0,"69/70
Buch Marg
Bareilly 336418",Anand,99406.0,2023-12-07,New,8.0,336.36
66308810.0,Utkarsh Ramaswamy,chadharajata@example.org,918783396194.0,"H.No. 20
Dugar Circle
Bardhaman 787914",Sangli-Miraj & Kupwad,851715.0,2024-05-27,Premium,18.0,1746.8
13130974.0,Divya Garde,varkeyridhi@example.org,913839509399.0,"48/269
Wagle Path
Vellore-094099",Eluru,572919.0,2024-07-31,Inactive,6.0,898.76
8632679.0,Ayaan Bal,baladhruv@example.net,918606048831.0,"25
Baria Marg
Nizamabad 219786",North Dumdum,972354.0,2023-07-20,Regular,16.0,1201.21
91072336.0,Tristan Parmer,abhakhare@example.net,915925237933.0,"85/835, Muni Ganj, Jehanabad-068341",Jaunpur,377289.0,2023-06-07,Premium,3.0,205.59
24633671.0,Manan Buch,vsekhon@example.net,911339516612.0,"52
Puri Nagar
Lucknow-744371",Karnal,99625.0,2024-09-21,New,12.0,1112.03
78254569.0,Theodore Sathe,nathanielgaba@example.net,917994588426.0,"59
Oommen
Faridabad 412726",Kalyan-Dombivli,427888.0,2023-11-30,Regular,8.0,1559.18
60698094.0,Matthew Bhatti,wazir62@example.org,916129508561.0,"H.No. 77, Bahl Nagar, Purnia 411171",Malegaon,108567.0,2024-05-16,New,2.0,1894.4
84257716.0,Yauvani Rajan,kgoda@example.net,915712225977.0,"H.No. 029
Malhotra Ganj, Proddatur 181376",Hazaribagh,653569.0,2023-03-22,New,6.0,1144.61
84929351.0,Charvi Kala,geetika61@example.com,917266341043.0,"H.No. 643
Hayer Road, Saharanpur 338478",Gandhinagar,169345.0,2023-12-07,Regular,14.0,1662.37
48160359.0,Zehaan Sundaram,vparsa@example.com,914950724503.0,"973
Bera Street, Morbi 708221",Karaikudi,324202.0,2024-03-28,Premium,8.0,1485.09
51031122.0,Netra Kashyap,balanwazir@example.net,916851561853.0,"H.No. 50
Venkataraman Ganj
Ongole-304771",Dehradun,437180.0,2023-09-12,Regular,20.0,363.61
3844290.0,Yashawini Thaman,kohliwyatt@example.com,915485602730.0,"H.No. 37, Patla Circle
Madurai 325088",Berhampore,88516.0,2023-10-29,Inactive,2.0,301.73
71643758.0,Lucky Kapoor,thakkarlavanya@example.org,917216338859.0,"869, Ganesh Marg
Kota-097284",Kottayam,445878.0,2024-09-16,Inactive,7.0,780.2
49258916.0,Zehaan Thakur,yash08@example.com,916814722577.0,"42, Mittal Marg
Raiganj-402582",Jaipur,153207.0,2024-04-02,Inactive,16.0,997.43
60379302.0,Raksha Chand,bchar@example.net,910354708884.0,"772, Master Nagar, Belgaum 984907",Patiala,998032.0,2023-07-14,New,7.0,536.98
88873916.0,Daniel Reddy,urmi43@example.net,911623298263.0,"H.No. 63, Sastry Path, Jalgaon 107058",Tirupati,230835.0,2023-09-21,New,16.0,1390.49
65559853.0,Yahvi Bali,tthakur@example.com,910816244708.0,"47
Ahluwalia Path
Bangalore 348145",Kamarhati,160165.0,2024-05-03,Regular,17.0,1734.36
88046313.0,Lila Dube,parth32@example.org,910875198328.0,"33/958
Keer Chowk, South Dumdum-867934",Thane,47308.0,2023-05-29,Premium,6.0,726.67
76987910.0,Oeshi Kannan,manderowen@example.com,910479282436.0,"35
Lad Road, Tenali 343537",Shahjahanpur,847001.0,2024-03-08,Inactive,5.0,728.54
20517871.0,Lavanya Natt,wbhakta@example.org,912431853664.0,"H.No. 74, Sagar Chowk, Ambala 375071",Imphal,796497.0,2023-07-06,Premium,4.0,418.15
26227445.0,Krishna Warrior,ishakara@example.com,913316251669.0,"H.No. 406
Batta Circle, Bikaner-296769",Ghaziabad,632750.0,2024-09-07,Regular,1.0,1030.06
42272393.0,Anya Parmer,dhillonwyatt@example.com,917093981801.0,"81
Srivastava Street, Vellore 246419",Moradabad,915410.0,2023-09-21,New,7.0,1090.31
12574626.0,Nitesh Joshi,cborra@example.net,918382547134.0,"393
Narasimhan Chowk
Satara 333915",Amritsar,409487.0,2024-05-02,Inactive,18.0,852.27
63349378.0,William Sangha,aradhanahalder@example.com,918598411350.0,"13/269
Mohanty Marg, Amaravati 212523",Mango,965143.0,2024-08-01,Regular,14.0,1487.94
88045094.0,Yuvraj Memon,tanveerben@example.com,919809794924.0,"H.No. 188, Khanna Road
Bhilai-902882",Panvel,447280.0,2023-12-16,Premium,4.0,690.13
61226835.0,Owen Soni,varsha95@example.net,913867653257.0,"56
Peri Chowk, Dharmavaram 677538",Kishanganj,458894.0,2023-07-24,Premium,18.0,1491.21
82585664.0,Turvi Parmar,ekanshdevan@example.org,916795181737.0,"02/13
Kalla Zila, Rajahmundry 478484",Ludhiana,678835.0,2023-10-30,Regular,14.0,1511.43
69762479.0,Joshua Banerjee,rohan04@example.org,919789920390.0,"H.No. 52
Ramaswamy Chowk
Madhyamgram 745891",Jamalpur,666332.0,2024-03-25,New,19.0,1766.61
93675757.0,Geetika Mander,cgole@example.com,918688210815.0,"78/349, Som Path
Eluru 767399",Noida,264344.0,2023-11-28,Regular,10.0,665.46
5009458.0,Yasti Choudhary,diyabal@example.com,912821245830.0,"H.No. 14
Yogi Marg, Noida-862686",Thiruvananthapuram,525644.0,2023-08-17,Inactive,7.0,1712.14
59545278.0,Yagnesh Randhawa,chahalaarav@example.org,919373575587.0,"H.No. 56, Nigam Ganj
Panipat 241216",Yamunanagar,270678.0,2024-10-28,New,16.0,430.08
59619739.0,Charan Ramanathan,aryadayal@example.org,917145769343.0,"28/03, Tiwari Chowk
Arrah 002279",Delhi,105428.0,2023-11-12,New,12.0,871.39
9097480.0,Hamsini Verma,vartyekiya@example.org,914481077678.0,"H.No. 67, Salvi Nagar
Ulhasnagar 922156",Bihar Sharif,207496.0,2023-12-21,Premium,18.0,307.65
56195475.0,Falguni Date,sharmaaradhana@example.com,913326874282.0,"94
Venkataraman Ganj, Patiala-174200",Ahmedabad,31357.0,2024-06-25,Regular,18.0,1149.91
45052594.0,Harish Venkatesh,hiteshlanka@example.com,913326351580.0,"46/45
Banik Marg, Madurai-527305",Aligarh,740540.0,2024-06-03,New,19.0,859.59
24517523.0,Mohini Pillai,edyal@example.com,910303345372.0,"669
Vala, Tiruppur-864320",Tirunelveli,786498.0,2023-11-12,Premium,14.0,361.29
97111069.0,Megha Hora,inaya49@example.com,918549511420.0,"839, Bhatti Ganj, Saharanpur 068437",North Dumdum,143574.0,2024-02-16,Inactive,10.0,1898.27
88299992.0,Laban Bandi,ikrish@example.org,916044493843.0,"56/317, Sanghvi
Unnao 580760",Firozabad,943812.0,2024-05-17,Premium,6.0,1524.68
60757351.0,Naksh Sule,frederickkunda@example.org,915063987921.0,"994, Ramanathan Chowk, Davanagere 176352",Salem,411662.0,2024-05-15,Premium,3.0,1099.62
14161586.0,Aachal Nazareth,aadhya71@example.org,919346916511.0,"903
Bajaj Chowk, Jaunpur-242237",Bettiah,585408.0,2023-06-14,Premium,11.0,353.97
35133191.0,Ojasvi Sha,vrittinanda@example.org,913575822397.0,"09/440, Chandra Ganj
Bhalswa Jahangir Pur 958886",Loni,791176.0,2024-10-22,Regular,14.0,406.21
56480776.0,Matthew Parsa,sagate@example.com,914677889908.0,"41/331
Manne Zila
Jamalpur-589262",Udaipur,573808.0,2024-03-17,Regular,8.0,1401.79
31000129.0,Lohit Kaur,siddharth81@example.net,913242653438.0,"448, Rajagopal Ganj
Bhubaneswar-587599",Raichur,396599.0,2024-03-29,Premium,18.0,1120.64
18113428.0,Dominic Goda,tagarwal@example.net,918429538882.0,"H.No. 104
Morar Zila
Rajpur Sonarpur 068813",Rajkot,803574.0,2023-09-15,Regular,7.0,255.73
56250563.0,Anthony Tara,tnagarajan@example.com,911199558345.0,"H.No. 220, Brahmbhatt Marg, Gulbarga-331993",Jabalpur,202458.0,2023-09-02,Premium,20.0,733.3
96253172.0,Zarna Mammen,patilnachiket@example.com,919987789256.0,"357, Chaudhry Chowk
Danapur-617891",Berhampur,238657.0,2023-08-08,Inactive,1.0,475.19
83023956.0,Lopa Kalita,qbehl@example.org,912642335228.0,"33, Narasimhan Marg
Bhiwandi 462997",Nanded,313936.0,2023-09-01,Regular,12.0,1551.29
19080489.0,Reva Sha,zchad@example.com,916132888081.0,"70/24
Dhaliwal Zila, Faridabad 141190",Jalandhar,236035.0,2023-03-30,Regular,9.0,578.21
899941.0,Lopa Venkataraman,gavinchoudhary@example.org,919236408026.0,"H.No. 780, Oommen Chowk
Satna 564861",Sambhal,12225.0,2024-06-25,Premium,18.0,1202.35
51014003.0,Matthew Swaminathan,sanayathakur@example.net,917181387848.0,"40
Misra Chowk
Khora -190990",Giridih,37529.0,2023-12-16,Regular,14.0,393.06
55971849.0,Orinder Joshi,anamikasuri@example.org,910114010006.0,"962, Ganesh Nagar, Kota-336060",Rewa,920798.0,2024-04-05,Regular,3.0,490.69
45314389.0,Amaira Subramanian,mandatanveer@example.org,919944567893.0,"44/036, Peri Marg
Shivpuri 138223",Ajmer,266618.0,2023-03-26,New,17.0,939.35
65426878.0,Frado Warrior,lekhagoyal@example.com,910320008416.0,"H.No. 703, Tiwari Chowk
Pune-712696",Nagpur,585704.0,2023-04-04,Regular,11.0,1879.31
8651281.0,Jonathan Seshadri,chaudharyonveer@example.com,912420030760.0,"50/38
Parekh Nagar, Secunderabad 882117",Ranchi,173317.0,2024-10-20,Premium,14.0,1516.13
69353754.0,Brijesh Choudhary,aishanishanker@example.com,917678552679.0,"47/829, Sura Zila
Shimla 071733",Medininagar,818142.0,2024-01-24,Premium,8.0,1154.09
84119685.0,Harish Aurora,csem@example.com,912004888288.0,"75/48, Sachdeva Ganj, Maheshtala-830521",Sambhal,487548.0,2023-06-09,Inactive,4.0,1623.47
60656482.0,Rajata Purohit,jack16@example.net,915477009670.0,"23/797, Mammen Zila, Hazaribagh 152040",Haldia,745064.0,2023-10-31,Inactive,12.0,627.69
54952806.0,Manya Kohli,vchatterjee@example.net,913672212180.0,"89/53, Vyas Zila
Madhyamgram 137643",Coimbatore,592310.0,2023-05-04,Regular,1.0,1142.91
58644651.0,Gaurangi Vala,mohantyidika@example.net,910246397265.0,"69, Nayak Path
Thanjavur-153372",Secunderabad,274378.0,2024-05-10,New,13.0,646.92
35690581.0,Sachi Jani,janyabadami@example.com,910790598170.0,"H.No. 08, Setty, Raipur 629247",Gorakhpur,538003.0,2023-04-12,Inactive,15.0,1603.16
80850753.0,Gautami Rai,anirudh54@example.com,910381254916.0,"83/135
Balan Path, Hyderabad 383012",Thane,717111.0,2023-12-15,Premium,6.0,1695.68
29653387.0,Aradhana Rout,fitannadig@example.net,919575514954.0,"H.No. 02
Dutt Road
Davanagere-916145",Malda,599799.0,2024-04-26,New,12.0,519.73
47295676.0,Neel Sandhu,kadelopa@example.net,912373239174.0,"91, Gulati Street
Ghaziabad-764436",Bhopal,468224.0,2024-06-02,New,2.0,1758.3
30900441.0,Omaja Misra,badamiaarnav@example.org,912015902923.0,"H.No. 451, Bahri Marg
Bijapur-550836",Khora ,130415.0,2024-07-25,New,18.0,1509.24
43980719.0,Unni Pillai,advayamble@example.org,917194708415.0,"22/693, Chopra Marg
Ludhiana 100252",Kalyan-Dombivli,919813.0,2024-03-04,New,13.0,785.19
96001315.0,Jhalak Naidu,charles11@example.net,915040462753.0,"47/342, Bahl, Pune-221043",Bihar Sharif,429696.0,2024-02-15,Inactive,19.0,1628.45
5716817.0,Xalak Master,pandeyadvik@example.com,910206300476.0,"H.No. 47
Saran Ganj
Shimoga-583550",Aurangabad,378247.0,2024-03-11,Inactive,3.0,1607.05
33658749.0,Anjali Varty,bedidalbir@example.org,918590440985.0,"H.No. 37
Wagle Marg
Bongaigaon 438069",Ahmednagar,877365.0,2024-03-11,Inactive,6.0,547.78
63661771.0,Peter Mitra,ilad@example.net,917572657974.0,"99/47
Bandi Road, Baranagar 694613",Karnal,497779.0,2023-12-29,Inactive,13.0,1536.01
71767248.0,Shivani Khurana,nazarethraagini@example.net,918036828655.0,"15/73
Bail Path, Hapur 816836",Jalandhar,966465.0,2024-11-01,New,4.0,719.47
72675976.0,Kavya Pingle,sodhiadvaith@example.org,915715756353.0,"48
Oak Nagar, Ambattur 725012",Bhusawal,99296.0,2024-07-15,Premium,14.0,710.18
81994445.0,Imaran Jha,maanav88@example.net,918690124658.0,"H.No. 088, Lad Circle
Rohtak-890599",Kalyan-Dombivli,976412.0,2024-08-01,Premium,2.0,1391.12
54145987.0,Rushil Yadav,ethakkar@example.com,919425054117.0,"86/834
Kant Circle
Ludhiana 777242",Agartala,697253.0,2023-10-03,Premium,6.0,899.69
16485871.0,Chaman Kota,pillaijanaki@example.org,911150504497.0,"90/64
Sibal Chowk, Saharsa-081703",Salem,105468.0,2024-06-25,Premium,6.0,1805.76
43243913.0,Rushil Iyer,zkrishnan@example.net,916784121315.0,"68
Deep Road, Bhilai 520000",Jehanabad,602923.0,2024-05-11,Regular,4.0,1897.16
19741509.0,Michael Vohra,choudhuryalka@example.org,911109947941.0,"88/20, Manne Path
Arrah 855340",Vellore,19974.0,2024-03-11,Regular,3.0,949.01
98540377.0,Brinda Datta,nidra84@example.net,918292080542.0,"43, Palan Marg
Vasai-Virar 928946",Unnao,713632.0,2023-09-15,Regular,16.0,525.07
88843865.0,Mitesh Chaudry,jkalla@example.com,913963407487.0,"49, Sehgal Road, North Dumdum 478645",Srinagar,281457.0,2023-10-01,Regular,19.0,1230.62
50045027.0,Yashvi Bajaj,yoshitanarang@example.org,918338846104.0,"69/68, Dube Path
Agartala-951262",Sagar,679096.0,2023-07-06,Regular,7.0,1570.95
59840071.0,Vihaan Chokshi,fiyaz21@example.net,912497383121.0,"49/74
Vora Circle
Pondicherry-613521",Deoghar,628916.0,2023-06-06,Inactive,19.0,1796.24
51547198.0,Kashvi Date,saksham00@example.org,915490690662.0,"046
Minhas, Gurgaon 806600",Agartala,730715.0,2024-08-04,Premium,19.0,750.81
53624677.0,Varenya Ganesh,beraaarav@example.org,914260566556.0,"H.No. 629
Shroff Nagar
Lucknow 170677",Udaipur,488900.0,2023-12-21,New,10.0,332.4
93122847.0,Nachiket Sangha,ssabharwal@example.org,918977946119.0,"748
Kadakia Road
Thiruvananthapuram-244661",Ludhiana,537237.0,2024-09-15,Regular,12.0,1886.44
62971413.0,Baljiwan Agrawal,zayanmenon@example.org,916320225850.0,"145
Roy Ganj
Madhyamgram 070455",Amritsar,853732.0,2023-10-02,Inactive,18.0,835.09
73933840.0,Amara Gill,radhachand@example.net,919395213755.0,"39/48
Bhatt Marg
Maheshtala-742358",Raiganj,664697.0,2024-03-12,Regular,10.0,1339.52
80759416.0,Pavani Prabhakar,borratarak@example.com,919907305888.0,"22/739
Vohra Road
Durg-638372",Junagadh,680825.0,2024-02-11,Premium,5.0,1637.85
96042320.0,Jagdish Ray,jgoda@example.com,916235443268.0,"33, Pant Circle, Hospet-853723",Nagaon,698003.0,2023-12-02,New,20.0,1164.38
76970363.0,Hardik Andra,raagini33@example.org,915556845623.0,"62/58, Vora Road, Narasaraopet 721712",Firozabad,826966.0,2023-12-28,Regular,14.0,1237.8
84993732.0,Henry Modi,sampathyashodhara@example.com,919708270797.0,"026, Palla Ganj
Ramgarh 353867",Aligarh,170772.0,2024-09-17,Regular,1.0,1585.03
30823988.0,Owen Sangha,ladlimisra@example.org,918027678242.0,"58
Bhardwaj Circle
Raipur 307531",Deoghar,787767.0,2024-03-25,Premium,9.0,1525.85
86226771.0,Theodore Rao,balvansha@example.net,915537458993.0,"49/361, Sur Chowk
Bathinda 711928",Shivpuri,411235.0,2024-08-17,Premium,4.0,1062.39
10048910.0,Pratyush Sawhney,bhavyabuch@example.com,918577787386.0,"24
Raja Circle, Sonipat-603340",Kozhikode,826123.0,2023-09-25,New,15.0,875.32
18935489.0,Krishna Dugal,seshadriekaja@example.net,911511845392.0,"30/94, Bora Road, Pune 320103",Tezpur,781987.0,2024-06-15,New,8.0,1957.21
61763552.0,Gopal Parikh,quincykanda@example.net,912838620994.0,"H.No. 63, Pau Nagar
Erode-421681",Panihati,82019.0,2023-05-22,Inactive,5.0,241.81
88346104.0,Lakshit Hari,troy@example.net,915042749936.0,"H.No. 377, Agrawal Marg
Jhansi-922863",Udaipur,758.0,2024-03-19,Regular,17.0,1205.49
33651554.0,Madhav Sridhar,ishababu@example.org,918485234953.0,"25/998, Date Marg
Amroha 740213",Saharsa,202775.0,2024-09-06,New,18.0,697.13
39140039.0,Upasna Naidu,nathaniel57@example.org,917392142715.0,"84
Varughese Chowk, Kolkata 159107",Madhyamgram,316077.0,2023-11-19,New,18.0,1504.96
50080663.0,Adweta Bumb,tandonbina@example.net,919210267702.0,"H.No. 66, Apte Circle
Thanjavur 408860",Morbi,585542.0,2024-10-06,Inactive,10.0,543.84
40643232.0,Falguni Chand,rajeshri70@example.com,912894203558.0,"43, Dora Road
Dhanbad 332848",Salem,249528.0,2023-04-12,Regular,4.0,1374.71
82134278.0,Jeremiah Jha,ekanimorar@example.net,911559303814.0,"13, Bahl Marg, South Dumdum 584867",Coimbatore,897757.0,2023-10-07,Premium,4.0,294.2
35705377.0,Wahab Bobal,ybajaj@example.net,916852008649.0,"H.No. 592, Gour Marg
Bettiah-550001",Tumkur,31549.0,2023-04-26,Regular,8.0,1250.37
11503405.0,Damyanti Dua,dipta25@example.net,918136743942.0,"H.No. 18, Kuruvilla Chowk
Kamarhati 188062",Amritsar,430592.0,2024-01-14,Regular,11.0,1658.1
4988545.0,Prisha Jha,urvibuch@example.net,915879557112.0,"82/952, Behl Street
Sikar 557241",Anantapuram,576389.0,2023-04-06,Regular,10.0,1251.78
4545935.0,Aayush Ahluwalia,jagdish37@example.org,910925597899.0,"42, Bajwa Road, Nadiad-839395",Warangal,731038.0,2024-08-06,Regular,7.0,1931.1
46148283.0,Kamya Mander,taurora@example.com,915658673538.0,"688, Joshi Nagar
Korba-886183",Kalyan-Dombivli,167549.0,2023-10-07,New,11.0,506.68
29324437.0,Radhika Bains,nram@example.org,918868584547.0,"830
Nagar Zila, Buxar 534238",Nanded,869550.0,2024-08-19,Premium,11.0,1915.27
48730063.0,Jatin Dua,sethiojas@example.org,916363756151.0,"H.No. 50, Contractor
Ambattur 379240",Farrukhabad,949389.0,2024-04-03,New,19.0,1497.71
70608515.0,Aashi Behl,jaingarima@example.org,915323777280.0,"H.No. 43
Mani Street
Katni-561753",Belgaum,962036.0,2024-07-13,Inactive,4.0,1601.81
32003512.0,Advaith Sarkar,bordemadhav@example.org,919872979268.0,"29/70
Kashyap Circle
Sagar 543324",Sasaram,476326.0,2024-10-18,Premium,4.0,1863.05
96989204.0,Nimrat Kalita,yparsa@example.net,913492728081.0,"46/171, Mangat Road
Maheshtala 453232",Deoghar,952634.0,2024-06-24,Regular,5.0,1844.33
4789829.0,Balvan Shah,fbala@example.net,911177117983.0,"H.No. 65, Gill Circle, Sambhal-800756",Rourkela,313467.0,2024-11-02,Regular,6.0,229.76
15733078.0,Ekanta Shukla,ychoudhry@example.net,914020160261.0,"H.No. 731
Nazareth Zila, Navi Mumbai-187154",Phagwara,214451.0,2023-08-10,Regular,1.0,1152.95
48158494.0,Hamsini Choudhury,wmagar@example.net,910183848602.0,"23/254, Ram Street
Avadi 502744",Kishanganj,179510.0,2024-04-30,Inactive,13.0,1787.2
12272282.0,Dev Bal,vbansal@example.com,916009338123.0,"H.No. 79, Mody Ganj, Noida-764569",Sikar,555117.0,2023-04-09,Regular,20.0,1750.74
13265605.0,Yatin Krishnamurthy,chadaliam@example.net,914295848160.0,"47/114
Borra Chowk, Ujjain 957580",Kollam,737341.0,2024-11-04,Premium,3.0,1086.89
80696046.0,Avni Trivedi,idayal@example.net,917304164202.0,"20/397, Karpe Nagar, Bangalore 371675",Agartala,977594.0,2023-11-08,Inactive,11.0,623.23
87266831.0,Indira Palan,vanshachaudhari@example.net,913719131231.0,"193
Sekhon Circle
Kurnool-966962",Mirzapur,336427.0,2024-09-29,New,17.0,276.09
90346920.0,Idika Acharya,chaitanyatiwari@example.net,914352548819.0,"H.No. 237, Srinivas Street, Danapur 180940",Satara,677618.0,2024-09-14,New,1.0,738.13
93938425.0,Darpan Goyal,nitaratara@example.net,918102872624.0,"64, Borra Chowk
Gandhidham-484636",Nagercoil,553703.0,2024-04-19,Regular,10.0,1735.57
89699655.0,Om Chadha,bhavanisarna@example.net,910066378113.0,"49, Shroff Chowk
Haldia-909999",Darbhanga,340363.0,2024-02-04,Inactive,4.0,1134.64
87654461.0,Maya Amble,kalpit11@example.com,910136137051.0,"656
Wable Circle
Silchar 815805",Sambhal,394842.0,2023-09-01,Inactive,2.0,1720.18
79944855.0,Anay Natarajan,falanissac@example.org,918271938976.0,"59/952
Mody Road
Pali 876975",Indore,203524.0,2024-10-31,Regular,6.0,1440.06
49617892.0,Dayamai Parmer,finn87@example.com,916904689862.0,"H.No. 022
Sankar Circle
Pudukkottai 520782",Orai,113196.0,2024-02-21,New,19.0,1894.61
74230420.0,Ati Choudhry,ronith00@example.com,919191873192.0,"399, Chahal Path, Bettiah-108157",Mathura,421244.0,2024-03-26,Regular,17.0,1315.38
66629497.0,Widisha Kaur,vihaanchanda@example.org,913282859116.0,"H.No. 67, Basu Chowk, Deoghar-929341",Vellore,229594.0,2023-04-26,Regular,7.0,1994.7
43256928.0,Gaurav Bhardwaj,okamdar@example.com,913712708951.0,"36/809
Sastry Circle
Kumbakonam-107839",Baranagar,131278.0,2023-08-14,Inactive,19.0,1984.5
59345983.0,Liam Sagar,ladsimon@example.net,911600649545.0,"61/71
Balan Nagar
Guwahati 334509",Saharanpur,992566.0,2023-06-25,Regular,8.0,1375.29
88252625.0,Kritika Jha,tripathibhavya@example.net,919044491356.0,"51
Rajagopal Nagar
Pali 404029",Shivpuri,22342.0,2024-02-27,New,15.0,422.31
14275043.0,Tanvi Lala,oscar88@example.net,914983571185.0,"924
Raval Street, Aligarh-564503",Bhilwara,576267.0,2024-01-25,New,19.0,1415.88
64489709.0,Ekavir Kade,qasimganguly@example.net,915849794499.0,"413
Ahluwalia Zila
Ludhiana 958493",North Dumdum,300054.0,2024-04-22,Premium,2.0,1435.66
59815512.0,Teerth Seshadri,jeet97@example.com,911858634888.0,"H.No. 57, Bains Street
Dewas-995261",Jalna,92916.0,2023-11-11,Regular,16.0,1022.99
73377004.0,Dayamai Borah,gdhar@example.com,912623719552.0,"H.No. 55
Rau Chowk, Bhind 883639",Delhi,989634.0,2023-09-11,Regular,4.0,438.31
74761384.0,Banjeet Gara,zpau@example.net,910532541646.0,"202, Setty Nagar
Mangalore-791101",Nadiad,751611.0,2024-10-27,Premium,12.0,1550.37
79257353.0,Tanvi Wagle,duttijaya@example.net,912256866440.0,"82, Shroff Street, Pondicherry-654693",Jaunpur,524267.0,2023-09-24,New,6.0,291.96
17159117.0,Tripti Bassi,vinayaganguly@example.net,917142993879.0,"28
Venkataraman, Silchar 532742",Karawal Nagar,778786.0,2024-05-21,Premium,1.0,336.26
95912198.0,Bhavna Gara,zwagle@example.com,910358713596.0,"28/51, Balan Path
Agra-216895",Anantapuram,543627.0,2024-04-05,Inactive,12.0,1065.72
88215615.0,Falan Dar,pushtitank@example.org,917047453272.0,"011, Kala Street, Bhind 443656",Bongaigaon,542991.0,2023-05-16,New,14.0,1520.12
49756591.0,Madhav Murthy,jai91@example.org,915119861073.0,"853, Date Nagar, Bongaigaon 192745",Miryalaguda,796425.0,2024-04-17,Inactive,20.0,745.4
50650215.0,Isaac Samra,aashi06@example.net,914073322680.0,"H.No. 68, Bajaj Road
Dehri 969139",Pimpri-Chinchwad,550671.0,2023-11-16,New,12.0,1474.41
32500305.0,Ridhi Khatri,anthonydey@example.net,914334213807.0,"825
Arya Street
Deoghar 673152",Orai,277971.0,2024-06-09,New,5.0,362.53
42723554.0,Pranit Wagle,bordeorinder@example.net,912996764921.0,"29/952, Kanda Circle, Nagaon 965580",Gandhinagar,41927.0,2023-05-21,Regular,10.0,731.97
1491857.0,Naveen Balakrishnan,xuppal@example.net,913875475048.0,"21/938, Ravel Street, Gurgaon 597187",Morena,260718.0,2024-06-05,Premium,9.0,855.24
81229704.0,Vamakshi Hari,jason27@example.org,919979249916.0,"82/551
Mann Chowk
Burhanpur 650361",Noida,89095.0,2024-03-22,Premium,10.0,429.04
70966268.0,Odika Mahal,vasanaram@example.com,919037595985.0,"H.No. 60
Brahmbhatt Nagar, Bharatpur 479957",Arrah,757376.0,2023-10-03,New,15.0,541.94
97182359.0,Rayaan Viswanathan,psarkar@example.org,911956397094.0,"252, Goyal Nagar
Bangalore 368073",Morbi,867805.0,2024-01-22,New,15.0,550.41
46675763.0,Tanmayi Ramaswamy,bakshigavin@example.net,917236463232.0,"929
Chaudhry
Ballia 919826",Katihar,745005.0,2023-08-15,New,19.0,737.08
51034600.0,Ubika Borah,gandhijanaki@example.org,916760293156.0,"29/54
Sampath Path, Sasaram 799764",Bhilai,647372.0,2023-04-25,Inactive,2.0,1574.01
76512976.0,Yashica Pathak,baradlajita@example.com,910178223956.0,"26/72, Sama Chowk
Aligarh 358311",Belgaum,874947.0,2024-07-27,New,5.0,279.89
119099.0,Zansi Parsa,neha08@example.com,912032907631.0,"H.No. 40, Gopal Ganj, Bidar 854350",Kavali,692517.0,2023-08-01,Inactive,20.0,637.35
84850688.0,Atharv Nagar,gunbir72@example.org,915544336775.0,"97/84
Dhillon Road
Rohtak-144867",Barasat,244403.0,2024-09-20,Inactive,3.0,1862.3
95971469.0,Rachit Parikh,ryansinghal@example.net,917862505672.0,"82/278
Gokhale Circle, Ghaziabad 086484",Chapra,609861.0,2024-09-09,New,7.0,1060.59
28413467.0,Leena Mane,kandachakradhar@example.org,910987770255.0,"45
Saini, Kumbakonam-396116",Kolhapur,541139.0,2024-07-24,New,16.0,1451.81
45071436.0,Gaurang Ratta,shethbhavini@example.org,911932819615.0,"092, Narain Street, Kolhapur-916800",Tadepalligudem,311644.0,2024-10-11,Inactive,9.0,807.66
99734256.0,Ishwar Nair,ambleira@example.com,916815943299.0,"20/227, Sant Nagar
Danapur-130747",Ratlam,477588.0,2024-06-04,Premium,1.0,301.12
14472401.0,Ayaan Rege,dubeyekanta@example.com,913958916797.0,"625, Atwal Street
Pudukkottai-889365",Thiruvananthapuram,481131.0,2024-04-30,Regular,1.0,208.09
4606533.0,Anusha Bhagat,triya55@example.org,917200860742.0,"14
Bhagat Path
Shivpuri 856011",Rajpur Sonarpur,696982.0,2024-07-30,Premium,11.0,704.14
32426778.0,Falguni Kapadia,jdivan@example.net,917300449566.0,"H.No. 55
Khatri Circle, Jalna 323326",Naihati,484917.0,2024-05-27,Inactive,14.0,304.06
63802820.0,Netra Yohannan,liamagarwal@example.com,913941027748.0,"34
Konda Nagar
Bhiwani 471037",Orai,743207.0,2023-11-23,Regular,6.0,1887.52
24988999.0,Yashawini Goyal,suhani03@example.com,915023212676.0,"79
Bobal, Jaunpur 969256",Raiganj,72237.0,2024-05-12,Regular,6.0,1748.52
77497950.0,Omkaar Varughese,ayushmanpandya@example.com,913539859254.0,"28, Sundaram Chowk
Malda-158069",Kolkata,579158.0,2023-05-14,New,7.0,1852.77
16424635.0,Fitan Kade,schoudhary@example.net,917981661226.0,"027, Kala Path, Kollam-055443",Mirzapur,607949.0,2024-10-01,Premium,13.0,1135.26
93127511.0,Warinder Chandran,reyansh94@example.com,912002044353.0,"H.No. 11, Mahajan Zila, Madhyamgram-787487",Bijapur,850740.0,2023-08-27,Inactive,7.0,453.17
88434834.0,Chandresh Pingle,dayita84@example.net,914549013650.0,"12, Manda Path, Rajkot-918686",Ambarnath,852789.0,2023-10-25,Premium,19.0,1484.9
88067569.0,Aayush Sengupta,lekha10@example.com,913367647372.0,"20/47
Ratta Chowk, Sonipat-022522",Gaya,288459.0,2023-12-25,Premium,5.0,273.38
86294036.0,Chatresh Rajagopalan,harshilbansal@example.org,917097259617.0,"11
Sarraf
Bahraich 857642",Arrah,824264.0,2023-07-13,Inactive,13.0,1311.81
57331847.0,Jack Kamdar,yatan68@example.net,918287234098.0,"96/303, Ghose Marg, Bhimavaram-097271",Amravati,67085.0,2023-09-19,Regular,5.0,752.87
45586151.0,Pallavi Ram,ishroff@example.org,910115424009.0,"H.No. 522, Ray Street, Mahbubnagar-522739",Saharsa,488450.0,2023-11-25,Regular,11.0,266.65
11389698.0,Chameli Grover,wmohan@example.org,912844711197.0,"190
Palla Zila, Orai 695509",Jammu,153911.0,2023-06-08,Premium,14.0,1907.68
95018817.0,Ucchal Bajaj,vpathak@example.net,917965454166.0,"H.No. 69
Sankaran Marg
Adoni 056161",North Dumdum,112162.0,2024-06-04,Inactive,19.0,466.48
29415527.0,Abha Behl,yastidin@example.net,915501942609.0,"13/08
Toor Circle
Dindigul-600955",Pudukkottai,675974.0,2024-04-22,Regular,11.0,498.21
64932019.0,Ekiya Babu,chanchalmaharaj@example.org,918389993827.0,"336
Sandhu, Thanjavur 759771",Hindupur,936998.0,2023-10-09,Premium,6.0,1022.98
48418662.0,Matthew Joshi,rattanhamsini@example.net,919709891239.0,"H.No. 465, Vala Zila, Indore-145041",Machilipatnam,124809.0,2024-06-21,Premium,12.0,1479.93
66485571.0,Anthony Pall,sastryyug@example.com,913392530795.0,"H.No. 478
Pau Chowk
Rampur 353285",Ratlam,618561.0,2023-09-15,Inactive,2.0,1055.17
85658166.0,Faraj Krish,parikhcharvi@example.org,911072687845.0,"H.No. 13, Bumb Road, Bharatpur-659171",Thrissur,74399.0,2024-05-04,New,11.0,1326.65
20625627.0,Hredhaan Prasad,ishanvi25@example.com,910233893926.0,"274, Chopra Circle
Jammu 166527",Amritsar,598993.0,2024-08-10,Premium,11.0,718.1
72942753.0,Alka Pal,fvig@example.com,911883350065.0,"008
Bhattacharyya Road, Dewas 414364",Gurgaon,484481.0,2024-09-09,Regular,5.0,664.01
1624115.0,Saksham Atwal,meghaatwal@example.org,912435381855.0,"445, Pai
Haldia 442073",Kochi,487872.0,2023-10-26,New,2.0,331.1
82918668.0,Harita Nagy,shahadvaith@example.com,915965284189.0,"78
Chanda Nagar, Gaya-166936",Gudivada,244426.0,2024-08-08,Regular,18.0,1941.44
85006599.0,Siddharth Krishna,farya@example.net,913616527604.0,"86, Amble Marg, Raiganj 373001",Shimoga,664694.0,2024-01-17,Inactive,13.0,1630.44
73727901.0,Chanakya Khatri,azad52@example.net,911570178887.0,"68/982
Desai Road
Anantapuram 384618",Solapur,164307.0,2024-05-27,Premium,15.0,1299.49
53636086.0,Max Nadkarni,kumersiya@example.org,915300023531.0,"25/86
Kata Zila
Howrah 811775",Bally,342729.0,2023-11-07,Premium,20.0,1238.26
79076101.0,Maanav Gaba,vasatikachoudhry@example.org,919414325566.0,"52/93
Deep Circle
Uluberia-405552",Ujjain,998849.0,2024-01-15,Premium,2.0,870.19
65660660.0,Arya Sodhi,devika25@example.net,914142797783.0,"H.No. 995
Srivastava Street
Vijayanagaram-618080",Gangtok,994735.0,2023-08-04,Regular,12.0,749.66
64162093.0,Nakul Mall,sbarman@example.net,914593573538.0,"42/193
Subramaniam Circle
Sultan Pur Majra-294414",Korba,818200.0,2024-04-22,Premium,6.0,413.3
91243571.0,Ojas Deep,yashoda19@example.net,917253789225.0,"52/967
Pandey, Amravati-615769",Navi Mumbai,937863.0,2023-12-15,Inactive,12.0,1569.19
22133362.0,Samesh Dixit,raaginiramanathan@example.org,918553449011.0,"62/795
Bhalla Chowk, Bulandshahr 310111",Anantapuram,633882.0,2024-08-31,Inactive,18.0,482.2
49915498.0,Harini Mangal,aahana49@example.com,910459948075.0,"H.No. 932
Baral Road
Katni 070915",Jalandhar,107053.0,2023-05-19,Premium,2.0,950.88
38018949.0,Jeet Pandey,irya08@example.net,915665475060.0,"584
Loke Path
Thiruvananthapuram-323286",Farrukhabad,305457.0,2024-09-04,Premium,17.0,1873.34
93321933.0,Xalak Sangha,wallawahab@example.net,915009857342.0,"800
Sura Marg
Darbhanga 901631",Ozhukarai,381931.0,2024-03-17,Inactive,10.0,566.42
10508763.0,Anamika Issac,lbahri@example.org,912691240598.0,"H.No. 79
Mann Marg, Nadiad-252402",Ratlam,489551.0,2023-12-14,Premium,6.0,992.26
37362180.0,Praneel Mangat,pben@example.com,912893628900.0,"28/28, Sandal Marg, Purnia-889918",Visakhapatnam,826795.0,2023-08-17,Regular,11.0,1638.66
8881320.0,Tanmayi Sem,jsahota@example.com,917612486904.0,"H.No. 516
Basu Path, Bahraich-594933",Uluberia,108657.0,2024-10-24,Regular,7.0,1268.54
25447967.0,Udyati Sani,fsaha@example.com,919245174613.0,"H.No. 20, Handa Road, Avadi-342441",Rajkot,32438.0,2023-09-04,Regular,18.0,876.56
64197854.0,Krishna Ramanathan,bina08@example.com,910150876296.0,"391, Kunda Chowk, Pune 550785",Bellary,265134.0,2023-10-28,Regular,17.0,1231.67
34074184.0,Nakul Din,rajagopalisha@example.com,916344120128.0,"22/51
Nagy Nagar, Kolkata-282673",Bangalore,401130.0,2024-03-30,New,18.0,1988.77
95873651.0,Shivani Divan,matthewbal@example.org,919844424826.0,"836, Seshadri Road, Khammam-540650",Ballia,584545.0,2024-06-02,Inactive,14.0,536.02
90150193.0,Advik Rajan,siya35@example.com,911865056144.0,"H.No. 129, Baral Zila, Amritsar-828766",Buxar,665407.0,2023-07-14,Inactive,18.0,783.69
39717448.0,Om Korpal,ssaraf@example.com,912595402637.0,"50/800, Dara Road, Kolkata-183546",Jorhat,549114.0,2023-06-10,New,1.0,210.18
63948546.0,Samesh Dass,prabhuforum@example.com,918287414920.0,"H.No. 129, Banik Nagar, Kolkata-261584",Bhubaneswar,524266.0,2024-01-18,Regular,20.0,1745.12
9900288.0,Jasmit Pall,waidarau@example.org,911752527726.0,"84/431, Sidhu Chowk, Bardhaman 485811",Gulbarga,536115.0,2024-01-09,Regular,10.0,1315.84
38496400.0,Dhruv Bakshi,mohinibhargava@example.com,919353152162.0,"H.No. 60
Yogi Path
Salem 323686",Bathinda,939391.0,2024-03-25,Premium,11.0,1402.36
27692428.0,Warjas Tara,akshaydeshmukh@example.com,912462598771.0,"859, Kumar Nagar, Chittoor-489508",Chennai,691326.0,2024-05-29,Regular,11.0,1889.95
65903057.0,Krishna Shroff,anthonyparsa@example.org,913179239267.0,"64/68, Sridhar Circle, Bhubaneswar 362647",Uluberia,847572.0,2023-04-13,Regular,14.0,1181.71
43990799.0,Indrajit Singh,raghav41@example.org,917481211085.0,"H.No. 916
Hans Marg
Hubli–Dharwad-389409",Dindigul,282157.0,2024-02-04,Regular,6.0,495.41
42208242.0,Farhan Tata,dlal@example.org,910990228487.0,"73/63, Lalla Path
Firozabad 862928",Danapur,518443.0,2023-11-19,Regular,19.0,1222.25
44776601.0,Krisha Sood,dugalgayathri@example.net,919159008785.0,"25, Nayak Street, Sonipat 822794",Durg,94769.0,2024-05-13,Regular,15.0,1278.59
6724509.0,Guneet Brahmbhatt,hkale@example.org,911602590009.0,"H.No. 83
Narain Circle
Sikar 862742",Munger,118585.0,2023-04-07,New,13.0,1966.44
59222551.0,Urmi Parekh,duttabrijesh@example.org,915698155488.0,"H.No. 867, Kannan Circle, Mehsana 430537",Jamshedpur,351341.0,2023-08-05,Inactive,10.0,1569.86
44888581.0,Rehaan Samra,rajata67@example.com,915131749495.0,"25/08
Rege Street
Thiruvananthapuram 858803",Ballia,359510.0,2023-03-28,Inactive,3.0,392.37
96729650.0,Yochana Ravel,rnagi@example.org,913457285896.0,"98/20
Tiwari Road
Tiruppur-972702",Ahmednagar,543068.0,2024-05-04,Inactive,2.0,847.93
39957741.0,Siddharth Sibal,ksinha@example.org,914455548748.0,"18
Peri Nagar, Ambattur 659851",Bellary,883836.0,2023-11-05,Inactive,11.0,1769.15
24104630.0,Jonathan Deo,tanvi11@example.org,915071245367.0,"84/257
Zachariah Road
Pune-664139",Jaipur,670567.0,2024-01-14,Premium,13.0,448.52
96434674.0,Yashawini Kota,jeet35@example.org,915034543902.0,"192
Pillay Ganj, Kozhikode 553266",Anantapur,744458.0,2023-11-30,Inactive,11.0,1663.53
14255231.0,Advika Taneja,kapoornikita@example.com,919586231995.0,"H.No. 63
Bir
Asansol-254295",Surendranagar Dudhrej,516962.0,2023-06-18,Inactive,17.0,1055.6
83412446.0,Libni Kunda,deovritti@example.net,911344969697.0,"807
Natarajan Nagar, Karimnagar 936960",Avadi,389792.0,2023-05-25,Inactive,13.0,1935.31
11493380.0,Jhalak Peri,tbhatia@example.org,919780052209.0,"56/011
Chanda
Jammu-972081",Madurai,767391.0,2023-04-20,Regular,16.0,422.74
48821170.0,Hredhaan Bajaj,samaksh27@example.org,917321852352.0,"320, Garde Circle
Siliguri 164122",Jalgaon,187348.0,2023-10-09,Inactive,12.0,1321.76
19145354.0,Shivani Deo,bathyashodhara@example.net,915555551874.0,"21/09, Sawhney Zila
Guwahati-293546",Rohtak,763240.0,2023-05-31,Inactive,11.0,963.35
76830090.0,Harshil Dey,kannantanvi@example.net,910201858547.0,"H.No. 99, Pau Path
Dewas-413529",Panipat,292989.0,2024-04-04,New,4.0,821.83
81808190.0,Qasim Sharma,rbarad@example.org,916722446082.0,"408
Bains Chowk
Morbi-747709",Bhusawal,611142.0,2023-07-06,Inactive,1.0,796.97
40986000.0,Charles Gara,ichada@example.net,915985932973.0,"H.No. 321, Palan Chowk
Purnia 304075",Karnal,59218.0,2023-10-17,Premium,20.0,223.79
60495351.0,Henry Rana,ebhakta@example.org,911361289330.0,"813
Krish Street
Nagpur-312112",Srikakulam,246691.0,2023-04-24,New,11.0,407.03
39261715.0,Reva Bhatnagar,ucchal41@example.com,917697218697.0,"99/80
Konda, Indore 364393",Patna,859748.0,2023-12-27,Premium,19.0,1974.33
63793401.0,Frado Ramakrishnan,saniijaya@example.org,914633683779.0,"21/657, Bala Nagar, Kulti-317039",Kavali,308708.0,2024-03-24,Regular,2.0,1901.32
27746432.0,Eesha Rajagopal,solankiekaraj@example.net,919524741272.0,"H.No. 79, Dave Path
Sultan Pur Majra-296590",Bangalore,836547.0,2023-07-29,Inactive,10.0,1261.35
51670882.0,Krishna Hans,takbarkha@example.net,917438121864.0,"95/65
Nadig Circle
Belgaum-468612",Dehradun,352126.0,2024-09-27,Inactive,11.0,1351.67
61020.0,Onkar Suresh,rudradeshpande@example.com,918421031341.0,"88/40, Bora Zila, Phusro-161515",Kurnool,345635.0,2024-07-27,New,19.0,1703.16
46802633.0,Champak Subramaniam,raagini83@example.com,914561761144.0,"H.No. 18, Kumer Road
Mango-881448",Bettiah,770230.0,2024-02-18,Premium,6.0,617.22
63083547.0,Aarav Mander,giriknarula@example.net,911041451528.0,"H.No. 30
Padmanabhan Street
Nagaon-432208",Jhansi,42216.0,2023-12-07,Regular,10.0,900.07
17106161.0,Gagan Prabhakar,chaitanyaraman@example.net,911958568514.0,"40/59, Rai Street
Vijayawada 675290",Shimoga,758004.0,2024-05-01,Inactive,9.0,331.15
54797119.0,Anusha Patel,xkoshy@example.com,910345213816.0,"H.No. 316, Kaur Zila
Malegaon 975468",Bilaspur,793140.0,2023-12-19,Premium,14.0,1673.74
62721353.0,Jagdish Bora,warhi76@example.org,917826110440.0,"H.No. 575, Sahni Chowk
Mau-744949",Danapur,694263.0,2024-10-12,Regular,13.0,992.9
40587811.0,Jeevika Rajagopalan,manneoeshi@example.org,913315896548.0,"H.No. 094
Banerjee Ganj, Mau 309197",Adoni,524929.0,2023-12-15,Inactive,5.0,724.63
25520143.0,Rajata Ahuja,ozaayushman@example.com,917172676453.0,"280, Mannan
Kozhikode-407225",Berhampur,688637.0,2024-01-23,New,10.0,1133.1
81377917.0,Nachiket Panchal,chaitaly28@example.org,910458847889.0,"25/190, Chawla Marg
Madurai-829332",Maheshtala,538657.0,2023-04-23,Inactive,16.0,739.14
49433260.0,Abhiram Wason,fdevan@example.com,919416031730.0,"15
Sabharwal Marg, Aurangabad 966257",Hospet,246851.0,2024-05-20,Premium,17.0,307.03
40117357.0,Jai Murty,subramaniansanya@example.net,914444871840.0,"58/465
Madan Ganj, Jhansi-323091",Imphal,177718.0,2023-03-20,New,16.0,753.81
81102955.0,Pushti Naidu,darairya@example.org,911671525132.0,"H.No. 61
Khare Circle
Ratlam 115891",Bhiwani,804911.0,2024-07-12,Premium,16.0,1403.68
40192266.0,Vasana Dhar,janimanbir@example.org,917379568602.0,"56/554
Kashyap, Shivpuri 193283",Bhopal,305319.0,2024-03-04,New,19.0,1893.6
51669263.0,Odika Manda,esekhon@example.com,910495274267.0,"H.No. 97
Prasad Circle
Shimla-145433",Avadi,625562.0,2023-09-23,Inactive,2.0,1698.87
85831746.0,Girindra Basak,madantripti@example.com,914280164918.0,"50, Basak Ganj, Munger 764468",Bahraich,536170.0,2023-09-11,Regular,18.0,952.61
97466783.0,Harita Mangat,jagat26@example.org,916726192081.0,"78/936
Aurora Road
Vadodara 226991",Kota,977804.0,2023-04-07,Premium,8.0,952.96
23982977.0,Charita Rama,nadkarniyauvani@example.net,919952544686.0,"H.No. 01
Krishnan Zila
Jehanabad-220376",Salem,569461.0,2023-07-04,New,2.0,1863.55
79695653.0,Yash Hans,indrajit03@example.net,919459732369.0,"31/66, Badami Ganj, Rohtak 192027",Sonipat,361030.0,2023-08-07,Regular,11.0,728.65
83577942.0,Oviya Rau,suhanipandit@example.net,919202449944.0,"H.No. 673
Batta Road, Yamunanagar-314202",Shivpuri,33088.0,2024-08-11,New,16.0,866.2
44149982.0,Tara Uppal,gbuch@example.net,918265809377.0,"84/33, Menon Ganj, Sambalpur-870513",Yamunanagar,603400.0,2023-08-16,New,7.0,1224.69
46686696.0,Wazir Seth,william12@example.com,914539379728.0,"69/92
Mitter Marg
Mahbubnagar-162861",Thoothukudi,992012.0,2024-03-02,Premium,7.0,968.93
12184293.0,Dayita Mand,rudra41@example.net,918062427582.0,"H.No. 51
Cherian Road, Panchkula-653529",Phagwara,249442.0,2023-06-16,Inactive,7.0,1811.32
19084027.0,Mitesh Sehgal,ychakraborty@example.net,917489074615.0,"H.No. 215, Kulkarni Nagar
Panihati-950577",Unnao,977602.0,2023-07-30,New,20.0,908.28
77559557.0,Akshay Varty,balendra63@example.com,917909370826.0,"44
Dube Path
Jammu-898608",Madurai,639717.0,2023-08-28,New,9.0,601.15
34713143.0,Ganga Sabharwal,mugdhamannan@example.org,919384952181.0,"91/992
Sanghvi Path
Raipur-230614",Jehanabad,759217.0,2024-08-03,Premium,16.0,1380.2
75073623.0,Yashvi Bansal,dasskabir@example.net,912974427872.0,"604, Brar Chowk, Meerut-986766",Kumbakonam,470494.0,2024-05-19,New,19.0,1042.05
12415659.0,Damini Wagle,omamol@example.net,911297232886.0,"168
Balay Street, Allahabad-779838",Ambala,813277.0,2024-05-30,New,10.0,1786.5
5277675.0,Vansha Deol,hariaarna@example.net,919054309336.0,"H.No. 03, Natt Circle, Karnal 408909",Ghaziabad,373380.0,2024-10-22,Premium,9.0,1312.8
81420960.0,Warda Chanda,korpalomya@example.net,912178760305.0,"H.No. 428
Kade Street, Vijayanagaram 476346",Hazaribagh,367446.0,2023-05-21,Inactive,2.0,269.4
97144544.0,Indali Toor,pdeep@example.org,911700892264.0,"H.No. 15, Soni
Udaipur 007809",Guna,494838.0,2024-08-13,Regular,12.0,1754.04
6856445.0,Meghana Mangal,abhimanyubala@example.com,919449932185.0,"63/79, Padmanabhan Zila
Fatehpur-881615",Darbhanga,833987.0,2024-01-23,New,5.0,1932.51
70363568.0,Ekavir Sunder,siyengar@example.com,918983652368.0,"H.No. 47
Goda Zila
Chittoor-109669",Shahjahanpur,354549.0,2023-08-03,New,13.0,1632.23
10019218.0,Elijah Brar,ikbalshukla@example.net,914359135388.0,"35
Chhabra Nagar, Singrauli 962731",Parbhani,700999.0,2023-08-28,New,7.0,560.14
12799092.0,William Sarkar,vsridhar@example.net,916570933625.0,"H.No. 578, Dugal Zila, Chinsurah 373691",Unnao,817262.0,2024-05-19,Inactive,5.0,557.19
12507907.0,Maanas Dugal,warda81@example.net,910113438632.0,"82/55, Sundaram Zila, Gopalpur 792114",Nangloi Jat,978091.0,2023-11-22,Regular,19.0,1278.01
29584848.0,Lucky Chada,devganesan@example.org,911154995125.0,"H.No. 95
Iyengar Circle
Dhule-728048",Dehri,469757.0,2024-10-03,Premium,11.0,1212.04
27955158.0,Abeer Kamdar,aaggarwal@example.net,917947344705.0,"H.No. 535, Nair Path
Kurnool 247765",Shivpuri,950386.0,2024-03-16,New,13.0,1659.73
13651980.0,Abhiram Basak,khalsaadweta@example.org,915545103882.0,"531, Madan Chowk, Alwar-182796",Ranchi,707169.0,2023-05-28,Inactive,12.0,308.29
90246977.0,Yuvraj Chacko,zinal84@example.org,913475347576.0,"H.No. 88, Chandra Marg
Tirupati 850392",Tiruchirappalli,720144.0,2023-05-05,Premium,1.0,1375.17
91614690.0,Chaman Yohannan,mugdhakakar@example.net,913350708864.0,"854
Aggarwal Chowk
Bokaro 633335",Nandyal,343492.0,2023-06-09,Premium,18.0,289.7
92027021.0,Chatura Natt,jack25@example.com,912941296233.0,"96/145
Natarajan Ganj
Khandwa-209328",Ballia,61391.0,2024-10-17,Inactive,5.0,1279.72
11493300.0,Yatan Bedi,pranitratta@example.org,915995815758.0,"H.No. 22
Pandit Street
Coimbatore 123398",Durg,144438.0,2024-07-26,Regular,18.0,1025.67
77862447.0,Tejas Doshi,yashawini78@example.org,915361300488.0,"H.No. 487
Bera Ganj
Coimbatore 258160",Bally,410832.0,2023-07-14,New,3.0,721.04
47503133.0,Mitesh Rajan,nilima95@example.com,918274162331.0,"H.No. 900
Bora Street, Tiruppur 590706",Chapra,321850.0,2024-10-26,Inactive,12.0,1614.04
65745775.0,Aryan Mangal,fshan@example.org,915242033069.0,"H.No. 28
Nagi Path
Bhimavaram-958776",Buxar,293389.0,2023-12-08,Inactive,4.0,1021.23
89867195.0,Akshay Comar,qbarman@example.com,918310611085.0,"H.No. 482
Aggarwal Zila
Kolhapur-540436",Tumkur,216353.0,2023-10-11,Premium,10.0,409.49
6247821.0,Mekhala Vora,gardequincy@example.org,917852965877.0,"08/563, Sane Circle, Khora -425505",Panvel,691869.0,2023-07-15,Regular,15.0,1832.58
73393269.0,William Varughese,xsachar@example.org,919916420455.0,"91/001
Naik Circle
Bhopal 342050",Ajmer,857535.0,2024-06-11,Regular,8.0,1615.2
48716374.0,Chaman Merchant,fchaudhari@example.org,910509009422.0,"97/515, Prasad Path
Allahabad 009477",Hapur,590658.0,2023-05-01,Premium,20.0,1475.82
78614729.0,Finn Goswami,sethidaniel@example.org,919553489707.0,"469
Kadakia Ganj, Avadi-835600",Tiruvottiyur,591291.0,2024-09-05,New,10.0,1786.91
20238921.0,Shivani Kumer,ubhargava@example.com,911937082654.0,"H.No. 43
Tailor Nagar
Tadipatri 360847",Thiruvananthapuram,602258.0,2023-09-29,Premium,8.0,1298.79
84066402.0,Lucky Dar,amrutadixit@example.com,919291311555.0,"43/56
Shah Nagar, Jalna-842838",Amritsar,684269.0,2023-10-11,Regular,7.0,794.76
60271325.0,Michael Chopra,harshdalal@example.org,915509074408.0,"H.No. 38
Sankar Circle, Kota-391161",Malegaon,838512.0,2024-05-08,New,8.0,356.62
40692378.0,Chatresh Rastogi,xiti56@example.org,911082407656.0,"H.No. 83, Behl Zila
Karaikudi-818020",Jabalpur,75343.0,2024-09-13,New,9.0,1782.4
469006.0,Shivansh Loyal,darikaperi@example.net,910131483498.0,"49, Garg Ganj
Bhubaneswar-563425",Begusarai,814266.0,2023-08-21,Inactive,2.0,1393.2
41811800.0,Sneha Bahl,advaygolla@example.org,918789200734.0,"63/20
Thakur Ganj, Bhiwandi-326191",Jaunpur,755202.0,2023-10-10,Regular,6.0,1410.59
87107263.0,Lakshmi Arora,parmarvansha@example.org,918888108591.0,"38/541
Hari Street, Faridabad 486542",Vijayawada,784029.0,2024-10-02,Inactive,9.0,1659.56
89619421.0,Urvi Maharaj,imaran14@example.com,912761574568.0,"30/168, Raman Street, Kharagpur 263382",Rajpur Sonarpur,161282.0,2023-11-02,Premium,5.0,1466.13
62828341.0,Darika Deol,xbakshi@example.net,916647216602.0,"716
Borra Chowk, Bokaro 793011",Howrah,460118.0,2024-06-27,Inactive,20.0,283.63
55738118.0,Jagrati Badami,ovenkataraman@example.com,918689181146.0,"959, Apte Street, Gurgaon-641674",Hapur,163439.0,2023-12-29,Regular,11.0,1520.09
2684440.0,Hamsini De,yashodharaanne@example.org,910537727849.0,"28/37, Radhakrishnan
Kakinada 773718",Ranchi,574868.0,2023-09-05,Premium,5.0,650.6
77811864.0,Urvashi Iyengar,yadaviwali@example.com,910491682196.0,"59/018, Gara Ganj
Bhavnagar-018318",Miryalaguda,829480.0,2023-09-10,Premium,12.0,1712.29
43052303.0,Girik Mutti,rajanathan@example.com,910462708022.0,"H.No. 065, Sehgal Zila
Salem 592037",Eluru,907571.0,2023-06-21,Premium,19.0,1790.43
24478397.0,Jairaj Gill,vivaanagarwal@example.org,910801349761.0,"69, Goda Circle, Nagercoil 556537",Bidar,612763.0,2024-03-28,New,14.0,829.36
22846435.0,Jackson Shenoy,gopalkrishnamurthy@example.net,913964391284.0,"H.No. 61, Contractor Chowk, Meerut-839492",Tezpur,358841.0,2023-07-15,Inactive,12.0,1844.21
32868927.0,Anjali Lala,maanasgarg@example.org,912496754123.0,"59/920, Chhabra Chowk, Udaipur-321781",Karimnagar,28876.0,2023-04-13,New,19.0,926.68
88312515.0,Kiaan Chhabra,peter83@example.com,918683950412.0,"72/340, Apte Marg
Sambhal-436677",Gandhinagar,186946.0,2024-02-05,Inactive,10.0,544.71
33741801.0,Girindra Nadig,quincy72@example.com,914542185729.0,"106
Bhatt Street, Jamshedpur 915471",Ratlam,626892.0,2024-01-27,New,16.0,1249.15
29502852.0,Andrew Vasa,aarush91@example.org,918622182317.0,"061
Tank
Asansol 810831",Dibrugarh,870715.0,2024-08-28,New,18.0,1995.37
75464725.0,Chavvi Sibal,ishanibahl@example.com,913499634966.0,"H.No. 004, Anand Chowk, Udupi-217874",Sambhal,629342.0,2023-12-02,Inactive,20.0,1805.77
88745052.0,Leena Zacharia,krishnaprabhu@example.org,911551385769.0,"H.No. 01
Sengupta Street, Bahraich 125364",Kumbakonam,583025.0,2024-04-12,Regular,5.0,516.9
50632192.0,Omkaar Mander,tanvi84@example.org,912486393527.0,"74/669
Sundaram
Sambhal 774698",Nadiad,846443.0,2023-03-17,Premium,16.0,1096.83
81655250.0,Kashvi Rege,gnanda@example.org,910542508627.0,"H.No. 31
Buch Circle, Ajmer-282400",Madurai,851454.0,2023-07-04,Regular,17.0,1399.67
29858395.0,Patrick Rout,aayushpal@example.net,915523705895.0,"354, Bali Street
Pondicherry-996500",Hospet,511481.0,2024-09-03,Inactive,16.0,442.16
56572297.0,Rachita Wali,shivanimody@example.org,919497552961.0,"572, Deshmukh
Pimpri-Chinchwad 016173",Ulhasnagar,25613.0,2024-10-02,Inactive,10.0,1601.86
18140588.0,Orinder Malhotra,samarth50@example.org,917539612924.0,"80/775
Varkey Path
Saharanpur-494356",Jalna,895444.0,2024-07-04,Regular,17.0,856.95
74352908.0,Ishaan Chad,wishinagarajan@example.com,914607411992.0,"H.No. 660
Saha Nagar, Bhiwani-793040",Guntakal,653024.0,2024-03-31,Inactive,13.0,1879.61
37633848.0,Samuel Banerjee,shettyfaris@example.com,917563731259.0,"119
Seth Nagar
Mumbai 912897",Kharagpur,622019.0,2023-08-27,Premium,20.0,1237.57
19180962.0,Osha Varghese,pjohal@example.org,917683300885.0,"60/201
Shere
Bilaspur 758086",Kalyan-Dombivli,237601.0,2024-07-05,Inactive,19.0,622.08
75739462.0,Vasana Ganesh,xsarma@example.org,918839671733.0,"548
Wali Chowk, Gwalior 656688",Satna,756186.0,2024-06-23,Premium,2.0,1474.27
47926198.0,Bhavini Kulkarni,elijah77@example.net,910674805507.0,"H.No. 082, Raghavan Nagar, Bhilwara-021542",Nandyal,321001.0,2024-02-04,Regular,11.0,1408.42
57809174.0,Girindra Dara,hemalad@example.org,917115057276.0,"46/681
Bobal Path
Navi Mumbai-347951",Lucknow,284807.0,2024-04-12,Premium,11.0,1898.72
21786873.0,Balhaar Ramesh,andraidika@example.com,916298063344.0,"48/273
Chacko Marg
Tirupati-417143",Lucknow,297685.0,2024-03-07,Regular,3.0,1600.68
32564478.0,Ekbal Dubey,wsrinivasan@example.com,910924609236.0,"H.No. 620
Dube Chowk
Katni-733668",Kishanganj,330178.0,2024-06-24,Premium,5.0,211.3
41168392.0,Sneha Rajagopalan,kamalacontractor@example.com,916382893434.0,"71, Banerjee Circle, Imphal-801151",Silchar,133041.0,2024-01-10,Premium,13.0,506.28
40305293.0,Tejas Parmer,waglevedhika@example.com,918906027615.0,"783, Handa Marg
Medininagar-040912",Bhatpara,597677.0,2024-09-01,Regular,10.0,614.48
91562028.0,Ayaan Kashyap,sachdevishwar@example.org,917539048305.0,"H.No. 88, Varghese Ganj, Bhilai-068738",Noida,248694.0,2024-10-09,Regular,9.0,1141.68
5754255.0,Radha Rana,kritika79@example.org,914135557233.0,"34/71, Wable Nagar, Bally 321844",Mango,547754.0,2023-11-12,Inactive,1.0,1050.74
73891999.0,Vinaya Khatri,zarnakala@example.org,917708136730.0,"04/032, Doctor Street
Silchar 214713",Sambalpur,966637.0,2024-07-22,New,11.0,1681.91
91500615.0,Varenya Vala,nakul89@example.org,919445728543.0,"91/20
Bawa Ganj
Serampore 477704",Parbhani,557915.0,2024-07-27,Premium,4.0,840.89
79742293.0,Faris Mohanty,udarsh64@example.com,919172230427.0,"H.No. 477, Khalsa Zila
Kurnool-102764",Hajipur,123910.0,2024-02-11,Regular,17.0,1608.81
71902700.0,Qarin Nazareth,garimaraju@example.com,916213718621.0,"44
Bhasin Marg
Panipat 159190",Bhind,91752.0,2024-02-05,Regular,10.0,824.31
78267238.0,Luke Bala,wdubey@example.org,915875547645.0,"241
Bora Path
Secunderabad-741114",Warangal,86601.0,2024-07-07,Inactive,1.0,301.21
16780752.0,Avi Soman,routdiya@example.com,915430602738.0,"H.No. 97
Chauhan
Nellore-895405",Begusarai,320804.0,2023-12-07,Premium,20.0,1429.12
91312072.0,Joshua Rana,mkakar@example.net,918534310594.0,"40, Dutta Zila, Katihar 605477",Jalna,409142.0,2024-04-20,Inactive,4.0,1518.25
28458746.0,Dalaja Borde,murtybhavani@example.net,913737459258.0,"H.No. 069, Sachar Chowk
Munger 082064",Bulandshahr,97442.0,2023-09-14,New,12.0,1998.49
57770044.0,Zarna Master,xalak26@example.net,919539272506.0,"H.No. 15
Venkatesh Circle, Sirsa-878884",Ajmer,900627.0,2023-11-19,Regular,10.0,934.08
2234490.0,Amara Gala,gangasanghvi@example.com,914512666716.0,"43, Gole Zila
Hajipur 933661",Singrauli,529202.0,2024-08-07,Premium,8.0,1540.25
76202036.0,Ishita Patla,omajawali@example.com,913376214034.0,"97/622
Bhatnagar Marg
Varanasi 242752",Gwalior,620579.0,2024-03-11,Inactive,13.0,1118.75
45112520.0,Anamika Hayre,eeshaganesan@example.net,918560853049.0,"058
Wagle Street, Eluru 310344",Rajahmundry,753100.0,2024-06-30,Premium,1.0,499.85
30116949.0,Harshil Pathak,janakisaraf@example.com,915552299405.0,"09
Sha, Chinsurah 561052",Nadiad,981634.0,2023-08-23,Inactive,5.0,1535.47
16640907.0,Anjali Choudhary,indira18@example.com,910384127497.0,"353, Sahota Zila
Katni 822108",Bhagalpur,632688.0,2024-10-05,Regular,16.0,527.03
44174426.0,Girindra Nair,wazirsanghvi@example.org,915848023986.0,"12/240, Barad Ganj
Hajipur 503025",Salem,133683.0,2024-07-02,New,20.0,1655.49
13939675.0,Edhitha Lal,mukherjeejai@example.net,916474959493.0,"53/947, Jayaraman Street, Bangalore-157373",Amroha,960333.0,2024-04-05,New,18.0,783.47
33394166.0,Dakshesh Lad,panditkritika@example.com,911665869983.0,"04/08, Comar Street
Hindupur 886323",Surendranagar Dudhrej,78491.0,2024-10-03,New,10.0,282.63
45323391.0,Viraj Kota,sampathosha@example.org,916025289262.0,"H.No. 86, Bhalla Path
Mango-318186",North Dumdum,957395.0,2024-03-24,New,2.0,1008.14
71411879.0,Aarav Mukherjee,handaeshana@example.org,912772635029.0,"H.No. 100, Babu Chowk, Bidar 645114",Etawah,363775.0,2024-10-23,Regular,4.0,1743.87
13585482.0,Meera Dara,sodhibachittar@example.org,913664424400.0,"23
Murty Zila, Ajmer-307715",Buxar,800996.0,2023-07-06,Inactive,20.0,1475.52
40434527.0,Liam Nigam,advay02@example.net,915577318686.0,"699
Chaudhuri Road, Bhagalpur-271359",Vellore,693390.0,2024-06-27,Inactive,5.0,815.01
59830126.0,Raghav Iyengar,fborde@example.org,919104614456.0,"93
Ganesh Road
Gandhinagar-097993",Howrah,50816.0,2024-10-28,New,14.0,1799.47
12622901.0,Januja Kaul,dhaliwaljagdish@example.com,916791709159.0,"H.No. 398, Iyer Chowk
Vijayanagaram-137056",Bareilly,724988.0,2024-08-07,Inactive,3.0,870.68
3897936.0,Maanav Singh,unnikarpe@example.com,911787157542.0,"H.No. 954, Subramaniam Circle
Mangalore-854236",Pudukkottai,100457.0,2023-09-26,Premium,14.0,215.16
48281892.0,Teerth Mukherjee,toordakshesh@example.org,911236990834.0,"H.No. 706
Lal Path
Visakhapatnam-582362",Vellore,691199.0,2023-04-11,New,6.0,1653.39
33370343.0,Yachana Bava,ohans@example.com,917326851045.0,"44/197
Dash Street, Tinsukia 305622",Ratlam,893977.0,2024-07-07,Premium,20.0,999.04
40877127.0,Falak Sarraf,ydas@example.com,911015288020.0,"91, Minhas Ganj
Deoghar 503558",Ludhiana,206065.0,2023-07-31,Premium,14.0,757.15
75081265.0,Gaurav Luthra,mohantygautam@example.net,911060734425.0,"H.No. 108
Kapur Nagar, Gandhinagar-700004",Nizamabad,292847.0,2023-05-04,Premium,2.0,958.17
92118758.0,Yadavi Bhatt,ranbirchaudhry@example.com,914634250884.0,"330
Mani Path
Secunderabad-252919",Gorakhpur,856412.0,2024-01-03,Regular,2.0,300.79
66766629.0,Harita Mander,ayushwalla@example.org,910616010847.0,"H.No. 09
Ganguly Ganj, Motihari-968384",Gulbarga,408735.0,2024-02-22,New,16.0,504.76
89686431.0,Eta Dani,pushti67@example.org,911199510443.0,"H.No. 271, Loyal Chowk
Thrissur-060782",Dharmavaram,850478.0,2024-08-14,Regular,11.0,1637.7
88517890.0,Anvi Swaminathan,duttirya@example.net,910119087925.0,"H.No. 456, Pai Path, Amroha 878650",Nizamabad,524369.0,2024-08-14,Premium,10.0,1964.72
69761993.0,Udant Kade,lila77@example.net,918842894766.0,"87/304, Nadig Nagar, Bally 955962",Gangtok,661415.0,2024-08-06,New,6.0,551.0
11562458.0,Parth Raghavan,bhargavaeshana@example.org,913656822380.0,"H.No. 09
Choudhury Nagar, Motihari-939952",Firozabad,227726.0,2023-11-16,Regular,7.0,1409.32
57892837.0,Thomas Bail,zarnasandhu@example.net,913786502849.0,"95/973, Pau Chowk, Thoothukudi-912925",Bally,584566.0,2024-03-22,Premium,14.0,581.57
85474732.0,Waida Lanka,banikgirik@example.net,913775284880.0,"85/29
Krish Path, Bettiah-285272",Allahabad,79025.0,2024-01-01,Premium,1.0,941.76
62541176.0,Yutika Andra,boaseonkar@example.com,914913618986.0,"472
Pai Zila
Karnal-312720",Tirupati,929796.0,2024-08-26,New,7.0,1691.37
31940833.0,Urmi Amble,anita28@example.net,918224618920.0,"H.No. 083, Bajwa, Rewa-343147",Karawal Nagar,452880.0,2023-07-31,New,4.0,1515.8
76212152.0,Mitali Kapoor,ektabava@example.com,912444876992.0,"20/514
Raju Zila
Mangalore 950685",Agra,685797.0,2024-10-11,Premium,13.0,1767.81
42366724.0,Quincy Kari,gopaldugar@example.org,910861921705.0,"39/64
Vig Zila
Jaipur-137064",Saharanpur,260071.0,2023-07-27,Inactive,20.0,1896.27
54619715.0,David Cherian,imaran51@example.com,916825053964.0,"358
Bhakta
Sangli-Miraj & Kupwad 296144",Panchkula,660842.0,2024-10-27,Inactive,4.0,739.04
24896263.0,Nachiket Prasad,dorafalan@example.net,912360838508.0,"79/84
Randhawa Path
Mehsana 618412",Amroha,948603.0,2024-06-21,Regular,13.0,532.9
5700842.0,Waida Trivedi,garimashere@example.net,918580013945.0,"H.No. 68, Tara Road, Surendranagar Dudhrej 454893",Amravati,864006.0,2024-09-11,Regular,3.0,514.06
73799927.0,Tamanna Kashyap,ldin@example.net,917098591619.0,"98/56
Singhal Road, Hubli–Dharwad-489531",Ambala,580131.0,2023-04-28,New,4.0,1121.27
12867472.0,Ishanvi Tripathi,yohannanubika@example.net,912853334083.0,"95/572
Mohan Ganj
Tirupati-987144",Mehsana,307601.0,2024-10-14,Premium,3.0,1053.52
97315135.0,Bhavini Parikh,parth29@example.com,918386079695.0,"H.No. 268
Jhaveri Marg, Gangtok-425126",Shivpuri,276056.0,2024-01-03,New,19.0,1393.14
48150243.0,Ekaja Dube,ahluwaliasaumya@example.net,917662737701.0,"42
Bawa
Madanapalle-334038",Delhi,175880.0,2023-11-27,Regular,13.0,262.6
19556566.0,Yashica Doctor,yachanachokshi@example.com,916466928840.0,"H.No. 861, Sami Street, Akola 863487",Tiruvottiyur,937178.0,2023-11-01,Premium,20.0,664.17
59240916.0,Ronith Murthy,jgulati@example.com,915435574216.0,"H.No. 567, Mutti Road, Hajipur 158460",Faridabad,730723.0,2023-08-19,Inactive,6.0,1202.51
61002154.0,Ridhi Datta,basakyashodhara@example.net,915841511260.0,"59, Ranganathan Circle
Nagpur-818568",Imphal,276311.0,2023-06-16,Regular,19.0,1526.04
81584486.0,Orinder Kurian,cnazareth@example.net,913760603085.0,"53/359
Chadha Zila, Panchkula 168207",Hazaribagh,87603.0,2024-01-24,Inactive,2.0,369.75
41494867.0,Kalpit Gulati,uppaldipta@example.net,914445809422.0,"20/47
Vohra Ganj, Nadiad 804287",Bongaigaon,118940.0,2023-12-04,New,15.0,240.17
75908967.0,Hemang Sama,qcontractor@example.com,913441050566.0,"35
Chatterjee Nagar, Bidar 543213",Yamunanagar,915923.0,2023-06-03,Regular,14.0,1095.58
38902882.0,Ria Dugar,craval@example.org,912994051106.0,"80/48, Mangal Nagar, Ratlam-375288",Firozabad,226571.0,2024-03-10,Inactive,17.0,1583.52
52048413.0,Keya Balakrishnan,parikhsamesh@example.org,915166837522.0,"09
Borra, Jehanabad-368313",Jalna,517187.0,2023-10-04,Inactive,20.0,1449.1
99412119.0,Samarth Sachar,cmurty@example.net,914064181065.0,"H.No. 900
Konda Zila
Sikar-445716",Agartala,868483.0,2024-05-24,New,17.0,653.57
47625855.0,Caleb Brar,eeshanigam@example.com,919001196249.0,"H.No. 81
Kari Road
Nagercoil-798440",Mango,918327.0,2023-05-21,New,6.0,515.69
19393135.0,Nathaniel Gokhale,ekanta98@example.net,916112619053.0,"97/421, Kibe Path, Kozhikode 660167",Bidhannagar,317769.0,2023-06-11,Regular,19.0,327.58
87669943.0,Ikshita Rajagopalan,rsethi@example.org,914097847587.0,"259, Guha Zila, Katni 233200",Nandyal,961518.0,2023-04-02,Inactive,1.0,1272.95
90586443.0,Baljiwan Pandey,vmitra@example.org,910869942878.0,"72/14
Palla Path
Haldia 455745",Ambala,46985.0,2023-08-30,New,2.0,1637.32
15066187.0,Vedant Keer,jalsadube@example.com,917167121713.0,"H.No. 25, Garde Street
Kharagpur 866567",Jammu,882141.0,2023-03-19,Regular,13.0,791.67
78806824.0,Yashawini Vasa,ekaraj06@example.org,918878699766.0,"623
Thaman Chowk
Vellore-331680",Guntakal,408800.0,2024-01-08,Premium,20.0,1027.41
59110513.0,Chaaya Mody,choudharyjagrati@example.org,913293933121.0,"132
Walla, Secunderabad 502542",Raebareli,594217.0,2023-06-16,Inactive,12.0,1377.27
64823226.0,Vasudha Sheth,ramanathanridhi@example.org,914329260046.0,"73/53, Bahri Road, Vijayanagaram 763383",Tirupati,611999.0,2023-04-08,Premium,5.0,614.1
49529811.0,Zayyan Swaminathan,liam57@example.net,913193823215.0,"H.No. 528, Uppal, Arrah 830864",Pimpri-Chinchwad,945135.0,2024-05-16,Regular,13.0,1595.6
18199057.0,Xalak Sahni,biswasfalak@example.net,915105032095.0,"64/26, Walla Ganj
Raebareli-909282",Ratlam,908599.0,2023-05-30,Inactive,9.0,1353.93
17805991.0,Jhalak Rai,panditdev@example.net,919260385732.0,"73/063, Dutt Road
Kishanganj-424784",Dhule,819317.0,2024-05-09,New,10.0,924.9
56441247.0,Aashi Narula,girindrachar@example.com,918816994235.0,"H.No. 291
Bassi, Nashik 127808",Meerut,27074.0,2024-06-02,Premium,18.0,1667.94
91228580.0,Ojasvi Yadav,hiteshsekhon@example.net,915958920329.0,"21/429, Hegde Chowk, Erode 713443",Mangalore,627586.0,2024-05-29,Regular,3.0,330.22
35435896.0,Abhiram Tiwari,rachana11@example.net,913751673950.0,"22, Anne Chowk
Uluberia 647085",Dehradun,920849.0,2023-09-08,Premium,9.0,338.62
6867315.0,Yash Lata,xchhabra@example.net,913774943522.0,"61/601, Sarma Marg
Haridwar-085930",Imphal,194966.0,2024-08-31,Premium,1.0,1766.24
54837637.0,Nathaniel Som,bvora@example.org,911050437964.0,"314
Cheema Circle
Jalgaon-152298",Ichalkaranji,478461.0,2023-09-01,Regular,9.0,1525.43
76257013.0,Lavanya Loyal,gkothari@example.net,913611295854.0,"H.No. 158
Gopal Circle, Cuttack 973082",Mango,643300.0,2023-08-02,New,16.0,1812.15
11478478.0,Vedika Dugal,sroy@example.org,912256745079.0,"H.No. 44, Tata Nagar, Guwahati 451820",Ahmednagar,955878.0,2023-10-31,Inactive,17.0,762.82
91347159.0,Turvi Parikh,wdua@example.org,914098940914.0,"215, Loyal Road
Patna-061006",Pallavaram,1281.0,2024-06-23,Premium,6.0,887.04
6982488.0,Vanya Sachdev,shivani04@example.com,912780123232.0,"01
Chaudhry Circle, Saharanpur 438058",Jalna,584733.0,2024-01-11,New,4.0,1819.01
38327793.0,Yug Brar,wallachandran@example.net,918327565210.0,"17
Kurian Ganj
Durgapur 843749",Nandyal,506488.0,2024-05-04,Inactive,12.0,1924.53
64722323.0,Harish Kant,tamannamody@example.com,914781095330.0,"43/894, Aggarwal Zila, Jammu-664304",Dibrugarh,61375.0,2023-05-14,New,7.0,1785.47
19523856.0,Aryan Sood,shettykashish@example.net,919307904764.0,"89/64
Mall Road, Kochi-401679",Thoothukudi,468885.0,2023-11-02,Premium,6.0,1084.14
8628482.0,Krishna Mani,joshioviya@example.com,919838240780.0,"26
Kadakia Nagar
Buxar-462583",Bhiwandi,419317.0,2023-12-30,New,9.0,1726.44
58979427.0,Kiaan Wason,chaudhrysuhani@example.com,913744116463.0,"83/13
Chawla Ganj
Ramgarh-215667",Jalna,771132.0,2024-01-22,Premium,3.0,1743.81
26716400.0,Yamini Dey,neelima32@example.com,916969850891.0,"95/118, Datta Circle
Farrukhabad-619262",Morena,89227.0,2023-07-12,Premium,19.0,1179.28
89998489.0,Logan Bhasin,chadaforum@example.org,916850875734.0,"771, Balakrishnan Street, Madhyamgram-423100",Rajkot,332156.0,2024-10-26,Premium,19.0,1297.04
15808945.0,Vrinda Khurana,wsekhon@example.com,918358677006.0,"H.No. 515, Balay Path
Amravati 503358",Gangtok,890545.0,2024-04-10,New,6.0,1255.9
60728956.0,Andrew Nigam,nitara58@example.net,912558012921.0,"29/168, Srinivas
Bijapur 827761",Khandwa,785737.0,2023-06-26,Premium,15.0,1764.25
25430839.0,Ria Nair,azad16@example.org,914150013113.0,"H.No. 004, Shankar Chowk, Panvel 311892",Vellore,853871.0,2023-09-15,New,15.0,885.48
80935110.0,Oscar Bir,kpant@example.net,917576464302.0,"47, Chanda Nagar
Bhagalpur 285289",Tumkur,983869.0,2023-07-14,Regular,16.0,1855.7
70965437.0,Ayush Lanka,tpradhan@example.com,914680378432.0,"H.No. 032
Khalsa
Darbhanga-726459",Alwar,361355.0,2024-03-22,Inactive,17.0,1220.76
53557741.0,Robert Shroff,ojas02@example.net,913041694691.0,"740, Banerjee Ganj
Mira-Bhayandar 913260",Hospet,407375.0,2024-10-30,Inactive,10.0,1753.39
12832151.0,Ekavir Bhalla,ksehgal@example.net,919566525157.0,"73/91, Loyal, Kochi 294184",Baranagar,509489.0,2023-07-12,Inactive,16.0,356.96
188838.0,Idika Basu,deepakhanna@example.com,914955579642.0,"67, Karan Chowk
Katihar 496332",Madanapalle,566155.0,2024-07-16,Inactive,12.0,799.11
56780331.0,Vinaya Atwal,niharikasuresh@example.net,919007432418.0,"770
Yohannan Path
Sultan Pur Majra-654003",Gaya,980372.0,2024-04-18,Premium,8.0,903.37
43574734.0,Falak Magar,daliajack@example.net,914625397265.0,"H.No. 28
Narayanan Street
Begusarai-921005",Rourkela,537609.0,2024-05-11,New,5.0,551.29
53392567.0,Darika Banerjee,chadhapallavi@example.net,910921533258.0,"88/17, Guha Zila, Avadi 258872",Aligarh,227395.0,2024-04-16,Regular,18.0,398.91
20310720.0,Samaksh Chaudhuri,cheriankrishna@example.net,918527790158.0,"80/68
Rai Chowk
Dehri-253784",Bhubaneswar,37268.0,2023-04-03,Regular,9.0,1677.91
59427862.0,Hemani Lall,libnikaur@example.net,915150956950.0,"H.No. 819, Chhabra Street
Tiruchirappalli-727090",Erode,149001.0,2024-10-10,Premium,1.0,1713.94
99695529.0,Charvi Tripathi,srivastavalipika@example.net,912429878823.0,"H.No. 603
Venkataraman Nagar, South Dumdum 271814",North Dumdum,159869.0,2023-04-11,New,12.0,1751.77
1134585.0,Bhavani Rau,uppalvrishti@example.com,913705629591.0,"61, Mitra Zila, Bhatpara-234618",Ghaziabad,553914.0,2024-02-06,Regular,8.0,1975.21
65488134.0,Faqid Kar,naveen31@example.net,918977060954.0,"64, Dave Path, Dehri 202368",Agra,187467.0,2023-04-28,New,12.0,853.49
96461062.0,Udarsh Lal,jhalak01@example.com,918622135896.0,"H.No. 475, Bail Ganj, Dehradun-784526",Hosur,683470.0,2023-05-29,Regular,14.0,1612.31
57637943.0,Kiaan Kala,krish70@example.org,917383767754.0,"H.No. 760, Deshmukh Path, Mau 347656",Amroha,693916.0,2024-03-13,Premium,13.0,1865.94
49371494.0,Zansi Banik,lohit10@example.net,916624700517.0,"H.No. 44
Khurana Nagar
Arrah 563930",Kanpur,542949.0,2023-12-14,Regular,18.0,701.13
75038062.0,Udarsh Bail,maharajhredhaan@example.com,916496528332.0,"86/06
Nigam Zila, Kumbakonam-777283",Avadi,554021.0,2024-05-18,New,19.0,1882.45
17299810.0,Hamsini Krish,balendrasanghvi@example.com,914004052335.0,"42/822
Mitra Nagar
Gorakhpur 509558",Kadapa,344807.0,2024-03-04,New,13.0,1874.42
82032191.0,Benjamin Bhatnagar,qarin38@example.org,911506388428.0,"499, Radhakrishnan Circle, Tiruvottiyur 199364",Satara,326010.0,2024-02-20,New,17.0,387.14
52417972.0,Nisha Chadha,rmishra@example.net,911744503607.0,"568
Keer Road
Raiganj-432407",Madhyamgram,51637.0,2024-03-06,New,1.0,581.78
9049965.0,Ishani Kalla,wakeetachaudhary@example.org,915656310106.0,"55
Wable Path, Sikar-177388",Raichur,224637.0,2024-04-03,New,3.0,1390.06
70420271.0,Ryan Ratta,amolkadakia@example.com,914382133317.0,"61/477
Ganesan Ganj
Bhilai 118543",Bhusawal,913157.0,2023-12-09,New,19.0,680.28
19536688.0,Parth Ramaswamy,thakurvasatika@example.org,917048423327.0,"H.No. 867, Kara Nagar, Ujjain-697076",Tiruppur,881065.0,2023-09-19,New,4.0,1346.03
72359843.0,Leena Kala,rrai@example.com,913748437216.0,"H.No. 610, Setty Ganj
Katni 609504",Kalyan-Dombivli,739018.0,2024-09-24,Premium,18.0,888.43
9981089.0,Ikbal Hari,madhav05@example.net,918035687261.0,"38, Sood Marg
Panchkula-584011",Proddatur,188765.0,2023-10-05,Premium,1.0,402.74
62510499.0,Pratyush Trivedi,nswaminathan@example.org,916941197181.0,"19/62
Raghavan Road, Khora  096529",Kozhikode,711088.0,2024-08-14,Premium,16.0,510.62
34835738.0,Vrinda Mutti,wableyashoda@example.net,910828498011.0,"H.No. 369, Dubey Path
Udupi-085926",Jalna,891610.0,2023-08-13,Premium,9.0,1210.36
9641623.0,Samarth Chander,bailfalguni@example.net,911420710310.0,"65/17, Balay Marg
Junagadh 746350",Kota,322889.0,2023-09-23,Premium,3.0,1515.02
60275891.0,Anmol Chandra,aaravgala@example.com,918902750394.0,"H.No. 35
Khalsa Zila
Nagaon 998677",Amaravati,419201.0,2024-10-01,Regular,16.0,1361.94
78750264.0,Krishna Choudhry,raksha27@example.com,919897135901.0,"H.No. 84
Nair Circle, Pali-386871",Ratlam,192232.0,2024-09-19,Inactive,7.0,1664.82
18986315.0,Adweta Wason,shaamol@example.net,911179612027.0,"999
Banerjee Chowk
Katni 720932",Bidhannagar,277814.0,2023-04-05,Premium,19.0,854.26
10945990.0,Frado Keer,chandrananita@example.net,918469252255.0,"H.No. 91
Chahal Street
Dibrugarh-080347",Burhanpur,193503.0,2024-03-25,New,5.0,1337.11
1601161.0,Chanchal Thakur,faras36@example.com,911872985129.0,"09/92
Oak Circle, Nandyal 041635",Amaravati,562508.0,2024-05-24,Inactive,1.0,589.31
6390687.0,Shivansh Dasgupta,watika26@example.net,911505305250.0,"08/37, Singh Zila
Aizawl-112143",Alwar,733851.0,2024-08-23,Regular,5.0,1340.79
63092485.0,Jeet Magar,hemanikalla@example.net,915317571208.0,"910, Kunda Chowk
Bathinda 253701",Alappuzha,231756.0,2024-06-23,Premium,11.0,1295.42
38244021.0,Samaksh Oza,sankaransara@example.net,916953836060.0,"72/71, Randhawa, Bhubaneswar 329836",Chapra,223908.0,2024-04-22,Inactive,13.0,1326.66
44859592.0,Dhriti Koshy,urmi61@example.net,914815004833.0,"361, Mittal
Gandhinagar-958628",Proddatur,826520.0,2023-10-05,New,19.0,1283.05
87984862.0,Qasim Kant,qbandi@example.net,912573254660.0,"28/090
Chahal Marg, Nanded 239589",Yamunanagar,447524.0,2023-11-21,Premium,14.0,1034.45
86067293.0,Udarsh Gour,neelima84@example.net,919571885813.0,"73/42
Roy Chowk, Kalyan-Dombivli-725854",Sambalpur,230889.0,2023-06-07,Inactive,4.0,873.53
41164215.0,Lucky Savant,lakshminaidu@example.org,919045420974.0,"H.No. 252
Patil Road, Malda 892708",Secunderabad,907316.0,2023-03-23,Premium,15.0,1304.24
46025543.0,Rachit Chatterjee,zayan61@example.org,918285527362.0,"83/709, Boase Ganj
Bhubaneswar 278803",Kottayam,928642.0,2023-11-25,Premium,16.0,1273.07
33481252.0,Ishaan Naidu,vedika57@example.net,917490197530.0,"86
Prabhakar Marg
Medininagar 968738",Noida,51896.0,2024-08-18,Premium,8.0,1438.75
68692574.0,Bachittar Wagle,lajita90@example.net,913040173063.0,"40, Brar Chowk
Kanpur 341441",Bharatpur,841899.0,2024-08-07,Inactive,13.0,1503.93
34839913.0,Gaurika Dayal,vyanjana32@example.net,918422408574.0,"10
Mander Nagar
Bhiwandi-083761",Belgaum,552859.0,2024-08-12,Regular,4.0,1706.89
88923048.0,Nandini Narula,michaelyogi@example.com,915890508204.0,"H.No. 600, Raghavan Marg
Phusro-731120",Agra,64983.0,2024-07-23,Premium,4.0,1202.89
21201299.0,Ladli Hegde,girikprashad@example.org,910398055880.0,"07/818
Bhat Ganj, Bhusawal 661115",Unnao,383439.0,2024-05-27,New,19.0,1488.68
34281470.0,Yash Johal,deygautam@example.com,910048240066.0,"H.No. 14, Sunder Road, Silchar-024619",Kharagpur,963652.0,2024-01-10,Premium,11.0,1787.82
72576730.0,Girik Kala,sarthak86@example.net,914602788316.0,"61/029, Dara Street
Jaunpur-721683",Chennai,734650.0,2024-02-17,Regular,5.0,1971.67
90856813.0,Neha Ramaswamy,pkeer@example.org,914910223597.0,"05/72
Karnik, Bharatpur-728872",Dhanbad,498623.0,2024-10-05,Regular,13.0,1624.06
81500385.0,Upma Gokhale,sara91@example.net,919571968682.0,"95/44
Parmer Road
Naihati-539992",Ludhiana,51633.0,2023-11-05,New,12.0,772.64
22974816.0,Ekantika Muni,naikyatin@example.org,913194321638.0,"H.No. 61, Banerjee Road, Kishanganj 372960",Bhusawal,182024.0,2024-01-08,Premium,1.0,865.72
20496835.0,Chandresh Panchal,qpanchal@example.com,910937177330.0,"727, Nanda Street
Karnal-038968",Alwar,476814.0,2023-12-01,New,17.0,1240.91
38549299.0,Ati De,thakkarpushti@example.net,916426933907.0,"19/65
Balakrishnan Nagar
Phagwara 309259",Asansol,880031.0,2023-08-14,Regular,4.0,234.63
78014505.0,Kashish Chakraborty,pkala@example.com,913353263489.0,"570, Dar Zila, Davanagere 616549",Kottayam,798846.0,2023-04-09,New,1.0,696.29
64940409.0,Yoshita Divan,deshmukhaahana@example.com,919823349396.0,"H.No. 25
Mammen Street
Jammu 514994",Gurgaon,546100.0,2024-09-06,Inactive,9.0,882.89
30042971.0,Garima Morar,ubikaoak@example.com,914912601454.0,"H.No. 786
Sarin Marg, Sasaram 292673",Rewa,416519.0,2024-10-12,Regular,8.0,863.9
74682740.0,Aarush Badami,vradhakrishnan@example.org,910649115832.0,"296, Mann Path, Howrah-899866",Rewa,875966.0,2024-06-17,Regular,10.0,1507.28
84824280.0,Kamya Narayan,bhavyabakshi@example.com,910116395700.0,"92/87, Golla Road, Bihar Sharif 337412",Ongole,989821.0,2024-05-09,Inactive,17.0,1752.91
85907588.0,Avni Rai,ybarad@example.org,914447534743.0,"H.No. 415
Dalal Circle
Sikar-264681",Rampur,639737.0,2024-03-13,Inactive,5.0,505.34
6637282.0,Damini Lad,chandanikhatri@example.org,919069486876.0,"407
Bose Nagar
Bhavnagar-274966",North Dumdum,140071.0,2023-10-31,Inactive,15.0,1495.87
21432404.0,Darika Sharaf,mpalla@example.net,919484308279.0,"981
Char, Morena 849491",Kalyan-Dombivli,144309.0,2024-02-15,Inactive,17.0,1482.59
87954926.0,Yachana Mahal,raghavansanaya@example.com,918569329227.0,"06/807
Roy Marg
Srikakulam-259605",Ambala,181111.0,2024-02-07,Premium,12.0,1245.07
29941225.0,Oviya Bhandari,luke76@example.net,912280961075.0,"25, Bava Circle, Rajahmundry-530281",Chapra,556077.0,2024-06-25,Premium,3.0,689.11
68906393.0,Zilmil Ranganathan,mahalabha@example.net,917094846363.0,"76/579
Doctor, Maheshtala 065837",Jalgaon,278297.0,2024-06-13,Regular,13.0,1094.35
94486311.0,Ladli Mani,chatterjeeimaran@example.com,917658449064.0,"814
Char Marg
Firozabad 508210",Chittoor,320760.0,2023-08-17,New,16.0,1812.66
28221067.0,Ekansh Tandon,isen@example.org,911488381475.0,"534, Dugar Zila, Muzaffarpur 425279",Agra,119724.0,2024-10-21,Regular,6.0,998.95
3872421.0,Ladli Saran,virkfalak@example.com,919969818495.0,"H.No. 56
Date Circle
Uluberia-147880",Panvel,973220.0,2023-07-06,Premium,3.0,1468.98
77921718.0,Raghav Bassi,wsood@example.org,910452376698.0,"H.No. 23, Borde Chowk, Bareilly 164276",Thrissur,368568.0,2023-11-21,Premium,3.0,1952.17
6187807.0,Jairaj Tata,paivritti@example.net,913518436146.0,"H.No. 361, Sunder Chowk
Jalgaon 205509",Dindigul,921070.0,2023-08-24,New,10.0,1962.92
96795047.0,Osha Desai,rachitabehl@example.org,915335035895.0,"H.No. 940, Goda Chowk, Morena 883030",Chittoor,679019.0,2024-05-03,New,15.0,1834.19
44198187.0,Charvi Lanka,vrishti63@example.com,917026087711.0,"H.No. 62
Ahluwalia, Salem 308338",North Dumdum,234734.0,2024-03-16,Regular,13.0,464.33
94730288.0,Idika Bath,yuglall@example.net,914983861661.0,"886, Suresh Nagar
Vadodara 913194",Rampur,721290.0,2023-07-04,Regular,17.0,1560.64
49769532.0,Yashawini Barman,gbath@example.net,912466091977.0,"62, Lal Circle, Berhampore-806602",Ramagundam,677659.0,2023-05-25,Premium,20.0,1923.39
93730857.0,Pratyush Goyal,gabrielghosh@example.net,915243282745.0,"93/581
Jayaraman Marg, Kalyan-Dombivli 367935",Singrauli,840019.0,2024-03-11,Premium,6.0,1446.09
51556553.0,Hitesh Bakshi,sunderkrish@example.org,911365981359.0,"11/88, Iyengar Nagar, Fatehpur-638408",Noida,187126.0,2024-02-05,Premium,6.0,1765.93
22253483.0,Chandresh Hora,geetikadave@example.net,910887315678.0,"H.No. 25, Soman Ganj
Faridabad-519455",Haridwar,115807.0,2023-09-27,Inactive,15.0,1561.12
4438410.0,Siya Mittal,kdara@example.net,918260180919.0,"09/37
Gulati Chowk, Kanpur 441894",Panipat,368597.0,2024-10-17,Inactive,11.0,1868.71
44410149.0,Dhruv Patel,brarmitesh@example.net,911126095427.0,"H.No. 20
Raval Nagar, Saharsa-744305",Pondicherry,600152.0,2023-05-18,New,14.0,1440.46
3282647.0,Warda Pal,csinha@example.net,911556032698.0,"39/439, Natt
Lucknow 617952",Unnao,736234.0,2024-01-15,Premium,18.0,608.27
69340015.0,Aryan Ravel,garasara@example.com,919295659484.0,"H.No. 554
Dass Road
Phagwara 104165",Tenali,314322.0,2023-10-31,Premium,16.0,1168.22
29600229.0,Tamanna Borde,hyadav@example.net,911807223129.0,"24/53, Sachdev Road
Visakhapatnam-358363",Gulbarga,402619.0,2024-01-14,Inactive,18.0,1491.65
89886179.0,Ladli Shah,tarakbahri@example.net,918232463802.0,"402
Dhar Marg
Howrah-469239",Kharagpur,816353.0,2024-02-10,Inactive,4.0,1298.64
12077371.0,Gautami Maharaj,david51@example.org,914641723332.0,"H.No. 309, Randhawa Ganj
Gopalpur 409152",Sambalpur,368657.0,2023-10-09,Premium,20.0,353.22
84216691.0,Ayaan Sanghvi,amrita48@example.net,918504710169.0,"H.No. 83, Kohli Path
Shahjahanpur-148417",Saharanpur,630561.0,2023-03-26,Inactive,13.0,1220.9
90666073.0,Pratyush Dhar,qadimtak@example.org,910551255481.0,"H.No. 98
Gera Street
Hajipur 667487",Farrukhabad,286455.0,2023-12-10,Inactive,20.0,1969.45
21577948.0,Madhav Johal,venkateshchatura@example.org,911137561627.0,"23/934, Tata Chowk
Tiruvottiyur-121149",Ahmednagar,767957.0,2023-11-02,New,17.0,225.6
32635818.0,Panini Natt,amara35@example.org,918853428038.0,"59/87
Soni Nagar, Thrissur 291065",Loni,270937.0,2024-03-16,Regular,12.0,603.0
98444183.0,Radha D’Alia,gbansal@example.net,911471413895.0,"399, Anne Ganj
Bidar-098867",Tenali,503518.0,2024-02-04,Regular,11.0,389.36
43047341.0,Unnati Wali,tmand@example.net,912711780484.0,"20
Pau Road, Giridih 499930",Jaunpur,277120.0,2023-09-19,Regular,18.0,1086.42
52617081.0,Max Mander,nitesh99@example.net,918584243357.0,"098, Chana Nagar, Solapur-107630",Raurkela Industrial Township,785466.0,2024-07-31,Inactive,10.0,996.94
60371334.0,Shaurya Kuruvilla,anvisharma@example.net,918886855218.0,"35/590
Balan Marg
Sikar 101616",Purnia,250315.0,2023-05-05,Inactive,15.0,355.81
34425723.0,Vasatika Saini,prisha41@example.net,918485690247.0,"678
Chakrabarti Nagar, Singrauli 814024",Saharanpur,247144.0,2023-09-10,Regular,14.0,873.22
64298209.0,Girindra Sangha,balayvasana@example.org,918297477289.0,"81/76, Dutt Ganj
Kulti-598135",Jodhpur,426661.0,2023-06-15,Regular,10.0,311.25
85518832.0,Alexander Sem,michaelsami@example.net,917233340529.0,"H.No. 340
Shere Path, Sagar 956141",Tezpur,740506.0,2023-07-26,Premium,19.0,205.79
42432226.0,Gaurang Mitra,smuni@example.net,918240332384.0,"20
Mitra Street
Tumkur 174250",Gandhinagar,337198.0,2023-08-03,Premium,5.0,608.34
50953418.0,Samaksh Kannan,ssrinivasan@example.net,911703746359.0,"49, Sagar Ganj, Korba 860322",Rajpur Sonarpur,309093.0,2023-03-27,Regular,11.0,404.6
52428250.0,Thomas Rai,ansh09@example.com,916553457682.0,"H.No. 86
Sule Nagar, Rajahmundry-935422",Bulandshahr,841456.0,2023-09-11,New,4.0,1925.08
60210778.0,Upasna Bhasin,chandran47@example.org,917719482280.0,"03/393, Devan Marg
Bhiwani 325747",Motihari,841574.0,2024-04-14,Regular,4.0,938.8
92209869.0,Bishakha Shah,rhora@example.net,913695072926.0,"32/119, Goyal, Dharmavaram-413935",Jhansi,680194.0,2023-10-03,Regular,19.0,483.76
46828932.0,Balveer De,nachiketdewan@example.net,918440410773.0,"H.No. 71
Loyal Marg
Nandyal-033113",Eluru,878564.0,2023-04-30,Premium,4.0,391.22
83304462.0,Diya Loyal,cheriannaksh@example.com,917808226804.0,"89/04
Upadhyay Ganj
Ghaziabad 810468",Jamnagar,121929.0,2024-01-26,Premium,8.0,723.86
46875863.0,Charita Anne,rajeshri43@example.net,911413303587.0,"H.No. 595
Prasad Zila, Purnia 798149",Bidar,158018.0,2023-10-14,Regular,8.0,1118.55
36774480.0,Ria Jha,alkaseth@example.com,918558102414.0,"H.No. 278, Ghosh Chowk, Berhampur 028827",Gandhidham,492281.0,2024-09-15,Regular,6.0,1470.93
18896771.0,Tejas Wable,edhitha15@example.org,910297241448.0,"37/659
Brahmbhatt, Darbhanga-901609",Ramagundam,350815.0,2023-05-17,Inactive,12.0,1906.46
89669139.0,Bishakha Natarajan,egoyal@example.com,914201259823.0,"62/08, Balay Circle, Moradabad-185194",Tiruppur,775702.0,2023-03-19,Premium,6.0,1999.64
81337068.0,Ira Kapur,benjamintara@example.org,914074818769.0,"H.No. 470
Gopal Path, Tadipatri-853677",Thiruvananthapuram,958921.0,2024-01-28,Regular,10.0,1509.04
75082508.0,Omaja Bajwa,chanchaltara@example.org,914755200709.0,"75/418, Sekhon Street
Bhavnagar 719002",Navi Mumbai,757007.0,2024-01-10,Premium,10.0,961.81
84847500.0,Teerth Mohanty,wbrar@example.org,917613381879.0,"09
Mitter Nagar, Mysore-578477",Bally,856982.0,2024-08-01,Inactive,9.0,1832.51
79942821.0,Tristan Pillay,vvora@example.org,919247215196.0,"H.No. 986, Gill Zila, Allahabad-481099",Madhyamgram,776819.0,2023-09-05,Premium,19.0,1652.35
62679120.0,Ekansh Padmanabhan,jalsa70@example.org,912344321780.0,"47/469
Mahal Road, Panchkula-969391",Siwan,229431.0,2024-09-03,Regular,14.0,1964.18
54850870.0,Jatin Magar,ganesanshaurya@example.com,918870417670.0,"383, Parikh Road
Belgaum-311274",Panipat,645655.0,2024-04-14,New,6.0,894.79
50105174.0,Tanveer Baria,nvora@example.com,910388026899.0,"23/41
Kala Circle, Gorakhpur-396088",Malda,426543.0,2023-09-08,Premium,11.0,1889.81
45700739.0,Luke Dar,madhavi20@example.net,913928246326.0,"54
Korpal Road
Jorhat 779102",Visakhapatnam,717476.0,2024-08-07,Inactive,17.0,509.95
25081012.0,Mohammed Oak,bhavanikara@example.net,911577199377.0,"18/45
Parikh Zila, Davanagere 786763",Baranagar,218441.0,2023-12-24,New,1.0,963.43
57566548.0,Oliver Tella,vasudhasawhney@example.com,910798558522.0,"50/831
Mall Zila, Rohtak-640640",Arrah,898935.0,2023-05-04,Regular,14.0,1058.02
49449238.0,Omaja Mukhopadhyay,onarayan@example.com,915912049917.0,"96/115
Kadakia Path
Gorakhpur 379524",Dindigul,120070.0,2024-06-28,Inactive,4.0,1878.39
31156674.0,Aarav Jaggi,golalila@example.net,916561972279.0,"04/919
Vaidya Zila, Bettiah-369312",Jamnagar,457035.0,2024-04-07,Inactive,3.0,1552.42
50088518.0,Osha Lata,divyasangha@example.com,910224299838.0,"76/517, Bahri Ganj
Gorakhpur-258199",Dewas,225890.0,2023-05-16,Regular,14.0,509.41
75836905.0,Ganga Gill,dixitgabriel@example.org,916702630190.0,"32/531
Chahal, Muzaffarnagar-938055",Ongole,444579.0,2023-12-07,Inactive,4.0,817.25
86487478.0,Ojas Gour,qarin92@example.net,914421929794.0,"H.No. 626, Gopal Ganj
Jaipur-952980",Machilipatnam,955200.0,2024-01-09,Premium,20.0,1241.57
93370787.0,Oni Sahota,mallmichael@example.org,911129508937.0,"18, Chokshi Zila
Panvel-924958",Jehanabad,701319.0,2024-10-16,New,10.0,1810.06
16400639.0,Anvi Dutta,btailor@example.com,912852046532.0,"666
Sengupta Road
Arrah 509524",Pallavaram,759756.0,2023-09-03,Premium,5.0,680.48
87943214.0,Samar Basak,kalabaljiwan@example.net,918193358234.0,"969, Ratta Street
Gandhinagar 706186",Tiruvottiyur,167479.0,2024-09-02,Inactive,10.0,476.03
21409946.0,Ayushman Agrawal,vohraurishilla@example.com,919602618984.0,"03/23
Loyal Circle, Guna-092311",Bhilwara,472226.0,2024-03-22,Inactive,2.0,1428.68
56604077.0,Yutika Pandit,shivanshdesai@example.com,912766142361.0,"426, Vora Ganj
Bettiah 007488",Ghaziabad,596688.0,2024-01-11,Regular,14.0,474.26
88571088.0,Keya Krishnan,raghavannisha@example.net,917262956668.0,"H.No. 765
Saini Path, Bongaigaon 744231",Bulandshahr,578313.0,2024-10-16,Inactive,10.0,1000.27
54099929.0,Devika Hans,randhawadamini@example.net,912015889452.0,"61/42
Chad Road, Shimoga-427336",Karnal,132415.0,2023-10-22,New,7.0,1712.59
68714053.0,Max Boase,tbutala@example.net,918713599689.0,"73/037
Babu Nagar
Kolkata 428987",Nanded,861394.0,2024-07-19,New,18.0,1474.77
5751638.0,Xiti Wagle,darshmunshi@example.net,916525678909.0,"H.No. 571
Borah Marg
Sri Ganganagar-467229",Aligarh,589333.0,2024-09-11,New,14.0,1230.38
43431724.0,Jack Kalita,calebdewan@example.com,912843679556.0,"41/500, Sachdev Marg, Jhansi-452338",Rohtak,217110.0,2023-11-26,New,2.0,813.0
81136091.0,Yuvraj Chander,ichadha@example.net,919473448780.0,"H.No. 54
Vaidya Road, Bijapur-157933",Nanded,578739.0,2024-03-27,Regular,15.0,1205.96
38671747.0,Falan Acharya,varenya53@example.com,919757061756.0,"H.No. 49, Chahal Road
Medininagar 760903",Rajahmundry,758751.0,2023-11-05,New,16.0,1681.18
23095784.0,Alka Mitra,mallshivani@example.net,912142115211.0,"H.No. 701
Mand Zila, Kottayam 983857",Bathinda,360468.0,2023-05-30,Premium,3.0,1470.2
91291123.0,Qarin Sama,fzacharia@example.org,910535999206.0,"H.No. 89
Mukhopadhyay
Latur-280918",Etawah,598689.0,2024-02-10,New,15.0,1952.01
10729474.0,Gautami Pingle,oliverraman@example.org,914775722633.0,"40/162
Lall Chowk, Rourkela 080616",Howrah,14994.0,2023-10-19,New,16.0,417.3
96373206.0,Garima Magar,geramitesh@example.com,918254257775.0,"49, Bhattacharyya Chowk
Deoghar-719753",Indore,996221.0,2023-06-24,Regular,9.0,1235.13
93198324.0,Bhavya Dutta,kdugar@example.org,918645121437.0,"25/800, Chanda Road, Jamshedpur-861401",Thane,196294.0,2023-11-19,Inactive,11.0,1742.23
95590889.0,Janani Purohit,atharvgaba@example.net,910102737756.0,"091, Ahuja Circle
Mysore-186449",Kharagpur,916972.0,2023-06-23,Inactive,7.0,582.01
85177880.0,Aryan Sridhar,munipeter@example.com,915113978421.0,"44/148, Natt Chowk
Ahmedabad-669972",Bardhaman,285240.0,2024-01-27,Regular,9.0,1823.25
10524732.0,Bhavna Ramesh,esingh@example.org,915866776432.0,"39/475
Sathe Road
Bhopal-622648",Rajahmundry,134704.0,2023-11-16,Regular,18.0,1830.92
22931642.0,Lajita Ghosh,fmukhopadhyay@example.net,919799952755.0,"H.No. 739
Dash Zila
Anantapur-112542",Ambala,346553.0,2024-10-03,New,18.0,649.19
5901440.0,Faris Chopra,waida01@example.org,917602917789.0,"H.No. 50
Rastogi Path
Mehsana-686891",Sambhal,719965.0,2024-05-16,Premium,8.0,761.17
6617417.0,Pavani Talwar,elijah70@example.net,914108077841.0,"H.No. 940
Seshadri Nagar
Rajahmundry 066841",New Delhi,279112.0,2024-10-08,Inactive,20.0,1785.99
92306841.0,Dakshesh Kalita,balhaarbath@example.com,913526124313.0,"141
Rajan Zila, Satara 705516",Rampur,778285.0,2024-02-09,New,10.0,1915.85
89361574.0,Nakul Goyal,matwal@example.net,913812242841.0,"51, Oommen Chowk
Jhansi 409585",Deoghar,925948.0,2023-10-20,Regular,14.0,315.31
93723634.0,Aditya Swamy,gaurangarya@example.org,915047185705.0,"H.No. 83
Pall Zila
Madurai 850619",Berhampur,952930.0,2023-03-16,Premium,4.0,1992.05
75490147.0,Parth Chad,georgebala@example.org,910938866102.0,"34/86
Sen Nagar, Farrukhabad 009970",Vadodara,404379.0,2023-03-17,Inactive,2.0,497.56
45650429.0,Zehaan Soni,kantchasmum@example.net,911558505493.0,"19/75, Singh Path, Vasai-Virar-464997",Ramgarh,306054.0,2023-03-30,Premium,12.0,421.21
59323931.0,Ridhi Yadav,speri@example.net,918957463222.0,"29/674
Chada Chowk, Allahabad-561456",Bijapur,703311.0,2024-08-24,Inactive,14.0,1239.32
77397957.0,Sachi Dubey,vbarman@example.com,914081501469.0,"H.No. 74, Devan
Danapur 072213",Coimbatore,754911.0,2024-02-14,New,14.0,1913.71
23976957.0,Ryan Sawhney,advikram@example.com,918044799160.0,"225
Dara Marg
Gudivada-433963",Visakhapatnam,928742.0,2023-08-31,New,6.0,755.84
70543108.0,Baljiwan Sampath,edwinkamala@example.com,918916514633.0,"H.No. 26
Om Circle, Bhatpara-176703",Rajahmundry,573783.0,2024-09-20,Regular,6.0,1354.97
20689141.0,Maya Yohannan,yatandhawan@example.net,915419437979.0,"60, Chaudry Circle, Surat 576801",Korba,687107.0,2024-05-25,Premium,19.0,995.55
72797139.0,Ucchal Kapoor,kantcaleb@example.net,913880060422.0,"366, Lall Path
Ambarnath-422467",Dhule,722930.0,2023-07-17,Regular,5.0,492.0
75467328.0,Warhi Ravel,priyakar@example.com,910295745726.0,"12/239
Keer Chowk
Nagercoil-980113",Siliguri,966869.0,2023-04-07,Inactive,14.0,691.64
69276352.0,Jason Goel,rachit92@example.net,915259759472.0,"471
Datta Marg
Delhi-184705",Mysore,458924.0,2023-05-20,Inactive,2.0,1425.64
39876773.0,Hardik Sethi,atwaldominic@example.org,913422323651.0,"214
Chaudhry
Vasai-Virar 260049",Mirzapur,336281.0,2024-10-21,Premium,17.0,879.54
36998375.0,Yatin Mammen,william17@example.net,912614802536.0,"54/801, Iyengar Path
Proddatur-802798",Tirupati,153951.0,2024-05-29,Inactive,11.0,1231.91
97185284.0,Jeevika Nayar,pallavidhi@example.com,910869135855.0,"03/06, Jha Chowk, Siliguri-754493",Haldia,888357.0,2023-11-07,Regular,2.0,1599.26
23126356.0,Oliver Kaur,fmurty@example.org,910108188846.0,"34/473, Gaba Circle
Raiganj 302856",Bhopal,28548.0,2024-05-29,Inactive,7.0,1580.04
93803038.0,Adweta Tara,chowdhuryyashasvi@example.org,917429197379.0,"H.No. 047, Salvi Circle, Katihar-502152",Dhule,929834.0,2024-10-14,Premium,11.0,1018.05
1697604.0,Arjun Deep,vedant34@example.net,915494808717.0,"H.No. 285
Gokhale Ganj, Chennai 327475",Bongaigaon,743452.0,2023-07-24,Regular,6.0,1970.15
53332493.0,Anirudh Bose,kamya09@example.org,912245627338.0,"13
Rege Zila
Gulbarga-345640",Surendranagar Dudhrej,54821.0,2023-06-30,New,19.0,1678.4
35812567.0,Xalak Sood,khuranaurmi@example.com,912216882380.0,"H.No. 444
Varma Marg
Hazaribagh-735198",Bikaner,668122.0,2024-06-25,Regular,6.0,1313.89
74172010.0,Urvi Rajagopalan,singhallohit@example.net,914420515207.0,"31/99
Banerjee Nagar
Ballia 120751",Tadipatri,216145.0,2023-05-08,Inactive,3.0,1963.77
89157395.0,Tanmayi Saraf,doctorpraneel@example.com,913266461471.0,"H.No. 63
Badami, Deoghar-639198",Fatehpur,783489.0,2024-09-28,Premium,6.0,1782.61
79991320.0,Ojas Bawa,tnagi@example.net,911147765397.0,"498, Dhar
Buxar 995095",Kumbakonam,316134.0,2024-03-25,New,5.0,537.94
15568831.0,David Swamy,shroffpranav@example.com,913990505302.0,"H.No. 00
Parmar Circle
Madanapalle 797272",Jammu,598277.0,2023-10-06,Premium,7.0,813.3
46563355.0,Zehaan Srinivasan,sathvikmane@example.net,910375807037.0,"H.No. 494, Thakkar Chowk, Kalyan-Dombivli-939080",Ajmer,295136.0,2024-02-15,Premium,19.0,463.08
9278983.0,Madhav Guha,wahab65@example.org,915976231299.0,"945
Basak Chowk, Guwahati 644383",Bathinda,566507.0,2024-02-23,Inactive,17.0,1418.32
70168151.0,Akshay Dubey,toorharinakshi@example.net,912820742997.0,"62/907
Jaggi Nagar, Ahmedabad 688756",Jamalpur,336495.0,2024-09-17,Regular,8.0,493.64
96149069.0,Omisha Pall,jhabhavya@example.com,910154125921.0,"H.No. 89, Date Ganj, Ambala 994646",Ozhukarai,900241.0,2024-05-13,Regular,19.0,346.93
22822088.0,Baghyawati Wadhwa,atwalabhiram@example.com,910218037411.0,"54/01, Tandon Ganj, Kottayam-106529",Amravati,748122.0,2023-08-05,New,11.0,293.88
1449273.0,Forum Deol,pgarg@example.org,918190110689.0,"79
Chowdhury
Mathura-017308",Pondicherry,562307.0,2023-12-06,New,12.0,1758.24
97388817.0,Yahvi Bala,vkant@example.org,910641265980.0,"075, Pau Path, Kolkata-515895",Bathinda,522694.0,2024-06-16,Regular,1.0,1161.94
18567760.0,Ethan Natarajan,semnakul@example.net,917721352796.0,"H.No. 63
Viswanathan Circle, Medininagar 960193",Fatehpur,321200.0,2024-05-28,Regular,13.0,1933.7
12695670.0,Anya Borde,qahuja@example.net,914953830813.0,"H.No. 392, Karpe Marg, Ahmedabad-346669",Jaipur,7202.0,2023-09-25,Premium,10.0,910.12
33871107.0,Aarav Rout,vermachaaya@example.com,918142114903.0,"75
Bhandari Chowk
North Dumdum 088637",Thiruvananthapuram,837790.0,2024-11-02,Inactive,8.0,513.07
49869358.0,Varenya Nigam,ekiya67@example.com,913216336417.0,"H.No. 15
Lad Nagar
Vadodara 873657",Dharmavaram,13634.0,2024-05-03,Regular,16.0,1002.95
96806748.0,Qabil Nath,kritikaganesh@example.net,911458758834.0,"45/791, Palan Path
Rajkot 384578",Bareilly,752668.0,2024-10-19,New,14.0,1482.08
82948843.0,Nathan Seth,hamsinipanchal@example.com,912380648068.0,"08/008, Konda, Jalna-179579",Phusro,672485.0,2023-05-17,Regular,13.0,1629.2
79866758.0,Chavvi Dhar,fbakshi@example.net,912169606358.0,"H.No. 35, Rout Chowk, Bhiwani-310539",Malda,912239.0,2023-04-13,Inactive,14.0,598.03
9335625.0,Falguni Sangha,sudiksha34@example.org,912514405805.0,"354
Raval Circle
Purnia 372237",Coimbatore,194689.0,2024-07-27,Premium,14.0,1605.95
28876580.0,Udant Doshi,pradhanzayyan@example.org,915300616858.0,"H.No. 62, Singh Nagar, Srikakulam 903827",North Dumdum,638995.0,2023-12-18,Inactive,15.0,476.34
91768226.0,Vansha Walia,bhavikagour@example.net,917679894933.0,"792, Murty Chowk, Danapur-524967",Bardhaman,706055.0,2023-11-09,Regular,11.0,203.02
56457995.0,Turvi Venkataraman,anya55@example.com,911701858284.0,"16/55, Anne Path, Kurnool-471739",Amroha,306136.0,2024-01-01,Inactive,6.0,1002.88
23844919.0,Jagvi Bhatt,hmannan@example.org,916973617283.0,"87, Kohli Road, Ichalkaranji-462134",Bhagalpur,632415.0,2024-07-25,Regular,9.0,1890.71
81088747.0,Peter Wagle,bhattshravya@example.net,915367055174.0,"623, Dave Chowk
Bettiah 729338",Ujjain,941766.0,2024-06-14,Regular,3.0,1238.99
85854265.0,Vasatika Naidu,amerchant@example.net,911559646472.0,"94/55
Pradhan Path, Nashik 460184",Vijayanagaram,772253.0,2024-06-07,Premium,9.0,1492.09
73363613.0,Aradhana Bala,bumbanjali@example.net,917239340838.0,"613
Kumar Street
Mau 644080",Gopalpur,173439.0,2023-04-14,Premium,3.0,400.0
64141971.0,Madhavi Jaggi,eswamy@example.org,911276591339.0,"H.No. 70
Sura Path
Machilipatnam-082428",Anantapur,554679.0,2023-06-20,Premium,11.0,361.98
70867736.0,Madhavi Nagarajan,harijeremiah@example.com,913772639409.0,"43/105
Mitter Ganj, Jamnagar-690461",Ambattur,596147.0,2024-05-29,Premium,17.0,574.18
52678787.0,Zashil Salvi,amruta16@example.org,916941129000.0,"464
Arora Street
Kolhapur-442137",Ghaziabad,187842.0,2024-01-29,New,9.0,1444.39
27586115.0,Maanas Batra,aarinisoni@example.com,919162948835.0,"24/98
Mukherjee Marg
Karnal-610976",Jamnagar,145067.0,2023-11-25,Inactive,1.0,1908.19
92404798.0,Gautami Dayal,bosearyan@example.net,916794691151.0,"H.No. 098, Dayal Zila, Salem-908014",Jorhat,222676.0,2023-03-29,New,15.0,1130.02
55170753.0,Praneel Nagy,gchauhan@example.net,910044121348.0,"H.No. 660
Krishna Path, Mango-105239",Miryalaguda,951611.0,2024-05-27,Inactive,19.0,1414.63
19182548.0,Laban Kulkarni,balhaarsastry@example.net,915385999190.0,"19/71, Narang Zila, Bhiwani 422655",Bijapur,783411.0,2023-03-22,Regular,16.0,636.15
67701771.0,Gaurav Sodhi,nsibal@example.net,910987976726.0,"63/74, Sarkar Road, Jhansi-992671",Mathura,928001.0,2023-11-14,Premium,9.0,550.5
75828735.0,Yahvi Hegde,ctripathi@example.net,913460979391.0,"57/89
Mohanty Chowk
Sri Ganganagar-144843",Ramagundam,717189.0,2023-05-05,New,18.0,1400.05
2219590.0,Upadhriti Sandhu,comarmugdha@example.org,911603666274.0,"H.No. 054
Kala Chowk, Jamalpur-734290",Solapur,116736.0,2024-09-24,Regular,20.0,756.84
64497538.0,Libni Chadha,vyaswaida@example.net,914625245708.0,"755, Gulati, Mysore 740771",Bongaigaon,753834.0,2024-01-05,Premium,13.0,1338.69
48033969.0,Kavya Kunda,ramalaksh@example.net,914307489056.0,"31/10
Vohra
Panipat 844869",Baranagar,320524.0,2023-08-16,Premium,1.0,717.51
67708491.0,Dalbir Kata,triyaswamy@example.com,916516137557.0,"092, Chowdhury Path, Srinagar-492392",Patiala,872616.0,2024-10-12,Inactive,10.0,586.96
80858127.0,Rachana Chaudhry,ybal@example.com,912282845292.0,"H.No. 272
Tella Circle
Alappuzha-788083",Raichur,114778.0,2024-08-01,Premium,10.0,1703.39
28280172.0,Gaurang Dutta,johalekbal@example.org,917414677366.0,"H.No. 92
Chhabra Nagar
Bhopal 631149",Amravati,711598.0,2023-06-19,Premium,14.0,968.95
6398761.0,Kabir Kala,pallafaris@example.com,918169750825.0,"H.No. 80
Konda Nagar
Eluru 082402",Naihati,350456.0,2024-08-10,Inactive,2.0,1701.15
69749541.0,Ayush Amble,vedika87@example.net,915599030467.0,"81/682, Soman Chowk
Adoni 115028",Satara,316215.0,2023-06-06,Premium,1.0,1412.58
57474553.0,Damini Sule,ukrishnan@example.net,915057970429.0,"H.No. 36, Sani, Tadepalligudem 412609",Moradabad,441368.0,2023-09-06,Regular,1.0,300.82
37551429.0,Diya Chand,tbaria@example.net,915961358441.0,"15, Sethi Zila, Noida-862506",Khandwa,773280.0,2023-03-22,Regular,6.0,1136.03
949062.0,Jackson Karpe,sembhavika@example.net,910274625288.0,"H.No. 81, Mital Ganj
Mangalore 130050",Mau,106228.0,2023-10-13,Inactive,19.0,1947.14
74174956.0,Hemani D’Alia,kashvisharaf@example.org,918714621353.0,"H.No. 146, Reddy Road
Eluru-595756",Latur,254231.0,2024-09-26,Regular,20.0,1583.4
55007963.0,Darika Borah,dominic54@example.com,915919980237.0,"87/449
Kothari, Haridwar 669084",Chennai,52382.0,2023-08-30,New,10.0,1809.98
64017365.0,Vasatika Banerjee,warjaschanda@example.net,916933171516.0,"71, Issac Marg, Malda-139706",Delhi,130657.0,2024-05-22,Premium,2.0,1767.76
26199489.0,Aarna Gola,hemang36@example.org,915848826456.0,"28/92
Banerjee Zila
Singrauli-249881",Serampore,555849.0,2024-07-15,Inactive,11.0,479.65
7288562.0,Triya Singhal,arjun79@example.org,913901055884.0,"505, Mangal Ganj, Faridabad 766686",Dewas,868197.0,2023-06-14,New,19.0,1982.78
78394303.0,Alexander Kata,krishnaupkaar@example.com,914050562633.0,"H.No. 237
Prabhakar Marg
Belgaum-107073",Bilaspur,740219.0,2023-07-31,Inactive,1.0,1590.54
43518622.0,Pooja Gole,yutika87@example.com,915452374082.0,"93/53, Batra Marg, Pudukkottai 797906",Jaunpur,694453.0,2024-05-20,Regular,5.0,512.48
60967677.0,Chatura Sandhu,alexander15@example.org,918240257018.0,"65/92, Chand Chowk, Ambarnath 994843",Agartala,938373.0,2023-05-03,Premium,11.0,398.48
35144658.0,Tristan Gulati,bakshielijah@example.com,915537161731.0,"45/00, Sabharwal Zila, Dhule-908832",Bilaspur,256023.0,2024-01-27,Premium,8.0,433.11
37054866.0,Avi Sodhi,guhawarjas@example.net,919236914054.0,"89
Tak Marg, Mangalore 446678",Guntur,224009.0,2024-04-30,Regular,2.0,1503.54
3100301.0,Wazir Saini,ishani86@example.com,915270787774.0,"770, Oommen
Orai-371934",Bathinda,892652.0,2023-06-19,New,1.0,1530.27
62194279.0,Lavanya Rastogi,krishnannetra@example.com,913134953487.0,"28/38
Raja Road, Bhilwara-071347",Mysore,676770.0,2023-09-29,Premium,3.0,1561.41
43599910.0,Oviya Swaminathan,nazarethnaksh@example.com,913137315904.0,"H.No. 638, Sastry Circle, Jodhpur-063579",Sambhal,529673.0,2024-10-03,Premium,8.0,939.36
36222767.0,Alka Behl,revakrishna@example.net,917824182684.0,"H.No. 34
Rau Circle, Indore-735262",Mango,124336.0,2023-05-12,Inactive,7.0,478.18
91320466.0,Laban Raju,ryandyal@example.net,912182736551.0,"820
Palla
Yamunanagar-519750",Yamunanagar,776068.0,2023-10-15,Premium,8.0,478.45
30468930.0,Nirja Manda,chavvisavant@example.com,912288937357.0,"H.No. 723
Shankar Marg, Bhiwani-677157",Gandhinagar,478625.0,2024-05-24,Regular,6.0,1449.81
45503888.0,Brinda Natarajan,udeol@example.org,913380348019.0,"87/41
Bajwa Ganj
Anand 459332",Raurkela Industrial Township,813444.0,2023-05-18,Premium,5.0,669.46
85340038.0,Faris Oza,goswamialexander@example.com,911658673204.0,"82, Garg Zila, Noida-112388",Noida,355666.0,2023-08-17,Premium,10.0,1430.56
13796199.0,Pallavi Mutti,gangulylogan@example.com,917818968624.0,"H.No. 89
Manne Ganj, Unnao-048441",Deoghar,8504.0,2023-05-04,Regular,20.0,1016.92
10769994.0,Tripti Tandon,aradhana79@example.org,917981586241.0,"352
Agrawal Road, Siwan 961199",Begusarai,766033.0,2023-05-07,Regular,10.0,1122.23
65406127.0,Anita Ganguly,yutika10@example.org,911383635758.0,"H.No. 749
Pillai Chowk, Nanded-873039",Nangloi Jat,460669.0,2024-06-15,Premium,20.0,1391.48
8383197.0,Nikita Ravi,wriddhishgoda@example.net,912425970612.0,"34, Deol Nagar, Mirzapur-271064",Tiruppur,621192.0,2023-10-17,New,16.0,1440.12
8384106.0,Urishilla Upadhyay,enagi@example.net,910188520020.0,"H.No. 051, Mann
Tadipatri-912584",Hubli–Dharwad,42350.0,2023-08-03,Premium,8.0,1853.96
27698051.0,Mitesh Savant,indalimane@example.net,914958966273.0,"H.No. 391
Batra Street
Nangloi Jat 215269",Gandhinagar,229507.0,2023-07-30,Premium,19.0,978.81
56352626.0,Liam Palan,shravya32@example.org,913874045143.0,"28/021
Goyal Street, Haridwar 710996",Nagercoil,219851.0,2023-06-29,Regular,10.0,1574.59
41194825.0,Mekhala Shah,patlaanjali@example.com,918756063035.0,"H.No. 641
Sarma Road, Raipur 677944",Singrauli,711877.0,2023-10-26,Regular,19.0,1678.77
62526567.0,Chaman Karan,azaankunda@example.net,916862252516.0,"H.No. 958, Sethi Circle
Hosur 449981",Chittoor,521820.0,2023-07-01,Premium,15.0,1976.82
67277562.0,Arunima Borde,nkurian@example.org,910289553046.0,"37, Sant Circle
Bhiwandi-247759",Ghaziabad,721656.0,2023-11-20,Inactive,10.0,1951.59
48228547.0,Anika Baria,triyasinha@example.org,919310090582.0,"H.No. 509, Rajan Road
Bijapur 011279",Katihar,248566.0,2024-07-13,Inactive,9.0,753.89
36578947.0,Ekansh Madan,gdeep@example.org,914202237352.0,"70/297
Krishnan Path
Dindigul 513144",Ranchi,68770.0,2023-04-08,New,18.0,1698.54
21701991.0,Wazir Hari,ydevan@example.net,914788531132.0,"H.No. 09, Gill Circle, Kota-464715",Allahabad,296322.0,2023-10-05,New,5.0,1114.5
20469626.0,Tanish Ghose,barkhasawhney@example.net,914972485764.0,"01
Palla, Ahmedabad 612378",Guntakal,304902.0,2023-12-26,Regular,9.0,1250.28
20314691.0,Raksha Bhattacharyya,indrajitvarkey@example.net,913507616977.0,"H.No. 12
Contractor Nagar
Tenali 901526",Salem,349141.0,2024-07-17,Inactive,2.0,282.92
91778474.0,Sai Raman,jeremiah38@example.org,918148699845.0,"H.No. 375, Nagi Marg
Jammu-016214",Kalyan-Dombivli,968102.0,2024-02-25,Regular,20.0,280.67
83964902.0,Jeremiah Keer,mohini14@example.org,912244661727.0,"64/07
Padmanabhan Road
Latur 717782",Bhimavaram,569130.0,2023-11-10,Regular,2.0,536.01
92455970.0,Bhavna Chada,rbakshi@example.org,911600463006.0,"06/035
Rama Zila, Tenali 341605",Navi Mumbai,772301.0,2024-06-13,Inactive,10.0,1413.21
52001314.0,Libni Manda,zarnagrewal@example.com,917562688230.0,"249
Rama, Raiganj-319572",Kota,492160.0,2024-04-14,Premium,7.0,1081.06
72917958.0,Guneet Sampath,qswamy@example.net,918813777364.0,"46/05
Chandra Nagar
Satara 458142",Sirsa,261102.0,2023-12-19,New,6.0,1772.67
88739922.0,Harrison Yogi,borraqadim@example.com,913430689274.0,"H.No. 758
Khatri Zila, Pune 227704",Madurai,138588.0,2024-03-27,Regular,4.0,1563.61
59297955.0,Charita Mistry,anirudh92@example.com,912509263486.0,"33/33
Kamdar Marg, Rajahmundry 580070",Orai,182135.0,2024-02-26,Premium,6.0,1292.83
99490786.0,Ayush Biswas,frederickkale@example.org,914042785224.0,"16/282
Dar Street, Suryapet 965764",Kishanganj,47845.0,2023-09-23,New,15.0,1097.78
54877984.0,Ubika Basak,ayaan26@example.org,917511501464.0,"H.No. 68
Tank Circle
Kolhapur 888923",Visakhapatnam,784114.0,2023-05-09,Inactive,14.0,736.62
62243869.0,Vrishti Thakkar,gaurangiparmer@example.org,916498170665.0,"372, Sagar Marg
Tiruchirappalli-790434",Raebareli,430535.0,2024-09-24,Premium,7.0,257.78
19067680.0,Rajata Mall,qarin71@example.org,912259959740.0,"640, Pant, Sultan Pur Majra-315200",North Dumdum,608152.0,2023-12-29,New,18.0,410.34
61753272.0,Ojasvi Dash,widisha91@example.net,915019403001.0,"H.No. 85
Thakur
Bhubaneswar 074120",Anantapur,81264.0,2024-08-20,New,3.0,832.17
34567918.0,Meghana Ranganathan,laban62@example.net,919615987741.0,"33, Gupta Marg
Jalna-802641",Latur,550475.0,2024-10-09,Inactive,13.0,271.49
20163931.0,Gautami Doshi,vedhika55@example.net,919016657272.0,"H.No. 01, Karnik Path
Sultan Pur Majra-506511",Kumbakonam,918590.0,2024-08-05,Regular,5.0,404.55
69088723.0,Triveni Nori,yvaidya@example.com,912846355544.0,"14, Andra Chowk
Kolhapur 212015",Hapur,547704.0,2024-10-12,New,8.0,1050.74
27620326.0,Chasmum Sahni,grovercharan@example.com,913953311360.0,"H.No. 789
Dave Street
Dhule-392337",Tezpur,129682.0,2024-07-17,Regular,1.0,1126.02
71321741.0,Adya Virk,chakrikakrishna@example.com,918009910522.0,"892
Dave Chowk
Bhatpara-152046",Saharsa,205275.0,2024-02-27,Regular,18.0,1734.32
10855630.0,Anya Rajagopal,sbajwa@example.org,916836842543.0,"39
Lata Chowk
Nellore 099220",Rajahmundry,39724.0,2024-06-03,Premium,15.0,1447.55
24137201.0,Jyoti Grewal,dattaeesha@example.net,911921359971.0,"H.No. 75, Mody Street
Dehri-430112",Haridwar,228579.0,2024-09-22,New,2.0,1399.08
31776996.0,Bhavya Shankar,bavakai@example.com,918135472883.0,"09/679, Wali Chowk
Ongole 073167",Madanapalle,643542.0,2024-04-13,New,12.0,872.26
48167795.0,Charita Kapoor,anaybalan@example.net,911562179243.0,"79/36
Rege Ganj, Thanjavur-542580",Visakhapatnam,567196.0,2023-11-28,New,13.0,1355.09
62419778.0,Frederick Subramaniam,girish83@example.com,918047592542.0,"940, Nair Street
Medininagar 829782",Jamnagar,657089.0,2024-08-23,Premium,12.0,1083.95
75510747.0,Shaurya Luthra,yachana38@example.com,911338256914.0,"30/18, Bhandari Marg, Adoni 846635",Fatehpur,186578.0,2024-03-18,New,7.0,555.18
99406165.0,Yadavi Tiwari,karanmemon@example.com,918460685733.0,"43/378, Lalla, Sri Ganganagar 591499",Purnia,361264.0,2024-01-12,Premium,10.0,1465.58
84572019.0,Jagrati Baral,vasudhagara@example.net,912677343120.0,"34
Thaker Chowk
Bally-512370",Burhanpur,643739.0,2023-11-15,Inactive,14.0,1067.89
70391758.0,Meghana Palan,eiravatiraval@example.net,917038619483.0,"H.No. 33, Barad Circle, Morbi 535194",Tezpur,246888.0,2023-06-09,Premium,4.0,1961.01
5135207.0,Xalak Mittal,libnikonda@example.com,911767908819.0,"H.No. 46, Thakur Street
Gurgaon 146541",Moradabad,383404.0,2023-08-24,Premium,3.0,1438.23
60834500.0,Rishi Jain,bathanirudh@example.org,919789512998.0,"80/57, Dara Marg, Bokaro 568451",Khammam,487840.0,2024-10-28,Inactive,1.0,1111.47
96629034.0,Raghav Nayak,bchahal@example.org,911204887543.0,"112
Buch Marg, Nanded 682578",Hyderabad,769553.0,2024-04-27,Premium,10.0,839.31
5418547.0,Qushi Devi,swaminathanshaurya@example.org,917170962386.0,"132
Amble Ganj, Pimpri-Chinchwad-532902",Pune,122989.0,2023-08-27,Regular,20.0,1693.63
32540616.0,Jairaj Sehgal,bumblaban@example.net,919482516095.0,"765, Sani Nagar
Fatehpur-530586",Nellore,40785.0,2024-03-21,New,5.0,1614.27
70798876.0,Amaira Sane,jeetkale@example.net,910457538267.0,"67, Iyer Nagar, Nagercoil 314320",Dhanbad,639571.0,2024-10-04,New,16.0,1154.75
79895967.0,Hema Luthra,omfalan@example.net,917672848454.0,"785, Karpe Path
Ramgarh 103332",Chennai,715090.0,2024-05-05,Regular,8.0,1829.16
44477365.0,Nihal Buch,sandhuwarjas@example.net,919287302103.0,"H.No. 22, Mahajan Path, Thanjavur-754379",Katihar,517368.0,2024-07-08,Regular,18.0,292.43
72889295.0,Samuel Pal,banikyadavi@example.org,918050776110.0,"90/605
Naidu Zila, Raichur 666950",Sasaram,545125.0,2024-05-07,New,18.0,1965.81
66886852.0,Ubika Chand,advay03@example.org,913740585667.0,"03/249, Pant Zila
Ratlam-647336",Korba,953555.0,2024-03-24,Inactive,19.0,1546.79
9195970.0,Riya Uppal,sunderabhimanyu@example.com,917453089439.0,"85/83, Jaggi Road, Jalandhar 841040",Karawal Nagar,785030.0,2024-06-21,New,14.0,517.58
60049160.0,Abdul Nayak,saanvi74@example.org,917297145422.0,"913
Patel Chowk, Panvel 109637",Bardhaman,815342.0,2023-09-10,New,5.0,911.68
61522288.0,Gunbir Kala,balendratak@example.com,913225727510.0,"H.No. 43, Sidhu Marg, Ballia-663728",Tiruppur,828461.0,2023-07-02,New,8.0,283.36
90448312.0,Chandani Tata,raiishanvi@example.net,919722121560.0,"H.No. 24
Biswas Path
Sambalpur-658004",Panihati,753285.0,2024-05-21,Inactive,10.0,1678.01
86748343.0,Faris Pillay,anusharatti@example.net,915340678365.0,"H.No. 300, Barad Nagar, Morbi-324626",Sultan Pur Majra,916917.0,2024-03-10,Premium,16.0,1799.33
91791128.0,Warda Mand,aptejagdish@example.com,911059202759.0,"44, Gaba Nagar
Patna-177700",Allahabad,48642.0,2024-03-18,Regular,6.0,211.88
57548210.0,Alka Varughese,subramaniankrishna@example.org,915853107379.0,"52/68
Kibe Circle, Korba 159640",Erode,401443.0,2024-09-29,Inactive,10.0,709.43
5369136.0,Yasti Wagle,pantmaanas@example.com,916386080438.0,"46
Jayaraman Road, Eluru-026437",Ambala,927996.0,2024-09-11,Regular,8.0,311.45
54038173.0,William Palan,mekhalapant@example.net,918498432808.0,"457, Bhagat Path
Bally-425829",Jehanabad,987434.0,2023-11-24,Premium,17.0,1914.26
67528368.0,Anay Rana,sundersaksham@example.org,918947017851.0,"616, Ramakrishnan Chowk
Rajpur Sonarpur-831812",Suryapet,173070.0,2023-04-16,Premium,13.0,1897.75
25981385.0,Chasmum Deol,kala09@example.com,912395846999.0,"77/335, Vig Chowk
Karaikudi-226233",Kakinada,361736.0,2023-10-07,New,15.0,1484.06
10088428.0,Tara Raghavan,vwalia@example.net,914501012348.0,"968, Dani Ganj, Bhiwandi-868663",Khammam,155215.0,2024-01-16,Premium,15.0,806.54
57833505.0,Pooja Nadkarni,parmarvasatika@example.org,916008140997.0,"871
Parsa Chowk
Nagercoil 859863",Thrissur,805070.0,2024-01-10,New,5.0,1832.55
69416782.0,Gagan Goel,abhalla@example.com,913998703274.0,"60/09
Doshi Ganj
Farrukhabad 134691",Bijapur,48895.0,2024-06-21,Regular,8.0,646.2
2114782.0,Brinda Jha,bhardwajwyatt@example.com,917944628948.0,"H.No. 49
Pant
Gulbarga-778142",Solapur,803955.0,2023-05-29,Premium,3.0,1354.66
40323385.0,Kai Sami,leela55@example.net,912526813521.0,"631, Dubey Zila
Bhiwandi 092053",Bikaner,451907.0,2023-11-17,Regular,9.0,1631.87
2414265.0,Ayushman Bala,tkonda@example.net,910873876162.0,"H.No. 86
Dyal, Solapur-311874",Sultan Pur Majra,6805.0,2023-10-19,New,6.0,571.92
21626705.0,Ekani Dubey,mittergunbir@example.org,916514248913.0,"636, Sur Path, Kolhapur-853265",Bongaigaon,420577.0,2023-11-27,Premium,16.0,655.46
8351747.0,Darika Kaul,tankjeremiah@example.com,912178067117.0,"H.No. 078
Karpe Circle, Phusro-139076",Khammam,186763.0,2024-09-13,Regular,7.0,651.7
67046342.0,Sanya Chacko,warriorqasim@example.com,915417257874.0,"250
Agate Chowk, Gulbarga-828985",Vadodara,38403.0,2023-09-11,New,6.0,207.69
6344788.0,Max Mandal,sanya24@example.com,919223902556.0,"61
Kata Nagar
Nagpur 188136",Bareilly,879635.0,2024-02-15,Premium,9.0,1058.66
625395.0,Leena Loyal,devanshwalia@example.org,910364415832.0,"H.No. 758
Bhardwaj Street, Jamalpur-645017",Siliguri,645207.0,2024-03-27,Premium,4.0,1794.26
33533919.0,Anamika Ghosh,lakshit76@example.org,914421448140.0,"H.No. 56, Brahmbhatt Zila
Jhansi-815364",Gulbarga,777861.0,2024-10-22,New,3.0,678.24
58974323.0,Reva Bhavsar,chaudharychaitaly@example.com,911647244863.0,"598, Sankar Path, Vijayanagaram 596256",Burhanpur,526621.0,2024-06-12,New,20.0,1716.92
10686446.0,Onkar Ratti,tshanker@example.net,914588259906.0,"21/061, Muni Marg
Coimbatore 615093",Tadipatri,182979.0,2023-07-05,New,18.0,1566.26
5228136.0,Oeshi Mallick,hardikkrishna@example.org,919869824720.0,"H.No. 16, Krishnan Marg
Naihati-647090",Ambarnath,314449.0,2024-09-30,Premium,19.0,500.17
81046421.0,Jacob Narayan,choudharyayushman@example.com,915368713884.0,"99, Sekhon Nagar
Phagwara 174118",Kalyan-Dombivli,657178.0,2024-05-03,Inactive,6.0,484.37
13494314.0,Eesha Nadig,hansgirindra@example.com,913263760935.0,"68
Batra Circle
Coimbatore 509627",Mahbubnagar,741973.0,2023-06-16,Premium,5.0,1108.16
19091057.0,Kalpit Kohli,chaudharyupma@example.com,912932336278.0,"96/84
Pai Path
Bulandshahr 159547",Kozhikode,471587.0,2024-03-15,Regular,9.0,1569.0
65963876.0,Vamakshi Talwar,pahalhora@example.net,915571829208.0,"02/85
Nanda Marg
Nizamabad-518067",Loni,830494.0,2024-05-20,New,13.0,1714.99
48765625.0,Aradhana Ganguly,gaganbanik@example.net,917594183312.0,"01/115, Mander Nagar, Morbi-897722",Bathinda,352264.0,2024-03-13,Inactive,17.0,218.0
12500465.0,Barkha Chakrabarti,kagarwal@example.com,919587872756.0,"H.No. 13
Nagarajan Ganj
Shimoga 577461",Phusro,368657.0,2023-10-05,Premium,14.0,1758.5
68703613.0,Praneel Bir,hanskashish@example.com,917584484956.0,"08/613
Grewal
Phagwara-118939",Imphal,939188.0,2023-11-26,Inactive,6.0,919.34
48284116.0,Bhanumati Pingle,nandasaanvi@example.com,918482862471.0,"H.No. 115, Dhar, Jabalpur 327515",Narasaraopet,278326.0,2024-02-02,Inactive,17.0,1885.64
773410.0,Ladli Saha,gautami44@example.net,913650109706.0,"72/38
Krish Street, Bijapur-804266",Kota,906115.0,2023-06-25,New,13.0,1694.79
32929817.0,Vedika Devi,jbehl@example.com,910623696646.0,"63/70, Upadhyay Marg
Aligarh-889085",Muzaffarpur,339447.0,2024-08-26,Regular,4.0,468.78
83298567.0,Vansha Kuruvilla,xalak62@example.com,912910638833.0,"H.No. 68, Gaba Road
Khandwa 040880",Asansol,149383.0,2024-10-02,Premium,14.0,763.1
97509888.0,Rushil Patil,utkarsh96@example.net,915906341014.0,"518, Swamy Zila
Kadapa-043623",Thanjavur,987744.0,2024-06-09,Inactive,6.0,1011.59
31324823.0,Utkarsh Biswas,hbarad@example.com,912367516284.0,"04/775, Dhingra Chowk, Varanasi 384485",Fatehpur,277910.0,2023-09-16,New,14.0,414.15
60319216.0,Lohit Narasimhan,bhavya01@example.com,915900025736.0,"22, Borah Circle, Buxar 569594",Ahmedabad,780127.0,2023-08-25,Premium,12.0,503.83
94552818.0,Pooja Lalla,kritikabarad@example.org,912565783910.0,"03/85, Morar Marg
Gwalior 529763",Srinagar,862794.0,2024-01-14,Inactive,2.0,1308.38
16410708.0,Zinal Bahri,karan05@example.com,919242226157.0,"31/42, Master Path
Barasat 615868",Gudivada,629553.0,2024-10-14,Regular,10.0,1843.17
84848018.0,Jackson Roy,janijanaki@example.org,919467722828.0,"069, Prakash Marg, Mira-Bhayandar 031507",Alappuzha,275189.0,2023-06-26,Regular,19.0,557.81
31569754.0,Edhitha Kumer,psibal@example.org,913043537177.0,"721, Koshy Ganj
Gulbarga 881971",Bilaspur,556983.0,2024-02-02,Regular,6.0,845.41
31384626.0,Tanay Desai,hayremeera@example.net,910280652187.0,"610
Parikh Nagar
Thiruvananthapuram-208098",Nangloi Jat,65311.0,2024-06-13,Regular,13.0,600.95
98307019.0,Omya Magar,dev03@example.org,917477143157.0,"H.No. 326, Parikh Ganj
Sambhal 166207",Bangalore,351499.0,2024-10-16,New,17.0,913.21
55733729.0,Aarini Singhal,siya60@example.net,914679777871.0,"55/71, Murty Circle, Kamarhati-997909",Anantapuram,200968.0,2024-07-13,Premium,12.0,704.66
80269862.0,Bimala Chad,chameli76@example.net,917781143289.0,"07/848
Sabharwal Marg
Bokaro 247507",Silchar,725705.0,2024-10-17,Premium,3.0,1265.19
90586029.0,Aarini Ray,vamakshi98@example.net,917655138584.0,"H.No. 65, Kapoor Path, New Delhi 823047",Faridabad,792664.0,2024-07-30,Regular,19.0,1460.86
4594944.0,Hardik Mane,abduldara@example.org,914830114630.0,"10/82
Sur Zila
Dibrugarh 044825",Cuttack,599557.0,2024-03-26,Inactive,12.0,857.13
78209683.0,Edhitha Barad,jatin05@example.net,916755244419.0,"700
Raman Road
Bidar 263500",Jhansi,441254.0,2024-02-13,Premium,1.0,1077.22
34588087.0,Tanmayi Vyas,mishravinaya@example.com,916010257566.0,"H.No. 24
Uppal Road
Chandigarh 908113",Shimla,385345.0,2023-05-16,New,11.0,1341.14
77614510.0,Girik Gopal,gaurav77@example.net,919861136472.0,"97/01
Ramachandran Ganj
Eluru 081356",Sirsa,615594.0,2023-03-28,Inactive,8.0,1877.93
35455991.0,Aryan Balakrishnan,sibalamruta@example.net,913887801412.0,"H.No. 610
Karan Zila
Cuttack-600633",Tezpur,504712.0,2023-04-02,New,14.0,1984.56
99714944.0,Bhanumati Chauhan,kashish47@example.org,915297308367.0,"H.No. 95
Pingle Circle
Guntur 923865",Adoni,920070.0,2023-10-01,New,18.0,708.5
63870636.0,Darpan Bhatia,chakradhardutt@example.com,919557867623.0,"41, Gulati Street
Mango 906100",Aurangabad,349728.0,2023-04-29,Premium,1.0,497.93
55936462.0,Upkaar Mahajan,saanviseth@example.org,914729548361.0,"83
Sridhar Path, Siwan-890863",Berhampur,622771.0,2023-04-24,New,5.0,338.13
211163.0,Hiral Baral,bhavsaryagnesh@example.com,911312775966.0,"H.No. 11
Sharma Chowk, Jhansi-302598",Satna,50152.0,2024-06-10,Regular,9.0,1169.11
77618011.0,Bhavna Bath,klad@example.com,915791838680.0,"91
Gade Path, Tenali-329534",Silchar,207673.0,2024-05-16,Inactive,11.0,454.04
82700270.0,Hemal Bhavsar,karanbhatnagar@example.org,919434385164.0,"H.No. 68, Kothari Marg
Gudivada-450590",Kishanganj,701245.0,2024-08-17,New,10.0,1146.39
41181125.0,Bimala Samra,matthew06@example.org,918610311518.0,"70
Narula Nagar, Rewa-135600",Mysore,277988.0,2023-06-14,New,3.0,632.74
14458150.0,Kamya Ratta,svasa@example.net,918686743400.0,"H.No. 46
Lata Chowk, Buxar-942853",Sambhal,867424.0,2024-07-30,Premium,13.0,321.96
68965787.0,Ekavir Agate,yahvikumar@example.org,911690178919.0,"H.No. 626, Bhat Chowk
Bhimavaram 375258",Dhule,571328.0,2024-10-09,Premium,19.0,1431.95
10951674.0,Anmol Lad,charlesmander@example.com,912894314853.0,"H.No. 66
Rout Path
Kulti 733466",Guna,284622.0,2023-04-23,Inactive,4.0,1590.36
15345667.0,Lila Chanda,manneparth@example.net,917417315762.0,"H.No. 293
Singhal Street, Bijapur 471714",Durg,750467.0,2023-08-29,Premium,6.0,1574.77
8457972.0,Yauvani Gaba,lakshitpandey@example.net,915286677235.0,"62/91
Bedi Ganj
Medininagar 294693",Asansol,187523.0,2024-02-04,New,16.0,1250.35
57207678.0,Yashodhara Mishra,urvi08@example.net,919390929345.0,"01
Om Street
Rohtak 339233",Chandrapur,347833.0,2024-08-08,New,17.0,1603.27
64151769.0,Teerth Mallick,dalbir88@example.com,916334916175.0,"H.No. 81, Pathak Marg, Purnia-445538",Mysore,33453.0,2024-05-02,New,14.0,1311.86
16786161.0,Maya Ram,paiunnati@example.org,917848510142.0,"198, Narula Road, Patiala-297171",Chandigarh,658428.0,2023-11-21,Inactive,15.0,496.26
6992801.0,Yochana Nagy,xganesan@example.org,911624633416.0,"249
Magar, Bhiwandi-601280",Rajkot,318377.0,2023-06-03,Premium,4.0,1270.33
92091019.0,Kai Subramanian,mitali48@example.com,910799892088.0,"306
Wable Nagar
Jamalpur-670472",Kalyan-Dombivli,943347.0,2023-09-13,Regular,10.0,1754.59
14519263.0,Edhitha Sawhney,mohantyhitesh@example.net,914649245023.0,"53/91
Keer Street, Parbhani-126657",Ajmer,270755.0,2024-06-21,Premium,16.0,762.06
79169760.0,Benjamin Kant,hkhalsa@example.com,914211232875.0,"95/134
Bajwa Zila
Bharatpur 542200",Nagaon,233710.0,2024-09-12,New,11.0,932.44
63238941.0,Vidhi Misra,ramaswamyqushi@example.com,914581768705.0,"43/736, Sant Ganj
Guntur-200508",Gwalior,778124.0,2024-03-11,Regular,2.0,1374.76
9551011.0,Idika Chand,gpall@example.net,919188642870.0,"95/44, Gandhi Path
Ahmednagar-651346",Navi Mumbai,648770.0,2023-04-10,Inactive,7.0,1786.78
13581527.0,Jhalak Kalla,saanvimammen@example.org,915270846145.0,"166
Batra, Pudukkottai 869970",Hajipur,786331.0,2024-06-01,New,10.0,1614.59
57523973.0,Darpan Rama,wagleyadavi@example.com,918975008175.0,"99/07, Mall Nagar
Tiruvottiyur 784487",Suryapet,254066.0,2023-09-26,New,2.0,1647.35
68941950.0,Ayushman Raghavan,zansi49@example.org,915646024075.0,"26/011
Ganesh Street
Mirzapur-310664",Bhusawal,856620.0,2024-07-02,New,8.0,210.86
97141762.0,Banjeet Goda,grovermaanav@example.org,913132197970.0,"H.No. 94, Kar Street
Pune-521931",Agra,841879.0,2024-07-28,Regular,2.0,1513.8
2558646.0,Vyanjana Dara,falakkunda@example.net,916023311219.0,"58/325, Pingle Path, Kavali-936272",Bhusawal,516102.0,2024-11-01,Premium,10.0,920.89
61121421.0,Aditya Sami,nandini14@example.net,919041804855.0,"40/64, Bath, Tadepalligudem-096254",Tirunelveli,173820.0,2024-01-17,New,14.0,1760.03
23380116.0,Neelima Mody,cvenkataraman@example.com,918163961151.0,"931, Karnik Chowk
Loni 350235",Jehanabad,616737.0,2024-05-07,New,11.0,606.28
78961097.0,Irya Agarwal,hemanisinghal@example.org,910274841300.0,"H.No. 806
Vala
Aizawl-476044",Udupi,387337.0,2024-04-26,Inactive,16.0,1375.64
11202130.0,Zehaan Lad,vnarayan@example.org,914186545390.0,"16/77
Basak Marg, Lucknow 740421",Bhilwara,854285.0,2023-11-28,Premium,20.0,1202.1
8955057.0,Zashil Goyal,brarjatin@example.com,918029231735.0,"H.No. 72, Gandhi Zila, Tirupati 033181",Bhubaneswar,613585.0,2024-10-12,Regular,3.0,1549.99
22112867.0,Sanaya Chakrabarti,anay97@example.net,912480017449.0,"77, Gera Road
Anand 087192",Bangalore,609126.0,2024-08-02,Regular,6.0,204.58
5607734.0,Riya Batta,mandermitesh@example.net,913704344104.0,"H.No. 604, Kata Road
Khandwa 364539",Jamshedpur,260720.0,2024-09-01,Premium,8.0,603.44
98016334.0,Krishna Char,krishnabhavsar@example.net,919448360416.0,"841, Kibe Chowk, Thrissur-092044",Howrah,326443.0,2024-08-19,Regular,18.0,724.91
61024977.0,Krishna Manda,elijahagrawal@example.org,912468296953.0,"93, Borah Street, Farrukhabad-242782",Dindigul,509584.0,2024-03-05,New,18.0,699.89
40727086.0,Osha Brahmbhatt,harishnayak@example.org,916461216182.0,"H.No. 45
Pradhan Chowk, Akola 580457",Bijapur,113784.0,2024-01-05,New,11.0,1573.7
96109948.0,Riya Wason,kotharizaitra@example.com,915128298547.0,"90/533, Bakshi Zila, Kakinada-718472",Shivpuri,528740.0,2023-08-12,Inactive,20.0,1879.13
71176678.0,Garima Tata,charita65@example.com,913992286051.0,"56/972, Yadav Road, Gwalior 194187",Dhule,103327.0,2024-05-05,Regular,20.0,669.58
16547602.0,Geetika Das,loyalchakradhar@example.net,912750351955.0,"H.No. 17, Babu Path
Gangtok-674523",Nadiad,216025.0,2023-04-19,Inactive,14.0,1240.96
37379797.0,Aashi Majumdar,omkaarmemon@example.org,918469785566.0,"18/571, Choudhury Path
Kishanganj-139131",Jalna,627760.0,2024-08-24,Inactive,6.0,1167.45
37926207.0,Pahal Chaudhary,upadhriti58@example.net,917768865001.0,"467, Keer Street, Bettiah-109486",Eluru,877706.0,2023-09-02,New,12.0,491.26
63451391.0,Amrita Kibe,viswanathanekansh@example.org,918624413982.0,"95, Oommen Path
Bhatpara 540842",Surendranagar Dudhrej,477087.0,2024-03-26,Premium,7.0,731.46
62629494.0,Anamika Bali,ssridhar@example.net,912401544660.0,"571, Nair Path, Nizamabad-216385",Jorhat,597801.0,2024-09-13,Premium,14.0,1504.45
13871547.0,Anthony Dhawan,nimrat66@example.org,916397162979.0,"H.No. 30
Patla Nagar
Barasat 711179",Bhilwara,626053.0,2023-06-17,Premium,8.0,200.43
1507408.0,Kai Gara,dbera@example.net,916643268606.0,"97/84, Dhaliwal Chowk
Firozabad-233621",Bangalore,478862.0,2024-03-21,Inactive,8.0,972.22
3638834.0,Falan Nayak,garaveer@example.com,915780823790.0,"38/514, Deo Zila, Morbi 793612",Warangal,563073.0,2023-07-08,Premium,16.0,1142.06
32054313.0,Jai Char,rajayutika@example.com,913213214979.0,"72
Keer Road, Gandhidham-879715",Raurkela Industrial Township,537597.0,2024-10-03,Regular,2.0,340.15
97678578.0,Jagat Hayre,ymalhotra@example.net,917081667351.0,"95/43, Chahal Path
Mathura 774115",Loni,214414.0,2024-06-15,Regular,7.0,1531.63
75028268.0,Pahal Malhotra,wazir75@example.com,911145482764.0,"845, Prakash Marg, Tadepalligudem 032115",Kirari Suleman Nagar,412117.0,2023-11-13,Inactive,10.0,620.03
59930550.0,Anamika Wali,madhavi76@example.org,914386068992.0,"H.No. 45
Dhar Marg, Kulti 279105",Agra,661359.0,2024-04-22,Inactive,20.0,1680.48
23567263.0,Yatan Sem,hitesh51@example.net,914338654718.0,"12/949
Loyal Ganj
Ambattur 535978",Chinsurah,96950.0,2024-08-11,New,14.0,231.38
65570302.0,Onveer Parsa,widisha66@example.net,919055365379.0,"89, Bal Path
Kirari Suleman Nagar-340832",Deoghar,918933.0,2024-10-11,Inactive,19.0,1322.32
94529626.0,Gavin Kaur,ldubey@example.net,910040657734.0,"61/527, Sampath Street
Purnia-039153",Pudukkottai,762221.0,2023-12-06,New,17.0,1907.16
54338574.0,Yashodhara Gokhale,nandagavin@example.org,916150079211.0,"829, Yogi Zila, Indore 022222",Guntur,515677.0,2023-08-09,Premium,3.0,1875.03
14006996.0,Saumya Rau,anitakorpal@example.org,910501044005.0,"893, Sengupta Path, Akola-055236",Buxar,998569.0,2023-07-31,Inactive,15.0,738.1
88324928.0,Geetika Nanda,jpalla@example.org,911669329675.0,"843, Yogi Zila
Panvel-489127",Alappuzha,137999.0,2023-03-19,Regular,13.0,340.65
77128325.0,Yug Mangat,vohrameghana@example.com,911410522986.0,"54, Aggarwal Circle, Amravati 188290",Satna,833563.0,2023-08-05,Regular,2.0,1483.92
44562310.0,Harsh Om,vincent86@example.com,917519462039.0,"86/38
Ganesan Zila, Srikakulam 027873",Warangal,439591.0,2024-06-29,Inactive,3.0,483.87
32809328.0,Oeshi Raghavan,kiaan42@example.net,912065888517.0,"905
Patla
Alappuzha-788495",Chittoor,117692.0,2024-02-09,Premium,19.0,1525.5
37288781.0,Kritika Narayan,fyadav@example.org,911211577415.0,"H.No. 217, Bhattacharyya Zila, Kalyan-Dombivli-066025",Tadepalligudem,355069.0,2023-08-04,New,1.0,1609.24
35049420.0,Udarsh Mangal,zpatil@example.org,916564243819.0,"42/738
Dhawan Road
Nagpur 697513",Madanapalle,720562.0,2023-03-25,Regular,7.0,1660.54
10789681.0,Anvi Rajan,aarna25@example.net,919496490604.0,"H.No. 010, Sandhu Street, Salem 189439",Dehradun,22922.0,2023-06-28,Regular,17.0,1178.41
67918495.0,Aarav Gour,patelwazir@example.org,915070063263.0,"578, Dash Chowk
Kadapa 410777",Ratlam,878680.0,2023-10-28,Inactive,16.0,496.65
2667357.0,Nathan Kaul,godavarenya@example.com,910778074188.0,"81/284
Gopal Chowk, Rajkot-722713",Guntakal,819570.0,2024-06-13,Premium,6.0,1516.67
7728406.0,Leela Bansal,tgulati@example.net,911892493085.0,"87/91
Mandal Nagar, Ujjain 018314",Ranchi,684048.0,2024-01-10,Inactive,2.0,1970.33
77961205.0,Yashica Handa,jsankar@example.net,914240043584.0,"H.No. 75
Arora Marg
Jabalpur 673036",Burhanpur,921503.0,2023-06-27,Premium,7.0,1445.85
28995786.0,Vanya Swamy,chamansami@example.org,912326402054.0,"26
Pandey Road, Gandhidham 757066",Bardhaman,985614.0,2024-10-02,Inactive,20.0,1706.11
74762653.0,Varenya Sama,wsodhi@example.org,916604985140.0,"H.No. 79
Narang Ganj, Raurkela Industrial Township-542887",Kakinada,58056.0,2024-01-22,Premium,9.0,1996.53
93563435.0,Siya Sandhu,hemalwagle@example.com,918289184451.0,"H.No. 606, Parekh Chowk, Erode-615948",Nagpur,854006.0,2024-08-28,New,9.0,313.25
66768157.0,Om Khosla,obahri@example.org,910828966079.0,"37
Mody Circle
Jorhat 391653",Singrauli,131116.0,2023-09-04,Inactive,3.0,502.9
98625898.0,Raagini Taneja,umang95@example.org,913128638366.0,"263
Kamdar Chowk
Bhatpara-557575",Raiganj,355567.0,2023-10-17,Premium,14.0,1879.91
24107959.0,David Chowdhury,bdar@example.com,911590598180.0,"437
Borra Ganj
Pune 036001",Howrah,978633.0,2024-07-08,Regular,7.0,354.25
27824078.0,Caleb Ramakrishnan,duaeshana@example.com,913638102635.0,"H.No. 454
Wali Path
Rourkela-757587",Jalna,664273.0,2024-09-15,Inactive,12.0,972.71
97174235.0,Ekapad Atwal,oupadhyay@example.com,917158153321.0,"45, Karnik Zila
Cuttack 151701",Hubli–Dharwad,157060.0,2024-08-05,Regular,13.0,413.94
28394354.0,Yatin Mohanty,nathaniel49@example.net,916198848793.0,"06/380, Mitra Circle
Jorhat 587416",Kumbakonam,269616.0,2024-03-31,Regular,19.0,1546.13
29689766.0,Pallavi Kala,madhav18@example.org,910804509973.0,"H.No. 983
Setty Path, Mira-Bhayandar 331770",Tenali,243885.0,2023-03-20,New,14.0,967.01
44589829.0,Udyati Garde,minhasharrison@example.org,916603937378.0,"92, Chaudhari, Tirunelveli 950904",Sagar,110593.0,2023-09-25,Regular,4.0,1570.62
6959437.0,Rushil Prakash,anika85@example.net,917279839419.0,"09/765, Sachdev Path
Gaya-127934",Jammu,293835.0,2024-07-25,Premium,14.0,1105.84
28173165.0,Gayathri Padmanabhan,william12@example.net,911080434470.0,"H.No. 578, Sharma Path, Jhansi 265422",Srikakulam,743644.0,2023-08-09,Inactive,15.0,545.71
46564935.0,Ranbir Hegde,rishirana@example.com,917292370995.0,"91/552, Karan Street, Chennai-415629",Muzaffarpur,645064.0,2024-02-27,Inactive,5.0,536.94
77007315.0,Amara Lad,hitesh06@example.org,917083569433.0,"H.No. 086, Soman, Panchkula-966165",Satara,867852.0,2023-11-05,Premium,10.0,1750.59
64403005.0,Ojas Sahota,garima59@example.com,912312186027.0,"H.No. 54, Bajaj Path
Chandrapur-896543",Darbhanga,847487.0,2024-07-03,New,12.0,524.48
28277304.0,Chaitanya Mann,hemalall@example.com,915423222756.0,"18/80, Lad, Bhalswa Jahangir Pur 775594",Haridwar,159776.0,2024-02-14,Inactive,14.0,1681.58
38568692.0,Guneet Ahluwalia,ocherian@example.net,915130822852.0,"34
Chaudhuri Circle, Bally 532014",Silchar,658648.0,2023-12-06,New,6.0,1082.93
90299101.0,Kamala Kakar,dattalibni@example.com,916458880705.0,"H.No. 20, Tandon Road
Secunderabad 431984",Akola,567715.0,2024-06-24,Regular,7.0,291.45
77086539.0,Gayathri Kumer,pranav05@example.net,914011700032.0,"23, Butala Marg, Sagar 674981",Sangli-Miraj & Kupwad,813233.0,2024-05-14,New,3.0,1591.27
16341776.0,Oviya Gera,dalbir04@example.com,914652690385.0,"31/786
Mall Marg
Aurangabad 284354",Sikar,60359.0,2023-07-16,New,6.0,964.4
62868582.0,Chaitaly Anand,rishi88@example.net,912009385743.0,"39
Dalal Circle
Karawal Nagar-027066",Asansol,253211.0,2024-04-04,New,11.0,1082.3
16435594.0,Aryan Ranganathan,darsh48@example.com,918430130194.0,"89/553
Vig Zila
Kharagpur-011223",Jorhat,848945.0,2024-10-11,Premium,4.0,1273.0
24337950.0,Ishwar Chakraborty,xbatta@example.com,910611459950.0,"H.No. 118
Sathe Marg
Rajkot 400500",Haridwar,17750.0,2023-04-26,Inactive,20.0,1845.42
38728779.0,Reva Sem,jrajagopal@example.net,910993742741.0,"H.No. 76, Bhalla Ganj
Surat 589030",Bulandshahr,648636.0,2024-02-24,Regular,19.0,1294.04
3483295.0,Maya Nath,nmadan@example.org,910519561559.0,"573
Devi Ganj
Rajahmundry 145523",Imphal,632918.0,2024-03-08,Inactive,5.0,1334.49
67908555.0,Brinda Bahl,triptiatwal@example.org,910850246351.0,"H.No. 808
Chakraborty Marg
Bhopal 248842",Chittoor,757455.0,2023-04-21,New,16.0,1746.83
45028365.0,Qarin Dass,ekanshdhillon@example.org,919603484558.0,"88, Karan Path
Dehradun 508763",Danapur,418635.0,2023-11-06,Regular,5.0,518.33
19216141.0,Teerth Manda,ksinghal@example.org,912044168429.0,"069
Patil Road, Tinsukia-750405",Giridih,829446.0,2023-05-14,Premium,9.0,1428.54
47590944.0,Ayushman Chawla,urajagopalan@example.net,919347957285.0,"H.No. 08, Atwal Chowk
Nagercoil 786153",Bhubaneswar,185673.0,2023-07-12,New,19.0,1163.84
72415263.0,Dakshesh Varughese,karansathvik@example.org,915872732352.0,"H.No. 661, Kapadia Circle, Giridih-658125",Pallavaram,624264.0,2023-05-29,Regular,20.0,1914.18
97873848.0,Ladli Johal,csant@example.com,910734780490.0,"H.No. 68
Bakshi Marg, Sasaram 557143",Kavali,764984.0,2023-10-23,Regular,18.0,1381.21
81541985.0,Panini Padmanabhan,valagunbir@example.org,915690402175.0,"06/571
Deshmukh Nagar, Latur-947001",Asansol,221829.0,2023-04-30,Regular,17.0,894.34
57213543.0,Hema Natarajan,chadhanimrat@example.org,918582439111.0,"515
Buch Road
Bilaspur 694542",Gandhinagar,595160.0,2024-10-30,Regular,14.0,1323.95
60620291.0,Upkaar Suresh,tarak64@example.net,912340606614.0,"H.No. 863
Pant Street
Bhusawal-846427",Karaikudi,201870.0,2023-05-01,Regular,15.0,1791.39
34655710.0,Abeer Ravel,orindernatarajan@example.net,910109844401.0,"54, Agrawal, Katni-364063",Katihar,161040.0,2024-09-16,Inactive,1.0,1620.16
58415368.0,Frederick Virk,jroy@example.com,917639083758.0,"430
Savant Road
Ramagundam-958730",Shahjahanpur,603119.0,2024-05-29,New,10.0,297.38
67402645.0,Bimala Barad,lakshmi42@example.com,916079541334.0,"94/65, Tak
Alappuzha-897750",Phagwara,737896.0,2023-03-25,Inactive,15.0,1084.93
2903620.0,Bahadurjit Rama,faraj37@example.com,910991674238.0,"418, Desai Chowk, Tiruvottiyur 558463",Proddatur,495945.0,2024-05-11,New,11.0,1815.06
58115779.0,Bhavna Ramaswamy,gabaurishilla@example.net,918133733304.0,"H.No. 83, Anne Circle, Alwar-895946",Katni,779863.0,2024-07-27,Regular,12.0,1569.04
40055711.0,Yug Mander,fchauhan@example.net,919964104531.0,"H.No. 111, Suri
Dhanbad-966241",Rampur,415727.0,2024-09-23,Inactive,11.0,278.97
9419030.0,Thomas Doctor,lhans@example.net,913725120509.0,"H.No. 82
Nazareth Ganj, Ambala-089016",Avadi,657231.0,2024-03-11,Inactive,1.0,340.77
75244116.0,Jai Suri,sanaya74@example.com,911899928562.0,"11/76
Sura Road, Malda 325015",Gorakhpur,112503.0,2023-10-09,Inactive,10.0,426.97
2566268.0,Arjun Ratta,santutkarsh@example.net,917102183787.0,"99/643
Muni
Karimnagar 116487",Mysore,644861.0,2023-12-04,Premium,16.0,1796.96
24496983.0,Vasana Sen,hseshadri@example.org,913695033990.0,"H.No. 687, Seshadri Street
Ajmer-267864",Kamarhati,185526.0,2023-12-04,Regular,17.0,1262.44
7378768.0,Shravya Dada,mason45@example.net,918806125809.0,"660, Chokshi
Madurai 598172",Bellary,671584.0,2023-05-20,New,8.0,698.59
33544355.0,Aarnav Nayak,oscar01@example.com,915000656642.0,"015, Pandey Ganj
Karawal Nagar-700071",Sri Ganganagar,737494.0,2023-08-30,Premium,2.0,1083.95
98012339.0,Kai Kari,ikala@example.org,914270136197.0,"20/920, Kaul Road, Muzaffarnagar-154530",Anantapuram,766651.0,2023-03-22,Regular,16.0,839.46
71771782.0,Jalsa Bansal,jasmitgola@example.org,917866814065.0,"44/554, Sampath Street, Jalandhar-983074",Farrukhabad,382294.0,2023-05-23,Inactive,8.0,1091.61
39301587.0,Kritika Chaudhuri,kdas@example.net,919534787245.0,"H.No. 229
Shetty Zila
Saharsa 334604",Bongaigaon,137712.0,2023-12-29,Regular,15.0,1775.12
12560669.0,Mugdha Acharya,pranitkuruvilla@example.org,910259143141.0,"22, Chowdhury Path, Chittoor-049437",Sangli-Miraj & Kupwad,776029.0,2024-08-29,Inactive,13.0,450.79
73061709.0,Zinal Sundaram,snayak@example.com,913021418745.0,"H.No. 10
Datta Marg
Siwan-391261",Uluberia,214812.0,2024-08-22,Premium,1.0,1557.57
73807097.0,Manbir Manda,zroy@example.org,913944560779.0,"08/885
Bakshi Path, Haldia 541849",Firozabad,795626.0,2023-12-12,Inactive,7.0,557.11
57579640.0,Sneha Amble,vedantdoctor@example.org,918788141295.0,"21/31
Bahri Road, New Delhi-268180",Siwan,847223.0,2023-07-11,Premium,10.0,697.08
71276926.0,Urishilla Sawhney,upadhritisachdeva@example.net,913136661622.0,"H.No. 12
Kade Road
Khandwa 808579",Nangloi Jat,116387.0,2023-11-21,Inactive,10.0,1226.1
54139038.0,Wahab Balan,anjali90@example.com,915687634653.0,"016
Lata Circle
Hubli–Dharwad 127880",Dibrugarh,888729.0,2024-09-30,Inactive,10.0,1689.41
6853981.0,Radhika Bahri,kamyawarrior@example.com,911176494659.0,"245
Garg Road, Ahmedabad 964676",Machilipatnam,209167.0,2023-12-13,Inactive,14.0,1301.27
82898985.0,Reva Pradhan,nimrat81@example.com,910643409352.0,"457
Mishra Chowk, Visakhapatnam 946851",Pondicherry,679447.0,2023-04-03,Regular,2.0,841.91
92416428.0,Falak Balan,isandhu@example.org,914522681933.0,"67/29, Badal Chowk, Uluberia-967008",Avadi,944699.0,2024-01-24,Regular,5.0,1255.2
80371626.0,Yashasvi Divan,oprabhu@example.org,919973236153.0,"56
Tara Road, Amravati 888344",Karimnagar,865438.0,2024-10-02,New,20.0,1033.07
39042103.0,Maanav Gupta,mohammed78@example.org,919538916663.0,"H.No. 26, Chaudhary
Kolkata 469720",Bareilly,148727.0,2024-05-31,Regular,20.0,1519.5
14693393.0,Chavvi Iyer,kannanvedant@example.com,910080313064.0,"11, Balakrishnan Marg
Motihari-662977",Proddatur,496205.0,2024-05-24,New,14.0,928.3
41878908.0,Barkha Kanda,khuranamason@example.net,911847381123.0,"08/81
Chandra Path, Mehsana-925891",Raiganj,376225.0,2024-05-31,Premium,6.0,390.11
49117070.0,Pavani Lala,tankvedhika@example.org,914138054136.0,"29, Morar Zila, Amritsar-838331",Bhubaneswar,238713.0,2024-09-27,Inactive,9.0,1495.17
43761120.0,Tarak Kumer,hbava@example.com,917830075756.0,"H.No. 534
Taneja Ganj
Bangalore 238371",Bhagalpur,33353.0,2024-06-01,Inactive,19.0,1954.78
52672659.0,Isha Mand,tanmayibhagat@example.net,916637450859.0,"H.No. 898, Gara, Ghaziabad-552132",Vadodara,279779.0,2023-03-17,Regular,17.0,1721.72
91448742.0,Henry Badal,chaudhryomya@example.org,914940362251.0,"61, Tripathi Ganj
Nanded-543392",Bongaigaon,13029.0,2023-04-13,Regular,1.0,1536.39
55278329.0,Nathaniel Mand,hmerchant@example.net,911205783276.0,"09, Dixit Road, Bulandshahr-868361",Bhubaneswar,906383.0,2024-10-08,Inactive,19.0,1814.67
13492411.0,Ekaraj Mahal,tamanna39@example.net,917878478714.0,"745, Mall Street, Tirunelveli-948037",Patna,673157.0,2023-07-13,Regular,8.0,453.33
39093069.0,Mahika Issac,dakshminhas@example.org,913213620433.0,"H.No. 98
Padmanabhan Street, Kottayam-241642",Rajkot,250605.0,2024-03-02,Regular,6.0,1176.58
16436211.0,Daniel Hans,jacob31@example.net,913282466791.0,"H.No. 00
Narayanan Marg, Shahjahanpur-715267",Tadepalligudem,892690.0,2023-11-09,Regular,8.0,780.94
25747787.0,Zaid Bobal,dubeyekapad@example.org,913577720112.0,"086, Mahajan Nagar
Jodhpur-262620",Bikaner,591446.0,2023-05-31,Inactive,13.0,835.06
24000329.0,Aarush Dey,zdewan@example.net,911260195350.0,"20/70, Rau
Durg-039531",Gulbarga,375546.0,2023-11-01,Premium,17.0,1787.69
54923640.0,Azad Nath,kmadan@example.net,918021641897.0,"20/90, Mohanty Ganj
Raurkela Industrial Township 943348",Gandhidham,664697.0,2024-04-10,Inactive,15.0,234.66
57217288.0,Dalaja Bassi,ppandey@example.net,915745364286.0,"339
Radhakrishnan Circle, Bhubaneswar 566268",Karimnagar,202075.0,2023-03-24,Regular,3.0,736.05
70554546.0,Jonathan Doctor,rushil75@example.net,913502449874.0,"855, Rana Circle, Dibrugarh 752009",Bulandshahr,169284.0,2024-04-19,Inactive,14.0,1601.91
39959491.0,Damini Gandhi,xjayaraman@example.net,918662120851.0,"31
Sagar Nagar
New Delhi 077157",Purnia,734014.0,2023-08-25,Premium,2.0,622.87
55042740.0,Samuel Lanka,bhanumati39@example.net,910376361501.0,"36/962
Nazareth Circle, Tirupati-434921",Kadapa,97917.0,2024-03-12,Regular,7.0,404.02
64846124.0,Anusha Sagar,jeremiah29@example.com,913882260223.0,"60/157
Modi Chowk
Lucknow 233763",Bidar,46181.0,2024-06-19,Inactive,1.0,997.65
23434261.0,Jhalak Chopra,ramachandranunnati@example.org,913249899445.0,"462
Bhakta Street, Bhind-470064",Ambala,224620.0,2023-07-10,Inactive,7.0,1651.18
33685414.0,Nidhi Swaminathan,lajitasawhney@example.net,910746524213.0,"336, Nigam Nagar
Giridih-512900",Miryalaguda,269887.0,2024-03-09,Regular,8.0,1679.23
43649266.0,Ayushman Menon,anayrajagopalan@example.org,912709014809.0,"H.No. 554
Lata Marg, Nagaon 736446",Khandwa,984786.0,2024-03-14,Inactive,19.0,1803.11
53299455.0,Rushil Gupta,wcherian@example.org,913502795801.0,"80/32, Acharya Nagar, Bathinda-734196",Bijapur,963064.0,2023-05-25,Premium,7.0,838.66
9388085.0,Faris Swaminathan,jbath@example.com,915414498824.0,"97/15, Gandhi Ganj
Varanasi 857882",Jamnagar,821263.0,2024-03-17,New,11.0,627.21
46629917.0,Vasudha Dey,saksham89@example.net,914935172283.0,"03/989, Kari Ganj
Sagar 040726",Jamshedpur,139007.0,2024-02-09,Premium,1.0,788.35
82359623.0,Pushti Sangha,gopalijaya@example.net,912302460025.0,"75/89
Issac Road, Jamalpur-285509",Bellary,504776.0,2023-08-17,Premium,17.0,1339.75
58238092.0,Xiti Pradhan,triyakale@example.org,911387096302.0,"20/971, Bath Path, Thiruvananthapuram 983558",Malegaon,971189.0,2023-07-01,Inactive,9.0,519.73
74572121.0,Triveni Baral,advaith31@example.net,916254742593.0,"10/107
Bhandari
Kishanganj 048249",Mau,562013.0,2024-08-20,Inactive,15.0,890.77
3468355.0,Chameli Subramanian,lekhanarula@example.org,918771303133.0,"73/891
Tailor Nagar
Raiganj-161841",Pune,427282.0,2024-06-02,New,12.0,1734.51
34095555.0,Charan Misra,leena91@example.org,910127468497.0,"72/930, Amble Road, Kalyan-Dombivli 395063",Raiganj,561007.0,2023-09-07,Premium,9.0,1536.28
76020843.0,Banjeet Behl,nairnihal@example.net,915558404725.0,"H.No. 222, Natt Ganj
Motihari 339268",New Delhi,619007.0,2024-06-25,Regular,6.0,784.7
80571942.0,Mohammed Magar,bailavi@example.org,918023559312.0,"595, Ranganathan Chowk, Kadapa 969488",Kishanganj,140451.0,2023-09-01,Regular,10.0,980.64
19375332.0,Udarsh Rao,chaitanya86@example.org,919352033779.0,"643, Kohli Circle
Jorhat 826776",Jodhpur,278850.0,2024-07-01,Regular,20.0,1556.48
8739903.0,Yamini Bir,giriklata@example.com,918498829243.0,"66
Reddy Zila, Guwahati 103557",Thane,985691.0,2023-07-07,Regular,9.0,1689.59
55472026.0,Urishilla Bhatnagar,pwalia@example.org,911246382291.0,"518
Hegde Circle
Kishanganj-108379",Allahabad,925280.0,2023-08-28,New,2.0,730.33
19581959.0,Eesha Sahota,kannanlibni@example.org,912909234221.0,"728, Sarna, Katihar-382238",Ghaziabad,187788.0,2023-04-23,Premium,5.0,1517.34
32585389.0,Abhimanyu Sachdeva,daksheshdave@example.net,917845894228.0,"36/52
Mane Street
Rohtak 670007",Howrah,717606.0,2023-11-13,Premium,3.0,1378.77
24308515.0,Thomas Walia,laksh53@example.com,918989427140.0,"401
Baral Chowk
Thrissur 779900",Panchkula,546301.0,2023-10-26,Regular,20.0,1801.96
63025744.0,Eta Mander,vrishtinarasimhan@example.com,912186515183.0,"644
Minhas Ganj
Shahjahanpur 651838",Panipat,478112.0,2023-10-02,Regular,6.0,1112.65
89036169.0,Kashvi Chaudhuri,inayabal@example.org,914537045887.0,"H.No. 75
Balay Path
Solapur-409336",Deoghar,856727.0,2024-03-05,Inactive,12.0,1133.25
1816969.0,Tejas Pillai,xsarin@example.org,918471946574.0,"74/97, Warrior Ganj
Tadepalligudem 137156",Vadodara,441464.0,2024-03-05,Premium,2.0,1902.69
18256339.0,Dalbir Dora,lsandal@example.net,915558640391.0,"90/329, Bhatt Circle, Thane 548250",Mumbai,963704.0,2023-11-04,New,5.0,1719.33
87059497.0,Abeer Merchant,peterkuruvilla@example.net,910387963526.0,"H.No. 69, Mangal Zila
Sikar-669273",Jamshedpur,771247.0,2024-02-09,Regular,5.0,1137.61
47577193.0,Chaaya Wable,zvenkatesh@example.net,916830988927.0,"41/37, Raja Marg
Tumkur-353412",Dehri,410068.0,2024-02-05,Premium,16.0,1578.87
95595403.0,Rushil Walia,duttadamini@example.org,917066344525.0,"46, Tiwari
Nandyal-807876",Durgapur,533130.0,2024-03-06,Regular,10.0,1368.49
57658033.0,Rajeshri Ramaswamy,lvarghese@example.org,918483610765.0,"25/38, Banerjee Marg, Raurkela Industrial Township 526429",Yamunanagar,357745.0,2023-11-10,New,8.0,1281.84
4597433.0,Lipika Kumer,faras46@example.org,917227252187.0,"H.No. 038, Devan Path, Bally-571011",Tadepalligudem,580130.0,2024-04-02,Inactive,3.0,821.84
7923550.0,Amruta Grewal,sarakibe@example.com,912307649205.0,"H.No. 854, Bora Chowk
Kishanganj-726465",Panihati,833973.0,2023-09-02,New,17.0,1813.79
21553672.0,Udyati Puri,rsarin@example.org,917996660006.0,"H.No. 647, Kade Nagar, Bhiwani-273365",Morbi,278827.0,2024-04-19,New,1.0,429.36
80499378.0,Ekta Chowdhury,warindertripathi@example.net,916375557719.0,"H.No. 521
Buch, Shimla-883080",South Dumdum,642495.0,2024-09-17,Inactive,3.0,759.03
16410155.0,Darika Barman,bathrohan@example.com,913150683554.0,"93/97
Nazareth, Chennai 927497",Bidhannagar,306843.0,2023-04-29,Premium,8.0,601.32
52423524.0,Nihal Ravi,maanav40@example.net,911483884080.0,"27/97, Sodhi Nagar, Ichalkaranji 970201",Ludhiana,386268.0,2023-06-05,Inactive,19.0,473.06
20834589.0,Parth Madan,udantcomar@example.net,917645807273.0,"28/25, Pal Road, Erode-179824",Giridih,330314.0,2024-07-15,Inactive,8.0,740.07
70372270.0,Yadavi Garg,dalbir46@example.org,913908636963.0,"H.No. 738
Dar
Farrukhabad-031738",Ichalkaranji,993809.0,2023-08-05,New,15.0,1420.71
18082040.0,Jonathan Bir,fzachariah@example.net,913146843010.0,"H.No. 32, Khalsa Street, Ludhiana 691751",Kochi,824038.0,2024-04-03,Regular,17.0,1098.59
24745800.0,Isaac Mutti,kantganga@example.net,916331374508.0,"07/52
Peri Ganj
Adoni-368437",New Delhi,465288.0,2024-01-10,Premium,3.0,1657.15
12698783.0,Jyoti Lata,gaurangi28@example.org,914420644949.0,"H.No. 27
Barman Path, Suryapet-753989",Karnal,590916.0,2024-10-06,Inactive,8.0,1040.64
24821281.0,Onveer Kanda,shenoyekavir@example.net,913943891102.0,"462
Bal Road
Bhiwani-601105",Khora ,618702.0,2023-06-04,Regular,10.0,1004.08
17843667.0,Yauvani Purohit,noahdevi@example.org,918945163241.0,"37/337, Tank Road
Mau-206951",Bhubaneswar,599055.0,2024-03-20,New,4.0,618.64
75137446.0,Oliver Bahl,tamanna95@example.net,911106538362.0,"07/364
Mohan Road, Siwan-953038",Kochi,484847.0,2024-03-30,New,10.0,1290.79
43295656.0,Wyatt Bhasin,ppalla@example.org,917864449215.0,"06/508, Dalal Nagar
Jaunpur 214842",Sagar,356947.0,2024-02-21,Regular,4.0,1306.25
10663246.0,Madhav Chana,abhiram84@example.org,915954812756.0,"31/173, Kalita Nagar, Nashik-267071",Gandhidham,538790.0,2023-10-29,Regular,12.0,1976.29
74038361.0,Vasatika Lanka,yhayer@example.net,913658043878.0,"268
Chander Circle
Mehsana 867984",Khandwa,27671.0,2023-10-02,New,15.0,236.72
56548063.0,Advay Baria,qushikrish@example.net,910860756884.0,"H.No. 54
Bhandari Path
Siliguri-730057",Thanjavur,443618.0,2024-08-11,New,20.0,537.48
58893807.0,Faris Sekhon,chopradiya@example.net,913942225634.0,"H.No. 450, Kibe, Ghaziabad 278382",Tirunelveli,29632.0,2024-02-15,Inactive,14.0,1163.42
1301661.0,Yashvi Parekh,rmanne@example.net,913098824463.0,"75/740, Tara Road, Pali 035417",Saharanpur,524586.0,2023-12-26,Inactive,8.0,623.8
72263318.0,Reyansh Sankar,gautamisura@example.org,915641098056.0,"061
Agrawal Chowk, Bhatpara 564696",Fatehpur,398070.0,2023-06-23,Inactive,8.0,1372.05
16484167.0,Hemal Bala,fdhawan@example.net,911704972759.0,"29/31, Mukhopadhyay Marg
Jorhat 795736",Guwahati,104698.0,2023-04-07,New,19.0,1128.06
74694186.0,Nisha Jhaveri,nrout@example.net,915254948647.0,"07/68
Sibal Path, Haldia 724455",Hubli–Dharwad,956627.0,2024-09-14,Inactive,3.0,1566.5
89472859.0,Ekaraj Dash,harirajeshri@example.org,913836348112.0,"70/52
Gokhale Marg, Machilipatnam-472393",Saharsa,209011.0,2023-08-27,Inactive,2.0,1181.99
21697638.0,Hredhaan Bhagat,taraksrinivas@example.net,913740109384.0,"H.No. 774
Rastogi Road, Bhusawal 085217",Sirsa,422943.0,2024-06-13,New,1.0,381.19
74231111.0,Jhalak Varty,nandayuvraj@example.org,911288217732.0,"50/52
Bhatt Nagar
Pali-230302",Thane,190824.0,2023-10-05,Premium,15.0,514.31
89523804.0,Girik Sangha,smane@example.net,911909354917.0,"H.No. 42
Dhar Nagar, Akola-282403",Kottayam,262919.0,2024-04-25,Inactive,1.0,1054.0
22694456.0,Eesha Saha,esarin@example.net,918711724468.0,"H.No. 78, Tiwari Ganj
Ahmednagar 908031",Nashik,66654.0,2024-03-20,New,6.0,697.9
14940427.0,Sara Rajagopalan,devshanker@example.com,913322969364.0,"47
Datta Nagar
Jaipur-591851",Loni,793600.0,2023-06-01,Premium,3.0,1992.36
81940825.0,Kamala Thaman,ctank@example.org,910357308346.0,"35/75, Bhalla Road, Burhanpur 621162",Proddatur,938207.0,2023-10-14,New,4.0,1119.75
73392739.0,Chaitaly Kakar,vohrachameli@example.com,915510647238.0,"59/60, Bhatnagar Chowk
Mysore-383918",Bikaner,682021.0,2024-03-17,New,18.0,1378.5
52770036.0,Lopa Bobal,kashyapthomas@example.org,910663980035.0,"82, Bhargava Nagar
Kishanganj-297154",Bathinda,212770.0,2024-08-19,New,14.0,1207.51
38902193.0,Yutika Sandhu,radhaperi@example.com,919333362800.0,"H.No. 65
Dani, Bareilly-865864",Bellary,953914.0,2024-08-08,New,6.0,1275.29
72287157.0,Ekbal Kaur,mangaldalaja@example.com,918692700290.0,"81
Choudhary Street, New Delhi-303095",Machilipatnam,289225.0,2023-08-29,New,20.0,1706.71
94179692.0,Faras Bahri,wishi97@example.org,912987884359.0,"93, Bose Path, Ghaziabad 660236",Alwar,767956.0,2024-09-18,New,3.0,1494.14
61851054.0,Bhavya Tiwari,aarnav95@example.org,917984013881.0,"H.No. 19
Solanki Street
Kadapa-649070",Tadipatri,380443.0,2024-06-11,Regular,10.0,1154.65
1562083.0,Madhavi Mishra,inayabadal@example.net,915460239789.0,"49/31
Chahal Road, Jalna-373980",Bhopal,405442.0,2024-01-11,Premium,13.0,695.02
33671354.0,Veda Chhabra,sawhneyishanvi@example.net,912399510598.0,"45/125
Lala
Ratlam 745782",Bijapur,189078.0,2024-09-26,Inactive,12.0,1908.12
46023497.0,Baljiwan Nagi,wjayaraman@example.com,917679715905.0,"863
Sarkar Road, Bokaro-229992",Delhi,31910.0,2024-05-15,Premium,12.0,1856.92
83597876.0,Tanmayi Oak,msaha@example.org,919039949572.0,"43/897
Thakkar Circle, Karimnagar-794484",Katni,357046.0,2023-12-21,Premium,10.0,1646.68
52913011.0,Chaitaly Parekh,chanakyakashyap@example.com,914849409792.0,"H.No. 84, Verma, Tirupati-193891",Dhule,505219.0,2023-11-01,Inactive,7.0,1952.94
81373608.0,Priya Rai,charannarain@example.net,913155698033.0,"H.No. 36, Ravel Ganj
North Dumdum 835823",Durg,701263.0,2023-06-14,Inactive,4.0,605.47
46885873.0,Wahab Luthra,labanpadmanabhan@example.net,911463211832.0,"98/05
Master Road
Karawal Nagar-963507",Aizawl,253575.0,2023-09-19,Premium,4.0,946.64
31831843.0,Aarini Bir,htailor@example.com,919194767607.0,"H.No. 39, Sura Street
Shahjahanpur-125310",Machilipatnam,762247.0,2023-03-28,Inactive,10.0,1284.27
85088479.0,Tanvi Magar,sanayanagar@example.org,915188074658.0,"H.No. 998
Halder Marg, Sultan Pur Majra-008125",Rajkot,779561.0,2024-11-04,Inactive,17.0,1636.63
97770901.0,Dhruv Krishna,lajitasekhon@example.com,912993705405.0,"H.No. 805, Bhatia Zila
Rajpur Sonarpur 721299",Bidhannagar,571261.0,2023-04-05,Inactive,11.0,1896.36
4055790.0,Noah Malhotra,dkannan@example.net,915394267346.0,"H.No. 71
Bhatia Ganj
Kavali 971275",Jamnagar,170135.0,2023-11-14,Regular,13.0,1178.81
84986716.0,Eta Hegde,aishanisachar@example.org,913326580748.0,"H.No. 47, Bhavsar Path, Baranagar-818711",Begusarai,408698.0,2024-04-21,Regular,8.0,420.78
77085443.0,Prisha Nadkarni,yagneshdhar@example.net,917683218307.0,"H.No. 753
Bala Chowk, Bhalswa Jahangir Pur 704393",Naihati,455466.0,2024-03-15,Regular,9.0,1742.63
10642655.0,Omaja Warrior,ujaggi@example.net,913369567498.0,"55/090, Deshmukh Path
Siliguri 815361",Gorakhpur,115141.0,2023-11-26,Premium,1.0,726.89
35826539.0,Widisha Kapur,dharmohammed@example.org,911771548263.0,"97/832
Bhagat
Silchar-117534",Deoghar,81838.0,2024-08-28,New,6.0,1155.12
376144.0,Ira Chhabra,caleb02@example.com,914254514422.0,"H.No. 39
Sarkar Path
Karawal Nagar-657936",Anantapuram,627253.0,2023-12-19,Regular,13.0,1784.32
22054087.0,Peter Buch,agour@example.org,917058067815.0,"45/632, Ram, Mango 377332",Miryalaguda,536699.0,2024-01-05,Inactive,18.0,1197.98
21481338.0,Rajata Upadhyay,agatemaanav@example.org,914330661503.0,"H.No. 357
Subramanian Road, Mirzapur-401810",Tirunelveli,90749.0,2023-11-17,New,17.0,480.61
22851478.0,Vamakshi Bhardwaj,parthbarman@example.com,915320758729.0,"H.No. 24, Nayar Ganj, Gulbarga-261578",Varanasi,799601.0,2023-11-13,Regular,14.0,1722.19
3002538.0,Sanya Sule,watikasachar@example.net,911024214855.0,"H.No. 335
Pathak Ganj, Ramagundam-658342",Sonipat,755769.0,2024-07-10,Inactive,14.0,489.91
69339331.0,Zehaan Kapur,mitesh70@example.net,911036174682.0,"65/63
Bhasin Circle, Bally-812118",Raurkela Industrial Township,343490.0,2024-03-02,Regular,5.0,1567.18
14991661.0,Logan Nigam,ygole@example.org,919134562959.0,"55/903, Ben Zila, Erode 211292",Chandrapur,865476.0,2023-10-18,New,18.0,1719.35
38613295.0,Sai Panchal,falan03@example.com,915744398526.0,"32, Ramaswamy Zila, Hapur-147704",Vadodara,254021.0,2023-08-20,New,17.0,544.45
51872499.0,Nakul Banerjee,sanghayashoda@example.org,910473581550.0,"H.No. 60, Narain Chowk
Sirsa 944864",Bareilly,264965.0,2024-04-11,Premium,1.0,1234.0
8241122.0,Tristan Zachariah,jmane@example.org,919062401078.0,"68/77
Bajaj Zila, Alappuzha-525010",Ambarnath,314766.0,2024-09-30,Inactive,12.0,833.32
97033691.0,Aarini Muni,golazaitra@example.com,913045351053.0,"66, Garde Road, Cuttack 933700",Mysore,394940.0,2024-08-14,Premium,2.0,1268.05
69242672.0,Ranveer Sheth,sidhuparth@example.com,914909996949.0,"38/907, Maharaj Ganj
Panihati 378139",Gandhidham,791492.0,2023-04-19,Regular,3.0,1490.73
41512861.0,Veer Kant,qarinsundaram@example.org,910705645725.0,"37/812, Pal Zila
Bidar-969809",Purnia,831675.0,2024-04-24,Regular,11.0,696.12
3408982.0,Tripti Chakraborty,abhiramkunda@example.org,910686600788.0,"19, Dara Zila
Aligarh 920735",Bhatpara,119108.0,2023-07-01,Premium,5.0,656.97
42589311.0,Yadavi Uppal,sureshwahab@example.org,918756937201.0,"167, Oommen Marg, Katihar-142018",Dehradun,176202.0,2023-11-29,Regular,11.0,452.1
75732571.0,Garima Behl,alata@example.com,914822074111.0,"H.No. 218, Lad Path
Kumbakonam 190927",Muzaffarnagar,882501.0,2024-04-20,New,20.0,1981.72
39681023.0,Pranit Randhawa,jhabachittar@example.net,919561479218.0,"90, Keer Chowk, Vijayanagaram 711008",Pimpri-Chinchwad,730587.0,2023-09-04,Premium,16.0,1084.73
94404245.0,Quincy Chauhan,kadetamanna@example.com,911392035916.0,"01
Hayer Chowk
Gopalpur 936167",Rampur,630779.0,2024-05-14,Inactive,5.0,564.03
97484394.0,Ayush Choudhry,deoikshita@example.org,919444247870.0,"57/065, Gala Path
Hindupur 640702",Jaipur,577563.0,2024-04-05,Inactive,4.0,669.01
66827191.0,Om Bhatia,manineelima@example.com,912414654009.0,"H.No. 33
Devi Ganj
Arrah 827426",Alwar,409528.0,2023-11-19,New,11.0,1808.42
50554007.0,Ekaja Pillai,abhakaul@example.com,914597059930.0,"H.No. 214, Divan Road
Hindupur 028048",Baranagar,534970.0,2023-04-04,Premium,5.0,1597.14
65895091.0,Chaitaly Shere,vedhikakeer@example.com,919296110004.0,"H.No. 021
Balan Road, Kadapa-276118",Orai,59036.0,2023-11-11,Inactive,8.0,1634.33
48002829.0,Daksh Mandal,varkeymohammed@example.com,919587731286.0,"28/42, Venkataraman Ganj, Kishanganj-360157",Mumbai,45238.0,2024-01-25,Inactive,17.0,754.33
57392064.0,Lavanya Jain,deshpandeom@example.com,916137420258.0,"391, Edwin Path, Korba 202726",Udupi,688100.0,2024-06-23,Regular,4.0,1540.81
71688530.0,Umang Dash,gokhalenicholas@example.org,917595275963.0,"151, Parmer Ganj
Loni 906431",Kavali,528749.0,2024-03-18,Regular,1.0,1541.22
89051578.0,Zinal Natarajan,vyasfrado@example.com,911994009448.0,"H.No. 172, Khanna Street, Pudukkottai 610564",Alwar,586734.0,2024-09-06,Premium,12.0,1185.5
78738569.0,Eiravati Sundaram,onkar24@example.com,914320353753.0,"H.No. 791, Sur Path
Bally 982559",Dewas,342448.0,2023-05-10,Inactive,4.0,376.5
