order_id,delivery_partner_id,promised_time,actual_time,delivery_time_minutes,distance_km,delivery_status,reasons_if_delayed
1961864118.0,63230.0,2024-07-17 08:52:01,2024-07-17 08:47:01,-5.0,0.96,On Time,
1549769649.0,14983.0,2024-05-28 13:25:29,2024-05-28 13:27:29,2.0,0.98,On Time,Traffic
9185164487.0,39859.0,2024-09-23 13:25:12,2024-09-23 13:29:12,4.0,3.83,On Time,Traffic
9644738826.0,61497.0,2023-11-24 16:34:56,2023-11-24 16:33:56,-1.0,2.76,On Time,
5427684290.0,84315.0,2023-11-20 05:17:39,2023-11-20 05:18:39,1.0,2.63,On Time,Traffic
3265154092.0,554.0,2023-03-18 16:49:51,2023-03-18 16:48:51,-1.0,1.94,On Time,
4898355547.0,14630.0,2023-04-16 19:01:37,2023-04-16 19:02:37,1.0,2.2,On Time,Traffic
6568151549.0,67714.0,2024-03-31 06:37:48,2024-03-31 06:39:48,2.0,1.3,On Time,Traffic
6006693867.0,91362.0,2023-07-14 00:02:36,2023-07-14 00:05:36,3.0,3.38,On Time,Traffic
374186990.0,77203.0,2023-08-09 01:37:30,2023-08-09 01:44:30,7.0,1.47,Slightly Delayed,Traffic
4455336265.0,64046.0,2023-08-30 19:47:06,2023-08-30 19:45:06,-2.0,0.76,On Time,
3539286337.0,94899.0,2023-04-25 20:44:24,2023-04-25 20:39:24,-5.0,3.68,On Time,
9171116867.0,73907.0,2023-10-22 11:25:33,2023-10-22 11:37:33,12.0,2.23,Slightly Delayed,Traffic
5504941865.0,56077.0,2024-01-28 02:55:11,2024-01-28 03:06:11,11.0,4.45,Slightly Delayed,Traffic
5868326481.0,94140.0,2024-03-15 21:24:07,2024-03-15 21:21:07,-3.0,2.8,On Time,
2137046916.0,12377.0,2024-02-03 09:03:32,2024-02-03 09:01:32,-2.0,1.78,On Time,
8195544338.0,102.0,2023-04-26 04:20:57,2023-04-26 04:28:57,8.0,1.16,Slightly Delayed,Traffic
2889700050.0,45032.0,2024-04-30 16:33:26,2024-04-30 16:36:26,3.0,3.07,On Time,Traffic
65827885.0,1108.0,2023-07-27 00:25:05,2023-07-27 00:20:05,-5.0,1.65,On Time,
4656471694.0,62782.0,2023-12-09 08:27:08,2023-12-09 08:35:08,8.0,3.7,Slightly Delayed,Traffic
6625178717.0,74906.0,2023-07-01 04:40:22,2023-07-01 04:53:22,13.0,4.22,Slightly Delayed,Traffic
7169557514.0,79516.0,2023-03-21 05:38:13,2023-03-21 05:50:13,12.0,3.28,Slightly Delayed,Traffic
2268306684.0,65733.0,2024-05-28 15:11:08,2024-05-28 15:10:08,-1.0,1.82,On Time,
6905293278.0,53868.0,2024-06-16 10:36:23,2024-06-16 11:02:23,26.0,0.58,Significantly Delayed,Traffic
1769493463.0,22954.0,2024-06-26 07:29:47,2024-06-26 07:24:47,-5.0,1.21,On Time,
5003387344.0,21004.0,2024-06-23 11:05:47,2024-06-23 11:00:47,-5.0,4.52,On Time,
2064484752.0,43022.0,2024-05-07 23:00:49,2024-05-07 22:55:49,-5.0,2.29,On Time,
964822979.0,42914.0,2024-07-13 10:49:00,2024-07-13 10:47:00,-2.0,1.09,On Time,
6037899648.0,59131.0,2024-03-27 18:00:43,2024-03-27 18:04:43,4.0,4.56,On Time,Traffic
9347571484.0,88612.0,2024-11-02 17:26:15,2024-11-02 17:39:15,13.0,3.29,Slightly Delayed,Traffic
3286177534.0,90038.0,2023-06-25 00:09:15,2023-06-25 00:07:15,-2.0,3.07,On Time,
9073572548.0,28575.0,2023-05-02 23:25:42,2023-05-02 23:47:42,22.0,4.77,Significantly Delayed,Traffic
8395583761.0,84816.0,2024-08-04 23:53:44,2024-08-04 23:48:44,-5.0,3.53,On Time,
6355378227.0,23910.0,2023-08-11 17:06:36,2023-08-11 17:05:36,-1.0,3.91,On Time,
277376321.0,78589.0,2024-07-28 04:45:12,2024-07-28 04:44:12,-1.0,3.85,On Time,
8559748526.0,93002.0,2023-04-05 18:27:19,2023-04-05 18:28:19,1.0,0.94,On Time,Traffic
1458051433.0,61040.0,2024-04-26 09:30:56,2024-04-26 09:26:56,-4.0,2.75,On Time,
5838302640.0,30907.0,2023-05-12 06:02:25,2023-05-12 06:09:25,7.0,1.7,Slightly Delayed,Traffic
1380971977.0,52614.0,2024-06-02 13:21:55,2024-06-02 13:16:55,-5.0,4.09,On Time,
1221099013.0,60689.0,2023-07-23 11:01:59,2023-07-23 11:03:59,2.0,3.15,On Time,Traffic
6771166303.0,98179.0,2023-07-24 04:36:07,2023-07-24 04:48:07,12.0,2.55,Slightly Delayed,Traffic
7111337755.0,84833.0,2023-05-06 06:07:44,2023-05-06 06:04:44,-3.0,3.44,On Time,
5562922993.0,73904.0,2023-12-06 02:14:19,2023-12-06 02:17:19,3.0,1.64,On Time,Traffic
5630957897.0,14408.0,2024-06-18 07:32:42,2024-06-18 07:36:42,4.0,3.92,On Time,Traffic
1787380558.0,95835.0,2023-11-08 17:43:58,2023-11-08 17:45:58,2.0,2.8,On Time,Traffic
32613017.0,77303.0,2023-03-17 00:36:41,2023-03-17 00:36:41,0.0,4.0,On Time,
2039041670.0,31963.0,2024-11-01 10:05:47,2024-11-01 10:20:47,15.0,2.12,Slightly Delayed,Traffic
210693801.0,14789.0,2024-08-21 04:10:25,2024-08-21 04:12:25,2.0,2.5,On Time,Traffic
8120002258.0,61526.0,2024-01-01 00:15:08,2024-01-01 00:11:08,-4.0,2.43,On Time,
2177917034.0,75636.0,2024-02-08 20:16:51,2024-02-08 20:25:51,9.0,0.73,Slightly Delayed,Traffic
4254814926.0,1761.0,2024-04-21 06:34:58,2024-04-21 06:33:58,-1.0,1.74,On Time,
6074172790.0,3481.0,2023-07-26 02:26:37,2023-07-26 02:30:37,4.0,2.48,On Time,Traffic
3381573131.0,50582.0,2024-07-16 00:47:21,2024-07-16 00:42:21,-5.0,4.91,On Time,
3773745777.0,97135.0,2024-05-02 14:58:25,2024-05-02 14:58:25,0.0,3.31,On Time,
9251939156.0,57095.0,2023-12-30 12:51:53,2023-12-30 12:58:53,7.0,2.35,Slightly Delayed,Traffic
3872982303.0,60234.0,2024-02-03 01:24:33,2024-02-03 01:25:33,1.0,2.6,On Time,Traffic
2625987757.0,51273.0,2023-08-01 07:54:43,2023-08-01 07:56:43,2.0,4.7,On Time,Traffic
3162249401.0,47552.0,2024-05-03 13:31:58,2024-05-03 13:31:58,0.0,1.72,On Time,
3108986741.0,60867.0,2023-10-17 19:43:19,2023-10-17 19:44:19,1.0,2.09,On Time,Traffic
1851474741.0,12879.0,2023-11-01 13:42:17,2023-11-01 13:51:17,9.0,4.09,Slightly Delayed,Traffic
2425099132.0,44245.0,2023-08-15 01:30:08,2023-08-15 01:34:08,4.0,1.07,On Time,Traffic
6706793332.0,76503.0,2024-10-09 22:04:33,2024-10-09 22:16:33,12.0,2.99,Slightly Delayed,Traffic
2149289255.0,25251.0,2024-11-01 15:20:29,2024-11-01 15:39:29,19.0,2.56,Significantly Delayed,Traffic
1971008155.0,30330.0,2023-10-23 22:43:41,2023-10-23 22:39:41,-4.0,0.86,On Time,
2087093460.0,27478.0,2024-07-11 11:42:57,2024-07-11 11:41:57,-1.0,0.77,On Time,
2116712588.0,34078.0,2023-11-11 20:48:38,2023-11-11 20:51:38,3.0,4.26,On Time,Traffic
6054358790.0,52564.0,2024-01-26 10:31:06,2024-01-26 10:26:06,-5.0,3.96,On Time,
532660797.0,97547.0,2024-05-20 06:37:18,2024-05-20 06:51:18,14.0,4.9,Slightly Delayed,Traffic
1491991005.0,85285.0,2024-03-04 09:01:03,2024-03-04 09:01:03,0.0,0.89,On Time,
4136019599.0,34667.0,2024-03-23 18:52:14,2024-03-23 18:55:14,3.0,4.58,On Time,Traffic
2122832513.0,39396.0,2024-02-17 19:58:14,2024-02-17 20:18:14,20.0,3.97,Significantly Delayed,Traffic
3717703595.0,8041.0,2023-04-24 21:52:02,2023-04-24 21:51:02,-1.0,2.48,On Time,
3194733693.0,16623.0,2023-07-05 10:30:13,2023-07-05 10:37:13,7.0,1.74,Slightly Delayed,Traffic
4471162437.0,54708.0,2024-02-06 12:52:50,2024-02-06 12:52:50,0.0,3.78,On Time,
1609331948.0,58721.0,2024-01-04 14:19:21,2024-01-04 14:19:21,0.0,1.56,On Time,
6920030794.0,38745.0,2024-06-24 02:51:36,2024-06-24 02:49:36,-2.0,3.47,On Time,
5127172657.0,80034.0,2024-06-11 18:30:31,2024-06-11 18:50:31,20.0,4.41,Significantly Delayed,Traffic
8607115856.0,85718.0,2023-10-09 04:52:34,2023-10-09 04:49:34,-3.0,2.33,On Time,
7154957395.0,63099.0,2023-04-09 10:21:33,2023-04-09 10:21:33,0.0,2.28,On Time,
2070762702.0,64950.0,2023-10-04 10:37:55,2023-10-04 10:52:55,15.0,3.61,Slightly Delayed,Traffic
3697242439.0,67408.0,2024-10-15 12:47:13,2024-10-15 12:46:13,-1.0,4.71,On Time,
3063427913.0,24100.0,2023-09-21 02:34:46,2023-09-21 02:37:46,3.0,4.76,On Time,Traffic
2060061337.0,50748.0,2023-04-15 23:10:08,2023-04-15 23:22:08,12.0,3.08,Slightly Delayed,Traffic
4625892678.0,40337.0,2023-06-18 19:35:45,2023-06-18 19:39:45,4.0,2.74,On Time,Traffic
6045698170.0,16848.0,2024-01-24 17:14:49,2024-01-24 17:19:49,5.0,3.86,On Time,Traffic
7876289647.0,28786.0,2024-08-07 08:06:29,2024-08-07 08:18:29,12.0,2.54,Slightly Delayed,Traffic
3434084714.0,58201.0,2024-02-02 03:06:20,2024-02-02 03:04:20,-2.0,3.51,On Time,
9031695663.0,43200.0,2024-01-17 01:35:06,2024-01-17 01:41:06,6.0,3.71,Slightly Delayed,Traffic
1955989715.0,8135.0,2023-12-27 07:06:23,2023-12-27 07:08:23,2.0,4.81,On Time,Traffic
3459500455.0,20504.0,2023-12-18 00:52:55,2023-12-18 00:54:55,2.0,2.66,On Time,Traffic
5953376503.0,34929.0,2024-05-25 04:08:54,2024-05-25 04:24:54,16.0,0.56,Significantly Delayed,Traffic
121874867.0,69733.0,2023-03-28 01:10:55,2023-03-28 01:05:55,-5.0,3.08,On Time,
2460545397.0,50527.0,2024-10-27 11:38:03,2024-10-27 11:49:03,11.0,2.53,Slightly Delayed,Traffic
9690050839.0,76868.0,2024-01-13 02:44:24,2024-01-13 02:49:24,5.0,3.82,On Time,Traffic
2574349065.0,406.0,2024-04-17 14:43:32,2024-04-17 14:44:32,1.0,1.72,On Time,Traffic
2461936988.0,77590.0,2023-07-20 23:29:57,2023-07-20 23:48:57,19.0,4.4,Significantly Delayed,Traffic
6447596416.0,45656.0,2023-10-08 18:30:29,2023-10-08 18:26:29,-4.0,4.27,On Time,
7228452275.0,96211.0,2023-05-13 01:25:33,2023-05-13 01:25:33,0.0,4.62,On Time,
6696750742.0,89976.0,2023-04-02 17:54:16,2023-04-02 17:54:16,0.0,4.39,On Time,
822235931.0,1773.0,2023-08-09 07:27:16,2023-08-09 07:42:16,15.0,1.42,Slightly Delayed,Traffic
7678251499.0,60822.0,2023-04-23 13:37:40,2023-04-23 13:42:40,5.0,1.85,On Time,Traffic
2497341976.0,42711.0,2023-09-21 09:19:49,2023-09-21 09:20:49,1.0,1.33,On Time,Traffic
9107314128.0,21125.0,2024-05-20 16:37:17,2024-05-20 16:36:17,-1.0,2.2,On Time,
9855726256.0,59743.0,2023-05-17 08:05:53,2023-05-17 08:03:53,-2.0,0.96,On Time,
9398719862.0,4852.0,2024-07-19 09:40:31,2024-07-19 09:44:31,4.0,0.85,On Time,Traffic
379494532.0,99227.0,2024-07-07 13:42:33,2024-07-07 13:44:33,2.0,3.39,On Time,Traffic
1048784963.0,35552.0,2023-09-07 13:35:38,2023-09-07 13:30:38,-5.0,2.18,On Time,
4386246924.0,56384.0,2024-08-27 10:26:15,2024-08-27 10:52:15,26.0,3.44,Significantly Delayed,Traffic
2050362692.0,16076.0,2024-10-30 11:36:04,2024-10-30 11:39:04,3.0,3.48,On Time,Traffic
4142963293.0,74308.0,2024-11-03 04:04:46,2024-11-03 04:07:46,3.0,1.26,On Time,Traffic
9753528654.0,63454.0,2024-07-26 07:35:16,2024-07-26 07:33:16,-2.0,1.84,On Time,
8126970833.0,83636.0,2024-09-14 20:41:40,2024-09-14 21:07:40,26.0,1.13,Significantly Delayed,Traffic
9747814712.0,33342.0,2023-12-16 15:52:05,2023-12-16 15:55:05,3.0,1.23,On Time,Traffic
6281619403.0,12086.0,2023-04-09 19:15:42,2023-04-09 19:10:42,-5.0,4.51,On Time,
436184281.0,59936.0,2023-11-20 12:55:18,2023-11-20 13:22:18,27.0,0.74,Significantly Delayed,Traffic
9799231260.0,58378.0,2024-03-07 09:17:56,2024-03-07 09:21:56,4.0,0.9,On Time,Traffic
4071811527.0,27993.0,2023-07-26 15:51:48,2023-07-26 16:00:48,9.0,2.39,Slightly Delayed,Traffic
5645359563.0,45180.0,2024-08-08 23:45:23,2024-08-08 23:40:23,-5.0,4.78,On Time,
9411813703.0,32773.0,2023-09-25 23:11:09,2023-09-25 23:16:09,5.0,0.65,On Time,Traffic
4270217473.0,4904.0,2024-02-01 09:02:55,2024-02-01 09:02:55,0.0,1.23,On Time,
279851011.0,73623.0,2023-04-11 09:58:14,2023-04-11 09:57:14,-1.0,4.34,On Time,
6260524887.0,22883.0,2024-06-01 07:00:44,2024-06-01 06:56:44,-4.0,3.76,On Time,
5853998391.0,23606.0,2023-09-08 02:58:14,2023-09-08 02:55:14,-3.0,4.67,On Time,
9931976872.0,97297.0,2024-06-24 05:32:20,2024-06-24 05:28:20,-4.0,3.03,On Time,
8432209832.0,18907.0,2024-03-20 03:42:23,2024-03-20 03:54:23,12.0,4.17,Slightly Delayed,Traffic
6023721507.0,72197.0,2024-04-07 00:36:29,2024-04-07 00:35:29,-1.0,2.05,On Time,
3042338919.0,70995.0,2023-05-17 15:05:39,2023-05-17 15:02:39,-3.0,1.33,On Time,
233646065.0,56968.0,2023-09-19 22:43:29,2023-09-19 22:48:29,5.0,4.89,On Time,Traffic
9870610018.0,44706.0,2024-02-08 05:36:21,2024-02-08 05:35:21,-1.0,0.86,On Time,
1398230967.0,92744.0,2024-04-22 10:13:26,2024-04-22 10:09:26,-4.0,4.81,On Time,
8615488922.0,1328.0,2023-11-04 00:21:14,2023-11-04 00:42:14,21.0,3.94,Significantly Delayed,Traffic
2748841057.0,11008.0,2023-12-30 05:19:21,2023-12-30 05:43:21,24.0,0.84,Significantly Delayed,Traffic
1375867721.0,21511.0,2024-07-15 17:08:54,2024-07-15 17:05:54,-3.0,4.45,On Time,
8595141097.0,19332.0,2024-03-31 10:36:16,2024-03-31 10:39:16,3.0,4.33,On Time,Traffic
4673382071.0,97477.0,2024-01-16 13:40:12,2024-01-16 13:49:12,9.0,4.9,Slightly Delayed,Traffic
2948696008.0,89164.0,2024-04-10 10:22:48,2024-04-10 10:19:48,-3.0,2.28,On Time,
6839692624.0,44627.0,2023-11-19 02:10:50,2023-11-19 02:35:50,25.0,1.17,Significantly Delayed,Traffic
5770951298.0,4946.0,2023-10-02 18:23:57,2023-10-02 18:21:57,-2.0,0.95,On Time,
5084771819.0,66403.0,2024-08-29 22:05:24,2024-08-29 22:18:24,13.0,1.37,Slightly Delayed,Traffic
422403644.0,23782.0,2023-05-27 23:46:14,2023-05-27 23:54:14,8.0,0.56,Slightly Delayed,Traffic
7176758896.0,75492.0,2023-07-13 13:00:53,2023-07-13 13:01:53,1.0,2.94,On Time,Traffic
8252905093.0,40596.0,2024-04-21 23:29:31,2024-04-21 23:30:31,1.0,3.25,On Time,Traffic
1488561572.0,31495.0,2024-08-27 08:32:40,2024-08-27 08:31:40,-1.0,2.51,On Time,
6212984517.0,15665.0,2024-03-16 22:05:29,2024-03-16 22:03:29,-2.0,1.27,On Time,
6309784337.0,23009.0,2024-05-06 17:53:10,2024-05-06 17:53:10,0.0,4.05,On Time,
4613890018.0,82638.0,2023-10-24 13:00:17,2023-10-24 13:00:17,0.0,3.82,On Time,
3429728472.0,77476.0,2023-03-31 08:48:30,2023-03-31 08:57:30,9.0,1.25,Slightly Delayed,Traffic
267738904.0,73022.0,2023-10-24 23:24:36,2023-10-24 23:38:36,14.0,4.28,Slightly Delayed,Traffic
3850416839.0,32659.0,2024-07-01 02:23:28,2024-07-01 02:36:28,13.0,1.32,Slightly Delayed,Traffic
3412702479.0,35140.0,2023-12-24 07:46:20,2023-12-24 07:51:20,5.0,1.11,On Time,Traffic
2016183232.0,38755.0,2023-07-19 04:35:07,2023-07-19 04:46:07,11.0,1.63,Slightly Delayed,Traffic
3810280204.0,70290.0,2023-10-26 18:06:28,2023-10-26 18:10:28,4.0,0.75,On Time,Traffic
2416767295.0,28144.0,2024-07-05 03:50:54,2024-07-05 03:59:54,9.0,1.13,Slightly Delayed,Traffic
2283439407.0,58922.0,2023-07-14 02:28:09,2023-07-14 02:32:09,4.0,0.57,On Time,Traffic
4328802292.0,66985.0,2023-06-14 19:57:21,2023-06-14 20:15:21,18.0,3.65,Significantly Delayed,Traffic
7072715691.0,82046.0,2023-12-25 19:28:20,2023-12-25 19:29:20,1.0,3.65,On Time,Traffic
5640741373.0,20090.0,2024-05-10 06:57:20,2024-05-10 06:57:20,0.0,4.34,On Time,
6931094066.0,66225.0,2023-11-15 22:18:17,2023-11-15 22:14:17,-4.0,3.82,On Time,
3417088709.0,63738.0,2024-05-30 17:37:44,2024-05-30 17:58:44,21.0,1.29,Significantly Delayed,Traffic
4424404315.0,8506.0,2023-07-16 07:36:04,2023-07-16 07:40:04,4.0,2.43,On Time,Traffic
2444087306.0,75692.0,2023-07-28 08:35:29,2023-07-28 08:37:29,2.0,4.67,On Time,Traffic
486085268.0,90390.0,2023-12-11 19:51:16,2023-12-11 19:56:16,5.0,0.53,On Time,Traffic
1731312620.0,75316.0,2023-05-08 20:42:00,2023-05-08 20:41:00,-1.0,2.13,On Time,
6475582506.0,52304.0,2023-09-23 05:01:27,2023-09-23 05:05:27,4.0,2.09,On Time,Traffic
1868581378.0,38861.0,2024-03-29 18:43:14,2024-03-29 18:47:14,4.0,3.94,On Time,Traffic
8884235937.0,81977.0,2024-08-09 12:01:55,2024-08-09 12:09:55,8.0,4.57,Slightly Delayed,Traffic
4590662628.0,18200.0,2024-01-10 12:02:31,2024-01-10 12:17:31,15.0,2.1,Slightly Delayed,Traffic
992302540.0,12863.0,2023-11-26 21:51:11,2023-11-26 21:54:11,3.0,3.48,On Time,Traffic
7169974633.0,69861.0,2024-10-16 16:22:22,2024-10-16 16:21:22,-1.0,2.57,On Time,
6703651257.0,4285.0,2024-01-17 01:43:31,2024-01-17 01:46:31,3.0,2.43,On Time,Traffic
7180810221.0,59848.0,2023-09-10 16:58:46,2023-09-10 17:07:46,9.0,0.51,Slightly Delayed,Traffic
7875587578.0,40025.0,2024-07-15 08:59:10,2024-07-15 09:09:10,10.0,3.53,Slightly Delayed,Traffic
2578671497.0,64618.0,2024-01-25 00:16:47,2024-01-25 00:21:47,5.0,0.79,On Time,Traffic
6284350691.0,9053.0,2024-06-20 01:13:52,2024-06-20 01:13:52,0.0,4.5,On Time,
5383261788.0,94840.0,2023-10-18 21:34:10,2023-10-18 21:30:10,-4.0,2.11,On Time,
6590867973.0,23582.0,2023-11-20 08:55:18,2023-11-20 08:54:18,-1.0,0.73,On Time,
8787105023.0,54795.0,2024-05-07 23:09:29,2024-05-07 23:12:29,3.0,3.68,On Time,Traffic
1402916311.0,57649.0,2024-04-23 13:05:28,2024-04-23 13:09:28,4.0,2.72,On Time,Traffic
9715205272.0,21783.0,2024-10-21 22:09:22,2024-10-21 22:11:22,2.0,4.93,On Time,Traffic
3946852375.0,92389.0,2024-07-04 12:45:55,2024-07-04 12:45:55,0.0,4.04,On Time,
3367039425.0,72408.0,2024-03-10 03:58:29,2024-03-10 04:00:29,2.0,1.38,On Time,Traffic
687711388.0,44884.0,2024-02-02 10:28:42,2024-02-02 10:40:42,12.0,1.67,Slightly Delayed,Traffic
647012431.0,94183.0,2024-06-16 13:27:54,2024-06-16 13:45:54,18.0,0.92,Significantly Delayed,Traffic
7143278295.0,89680.0,2024-02-13 15:39:08,2024-02-13 15:35:08,-4.0,1.65,On Time,
9736844695.0,87624.0,2024-04-09 20:18:46,2024-04-09 20:13:46,-5.0,1.4,On Time,
5933289680.0,1722.0,2023-12-07 04:49:24,2023-12-07 05:09:24,20.0,2.24,Significantly Delayed,Traffic
9494303116.0,12071.0,2024-07-21 11:04:40,2024-07-21 11:09:40,5.0,3.87,On Time,Traffic
9337878102.0,15234.0,2023-05-16 04:09:12,2023-05-16 04:05:12,-4.0,0.63,On Time,
6872621077.0,42244.0,2023-09-14 18:29:29,2023-09-14 18:24:29,-5.0,3.42,On Time,
7330237253.0,18688.0,2023-12-07 12:38:17,2023-12-07 12:37:17,-1.0,3.63,On Time,
7942616242.0,76694.0,2023-09-30 08:27:45,2023-09-30 08:52:45,25.0,4.96,Significantly Delayed,Traffic
238520071.0,91088.0,2024-02-20 05:44:38,2024-02-20 05:47:38,3.0,1.92,On Time,Traffic
5812379362.0,68969.0,2023-08-05 11:05:03,2023-08-05 11:01:03,-4.0,4.52,On Time,
2616623847.0,43649.0,2024-01-19 19:22:25,2024-01-19 19:37:25,15.0,4.33,Slightly Delayed,Traffic
2040854480.0,11814.0,2023-12-10 00:22:16,2023-12-10 00:47:16,25.0,2.48,Significantly Delayed,Traffic
5456484560.0,32681.0,2024-09-26 02:10:49,2024-09-26 02:35:49,25.0,3.76,Significantly Delayed,Traffic
883309006.0,23074.0,2024-04-09 08:22:20,2024-04-09 08:30:20,8.0,3.46,Slightly Delayed,Traffic
6528341992.0,50910.0,2024-01-29 03:43:43,2024-01-29 03:54:43,11.0,2.7,Slightly Delayed,Traffic
3263203775.0,38308.0,2024-09-28 15:37:48,2024-09-28 15:36:48,-1.0,3.36,On Time,
3660010934.0,17404.0,2024-01-31 15:44:03,2024-01-31 15:49:03,5.0,2.74,On Time,Traffic
7944885043.0,16741.0,2024-05-26 08:31:38,2024-05-26 08:29:38,-2.0,2.23,On Time,
2506369831.0,62473.0,2023-06-16 13:22:30,2023-06-16 13:35:30,13.0,4.07,Slightly Delayed,Traffic
697061213.0,80729.0,2023-03-25 09:52:55,2023-03-25 09:55:55,3.0,1.48,On Time,Traffic
7079057004.0,16501.0,2023-09-30 09:10:45,2023-09-30 09:32:45,22.0,3.58,Significantly Delayed,Traffic
1556153632.0,45137.0,2024-05-04 08:54:19,2024-05-04 09:03:19,9.0,0.75,Slightly Delayed,Traffic
2161235338.0,96206.0,2024-04-12 15:12:38,2024-04-12 15:21:38,9.0,4.68,Slightly Delayed,Traffic
1247978468.0,30662.0,2024-07-19 02:13:39,2024-07-19 02:12:39,-1.0,1.56,On Time,
5437627061.0,39894.0,2024-08-22 02:15:33,2024-08-22 02:16:33,1.0,4.76,On Time,Traffic
9091960039.0,51540.0,2024-02-11 10:04:55,2024-02-11 10:04:55,0.0,2.76,On Time,
619198317.0,83654.0,2023-11-20 17:16:35,2023-11-20 17:11:35,-5.0,4.77,On Time,
9833179291.0,97223.0,2023-05-04 18:52:00,2023-05-04 18:48:00,-4.0,0.59,On Time,
4148760273.0,55805.0,2024-05-22 01:55:57,2024-05-22 01:58:57,3.0,4.35,On Time,Traffic
7206041763.0,1128.0,2023-05-30 19:35:37,2023-05-30 19:37:37,2.0,2.69,On Time,Traffic
690097648.0,92460.0,2023-12-27 20:30:22,2023-12-27 20:40:22,10.0,1.87,Slightly Delayed,Traffic
4197061567.0,48139.0,2024-02-04 03:31:32,2024-02-04 03:33:32,2.0,0.66,On Time,Traffic
2009394836.0,71878.0,2023-10-24 22:25:10,2023-10-24 22:23:10,-2.0,3.18,On Time,
277502363.0,18055.0,2023-12-28 14:04:57,2023-12-28 14:09:57,5.0,4.14,On Time,Traffic
4356959622.0,94308.0,2024-01-16 07:56:08,2024-01-16 07:51:08,-5.0,3.45,On Time,
174306009.0,35598.0,2024-08-09 00:35:44,2024-08-09 01:02:44,27.0,1.41,Significantly Delayed,Traffic
9582674091.0,16055.0,2024-08-16 11:39:21,2024-08-16 12:01:21,22.0,3.55,Significantly Delayed,Traffic
8675579025.0,13158.0,2024-07-06 12:15:17,2024-07-06 12:17:17,2.0,3.41,On Time,Traffic
5195999941.0,12987.0,2024-07-19 19:07:00,2024-07-19 19:21:00,14.0,2.34,Slightly Delayed,Traffic
5210007923.0,94672.0,2024-10-01 05:24:34,2024-10-01 05:25:34,1.0,2.16,On Time,Traffic
6595771960.0,72175.0,2023-04-05 03:36:22,2023-04-05 03:40:22,4.0,1.75,On Time,Traffic
4247338382.0,85815.0,2023-12-05 02:11:24,2023-12-05 02:40:24,29.0,4.26,Significantly Delayed,Traffic
819143326.0,73801.0,2024-01-10 19:34:29,2024-01-10 19:39:29,5.0,4.37,On Time,Traffic
3830844750.0,95930.0,2023-08-06 16:07:31,2023-08-06 16:04:31,-3.0,4.35,On Time,
1687314172.0,86120.0,2024-03-13 19:00:43,2024-03-13 19:03:43,3.0,3.7,On Time,Traffic
6756007265.0,48609.0,2023-07-27 18:37:10,2023-07-27 18:42:10,5.0,4.05,On Time,Traffic
489762747.0,93825.0,2024-09-27 16:52:39,2024-09-27 17:18:39,26.0,3.26,Significantly Delayed,Traffic
7509195875.0,96839.0,2023-11-26 20:11:46,2023-11-26 20:14:46,3.0,4.89,On Time,Traffic
2370917070.0,13883.0,2023-07-25 06:11:42,2023-07-25 06:16:42,5.0,2.92,On Time,Traffic
2055388266.0,80608.0,2023-06-23 06:41:41,2023-06-23 06:49:41,8.0,1.43,Slightly Delayed,Traffic
8969304162.0,67811.0,2023-10-12 15:03:50,2023-10-12 15:02:50,-1.0,1.66,On Time,
5412674107.0,15617.0,2024-10-06 22:00:05,2024-10-06 22:02:05,2.0,1.75,On Time,Traffic
1536516619.0,44378.0,2023-11-25 08:10:28,2023-11-25 08:15:28,5.0,2.48,On Time,Traffic
3858907413.0,29907.0,2023-07-27 18:45:30,2023-07-27 18:45:30,0.0,4.53,On Time,
4976389251.0,89142.0,2023-09-05 10:13:35,2023-09-05 10:08:35,-5.0,1.42,On Time,
2218319201.0,957.0,2024-11-01 03:12:02,2024-11-01 03:11:02,-1.0,3.58,On Time,
6729422433.0,99898.0,2023-07-19 13:55:45,2023-07-19 14:01:45,6.0,2.81,Slightly Delayed,Traffic
1354097448.0,10089.0,2023-06-21 17:53:21,2023-06-21 17:55:21,2.0,1.71,On Time,Traffic
8952275304.0,95373.0,2024-08-31 08:22:32,2024-08-31 08:22:32,0.0,1.27,On Time,
436603801.0,64535.0,2023-12-28 10:14:53,2023-12-28 10:11:53,-3.0,3.24,On Time,
5273875984.0,60888.0,2023-05-31 03:45:44,2023-05-31 03:59:44,14.0,0.98,Slightly Delayed,Traffic
9290203003.0,44829.0,2024-04-01 12:31:55,2024-04-01 12:36:55,5.0,1.9,On Time,Traffic
6240982373.0,16774.0,2023-04-26 03:27:48,2023-04-26 03:24:48,-3.0,0.97,On Time,
2718348206.0,66580.0,2023-11-08 10:37:06,2023-11-08 10:33:06,-4.0,2.16,On Time,
4903544026.0,7486.0,2024-05-11 04:45:41,2024-05-11 04:50:41,5.0,4.24,On Time,Traffic
2827266949.0,24708.0,2024-09-17 08:10:52,2024-09-17 08:18:52,8.0,0.86,Slightly Delayed,Traffic
4278423074.0,23667.0,2023-12-17 05:02:47,2023-12-17 05:05:47,3.0,1.71,On Time,Traffic
645916247.0,98927.0,2023-10-10 03:03:20,2023-10-10 03:32:20,29.0,3.22,Significantly Delayed,Traffic
5816647866.0,84702.0,2024-09-26 05:23:41,2024-09-26 05:40:41,17.0,1.15,Significantly Delayed,Traffic
7282397914.0,26008.0,2024-07-14 01:35:08,2024-07-14 01:40:08,5.0,2.19,On Time,Traffic
3260611473.0,28392.0,2024-02-06 13:54:26,2024-02-06 14:12:26,18.0,2.73,Significantly Delayed,Traffic
8638163868.0,29019.0,2023-06-07 03:41:59,2023-06-07 03:46:59,5.0,1.66,On Time,Traffic
177850987.0,61247.0,2023-11-07 14:25:48,2023-11-07 14:22:48,-3.0,2.9,On Time,
9653859166.0,72058.0,2023-03-16 19:36:51,2023-03-16 19:50:51,14.0,0.95,Slightly Delayed,Traffic
9991338690.0,50037.0,2024-07-29 11:45:33,2024-07-29 11:46:33,1.0,2.15,On Time,Traffic
1714593246.0,11180.0,2024-10-20 10:02:38,2024-10-20 10:04:38,2.0,1.89,On Time,Traffic
9742461226.0,16877.0,2024-01-01 00:43:00,2024-01-01 00:40:00,-3.0,1.16,On Time,
3314393477.0,37197.0,2024-10-26 13:49:56,2024-10-26 13:52:56,3.0,4.51,On Time,Traffic
4188317986.0,48031.0,2023-03-20 01:56:55,2023-03-20 02:06:55,10.0,2.74,Slightly Delayed,Traffic
1646665366.0,59753.0,2024-07-26 19:01:20,2024-07-26 19:13:20,12.0,3.22,Slightly Delayed,Traffic
9558804585.0,32740.0,2024-03-15 12:09:19,2024-03-15 12:15:19,6.0,1.81,Slightly Delayed,Traffic
9047652469.0,27774.0,2024-08-05 03:28:47,2024-08-05 03:23:47,-5.0,3.21,On Time,
2893800377.0,54327.0,2024-03-22 11:57:50,2024-03-22 11:53:50,-4.0,4.56,On Time,
6139157985.0,23927.0,2024-02-03 13:51:26,2024-02-03 14:13:26,22.0,1.17,Significantly Delayed,Traffic
6029394789.0,28593.0,2023-04-30 06:23:14,2023-04-30 06:32:14,9.0,2.43,Slightly Delayed,Traffic
5874940276.0,22218.0,2024-04-11 06:45:42,2024-04-11 06:40:42,-5.0,1.62,On Time,
5205211911.0,38835.0,2024-09-27 18:52:45,2024-09-27 19:06:45,14.0,0.86,Slightly Delayed,Traffic
5314758068.0,68342.0,2024-02-03 00:36:30,2024-02-03 00:46:30,10.0,2.53,Slightly Delayed,Traffic
484869710.0,41598.0,2023-09-09 12:05:42,2023-09-09 12:08:42,3.0,4.8,On Time,Traffic
9957728938.0,64839.0,2024-08-05 21:43:11,2024-08-05 21:59:11,16.0,4.11,Significantly Delayed,Traffic
3136056666.0,60976.0,2024-04-29 03:40:15,2024-04-29 03:52:15,12.0,2.35,Slightly Delayed,Traffic
4926104391.0,13060.0,2023-10-24 08:02:01,2023-10-24 08:16:01,14.0,3.91,Slightly Delayed,Traffic
1827844756.0,78517.0,2023-04-07 11:43:25,2023-04-07 11:46:25,3.0,1.67,On Time,Traffic
7032037874.0,59618.0,2024-06-13 19:17:38,2024-06-13 19:17:38,0.0,2.75,On Time,
3779230503.0,52785.0,2023-07-11 05:30:38,2023-07-11 05:29:38,-1.0,2.32,On Time,
3473012553.0,99684.0,2024-02-16 21:48:26,2024-02-16 22:14:26,26.0,3.48,Significantly Delayed,Traffic
7988504487.0,86506.0,2024-05-14 11:42:09,2024-05-14 11:41:09,-1.0,1.73,On Time,
7193792738.0,91241.0,2024-06-05 15:49:59,2024-06-05 15:53:59,4.0,2.36,On Time,Traffic
1533583386.0,40902.0,2023-08-28 20:27:24,2023-08-28 20:24:24,-3.0,4.03,On Time,
7750989397.0,42583.0,2024-01-07 01:20:22,2024-01-07 01:24:22,4.0,2.23,On Time,Traffic
4434816229.0,17469.0,2023-09-14 07:10:00,2023-09-14 07:05:00,-5.0,4.05,On Time,
6896732047.0,29664.0,2024-04-18 18:08:30,2024-04-18 18:06:30,-2.0,4.18,On Time,
4740837071.0,70.0,2023-11-01 15:42:13,2023-11-01 15:47:13,5.0,4.31,On Time,Traffic
6649631729.0,9599.0,2024-09-30 09:39:51,2024-09-30 09:38:51,-1.0,0.86,On Time,
5351526726.0,18337.0,2023-03-28 19:08:51,2023-03-28 19:04:51,-4.0,2.79,On Time,
1506082041.0,80462.0,2023-05-04 08:00:45,2023-05-04 07:57:45,-3.0,1.04,On Time,
1023260165.0,93967.0,2024-02-16 19:23:29,2024-02-16 19:23:29,0.0,3.36,On Time,
8257032403.0,71946.0,2024-09-18 21:34:58,2024-09-18 21:37:58,3.0,2.03,On Time,Traffic
7216524192.0,79713.0,2024-09-01 16:33:34,2024-09-01 16:30:34,-3.0,3.33,On Time,
8619795820.0,68794.0,2024-09-04 09:30:19,2024-09-04 09:51:19,21.0,4.22,Significantly Delayed,Traffic
6494708839.0,36208.0,2023-06-18 16:18:43,2023-06-18 16:19:43,1.0,4.68,On Time,Traffic
9859249765.0,19900.0,2024-05-13 14:10:42,2024-05-13 14:07:42,-3.0,4.49,On Time,
3528020011.0,32566.0,2023-11-12 12:01:12,2023-11-12 12:04:12,3.0,2.96,On Time,Traffic
5937934264.0,41221.0,2024-09-11 19:35:19,2024-09-11 19:50:19,15.0,1.83,Slightly Delayed,Traffic
2976477423.0,2591.0,2023-08-17 07:47:10,2023-08-17 07:47:10,0.0,2.26,On Time,
1002438039.0,52508.0,2024-02-17 03:44:02,2024-02-17 03:43:02,-1.0,1.4,On Time,
2571163022.0,59402.0,2024-02-06 22:20:16,2024-02-06 22:34:16,14.0,4.14,Slightly Delayed,Traffic
6850221497.0,43013.0,2024-07-21 22:52:39,2024-07-21 22:47:39,-5.0,3.02,On Time,
4706569127.0,74560.0,2023-07-27 18:51:32,2023-07-27 18:56:32,5.0,4.56,On Time,Traffic
8168261752.0,18998.0,2024-04-22 06:30:39,2024-04-22 06:53:39,23.0,2.24,Significantly Delayed,Traffic
5828325906.0,34564.0,2023-12-04 11:59:56,2023-12-04 11:57:56,-2.0,4.29,On Time,
5012271549.0,31783.0,2024-09-21 10:19:21,2024-09-21 10:47:21,28.0,2.59,Significantly Delayed,Traffic
8110316958.0,29001.0,2024-01-30 19:48:34,2024-01-30 19:45:34,-3.0,1.73,On Time,
3190808443.0,42099.0,2024-01-10 09:00:54,2024-01-10 08:56:54,-4.0,0.54,On Time,
7175472728.0,95658.0,2023-09-12 12:01:20,2023-09-12 12:01:20,0.0,4.77,On Time,
6011117738.0,8264.0,2024-01-07 11:01:31,2024-01-07 11:04:31,3.0,1.47,On Time,Traffic
5592928753.0,96131.0,2024-08-23 20:59:57,2024-08-23 21:10:57,11.0,3.13,Slightly Delayed,Traffic
3952040848.0,16761.0,2024-05-09 00:41:37,2024-05-09 00:39:37,-2.0,4.44,On Time,
7026479520.0,82300.0,2024-07-17 22:17:57,2024-07-17 22:19:57,2.0,3.2,On Time,Traffic
6572695161.0,11353.0,2024-03-18 08:32:53,2024-03-18 08:32:53,0.0,0.88,On Time,
9090769419.0,45133.0,2024-09-02 03:29:47,2024-09-02 03:25:47,-4.0,2.74,On Time,
5979489110.0,8681.0,2023-09-07 08:03:52,2023-09-07 08:05:52,2.0,1.9,On Time,Traffic
964698323.0,88842.0,2024-09-30 23:34:20,2024-09-30 23:39:20,5.0,2.87,On Time,Traffic
2304242664.0,76144.0,2024-03-21 08:47:02,2024-03-21 08:47:02,0.0,2.7,On Time,
2483843748.0,62504.0,2023-05-24 09:35:37,2023-05-24 09:38:37,3.0,0.78,On Time,Traffic
2560588609.0,48964.0,2024-06-21 01:35:07,2024-06-21 01:36:07,1.0,1.87,On Time,Traffic
9268920928.0,26193.0,2023-07-05 12:44:39,2023-07-05 12:48:39,4.0,1.7,On Time,Traffic
9554019312.0,24936.0,2023-09-08 02:10:46,2023-09-08 02:05:46,-5.0,3.54,On Time,
3749174258.0,32618.0,2024-02-13 07:59:49,2024-02-13 08:10:49,11.0,2.28,Slightly Delayed,Traffic
3947164241.0,82928.0,2024-11-04 20:43:15,2024-11-04 20:47:15,4.0,3.26,On Time,Traffic
487327038.0,84314.0,2023-10-05 00:41:02,2023-10-05 00:44:02,3.0,1.42,On Time,Traffic
8830321199.0,6336.0,2024-08-10 06:17:16,2024-08-10 06:32:16,15.0,1.29,Slightly Delayed,Traffic
3811318591.0,44363.0,2023-07-07 13:10:03,2023-07-07 13:08:03,-2.0,4.0,On Time,
6795601573.0,52656.0,2023-12-13 02:49:49,2023-12-13 02:45:49,-4.0,3.02,On Time,
2348495717.0,80421.0,2023-06-27 01:11:54,2023-06-27 01:11:54,0.0,3.49,On Time,
9505736584.0,32176.0,2024-06-04 05:50:56,2024-06-04 06:08:56,18.0,2.92,Significantly Delayed,Traffic
1857227304.0,24481.0,2024-03-19 08:01:02,2024-03-19 08:05:02,4.0,3.14,On Time,Traffic
5506485302.0,21250.0,2023-05-19 06:53:57,2023-05-19 06:48:57,-5.0,2.4,On Time,
6074837981.0,2837.0,2024-04-20 13:08:11,2024-04-20 13:06:11,-2.0,3.59,On Time,
4150569633.0,40413.0,2023-10-29 11:37:51,2023-10-29 12:01:51,24.0,3.71,Significantly Delayed,Traffic
609838437.0,34363.0,2023-12-13 05:18:58,2023-12-13 05:13:58,-5.0,1.66,On Time,
5229657139.0,96161.0,2023-10-03 12:08:27,2023-10-03 12:21:27,13.0,2.36,Slightly Delayed,Traffic
2589639350.0,90443.0,2023-08-01 11:06:34,2023-08-01 11:03:34,-3.0,3.06,On Time,
7656948165.0,8275.0,2023-06-07 10:41:28,2023-06-07 10:54:28,13.0,2.72,Slightly Delayed,Traffic
1806563605.0,16607.0,2023-12-24 00:41:24,2023-12-24 00:45:24,4.0,2.11,On Time,Traffic
359819834.0,70910.0,2023-12-27 12:56:23,2023-12-27 13:25:23,29.0,1.31,Significantly Delayed,Traffic
1908423841.0,62488.0,2023-10-28 05:07:00,2023-10-28 05:08:00,1.0,1.43,On Time,Traffic
299859815.0,62089.0,2024-01-16 03:03:51,2024-01-16 03:13:51,10.0,4.11,Slightly Delayed,Traffic
923659418.0,24003.0,2023-04-16 13:32:50,2023-04-16 13:33:50,1.0,2.11,On Time,Traffic
3560625119.0,64562.0,2023-05-13 20:04:58,2023-05-13 20:14:58,10.0,2.61,Slightly Delayed,Traffic
7111490680.0,9546.0,2024-01-24 19:29:43,2024-01-24 19:37:43,8.0,1.85,Slightly Delayed,Traffic
5766981431.0,55608.0,2024-01-14 04:42:49,2024-01-14 04:47:49,5.0,4.34,On Time,Traffic
8609945311.0,66475.0,2024-05-03 10:10:04,2024-05-03 10:07:04,-3.0,3.22,On Time,
1691260635.0,74826.0,2024-06-17 10:35:39,2024-06-17 10:39:39,4.0,3.43,On Time,Traffic
8742091504.0,69967.0,2023-07-03 23:41:52,2023-07-03 23:54:52,13.0,3.54,Slightly Delayed,Traffic
1997833025.0,77103.0,2023-07-28 23:39:23,2023-07-28 23:37:23,-2.0,2.37,On Time,
3588296877.0,73215.0,2024-08-13 08:19:17,2024-08-13 08:44:17,25.0,3.92,Significantly Delayed,Traffic
2404804990.0,38923.0,2023-12-24 12:50:31,2023-12-24 12:59:31,9.0,3.6,Slightly Delayed,Traffic
8091385479.0,66240.0,2024-04-09 15:31:24,2024-04-09 15:36:24,5.0,1.44,On Time,Traffic
7133174424.0,63462.0,2023-06-22 03:42:19,2023-06-22 03:43:19,1.0,1.38,On Time,Traffic
6110446321.0,60577.0,2024-10-27 02:11:26,2024-10-27 02:14:26,3.0,4.49,On Time,Traffic
6964586050.0,40358.0,2024-08-04 18:49:03,2024-08-04 18:45:03,-4.0,2.19,On Time,
2351986014.0,34744.0,2023-04-21 13:04:41,2023-04-21 13:16:41,12.0,1.66,Slightly Delayed,Traffic
352569720.0,23236.0,2023-06-23 00:39:26,2023-06-23 00:34:26,-5.0,4.29,On Time,
1235280275.0,90779.0,2023-08-09 22:57:03,2023-08-09 22:58:03,1.0,1.62,On Time,Traffic
9399859705.0,31133.0,2023-10-29 01:29:16,2023-10-29 01:24:16,-5.0,1.12,On Time,
7530379037.0,79485.0,2024-08-02 19:58:04,2024-08-02 20:03:04,5.0,4.3,On Time,Traffic
5952886441.0,23150.0,2024-03-12 11:39:17,2024-03-12 11:37:17,-2.0,3.27,On Time,
5815833211.0,78640.0,2024-02-08 19:27:31,2024-02-08 19:27:31,0.0,4.11,On Time,
7307394687.0,28767.0,2024-05-01 11:04:18,2024-05-01 10:59:18,-5.0,4.97,On Time,
6033014029.0,31624.0,2024-10-21 14:09:53,2024-10-21 14:20:53,11.0,2.16,Slightly Delayed,Traffic
1409944718.0,92890.0,2023-08-19 14:25:37,2023-08-19 14:28:37,3.0,4.11,On Time,Traffic
1811382200.0,97252.0,2023-08-25 19:20:17,2023-08-25 19:16:17,-4.0,1.62,On Time,
4485391413.0,91131.0,2023-12-21 09:15:06,2023-12-21 09:19:06,4.0,3.19,On Time,Traffic
4076279641.0,25713.0,2023-07-12 17:35:25,2023-07-12 17:43:25,8.0,3.35,Slightly Delayed,Traffic
2965387566.0,57502.0,2023-08-16 11:55:40,2023-08-16 12:00:40,5.0,3.9,On Time,Traffic
9397774189.0,38813.0,2023-06-28 08:29:42,2023-06-28 08:26:42,-3.0,3.57,On Time,
1437159967.0,69843.0,2024-06-07 01:59:08,2024-06-07 01:58:08,-1.0,0.58,On Time,
8397785448.0,99345.0,2024-09-04 03:11:31,2024-09-04 03:15:31,4.0,1.34,On Time,Traffic
2778606949.0,16105.0,2024-10-13 14:09:43,2024-10-13 14:09:43,0.0,2.56,On Time,
1774096863.0,51118.0,2023-06-13 05:47:19,2023-06-13 05:47:19,0.0,3.85,On Time,
1497256618.0,24651.0,2023-04-26 23:38:32,2023-04-26 23:41:32,3.0,3.64,On Time,Traffic
734095510.0,6790.0,2024-06-03 21:44:06,2024-06-03 21:47:06,3.0,4.78,On Time,Traffic
5755859055.0,8522.0,2024-10-30 14:37:27,2024-10-30 14:54:27,17.0,1.07,Significantly Delayed,Traffic
5840290569.0,92356.0,2023-09-18 04:09:40,2023-09-18 04:08:40,-1.0,4.15,On Time,
8200985533.0,92929.0,2024-01-08 07:39:54,2024-01-08 07:36:54,-3.0,4.54,On Time,
3255590064.0,88039.0,2023-04-21 04:51:28,2023-04-21 04:54:28,3.0,0.57,On Time,Traffic
4258404747.0,91951.0,2024-10-11 02:30:11,2024-10-11 02:29:11,-1.0,1.33,On Time,
2455161115.0,23471.0,2024-01-29 09:17:28,2024-01-29 09:17:28,0.0,0.68,On Time,
4448004569.0,49742.0,2024-01-10 02:13:49,2024-01-10 02:08:49,-5.0,1.77,On Time,
5951090793.0,35150.0,2024-04-20 19:26:47,2024-04-20 19:29:47,3.0,4.97,On Time,Traffic
7402491996.0,15459.0,2024-07-14 07:02:07,2024-07-14 07:04:07,2.0,1.19,On Time,Traffic
8532411923.0,82328.0,2024-07-16 19:12:51,2024-07-16 19:19:51,7.0,4.22,Slightly Delayed,Traffic
7130555385.0,48673.0,2024-01-16 14:55:27,2024-01-16 15:07:27,12.0,4.26,Slightly Delayed,Traffic
4338197132.0,9198.0,2024-10-11 07:23:49,2024-10-11 07:19:49,-4.0,4.4,On Time,
8044366071.0,31310.0,2023-04-30 14:14:24,2023-04-30 14:19:24,5.0,3.38,On Time,Traffic
4135251774.0,81045.0,2024-10-09 12:06:45,2024-10-09 12:05:45,-1.0,2.86,On Time,
6331483812.0,45259.0,2024-09-06 22:57:14,2024-09-06 23:06:14,9.0,0.54,Slightly Delayed,Traffic
6705171000.0,64847.0,2023-09-04 20:42:35,2023-09-04 20:42:35,0.0,4.31,On Time,
7850128898.0,29466.0,2024-06-28 07:48:48,2024-06-28 08:05:48,17.0,3.07,Significantly Delayed,Traffic
3602554049.0,77387.0,2023-07-28 15:16:30,2023-07-28 15:35:30,19.0,1.84,Significantly Delayed,Traffic
1070259187.0,61963.0,2023-06-09 11:18:16,2023-06-09 11:19:16,1.0,1.5,On Time,Traffic
8412338399.0,67313.0,2024-10-28 19:05:06,2024-10-28 19:11:06,6.0,2.1,Slightly Delayed,Traffic
1478022303.0,23035.0,2023-12-31 16:13:50,2023-12-31 16:08:50,-5.0,1.19,On Time,
2376108199.0,27586.0,2024-05-13 16:23:25,2024-05-13 16:27:25,4.0,4.27,On Time,Traffic
5243035202.0,1015.0,2024-10-20 00:49:24,2024-10-20 00:45:24,-4.0,2.6,On Time,
3687581971.0,63325.0,2024-10-05 14:15:42,2024-10-05 14:28:42,13.0,4.62,Slightly Delayed,Traffic
7008586055.0,67465.0,2023-05-24 05:23:04,2023-05-24 05:41:04,18.0,3.94,Significantly Delayed,Traffic
5142069216.0,60557.0,2024-02-25 15:21:22,2024-02-25 15:21:22,0.0,4.56,On Time,
4152441944.0,46535.0,2023-04-25 10:33:51,2023-04-25 10:32:51,-1.0,2.98,On Time,
5601670348.0,47213.0,2024-10-29 00:34:22,2024-10-29 00:45:22,11.0,4.64,Slightly Delayed,Traffic
605105099.0,39281.0,2023-12-30 08:32:15,2023-12-30 08:30:15,-2.0,2.32,On Time,
4054936140.0,5888.0,2024-04-19 08:19:53,2024-04-19 08:24:53,5.0,4.95,On Time,Traffic
8741892156.0,10769.0,2023-11-15 05:02:43,2023-11-15 05:12:43,10.0,1.27,Slightly Delayed,Traffic
9143640828.0,902.0,2023-07-18 13:25:02,2023-07-18 13:33:02,8.0,0.83,Slightly Delayed,Traffic
6900876252.0,80644.0,2024-02-21 17:10:14,2024-02-21 17:05:14,-5.0,0.55,On Time,
9801174908.0,33767.0,2024-04-27 11:59:38,2024-04-27 12:07:38,8.0,2.38,Slightly Delayed,Traffic
551343632.0,89726.0,2024-02-20 20:04:10,2024-02-20 20:06:10,2.0,0.79,On Time,Traffic
7961173808.0,3302.0,2023-06-05 00:42:45,2023-06-05 00:37:45,-5.0,0.58,On Time,
328909145.0,32899.0,2024-09-26 16:53:13,2024-09-26 16:57:13,4.0,1.52,On Time,Traffic
5551173528.0,16125.0,2024-11-03 06:17:51,2024-11-03 06:21:51,4.0,1.24,On Time,Traffic
4461788759.0,90986.0,2024-04-23 20:56:08,2024-04-23 21:01:08,5.0,3.67,On Time,Traffic
7256212429.0,87815.0,2024-03-16 22:15:36,2024-03-16 22:15:36,0.0,1.74,On Time,
9104077642.0,20446.0,2024-10-24 13:36:46,2024-10-24 13:35:46,-1.0,2.5,On Time,
2914056235.0,86053.0,2024-01-02 13:10:42,2024-01-02 13:10:42,0.0,2.9,On Time,
9127632807.0,72143.0,2023-05-30 13:25:30,2023-05-30 13:30:30,5.0,0.77,On Time,Traffic
6070154414.0,72709.0,2023-06-19 19:24:34,2023-06-19 19:29:34,5.0,1.12,On Time,Traffic
2318969828.0,37500.0,2023-03-26 20:22:49,2023-03-26 20:19:49,-3.0,1.54,On Time,
3813047994.0,90983.0,2023-12-20 00:11:10,2023-12-20 00:07:10,-4.0,4.11,On Time,
1416102774.0,99752.0,2024-04-27 16:46:05,2024-04-27 16:59:05,13.0,3.89,Slightly Delayed,Traffic
8086834412.0,90596.0,2024-03-08 19:36:33,2024-03-08 19:34:33,-2.0,2.96,On Time,
6193826826.0,81908.0,2023-08-05 01:25:47,2023-08-05 01:28:47,3.0,4.12,On Time,Traffic
8444509148.0,85993.0,2024-02-21 22:45:12,2024-02-21 22:46:12,1.0,2.07,On Time,Traffic
42332130.0,54725.0,2024-10-17 17:18:04,2024-10-17 17:15:04,-3.0,4.62,On Time,
6009342120.0,11837.0,2024-03-02 09:13:40,2024-03-02 09:20:40,7.0,2.55,Slightly Delayed,Traffic
4818516411.0,14473.0,2023-10-09 12:27:11,2023-10-09 12:24:11,-3.0,0.77,On Time,
1039229544.0,89340.0,2024-08-10 17:14:09,2024-08-10 17:10:09,-4.0,4.0,On Time,
1515943657.0,65345.0,2023-09-07 18:40:15,2023-09-07 18:44:15,4.0,2.85,On Time,Traffic
9183547951.0,76728.0,2024-01-20 20:10:24,2024-01-20 20:09:24,-1.0,3.84,On Time,
8478376092.0,68285.0,2023-04-17 02:17:57,2023-04-17 02:18:57,1.0,4.44,On Time,Traffic
1454073903.0,31737.0,2023-09-16 09:09:33,2023-09-16 09:16:33,7.0,1.07,Slightly Delayed,Traffic
2855402284.0,28578.0,2023-07-30 01:02:32,2023-07-30 01:05:32,3.0,1.43,On Time,Traffic
7245730533.0,51934.0,2024-05-26 08:09:37,2024-05-26 08:22:37,13.0,3.72,Slightly Delayed,Traffic
2272892659.0,68804.0,2023-07-26 10:59:54,2023-07-26 11:10:54,11.0,3.17,Slightly Delayed,Traffic
9087377568.0,37895.0,2024-02-21 02:34:52,2024-02-21 02:33:52,-1.0,0.61,On Time,
8443685057.0,52458.0,2023-07-02 01:57:40,2023-07-02 01:59:40,2.0,4.12,On Time,Traffic
1590988730.0,33843.0,2023-12-21 22:41:21,2023-12-21 22:41:21,0.0,1.82,On Time,
7357811417.0,7496.0,2024-09-29 09:54:08,2024-09-29 09:53:08,-1.0,2.74,On Time,
394951937.0,34174.0,2024-04-24 18:12:02,2024-04-24 18:17:02,5.0,2.64,On Time,Traffic
3967445448.0,61413.0,2023-11-02 15:08:51,2023-11-02 15:07:51,-1.0,1.0,On Time,
6101022928.0,8083.0,2024-10-02 18:26:29,2024-10-02 18:31:29,5.0,2.35,On Time,Traffic
6322372546.0,8035.0,2024-02-19 10:16:21,2024-02-19 10:35:21,19.0,3.99,Significantly Delayed,Traffic
9778782281.0,10170.0,2023-04-14 21:54:40,2023-04-14 22:07:40,13.0,1.54,Slightly Delayed,Traffic
3867563962.0,7531.0,2023-12-24 17:39:37,2023-12-24 17:34:37,-5.0,1.13,On Time,
9277710098.0,71248.0,2023-04-02 16:48:17,2023-04-02 16:58:17,10.0,1.62,Slightly Delayed,Traffic
7669322773.0,58926.0,2023-08-29 13:20:04,2023-08-29 13:22:04,2.0,4.08,On Time,Traffic
3917427529.0,26537.0,2024-10-12 12:18:44,2024-10-12 12:33:44,15.0,3.25,Slightly Delayed,Traffic
1934158144.0,30587.0,2024-04-02 17:23:27,2024-04-02 17:28:27,5.0,2.0,On Time,Traffic
3157338466.0,92146.0,2023-08-24 16:16:23,2023-08-24 16:11:23,-5.0,0.71,On Time,
9640662474.0,20774.0,2024-04-09 14:27:50,2024-04-09 14:38:50,11.0,3.54,Slightly Delayed,Traffic
2356272189.0,68709.0,2024-04-09 02:20:11,2024-04-09 02:21:11,1.0,1.61,On Time,Traffic
1380510406.0,52711.0,2024-07-27 20:31:20,2024-07-27 20:35:20,4.0,0.78,On Time,Traffic
8008377895.0,43415.0,2023-06-26 13:29:29,2023-06-26 13:58:29,29.0,4.97,Significantly Delayed,Traffic
3680678403.0,7068.0,2023-03-31 00:33:37,2023-03-31 00:34:37,1.0,1.06,On Time,Traffic
2847236502.0,97878.0,2024-07-16 11:07:30,2024-07-16 11:10:30,3.0,4.81,On Time,Traffic
5212392063.0,31900.0,2024-06-17 03:00:31,2024-06-17 02:58:31,-2.0,3.59,On Time,
3804024939.0,17974.0,2024-01-27 21:31:51,2024-01-27 21:32:51,1.0,3.59,On Time,Traffic
5395870775.0,66722.0,2024-08-01 19:33:33,2024-08-01 19:29:33,-4.0,4.3,On Time,
511736499.0,49116.0,2024-10-24 21:33:11,2024-10-24 21:38:11,5.0,1.88,On Time,Traffic
2895886759.0,67136.0,2023-09-07 22:39:10,2023-09-07 22:45:10,6.0,2.56,Slightly Delayed,Traffic
6638513435.0,33099.0,2024-08-04 13:21:07,2024-08-04 13:18:07,-3.0,2.01,On Time,
4168083780.0,55172.0,2024-06-09 04:48:32,2024-06-09 04:49:32,1.0,1.79,On Time,Traffic
2501516144.0,56299.0,2024-10-01 09:25:18,2024-10-01 09:23:18,-2.0,3.25,On Time,
7141387557.0,73154.0,2023-08-18 21:32:53,2023-08-18 21:30:53,-2.0,1.86,On Time,
2747350024.0,13307.0,2024-08-16 13:31:40,2024-08-16 13:30:40,-1.0,4.75,On Time,
9503407492.0,40500.0,2023-08-25 22:56:34,2023-08-25 23:14:34,18.0,4.98,Significantly Delayed,Traffic
4845607487.0,84614.0,2023-03-17 19:02:57,2023-03-17 19:05:57,3.0,3.65,On Time,Traffic
2051769691.0,58157.0,2023-09-06 16:38:21,2023-09-06 16:33:21,-5.0,0.58,On Time,
1092990139.0,53064.0,2024-10-01 01:33:29,2024-10-01 01:37:29,4.0,4.37,On Time,Traffic
5527612319.0,48508.0,2024-09-12 00:12:55,2024-09-12 00:12:55,0.0,1.13,On Time,
8852367079.0,5117.0,2024-04-07 05:25:02,2024-04-07 05:27:02,2.0,1.95,On Time,Traffic
1666202264.0,32884.0,2023-05-07 10:39:06,2023-05-07 10:45:06,6.0,1.93,Slightly Delayed,Traffic
8606484804.0,49631.0,2024-06-18 15:37:30,2024-06-18 15:43:30,6.0,4.72,Slightly Delayed,Traffic
8905341102.0,5762.0,2024-02-08 04:28:21,2024-02-08 04:27:21,-1.0,4.88,On Time,
5418735913.0,92033.0,2024-07-11 11:56:20,2024-07-11 11:54:20,-2.0,3.74,On Time,
970377475.0,2460.0,2024-09-03 22:57:37,2024-09-03 22:56:37,-1.0,3.62,On Time,
7320527109.0,76831.0,2024-01-18 12:58:56,2024-01-18 12:57:56,-1.0,1.77,On Time,
5120698.0,48582.0,2023-06-09 12:25:20,2023-06-09 12:40:20,15.0,4.82,Slightly Delayed,Traffic
3812396179.0,54016.0,2023-07-22 08:46:43,2023-07-22 08:41:43,-5.0,4.05,On Time,
8178951021.0,80840.0,2024-03-24 19:08:35,2024-03-24 19:26:35,18.0,2.67,Significantly Delayed,Traffic
2479115586.0,6845.0,2024-03-14 18:51:17,2024-03-14 18:55:17,4.0,2.28,On Time,Traffic
6239453389.0,63625.0,2023-10-08 01:30:57,2023-10-08 01:26:57,-4.0,4.5,On Time,
3136508414.0,94346.0,2024-07-22 15:33:23,2024-07-22 15:30:23,-3.0,4.05,On Time,
5521273487.0,98929.0,2024-05-18 15:16:26,2024-05-18 15:42:26,26.0,1.94,Significantly Delayed,Traffic
5445047872.0,66.0,2023-10-17 05:49:18,2023-10-17 05:54:18,5.0,1.85,On Time,Traffic
3678525130.0,82096.0,2023-03-20 18:33:25,2023-03-20 18:35:25,2.0,4.74,On Time,Traffic
9328056960.0,99744.0,2024-08-14 06:36:10,2024-08-14 06:43:10,7.0,2.58,Slightly Delayed,Traffic
2109203997.0,72612.0,2024-05-04 18:35:04,2024-05-04 18:47:04,12.0,3.92,Slightly Delayed,Traffic
556665455.0,18521.0,2024-02-08 01:22:11,2024-02-08 01:49:11,27.0,2.43,Significantly Delayed,Traffic
6573705785.0,13849.0,2023-11-23 12:49:22,2023-11-23 12:45:22,-4.0,4.68,On Time,
2609502403.0,70771.0,2024-10-31 18:35:21,2024-10-31 18:37:21,2.0,0.9,On Time,Traffic
1463293930.0,55394.0,2024-06-06 14:41:05,2024-06-06 14:36:05,-5.0,0.57,On Time,
8132887999.0,7931.0,2024-02-25 16:24:58,2024-02-25 16:35:58,11.0,3.77,Slightly Delayed,Traffic
7178789018.0,53062.0,2023-09-12 09:09:53,2023-09-12 09:06:53,-3.0,3.9,On Time,
2295700159.0,61371.0,2024-03-11 12:48:17,2024-03-11 12:55:17,7.0,1.35,Slightly Delayed,Traffic
9277089038.0,75267.0,2023-04-15 20:21:46,2023-04-15 20:29:46,8.0,4.2,Slightly Delayed,Traffic
145057465.0,2353.0,2024-11-02 09:09:51,2024-11-02 09:04:51,-5.0,1.62,On Time,
9452353274.0,4535.0,2024-10-10 19:37:15,2024-10-10 19:38:15,1.0,4.42,On Time,Traffic
5434328922.0,57029.0,2024-02-08 07:46:10,2024-02-08 07:44:10,-2.0,0.77,On Time,
3327051807.0,26018.0,2023-10-02 17:06:07,2023-10-02 17:09:07,3.0,0.96,On Time,Traffic
1461604569.0,49871.0,2024-04-26 02:18:57,2024-04-26 02:17:57,-1.0,3.85,On Time,
606518084.0,96049.0,2023-10-28 16:21:12,2023-10-28 16:21:12,0.0,4.31,On Time,
7637625389.0,47591.0,2023-10-15 20:38:10,2023-10-15 20:43:10,5.0,1.57,On Time,Traffic
7311621328.0,62428.0,2024-04-07 02:48:51,2024-04-07 03:18:51,30.0,0.52,Significantly Delayed,Traffic
8790217194.0,60118.0,2024-03-25 01:39:32,2024-03-25 01:52:32,13.0,1.76,Slightly Delayed,Traffic
1772445313.0,87117.0,2023-07-21 00:41:42,2023-07-21 00:44:42,3.0,1.4,On Time,Traffic
159394992.0,28600.0,2024-08-06 06:59:30,2024-08-06 07:00:30,1.0,2.13,On Time,Traffic
7992910755.0,85359.0,2023-07-12 09:26:08,2023-07-12 09:54:08,28.0,1.99,Significantly Delayed,Traffic
1786931285.0,76004.0,2023-06-29 04:59:55,2023-06-29 04:55:55,-4.0,3.08,On Time,
2225520858.0,13646.0,2023-11-22 13:18:16,2023-11-22 13:16:16,-2.0,3.21,On Time,
5635738740.0,49965.0,2023-09-28 14:45:27,2023-09-28 14:45:27,0.0,0.82,On Time,
2230824358.0,47833.0,2023-05-24 15:39:07,2023-05-24 15:53:07,14.0,1.33,Slightly Delayed,Traffic
9217211301.0,89404.0,2023-06-15 10:35:23,2023-06-15 10:32:23,-3.0,1.26,On Time,
4501870609.0,42567.0,2024-07-10 08:28:58,2024-07-10 08:33:58,5.0,2.15,On Time,Traffic
838401679.0,83793.0,2023-07-23 07:40:40,2023-07-23 07:55:40,15.0,3.0,Slightly Delayed,Traffic
9587315528.0,92673.0,2024-08-07 00:21:21,2024-08-07 00:26:21,5.0,1.12,On Time,Traffic
3122936945.0,65301.0,2023-05-06 23:26:29,2023-05-06 23:25:29,-1.0,0.97,On Time,
6093390755.0,60889.0,2023-11-24 13:36:41,2023-11-24 13:39:41,3.0,1.17,On Time,Traffic
2032956677.0,17988.0,2024-05-02 21:43:42,2024-05-02 21:50:42,7.0,3.45,Slightly Delayed,Traffic
1488430001.0,40079.0,2024-08-04 15:26:28,2024-08-04 15:40:28,14.0,3.83,Slightly Delayed,Traffic
615391848.0,2990.0,2024-09-12 21:57:22,2024-09-12 21:53:22,-4.0,3.51,On Time,
8686093533.0,5503.0,2024-02-06 06:08:02,2024-02-06 06:04:02,-4.0,4.08,On Time,
7038758506.0,88037.0,2023-05-08 06:34:49,2023-05-08 06:39:49,5.0,3.71,On Time,Traffic
2385966456.0,8862.0,2023-08-22 08:04:07,2023-08-22 08:11:07,7.0,3.99,Slightly Delayed,Traffic
259622674.0,43788.0,2023-05-05 00:47:33,2023-05-05 00:52:33,5.0,4.25,On Time,Traffic
2580381935.0,19165.0,2024-05-05 10:03:12,2024-05-05 10:03:12,0.0,0.56,On Time,
5035471587.0,221.0,2024-01-05 02:16:57,2024-01-05 02:17:57,1.0,3.86,On Time,Traffic
9421270813.0,26657.0,2024-04-22 06:18:15,2024-04-22 06:23:15,5.0,4.69,On Time,Traffic
1831516625.0,25932.0,2024-03-29 20:21:02,2024-03-29 20:28:02,7.0,4.68,Slightly Delayed,Traffic
1918841793.0,10305.0,2024-06-17 21:18:29,2024-06-17 21:14:29,-4.0,2.34,On Time,
1757159071.0,38383.0,2024-03-13 10:13:17,2024-03-13 10:21:17,8.0,1.28,Slightly Delayed,Traffic
7589464630.0,17706.0,2024-07-12 13:30:16,2024-07-12 13:39:16,9.0,4.41,Slightly Delayed,Traffic
1577085460.0,52709.0,2023-09-22 10:11:14,2023-09-22 10:08:14,-3.0,2.54,On Time,
2279018877.0,88797.0,2024-06-10 14:43:22,2024-06-10 14:57:22,14.0,3.4,Slightly Delayed,Traffic
7431412128.0,77224.0,2023-05-29 04:19:50,2023-05-29 04:22:50,3.0,2.93,On Time,Traffic
8781520615.0,42606.0,2024-04-14 08:26:14,2024-04-14 08:27:14,1.0,1.71,On Time,Traffic
1276192882.0,15637.0,2024-01-08 07:45:48,2024-01-08 07:42:48,-3.0,4.08,On Time,
4065794921.0,43280.0,2024-03-21 11:25:24,2024-03-21 11:50:24,25.0,2.02,Significantly Delayed,Traffic
1690800946.0,16850.0,2023-03-29 14:57:35,2023-03-29 14:59:35,2.0,0.73,On Time,Traffic
877883470.0,55423.0,2023-06-07 13:50:04,2023-06-07 13:58:04,8.0,1.93,Slightly Delayed,Traffic
7322044533.0,92064.0,2023-10-13 23:54:34,2023-10-14 00:06:34,12.0,4.98,Slightly Delayed,Traffic
5243163885.0,12230.0,2023-05-19 13:45:25,2023-05-19 13:48:25,3.0,2.88,On Time,Traffic
4360255357.0,68222.0,2023-05-14 08:13:31,2023-05-14 08:21:31,8.0,3.72,Slightly Delayed,Traffic
9623306038.0,56254.0,2023-11-10 05:43:21,2023-11-10 05:42:21,-1.0,3.54,On Time,
6282385286.0,9399.0,2023-10-28 07:01:45,2023-10-28 07:05:45,4.0,2.21,On Time,Traffic
1001900652.0,85241.0,2024-09-08 20:19:07,2024-09-08 20:32:07,13.0,0.53,Slightly Delayed,Traffic
5161988291.0,53927.0,2024-07-01 01:10:01,2024-07-01 01:05:01,-5.0,4.28,On Time,
3597752998.0,71654.0,2024-04-03 13:44:54,2024-04-03 13:44:54,0.0,3.13,On Time,
9074325310.0,83788.0,2024-04-23 16:27:59,2024-04-23 16:32:59,5.0,3.35,On Time,Traffic
8875965392.0,6325.0,2024-01-22 19:19:23,2024-01-22 19:20:23,1.0,2.12,On Time,Traffic
971081962.0,62842.0,2024-08-29 01:55:23,2024-08-29 01:53:23,-2.0,0.56,On Time,
1948332638.0,84415.0,2024-06-08 17:27:02,2024-06-08 17:32:02,5.0,2.86,On Time,Traffic
1785558780.0,85573.0,2024-06-28 17:10:00,2024-06-28 17:06:00,-4.0,2.32,On Time,
7590462053.0,235.0,2024-06-26 16:49:40,2024-06-26 16:50:40,1.0,0.69,On Time,Traffic
2135743860.0,22083.0,2024-03-22 08:34:49,2024-03-22 08:39:49,5.0,2.05,On Time,Traffic
9851365751.0,83505.0,2023-10-03 16:23:50,2023-10-03 16:18:50,-5.0,3.35,On Time,
9243090480.0,95377.0,2023-03-21 20:03:16,2023-03-21 20:32:16,29.0,1.48,Significantly Delayed,Traffic
7168596454.0,1608.0,2023-03-22 02:56:18,2023-03-22 03:04:18,8.0,3.42,Slightly Delayed,Traffic
2483565595.0,25691.0,2023-03-24 06:30:52,2023-03-24 06:33:52,3.0,2.28,On Time,Traffic
2484470052.0,54869.0,2024-01-09 19:48:32,2024-01-09 19:51:32,3.0,3.52,On Time,Traffic
7702588270.0,93742.0,2024-04-26 20:57:36,2024-04-26 20:54:36,-3.0,3.23,On Time,
5992338333.0,91077.0,2023-04-03 23:47:44,2023-04-03 23:47:44,0.0,1.51,On Time,
9196796718.0,37270.0,2023-07-06 22:00:44,2023-07-06 22:04:44,4.0,1.05,On Time,Traffic
3291765954.0,20788.0,2023-08-30 07:17:43,2023-08-30 07:22:43,5.0,0.79,On Time,Traffic
652616858.0,25092.0,2023-05-22 12:10:45,2023-05-22 12:17:45,7.0,4.0,Slightly Delayed,Traffic
2613508245.0,74072.0,2023-12-28 17:01:38,2023-12-28 16:56:38,-5.0,3.67,On Time,
8169361928.0,2274.0,2024-01-10 15:31:09,2024-01-10 15:35:09,4.0,2.97,On Time,Traffic
9395982132.0,33721.0,2023-07-05 12:31:11,2023-07-05 12:35:11,4.0,3.3,On Time,Traffic
1914701538.0,84345.0,2023-07-09 14:19:48,2023-07-09 14:22:48,3.0,4.07,On Time,Traffic
6236279358.0,24906.0,2024-05-26 05:36:47,2024-05-26 06:03:47,27.0,3.51,Significantly Delayed,Traffic
2288561509.0,92861.0,2023-12-04 19:39:13,2023-12-04 19:46:13,7.0,2.78,Slightly Delayed,Traffic
2010415757.0,80134.0,2024-06-20 09:00:21,2024-06-20 08:57:21,-3.0,0.75,On Time,
7164827734.0,62683.0,2023-03-16 08:27:44,2023-03-16 08:24:44,-3.0,2.41,On Time,
7971819985.0,65541.0,2024-04-15 02:58:52,2024-04-15 02:53:52,-5.0,1.42,On Time,
8234021674.0,28230.0,2024-01-29 11:13:13,2024-01-29 11:16:13,3.0,2.96,On Time,Traffic
4274404843.0,59305.0,2024-09-30 02:01:49,2024-09-30 02:04:49,3.0,3.88,On Time,Traffic
7353519273.0,49934.0,2023-09-22 13:15:20,2023-09-22 13:18:20,3.0,4.96,On Time,Traffic
8539612501.0,14166.0,2024-09-20 13:41:47,2024-09-20 13:55:47,14.0,1.39,Slightly Delayed,Traffic
5894327065.0,29930.0,2024-03-15 13:47:58,2024-03-15 13:56:58,9.0,3.0,Slightly Delayed,Traffic
77053363.0,3429.0,2023-05-04 19:38:43,2023-05-04 19:38:43,0.0,2.79,On Time,
4467084478.0,68868.0,2024-03-03 12:58:19,2024-03-03 13:12:19,14.0,1.25,Slightly Delayed,Traffic
3514036230.0,93410.0,2023-07-11 03:17:24,2023-07-11 03:22:24,5.0,4.9,On Time,Traffic
4720421794.0,35894.0,2024-01-16 07:09:16,2024-01-16 07:24:16,15.0,3.78,Slightly Delayed,Traffic
3202903413.0,52139.0,2023-08-04 18:51:57,2023-08-04 18:53:57,2.0,3.39,On Time,Traffic
6938082428.0,60137.0,2024-03-08 20:53:16,2024-03-08 20:59:16,6.0,4.41,Slightly Delayed,Traffic
9202941711.0,2000.0,2024-03-24 14:58:54,2024-03-24 15:02:54,4.0,4.85,On Time,Traffic
8963522960.0,58520.0,2023-11-02 03:00:47,2023-11-02 03:03:47,3.0,2.14,On Time,Traffic
9266835891.0,69070.0,2024-06-13 02:31:05,2024-06-13 02:30:05,-1.0,0.85,On Time,
5265722064.0,46962.0,2023-07-16 02:49:21,2023-07-16 02:48:21,-1.0,1.85,On Time,
5514326011.0,75658.0,2024-02-04 16:28:37,2024-02-04 16:29:37,1.0,1.6,On Time,Traffic
9578652103.0,79729.0,2024-03-13 05:30:39,2024-03-13 05:27:39,-3.0,2.62,On Time,
3559061334.0,57403.0,2023-06-09 13:38:53,2023-06-09 13:49:53,11.0,3.12,Slightly Delayed,Traffic
637944734.0,35435.0,2023-04-01 09:35:52,2023-04-01 09:39:52,4.0,2.16,On Time,Traffic
7454643275.0,72097.0,2024-07-14 09:00:33,2024-07-14 08:57:33,-3.0,3.9,On Time,
4319342350.0,11958.0,2024-08-27 20:34:26,2024-08-27 20:56:26,22.0,4.35,Significantly Delayed,Traffic
7568450733.0,63512.0,2023-04-09 08:33:53,2023-04-09 08:30:53,-3.0,4.36,On Time,
734744305.0,80005.0,2024-06-08 12:14:34,2024-06-08 12:17:34,3.0,2.06,On Time,Traffic
5233331050.0,84617.0,2023-05-01 16:53:35,2023-05-01 16:56:35,3.0,3.36,On Time,Traffic
8326867788.0,56875.0,2023-09-20 01:25:39,2023-09-20 01:25:39,0.0,2.53,On Time,
8368819094.0,11640.0,2024-08-15 03:08:26,2024-08-15 03:07:26,-1.0,2.67,On Time,
8700151605.0,74364.0,2023-08-04 09:32:27,2023-08-04 09:57:27,25.0,4.17,Significantly Delayed,Traffic
6269179048.0,23727.0,2023-11-11 16:04:53,2023-11-11 16:02:53,-2.0,1.07,On Time,
1265254177.0,16267.0,2023-09-24 14:29:04,2023-09-24 14:27:04,-2.0,3.55,On Time,
9858963919.0,50340.0,2023-07-02 07:02:46,2023-07-02 07:31:46,29.0,3.87,Significantly Delayed,Traffic
7279564594.0,45499.0,2024-01-19 10:03:36,2024-01-19 09:59:36,-4.0,1.86,On Time,
6983253839.0,83688.0,2024-04-03 20:46:42,2024-04-03 20:47:42,1.0,4.36,On Time,Traffic
9479808024.0,72459.0,2023-10-16 05:54:38,2023-10-16 05:50:38,-4.0,2.46,On Time,
3583522679.0,68563.0,2023-09-06 12:08:56,2023-09-06 12:09:56,1.0,0.96,On Time,Traffic
1923226423.0,76715.0,2024-07-28 07:54:08,2024-07-28 07:56:08,2.0,3.73,On Time,Traffic
664198080.0,4941.0,2023-08-12 06:42:49,2023-08-12 06:41:49,-1.0,2.9,On Time,
4224700084.0,78588.0,2024-08-28 23:36:09,2024-08-28 23:36:09,0.0,2.73,On Time,
969621016.0,16277.0,2024-01-23 19:34:23,2024-01-23 19:39:23,5.0,2.17,On Time,Traffic
8178275820.0,78985.0,2024-04-05 10:00:05,2024-04-05 10:12:05,12.0,2.27,Slightly Delayed,Traffic
4949766982.0,86551.0,2024-09-11 00:33:18,2024-09-11 00:37:18,4.0,2.3,On Time,Traffic
5258344385.0,16549.0,2023-10-14 18:08:54,2023-10-14 18:12:54,4.0,1.13,On Time,Traffic
8101930640.0,50876.0,2023-06-12 06:00:25,2023-06-12 06:05:25,5.0,4.71,On Time,Traffic
6703316563.0,91135.0,2024-01-25 18:07:37,2024-01-25 18:22:37,15.0,4.65,Slightly Delayed,Traffic
7680297690.0,79007.0,2024-02-12 07:11:34,2024-02-12 07:13:34,2.0,4.55,On Time,Traffic
7256340388.0,87987.0,2023-10-08 07:35:22,2023-10-08 08:04:22,29.0,3.92,Significantly Delayed,Traffic
2538269668.0,36761.0,2023-06-23 08:27:16,2023-06-23 08:27:16,0.0,2.15,On Time,
7506762237.0,17180.0,2023-06-10 01:56:16,2023-06-10 02:19:16,23.0,4.76,Significantly Delayed,Traffic
6585436114.0,97963.0,2024-03-13 22:01:46,2024-03-13 22:08:46,7.0,2.49,Slightly Delayed,Traffic
9852996866.0,4260.0,2024-06-26 12:54:19,2024-06-26 12:49:19,-5.0,1.69,On Time,
1991135167.0,17609.0,2023-12-19 20:30:46,2023-12-19 20:31:46,1.0,1.43,On Time,Traffic
7765110772.0,66182.0,2024-06-01 22:10:06,2024-06-01 22:07:06,-3.0,3.16,On Time,
3520718052.0,91411.0,2023-07-07 23:52:08,2023-07-07 23:52:08,0.0,3.85,On Time,
5388573375.0,45401.0,2024-03-07 13:01:53,2024-03-07 13:01:53,0.0,4.54,On Time,
8977771682.0,45258.0,2023-04-29 18:30:35,2023-04-29 18:27:35,-3.0,3.31,On Time,
3596900942.0,46019.0,2023-11-03 09:55:26,2023-11-03 10:08:26,13.0,2.24,Slightly Delayed,Traffic
155295996.0,5364.0,2024-06-29 03:16:57,2024-06-29 03:20:57,4.0,2.14,On Time,Traffic
1945536198.0,34218.0,2023-05-03 15:08:29,2023-05-03 15:12:29,4.0,2.21,On Time,Traffic
2550246555.0,36017.0,2023-04-06 14:39:46,2023-04-06 14:47:46,8.0,2.42,Slightly Delayed,Traffic
4287631655.0,18788.0,2023-11-15 04:35:13,2023-11-15 04:56:13,21.0,0.53,Significantly Delayed,Traffic
2033683703.0,62688.0,2024-01-24 17:49:29,2024-01-24 18:05:29,16.0,0.78,Significantly Delayed,Traffic
9453583714.0,39114.0,2023-09-01 04:29:52,2023-09-01 04:26:52,-3.0,2.23,On Time,
852886125.0,85502.0,2023-07-14 02:18:44,2023-07-14 02:14:44,-4.0,3.55,On Time,
5705899665.0,75481.0,2024-05-27 19:31:33,2024-05-27 19:30:33,-1.0,4.91,On Time,
5706043483.0,86219.0,2024-07-17 19:10:41,2024-07-17 19:14:41,4.0,4.04,On Time,Traffic
5190422833.0,17583.0,2023-03-27 11:43:42,2023-03-27 11:42:42,-1.0,4.34,On Time,
7178188501.0,70846.0,2024-04-18 13:46:11,2024-04-18 13:45:11,-1.0,3.33,On Time,
2864819888.0,42803.0,2024-04-19 19:49:25,2024-04-19 19:53:25,4.0,3.51,On Time,Traffic
7107216633.0,30190.0,2024-06-27 05:20:48,2024-06-27 05:26:48,6.0,1.41,Slightly Delayed,Traffic
1685382357.0,76806.0,2023-05-04 18:54:27,2023-05-04 19:10:27,16.0,1.64,Significantly Delayed,Traffic
7562902958.0,74174.0,2023-06-08 22:44:55,2023-06-08 22:45:55,1.0,3.27,On Time,Traffic
2819953077.0,76823.0,2023-11-22 08:49:47,2023-11-22 09:01:47,12.0,4.25,Slightly Delayed,Traffic
8453462258.0,98449.0,2024-02-10 11:57:52,2024-02-10 11:53:52,-4.0,0.83,On Time,
4605056279.0,33098.0,2024-05-04 16:43:12,2024-05-04 16:46:12,3.0,3.2,On Time,Traffic
5998035939.0,25912.0,2024-02-22 01:33:53,2024-02-22 01:31:53,-2.0,3.32,On Time,
2311501690.0,81872.0,2024-03-26 05:08:36,2024-03-26 05:06:36,-2.0,4.33,On Time,
356495722.0,57795.0,2024-06-02 00:34:24,2024-06-02 00:34:24,0.0,4.52,On Time,
2695448838.0,56011.0,2023-06-11 00:08:52,2023-06-11 00:15:52,7.0,1.36,Slightly Delayed,Traffic
6986791144.0,75461.0,2023-09-08 14:34:07,2023-09-08 14:46:07,12.0,4.04,Slightly Delayed,Traffic
8619571588.0,12944.0,2024-01-17 05:42:00,2024-01-17 05:39:00,-3.0,2.34,On Time,
4088553674.0,65634.0,2023-08-25 10:31:30,2023-08-25 10:58:30,27.0,4.81,Significantly Delayed,Traffic
8177907004.0,92178.0,2024-01-08 21:31:32,2024-01-08 21:56:32,25.0,3.11,Significantly Delayed,Traffic
8533749006.0,95607.0,2024-10-30 16:51:32,2024-10-30 16:59:32,8.0,4.51,Slightly Delayed,Traffic
8694014791.0,73862.0,2023-08-06 05:54:59,2023-08-06 06:02:59,8.0,1.27,Slightly Delayed,Traffic
6311012195.0,20432.0,2023-07-27 15:11:16,2023-07-27 15:09:16,-2.0,3.44,On Time,
1312767771.0,97744.0,2024-09-17 06:17:27,2024-09-17 06:22:27,5.0,1.58,On Time,Traffic
214919848.0,66328.0,2024-01-06 08:00:13,2024-01-06 08:05:13,5.0,2.87,On Time,Traffic
5521682945.0,20204.0,2024-07-24 07:41:55,2024-07-24 07:49:55,8.0,4.67,Slightly Delayed,Traffic
5305770811.0,76080.0,2024-10-31 07:27:51,2024-10-31 07:33:51,6.0,1.74,Slightly Delayed,Traffic
5842420654.0,60389.0,2024-05-06 12:16:12,2024-05-06 12:22:12,6.0,2.08,Slightly Delayed,Traffic
4566893863.0,40507.0,2023-10-28 09:45:39,2023-10-28 09:44:39,-1.0,3.38,On Time,
1523729855.0,84566.0,2024-09-03 05:03:19,2024-09-03 05:02:19,-1.0,4.46,On Time,
2899786983.0,14386.0,2023-10-24 12:20:46,2023-10-24 12:21:46,1.0,4.79,On Time,Traffic
9202528884.0,33556.0,2024-05-27 14:06:56,2024-05-27 14:36:56,30.0,4.54,Significantly Delayed,Traffic
4338327693.0,98866.0,2024-05-19 02:36:08,2024-05-19 02:49:08,13.0,4.94,Slightly Delayed,Traffic
6295686357.0,81081.0,2024-01-10 08:05:01,2024-01-10 08:04:01,-1.0,4.41,On Time,
6396194687.0,43588.0,2024-01-20 20:57:11,2024-01-20 21:01:11,4.0,3.68,On Time,Traffic
5662786245.0,39082.0,2023-04-21 00:37:45,2023-04-21 00:38:45,1.0,3.05,On Time,Traffic
4868150114.0,52501.0,2024-01-08 03:37:32,2024-01-08 03:54:32,17.0,3.86,Significantly Delayed,Traffic
502764834.0,88857.0,2024-08-02 18:13:51,2024-08-02 18:18:51,5.0,3.37,On Time,Traffic
5056125341.0,39430.0,2023-05-23 02:11:56,2023-05-23 02:22:56,11.0,0.77,Slightly Delayed,Traffic
6388618916.0,62559.0,2024-01-26 22:11:18,2024-01-26 22:12:18,1.0,4.19,On Time,Traffic
3508668494.0,92900.0,2024-01-25 01:14:27,2024-01-25 01:14:27,0.0,2.62,On Time,
5289436093.0,77152.0,2024-04-18 13:35:14,2024-04-18 14:01:14,26.0,3.44,Significantly Delayed,Traffic
7596333614.0,24475.0,2023-03-30 05:36:58,2023-03-30 05:39:58,3.0,4.44,On Time,Traffic
6284076508.0,39939.0,2024-07-19 22:50:09,2024-07-19 22:51:09,1.0,3.07,On Time,Traffic
340050407.0,68329.0,2024-10-15 13:32:58,2024-10-15 13:29:58,-3.0,4.06,On Time,
5927472701.0,95432.0,2024-01-12 17:06:03,2024-01-12 17:04:03,-2.0,2.81,On Time,
9216536492.0,83077.0,2024-10-04 03:52:44,2024-10-04 03:53:44,1.0,2.87,On Time,Traffic
3742662928.0,75517.0,2023-06-03 07:03:14,2023-06-03 07:00:14,-3.0,2.81,On Time,
4797768073.0,88543.0,2023-07-06 03:49:08,2023-07-06 04:07:08,18.0,3.18,Significantly Delayed,Traffic
6767935470.0,44553.0,2024-04-17 01:42:52,2024-04-17 01:43:52,1.0,4.68,On Time,Traffic
1963703928.0,70919.0,2024-07-06 00:30:31,2024-07-06 00:27:31,-3.0,1.88,On Time,
552470423.0,27605.0,2024-02-27 02:45:38,2024-02-27 02:41:38,-4.0,3.92,On Time,
739434870.0,55365.0,2023-09-05 23:22:17,2023-09-05 23:27:17,5.0,1.83,On Time,Traffic
7930373606.0,54606.0,2023-08-09 22:26:42,2023-08-09 22:31:42,5.0,4.4,On Time,Traffic
5374978054.0,63238.0,2024-07-08 14:13:52,2024-07-08 14:17:52,4.0,3.18,On Time,Traffic
4361797433.0,59493.0,2023-08-05 07:36:21,2023-08-05 07:39:21,3.0,0.64,On Time,Traffic
2002067527.0,71608.0,2023-11-06 23:18:27,2023-11-06 23:20:27,2.0,3.85,On Time,Traffic
4228110436.0,24964.0,2023-07-23 19:32:30,2023-07-23 20:02:30,30.0,3.94,Significantly Delayed,Traffic
1251118825.0,17178.0,2023-05-04 00:23:04,2023-05-04 00:36:04,13.0,1.52,Slightly Delayed,Traffic
7165265639.0,71534.0,2023-08-20 19:14:24,2023-08-20 19:09:24,-5.0,4.19,On Time,
1255323701.0,78929.0,2024-03-06 12:08:35,2024-03-06 12:06:35,-2.0,3.42,On Time,
807934194.0,59454.0,2024-01-13 01:58:40,2024-01-13 02:00:40,2.0,4.99,On Time,Traffic
7968718292.0,56005.0,2023-10-30 20:16:38,2023-10-30 20:17:38,1.0,4.24,On Time,Traffic
2620531979.0,23093.0,2024-02-24 12:53:18,2024-02-24 13:02:18,9.0,1.54,Slightly Delayed,Traffic
6943430459.0,75360.0,2024-10-05 17:32:33,2024-10-05 17:34:33,2.0,3.14,On Time,Traffic
5607355353.0,2135.0,2023-06-23 09:45:06,2023-06-23 10:06:06,21.0,3.49,Significantly Delayed,Traffic
6696352636.0,98726.0,2023-06-18 15:23:00,2023-06-18 15:53:00,30.0,2.78,Significantly Delayed,Traffic
9325920156.0,98397.0,2024-10-12 10:46:00,2024-10-12 10:56:00,10.0,3.0,Slightly Delayed,Traffic
2286477025.0,85060.0,2023-06-02 22:16:32,2023-06-02 22:20:32,4.0,3.01,On Time,Traffic
6704773223.0,34344.0,2024-07-22 09:59:46,2024-07-22 10:21:46,22.0,4.68,Significantly Delayed,Traffic
1435353007.0,64672.0,2024-01-19 09:23:09,2024-01-19 09:24:09,1.0,3.36,On Time,Traffic
8080970647.0,70168.0,2023-11-25 17:55:31,2023-11-25 18:00:31,5.0,1.56,On Time,Traffic
5881633926.0,40430.0,2023-04-21 19:00:44,2023-04-21 19:03:44,3.0,3.38,On Time,Traffic
4435459085.0,66771.0,2023-08-19 14:58:57,2023-08-19 14:58:57,0.0,1.72,On Time,
6172529406.0,29606.0,2024-05-21 02:22:06,2024-05-21 02:51:06,29.0,4.24,Significantly Delayed,Traffic
9127879048.0,82835.0,2024-08-27 07:27:45,2024-08-27 07:29:45,2.0,4.96,On Time,Traffic
3806545110.0,52602.0,2024-08-17 12:06:42,2024-08-17 12:07:42,1.0,0.92,On Time,Traffic
6919395718.0,23311.0,2024-02-16 21:46:40,2024-02-16 21:42:40,-4.0,2.54,On Time,
5277462976.0,95207.0,2024-10-19 15:56:39,2024-10-19 15:57:39,1.0,3.75,On Time,Traffic
3606274277.0,83884.0,2023-08-08 10:57:04,2023-08-08 10:53:04,-4.0,3.95,On Time,
2065203676.0,34566.0,2024-01-15 09:47:36,2024-01-15 09:52:36,5.0,3.91,On Time,Traffic
4042066387.0,33983.0,2024-01-03 04:15:09,2024-01-03 04:23:09,8.0,4.43,Slightly Delayed,Traffic
3604982656.0,87446.0,2024-09-19 17:23:31,2024-09-19 17:31:31,8.0,3.17,Slightly Delayed,Traffic
1149676745.0,84700.0,2023-10-20 20:29:01,2023-10-20 20:29:01,0.0,1.02,On Time,
3895011687.0,81696.0,2024-03-23 19:56:44,2024-03-23 20:01:44,5.0,4.37,On Time,Traffic
772505056.0,3187.0,2023-07-13 01:20:54,2023-07-13 01:17:54,-3.0,3.9,On Time,
5574765914.0,8665.0,2024-10-25 23:45:56,2024-10-25 23:42:56,-3.0,0.72,On Time,
8812616740.0,66152.0,2023-06-26 21:25:15,2023-06-26 21:29:15,4.0,2.53,On Time,Traffic
1486655525.0,69381.0,2024-04-21 13:27:43,2024-04-21 13:29:43,2.0,3.44,On Time,Traffic
8423025639.0,63484.0,2024-06-06 13:25:56,2024-06-06 13:39:56,14.0,2.22,Slightly Delayed,Traffic
9020705185.0,92943.0,2023-12-29 19:30:39,2023-12-29 19:31:39,1.0,4.57,On Time,Traffic
7719808698.0,28450.0,2023-08-18 11:48:57,2023-08-18 11:50:57,2.0,3.05,On Time,Traffic
3414036630.0,37389.0,2024-04-05 03:13:07,2024-04-05 03:09:07,-4.0,3.73,On Time,
4157869967.0,51334.0,2023-05-05 14:32:39,2023-05-05 14:34:39,2.0,2.57,On Time,Traffic
4873887251.0,769.0,2023-09-20 00:58:50,2023-09-20 01:01:50,3.0,2.77,On Time,Traffic
8031946454.0,89696.0,2023-08-29 21:07:54,2023-08-29 21:06:54,-1.0,2.72,On Time,
8168056170.0,85462.0,2023-08-28 05:02:58,2023-08-28 05:16:58,14.0,0.57,Slightly Delayed,Traffic
3108512811.0,30893.0,2024-02-10 08:35:16,2024-02-10 08:37:16,2.0,2.16,On Time,Traffic
1680591951.0,96631.0,2024-03-11 21:19:51,2024-03-11 21:16:51,-3.0,4.57,On Time,
559245731.0,20247.0,2024-09-08 16:06:50,2024-09-08 16:11:50,5.0,2.33,On Time,Traffic
8655600303.0,71557.0,2024-04-27 17:51:20,2024-04-27 17:48:20,-3.0,1.6,On Time,
8247327365.0,11031.0,2024-09-25 11:28:52,2024-09-25 11:42:52,14.0,3.86,Slightly Delayed,Traffic
9153347285.0,3684.0,2023-06-22 03:11:54,2023-06-22 03:11:54,0.0,2.46,On Time,
1977533409.0,4601.0,2023-12-18 12:21:20,2023-12-18 12:18:20,-3.0,1.34,On Time,
2433646621.0,67633.0,2024-11-03 11:19:49,2024-11-03 11:28:49,9.0,1.03,Slightly Delayed,Traffic
22830983.0,39491.0,2023-06-04 21:26:12,2023-06-04 21:44:12,18.0,1.59,Significantly Delayed,Traffic
1143763031.0,61900.0,2024-08-09 21:58:00,2024-08-09 21:59:00,1.0,1.67,On Time,Traffic
8524056436.0,33639.0,2023-09-06 13:57:20,2023-09-06 13:54:20,-3.0,3.93,On Time,
4262338791.0,37767.0,2024-10-17 07:57:55,2024-10-17 07:57:55,0.0,1.32,On Time,
187728451.0,36559.0,2023-11-27 21:16:51,2023-11-27 21:15:51,-1.0,3.79,On Time,
6754346312.0,88168.0,2023-06-19 12:49:50,2023-06-19 12:48:50,-1.0,2.23,On Time,
5790622967.0,37995.0,2024-02-27 00:35:45,2024-02-27 00:34:45,-1.0,4.92,On Time,
4305348838.0,11295.0,2024-03-03 20:45:10,2024-03-03 21:10:10,25.0,1.16,Significantly Delayed,Traffic
2902411553.0,73699.0,2023-11-01 02:39:55,2023-11-01 02:36:55,-3.0,1.16,On Time,
3691199770.0,72299.0,2024-05-13 05:37:17,2024-05-13 05:40:17,3.0,4.77,On Time,Traffic
775709102.0,73558.0,2023-08-26 03:14:43,2023-08-26 03:13:43,-1.0,1.0,On Time,
5262508570.0,196.0,2024-07-06 11:25:05,2024-07-06 11:25:05,0.0,3.11,On Time,
192109127.0,98838.0,2024-09-16 08:39:24,2024-09-16 08:49:24,10.0,2.64,Slightly Delayed,Traffic
1108215973.0,3643.0,2023-12-17 09:46:04,2023-12-17 09:52:04,6.0,0.96,Slightly Delayed,Traffic
1719134546.0,3235.0,2024-07-10 13:29:50,2024-07-10 13:31:50,2.0,1.4,On Time,Traffic
5280263316.0,81900.0,2024-06-28 12:47:57,2024-06-28 13:15:57,28.0,1.87,Significantly Delayed,Traffic
9448306266.0,70480.0,2024-04-16 04:59:11,2024-04-16 04:54:11,-5.0,0.55,On Time,
8023626961.0,50594.0,2023-09-26 01:50:06,2023-09-26 01:59:06,9.0,1.49,Slightly Delayed,Traffic
1118405605.0,72673.0,2023-06-26 11:37:10,2023-06-26 11:46:10,9.0,0.56,Slightly Delayed,Traffic
8226034341.0,39659.0,2023-11-25 02:55:53,2023-11-25 02:58:53,3.0,4.97,On Time,Traffic
6976835753.0,67913.0,2024-02-22 14:06:28,2024-02-22 14:03:28,-3.0,0.59,On Time,
9171564499.0,39820.0,2023-12-04 00:12:09,2023-12-04 00:20:09,8.0,2.2,Slightly Delayed,Traffic
5393607402.0,32010.0,2023-12-17 20:15:17,2023-12-17 20:11:17,-4.0,3.76,On Time,
5670040592.0,57209.0,2024-05-25 05:59:22,2024-05-25 06:01:22,2.0,3.5,On Time,Traffic
6736891890.0,72028.0,2024-10-21 09:46:41,2024-10-21 09:58:41,12.0,3.45,Slightly Delayed,Traffic
1223255075.0,4873.0,2023-08-18 00:18:18,2023-08-18 00:19:18,1.0,3.99,On Time,Traffic
8158413630.0,56303.0,2024-08-30 16:59:12,2024-08-30 16:57:12,-2.0,4.08,On Time,
7867573412.0,62986.0,2023-09-14 02:09:24,2023-09-14 02:29:24,20.0,2.24,Significantly Delayed,Traffic
1624690598.0,41423.0,2024-03-23 04:10:00,2024-03-23 04:06:00,-4.0,1.09,On Time,
8968945932.0,53832.0,2024-09-07 07:16:44,2024-09-07 07:42:44,26.0,1.18,Significantly Delayed,Traffic
1645212433.0,77571.0,2024-08-07 04:41:32,2024-08-07 05:08:32,27.0,4.25,Significantly Delayed,Traffic
9187046038.0,84082.0,2023-06-13 14:54:57,2023-06-13 14:58:57,4.0,1.42,On Time,Traffic
9305357757.0,84853.0,2023-05-12 22:25:22,2023-05-12 22:22:22,-3.0,1.02,On Time,
8312320295.0,27452.0,2024-06-29 22:36:03,2024-06-29 22:36:03,0.0,2.96,On Time,
3256941332.0,18290.0,2023-11-22 09:00:51,2023-11-22 08:56:51,-4.0,1.42,On Time,
8980502814.0,67937.0,2024-10-15 19:47:03,2024-10-15 19:47:03,0.0,4.79,On Time,
9270396838.0,46248.0,2023-07-06 08:58:05,2023-07-06 08:57:05,-1.0,1.87,On Time,
2892588628.0,59145.0,2024-04-19 18:52:27,2024-04-19 18:59:27,7.0,4.94,Slightly Delayed,Traffic
8774158800.0,69717.0,2023-12-12 08:42:51,2023-12-12 08:56:51,14.0,2.44,Slightly Delayed,Traffic
2056131802.0,36835.0,2023-09-02 05:12:17,2023-09-02 05:32:17,20.0,4.41,Significantly Delayed,Traffic
3528007192.0,53884.0,2023-07-11 10:10:59,2023-07-11 10:12:59,2.0,0.97,On Time,Traffic
2845333894.0,52847.0,2024-04-28 13:32:13,2024-04-28 13:43:13,11.0,2.58,Slightly Delayed,Traffic
6602340187.0,94455.0,2024-03-11 12:23:24,2024-03-11 12:44:24,21.0,4.65,Significantly Delayed,Traffic
721004875.0,61840.0,2023-10-09 05:13:34,2023-10-09 05:09:34,-4.0,2.71,On Time,
7435895360.0,89661.0,2024-09-04 00:53:32,2024-09-04 00:58:32,5.0,2.26,On Time,Traffic
4217659083.0,94726.0,2024-01-18 19:48:33,2024-01-18 20:01:33,13.0,0.56,Slightly Delayed,Traffic
9710865146.0,9882.0,2023-05-11 05:49:09,2023-05-11 05:54:09,5.0,0.69,On Time,Traffic
5375295409.0,21882.0,2024-10-05 06:17:07,2024-10-05 06:19:07,2.0,0.61,On Time,Traffic
6286044248.0,56074.0,2023-05-05 22:37:54,2023-05-05 22:34:54,-3.0,3.31,On Time,
1708282193.0,34773.0,2024-01-25 10:19:18,2024-01-25 10:22:18,3.0,3.62,On Time,Traffic
5746303677.0,24730.0,2024-06-08 13:48:21,2024-06-08 13:47:21,-1.0,3.82,On Time,
3271726381.0,5783.0,2024-03-15 00:52:28,2024-03-15 01:11:28,19.0,1.76,Significantly Delayed,Traffic
9802569856.0,93443.0,2024-04-07 09:25:19,2024-04-07 09:22:19,-3.0,4.31,On Time,
662460037.0,2466.0,2024-10-11 01:08:10,2024-10-11 01:19:10,11.0,4.74,Slightly Delayed,Traffic
8664447334.0,49008.0,2024-03-08 04:49:20,2024-03-08 05:18:20,29.0,4.11,Significantly Delayed,Traffic
3886370975.0,38359.0,2024-05-08 19:49:11,2024-05-08 19:53:11,4.0,3.43,On Time,Traffic
3547006553.0,31328.0,2024-05-29 22:21:17,2024-05-29 22:40:17,19.0,4.41,Significantly Delayed,Traffic
2575965518.0,33262.0,2024-10-25 23:41:21,2024-10-25 23:36:21,-5.0,1.24,On Time,
1529363954.0,55211.0,2024-03-27 00:35:11,2024-03-27 00:38:11,3.0,0.78,On Time,Traffic
8463856241.0,18824.0,2023-04-10 21:20:09,2023-04-10 21:27:09,7.0,4.41,Slightly Delayed,Traffic
2485242479.0,76138.0,2023-04-11 06:35:55,2023-04-11 06:34:55,-1.0,3.71,On Time,
9850673433.0,19635.0,2023-05-06 05:56:40,2023-05-06 06:03:40,7.0,1.39,Slightly Delayed,Traffic
2558680592.0,91792.0,2023-05-31 22:36:27,2023-05-31 22:36:27,0.0,1.77,On Time,
2859167116.0,34127.0,2024-10-15 17:55:27,2024-10-15 18:10:27,15.0,0.66,Slightly Delayed,Traffic
1222236371.0,94531.0,2024-08-15 00:13:13,2024-08-15 00:24:13,11.0,4.79,Slightly Delayed,Traffic
344177904.0,86602.0,2023-08-18 00:49:42,2023-08-18 00:58:42,9.0,2.27,Slightly Delayed,Traffic
6126334783.0,33084.0,2024-07-03 08:44:55,2024-07-03 08:49:55,5.0,2.26,On Time,Traffic
3742575364.0,22416.0,2023-05-08 17:43:01,2023-05-08 17:45:01,2.0,3.47,On Time,Traffic
9272166174.0,31701.0,2023-07-27 06:36:38,2023-07-27 06:38:38,2.0,1.13,On Time,Traffic
9416522701.0,14560.0,2024-01-22 03:22:25,2024-01-22 03:22:25,0.0,2.82,On Time,
7305871805.0,57764.0,2024-09-11 14:39:55,2024-09-11 14:38:55,-1.0,0.87,On Time,
80296810.0,15362.0,2024-06-05 03:52:45,2024-06-05 03:51:45,-1.0,2.47,On Time,
2806868282.0,5821.0,2024-09-26 15:30:34,2024-09-26 15:27:34,-3.0,3.65,On Time,
707033578.0,33360.0,2024-01-30 00:48:25,2024-01-30 00:49:25,1.0,3.54,On Time,Traffic
9026783092.0,51457.0,2023-10-09 16:44:24,2023-10-09 16:59:24,15.0,4.1,Slightly Delayed,Traffic
6229466619.0,63864.0,2023-06-05 07:30:36,2023-06-05 07:38:36,8.0,1.71,Slightly Delayed,Traffic
408720270.0,2311.0,2024-06-26 22:22:35,2024-06-26 22:38:35,16.0,1.09,Significantly Delayed,Traffic
8870165072.0,53009.0,2023-11-03 10:20:42,2023-11-03 10:25:42,5.0,0.8,On Time,Traffic
1979319490.0,28727.0,2024-01-14 01:37:07,2024-01-14 01:41:07,4.0,1.06,On Time,Traffic
840761323.0,88697.0,2024-03-09 06:30:43,2024-03-09 06:34:43,4.0,3.99,On Time,Traffic
744721438.0,47635.0,2024-02-25 13:03:11,2024-02-25 13:15:11,12.0,4.3,Slightly Delayed,Traffic
7421707488.0,29051.0,2023-11-03 23:02:39,2023-11-03 22:58:39,-4.0,1.44,On Time,
1212718824.0,72361.0,2024-01-01 10:13:45,2024-01-01 10:08:45,-5.0,4.18,On Time,
9603256001.0,5981.0,2023-05-08 16:06:46,2023-05-08 16:18:46,12.0,2.98,Slightly Delayed,Traffic
5626888972.0,53381.0,2024-04-13 17:26:30,2024-04-13 17:29:30,3.0,2.32,On Time,Traffic
2300753276.0,88145.0,2023-12-07 04:30:20,2023-12-07 04:39:20,9.0,1.49,Slightly Delayed,Traffic
869629562.0,80715.0,2023-05-05 21:38:44,2023-05-05 21:35:44,-3.0,4.42,On Time,
3429137520.0,82673.0,2024-03-16 19:42:52,2024-03-16 19:39:52,-3.0,1.67,On Time,
9957927297.0,17981.0,2023-06-07 05:30:44,2023-06-07 05:32:44,2.0,0.97,On Time,Traffic
202466684.0,51649.0,2023-08-08 06:16:23,2023-08-08 06:11:23,-5.0,1.48,On Time,
8465721207.0,56612.0,2024-06-21 09:15:00,2024-06-21 09:10:00,-5.0,2.05,On Time,
6194827199.0,674.0,2023-12-20 19:11:47,2023-12-20 19:07:47,-4.0,0.62,On Time,
3942174431.0,9886.0,2024-02-17 05:12:33,2024-02-17 05:22:33,10.0,3.08,Slightly Delayed,Traffic
3189863462.0,54721.0,2024-06-17 13:44:48,2024-06-17 13:41:48,-3.0,2.7,On Time,
5923573134.0,74712.0,2024-02-17 20:16:29,2024-02-17 20:21:29,5.0,2.43,On Time,Traffic
6659747528.0,93772.0,2024-09-28 18:45:40,2024-09-28 18:45:40,0.0,2.52,On Time,
6037541687.0,39815.0,2023-12-10 22:43:05,2023-12-10 22:45:05,2.0,2.23,On Time,Traffic
2585438297.0,93144.0,2023-08-20 13:11:45,2023-08-20 13:16:45,5.0,3.99,On Time,Traffic
8065774615.0,66569.0,2023-12-12 11:10:21,2023-12-12 11:35:21,25.0,4.95,Significantly Delayed,Traffic
1816814476.0,42751.0,2024-11-04 14:02:21,2024-11-04 14:05:21,3.0,0.55,On Time,Traffic
5278014717.0,87933.0,2024-04-15 03:59:28,2024-04-15 04:04:28,5.0,4.94,On Time,Traffic
4265447949.0,34338.0,2024-08-16 02:36:34,2024-08-16 03:01:34,25.0,4.0,Significantly Delayed,Traffic
6752221435.0,71642.0,2024-02-10 16:10:18,2024-02-10 16:14:18,4.0,0.55,On Time,Traffic
8943989258.0,43725.0,2023-12-10 11:17:33,2023-12-10 11:20:33,3.0,0.8,On Time,Traffic
4068367936.0,95706.0,2024-09-21 02:09:08,2024-09-21 02:08:08,-1.0,3.56,On Time,
5735156904.0,89407.0,2023-04-01 16:40:21,2023-04-01 16:53:21,13.0,4.91,Slightly Delayed,Traffic
2405929115.0,83049.0,2024-09-09 09:19:24,2024-09-09 09:42:24,23.0,2.23,Significantly Delayed,Traffic
7913167260.0,69504.0,2023-04-19 01:10:00,2023-04-19 01:39:00,29.0,3.92,Significantly Delayed,Traffic
1989751369.0,1261.0,2023-05-18 23:10:49,2023-05-18 23:22:49,12.0,2.92,Slightly Delayed,Traffic
7338050095.0,68204.0,2024-10-15 03:19:28,2024-10-15 03:17:28,-2.0,2.31,On Time,
9950986048.0,46130.0,2023-09-09 08:50:21,2023-09-09 08:53:21,3.0,3.9,On Time,Traffic
5098703807.0,46866.0,2024-06-10 02:13:34,2024-06-10 02:11:34,-2.0,4.46,On Time,
6937485392.0,42361.0,2023-05-23 22:57:56,2023-05-23 23:05:56,8.0,4.79,Slightly Delayed,Traffic
1266440097.0,43520.0,2024-01-01 03:47:25,2024-01-01 03:42:25,-5.0,4.01,On Time,
7415490509.0,48639.0,2023-07-08 14:15:31,2023-07-08 14:14:31,-1.0,4.12,On Time,
7284991749.0,4135.0,2023-12-10 09:47:57,2023-12-10 09:46:57,-1.0,2.92,On Time,
4645792703.0,36301.0,2023-12-04 23:23:48,2023-12-04 23:18:48,-5.0,2.04,On Time,
3174938939.0,50364.0,2023-03-27 06:25:38,2023-03-27 06:25:38,0.0,3.76,On Time,
1752712049.0,67307.0,2024-08-31 16:13:49,2024-08-31 16:25:49,12.0,4.33,Slightly Delayed,Traffic
8187201830.0,55955.0,2024-04-30 04:43:38,2024-04-30 04:39:38,-4.0,4.44,On Time,
6900896329.0,97185.0,2024-02-01 02:39:06,2024-02-01 02:41:06,2.0,2.14,On Time,Traffic
3793977529.0,52853.0,2023-09-02 19:22:26,2023-09-02 19:22:26,0.0,4.5,On Time,
194459698.0,66295.0,2023-06-15 15:59:24,2023-06-15 15:58:24,-1.0,1.01,On Time,
9330447952.0,8867.0,2024-03-30 18:40:14,2024-03-30 18:45:14,5.0,3.13,On Time,Traffic
2097372277.0,42338.0,2024-01-25 05:00:48,2024-01-25 04:56:48,-4.0,0.71,On Time,
7060954153.0,21872.0,2023-11-01 21:12:47,2023-11-01 21:07:47,-5.0,1.89,On Time,
2921310646.0,45581.0,2024-07-08 14:42:33,2024-07-08 14:42:33,0.0,4.35,On Time,
3983082555.0,75005.0,2023-06-05 06:14:09,2023-06-05 06:36:09,22.0,2.56,Significantly Delayed,Traffic
4867298468.0,88574.0,2024-04-23 09:51:05,2024-04-23 09:55:05,4.0,1.6,On Time,Traffic
3402631472.0,82219.0,2024-05-03 21:43:40,2024-05-03 21:43:40,0.0,4.47,On Time,
1648146562.0,49114.0,2023-05-14 23:26:30,2023-05-14 23:23:30,-3.0,3.06,On Time,
5907766010.0,85975.0,2024-10-07 14:22:49,2024-10-07 14:33:49,11.0,4.11,Slightly Delayed,Traffic
9233577456.0,29353.0,2023-12-30 04:14:41,2023-12-30 04:13:41,-1.0,4.29,On Time,
4084808075.0,65980.0,2024-10-11 17:56:30,2024-10-11 17:54:30,-2.0,0.66,On Time,
7217049550.0,56744.0,2024-07-11 09:45:17,2024-07-11 10:09:17,24.0,2.87,Significantly Delayed,Traffic
1831943568.0,31014.0,2024-05-23 17:34:24,2024-05-23 17:39:24,5.0,1.86,On Time,Traffic
8707473624.0,54941.0,2023-12-20 08:46:35,2023-12-20 08:43:35,-3.0,4.9,On Time,
7075868285.0,69398.0,2024-03-01 06:16:05,2024-03-01 06:20:05,4.0,3.48,On Time,Traffic
5164162918.0,69542.0,2023-11-18 15:16:10,2023-11-18 15:15:10,-1.0,3.51,On Time,
2175298644.0,37111.0,2024-05-11 05:30:19,2024-05-11 05:28:19,-2.0,2.91,On Time,
5882568464.0,93909.0,2023-04-13 08:39:05,2023-04-13 08:37:05,-2.0,2.42,On Time,
7847708619.0,9898.0,2023-10-23 01:17:21,2023-10-23 01:18:21,1.0,2.54,On Time,Traffic
6366048116.0,82257.0,2024-08-05 09:08:18,2024-08-05 09:06:18,-2.0,2.19,On Time,
4926287333.0,94821.0,2023-08-08 02:59:21,2023-08-08 03:00:21,1.0,2.68,On Time,Traffic
5532838325.0,57010.0,2024-07-24 23:40:26,2024-07-24 23:37:26,-3.0,3.85,On Time,
2567996236.0,61790.0,2023-10-31 08:21:08,2023-10-31 08:20:08,-1.0,1.0,On Time,
2655613624.0,94896.0,2024-06-26 13:33:57,2024-06-26 14:02:57,29.0,1.78,Significantly Delayed,Traffic
7706089549.0,35200.0,2023-10-08 04:24:20,2023-10-08 04:24:20,0.0,3.96,On Time,
8257370396.0,11969.0,2023-12-24 08:26:46,2023-12-24 08:42:46,16.0,1.33,Significantly Delayed,Traffic
8623808984.0,79827.0,2024-04-13 05:49:58,2024-04-13 05:55:58,6.0,3.27,Slightly Delayed,Traffic
7579506101.0,80056.0,2023-04-06 01:28:48,2023-04-06 01:25:48,-3.0,2.05,On Time,
8861024199.0,53729.0,2023-11-29 06:03:08,2023-11-29 05:59:08,-4.0,0.54,On Time,
7666131311.0,35447.0,2023-05-01 15:57:52,2023-05-01 16:02:52,5.0,4.09,On Time,Traffic
103589925.0,83678.0,2024-05-17 23:42:05,2024-05-17 23:52:05,10.0,1.05,Slightly Delayed,Traffic
7346858138.0,83804.0,2023-11-22 16:58:38,2023-11-22 16:55:38,-3.0,1.78,On Time,
4963962664.0,10652.0,2023-09-28 12:02:23,2023-09-28 11:58:23,-4.0,4.59,On Time,
9069936094.0,80189.0,2024-06-23 13:08:13,2024-06-23 13:31:13,23.0,3.6,Significantly Delayed,Traffic
4665363191.0,15760.0,2024-10-13 20:05:11,2024-10-13 20:11:11,6.0,1.61,Slightly Delayed,Traffic
888510905.0,21909.0,2024-06-27 18:18:56,2024-06-27 18:30:56,12.0,1.18,Slightly Delayed,Traffic
6876091286.0,77863.0,2024-10-05 00:38:02,2024-10-05 00:36:02,-2.0,1.57,On Time,
2592923105.0,23178.0,2023-04-23 00:14:24,2023-04-23 00:37:24,23.0,4.84,Significantly Delayed,Traffic
2468550508.0,24846.0,2024-08-21 14:03:50,2024-08-21 14:06:50,3.0,3.31,On Time,Traffic
5302956276.0,6274.0,2024-01-22 22:52:17,2024-01-22 22:52:17,0.0,3.16,On Time,
9409714182.0,4084.0,2023-05-25 05:29:31,2023-05-25 05:41:31,12.0,0.86,Slightly Delayed,Traffic
1446221570.0,213.0,2024-09-26 10:13:18,2024-09-26 10:12:18,-1.0,1.43,On Time,
8250036360.0,65016.0,2024-06-21 14:20:28,2024-06-21 14:21:28,1.0,4.62,On Time,Traffic
447464341.0,85334.0,2024-03-03 13:06:39,2024-03-03 13:13:39,7.0,4.08,Slightly Delayed,Traffic
15642223.0,43306.0,2023-11-06 21:24:23,2023-11-06 21:27:23,3.0,1.44,On Time,Traffic
3285378238.0,8991.0,2024-08-15 05:41:32,2024-08-15 05:56:32,15.0,1.46,Slightly Delayed,Traffic
2356483296.0,38401.0,2023-07-25 17:24:01,2023-07-25 17:32:01,8.0,3.25,Slightly Delayed,Traffic
3382911339.0,84662.0,2023-12-12 14:53:18,2023-12-12 14:52:18,-1.0,4.92,On Time,
3690872026.0,56377.0,2023-07-09 08:21:37,2023-07-09 08:26:37,5.0,3.81,On Time,Traffic
6755367585.0,56444.0,2024-09-03 19:00:34,2024-09-03 18:57:34,-3.0,4.56,On Time,
6835850079.0,92568.0,2023-08-13 23:06:33,2023-08-13 23:09:33,3.0,3.44,On Time,Traffic
9345418784.0,24395.0,2024-02-22 10:23:24,2024-02-22 10:27:24,4.0,4.58,On Time,Traffic
7185243614.0,27663.0,2024-01-10 19:20:39,2024-01-10 19:22:39,2.0,2.47,On Time,Traffic
2319044818.0,66486.0,2024-04-06 20:45:22,2024-04-06 20:41:22,-4.0,1.98,On Time,
931834374.0,48992.0,2024-09-30 13:11:20,2024-09-30 13:11:20,0.0,1.72,On Time,
8485398781.0,70167.0,2024-04-20 19:17:45,2024-04-20 19:17:45,0.0,0.62,On Time,
9806464912.0,89278.0,2024-08-21 12:19:48,2024-08-21 12:33:48,14.0,4.41,Slightly Delayed,Traffic
8214365128.0,68269.0,2024-07-10 18:18:38,2024-07-10 18:14:38,-4.0,2.87,On Time,
137089318.0,32581.0,2024-05-23 15:53:38,2024-05-23 15:48:38,-5.0,3.62,On Time,
7615602420.0,91821.0,2024-05-30 09:32:58,2024-05-30 09:37:58,5.0,2.32,On Time,Traffic
3995348964.0,62259.0,2024-06-03 16:34:56,2024-06-03 16:38:56,4.0,4.1,On Time,Traffic
3816542830.0,38895.0,2023-08-18 15:04:14,2023-08-18 15:00:14,-4.0,1.05,On Time,
9665004924.0,98396.0,2023-07-29 15:48:25,2023-07-29 15:47:25,-1.0,3.11,On Time,
1728547597.0,80933.0,2024-06-09 08:04:29,2024-06-09 08:23:29,19.0,2.16,Significantly Delayed,Traffic
5311190131.0,30345.0,2024-03-04 01:01:19,2024-03-04 01:02:19,1.0,2.18,On Time,Traffic
9581592141.0,70962.0,2024-01-22 23:30:37,2024-01-22 23:30:37,0.0,1.44,On Time,
4848863693.0,56307.0,2024-09-12 04:54:20,2024-09-12 04:51:20,-3.0,3.47,On Time,
6374883107.0,32067.0,2023-08-19 08:20:07,2023-08-19 08:41:07,21.0,4.8,Significantly Delayed,Traffic
3270131216.0,44043.0,2024-02-10 15:14:10,2024-02-10 15:28:10,14.0,4.44,Slightly Delayed,Traffic
2643382562.0,74374.0,2023-07-24 22:48:03,2023-07-24 22:48:03,0.0,1.49,On Time,
5212524996.0,13215.0,2023-12-10 22:25:30,2023-12-10 22:26:30,1.0,4.2,On Time,Traffic
9594095277.0,61215.0,2024-03-10 04:56:08,2024-03-10 04:54:08,-2.0,1.97,On Time,
8375863419.0,89921.0,2024-08-26 12:29:17,2024-08-26 12:44:17,15.0,1.19,Slightly Delayed,Traffic
7523880783.0,23850.0,2024-10-13 14:06:50,2024-10-13 14:01:50,-5.0,3.8,On Time,
9670158103.0,18477.0,2024-03-11 13:08:36,2024-03-11 13:10:36,2.0,1.07,On Time,Traffic
4344108631.0,39923.0,2023-03-29 11:27:06,2023-03-29 11:37:06,10.0,3.98,Slightly Delayed,Traffic
2237858.0,97945.0,2023-04-02 04:00:11,2023-04-02 04:03:11,3.0,3.86,On Time,Traffic
3217791988.0,30480.0,2023-08-10 14:06:13,2023-08-10 14:04:13,-2.0,2.99,On Time,
3355718103.0,84679.0,2023-09-10 22:54:21,2023-09-10 22:51:21,-3.0,1.81,On Time,
9590518103.0,39579.0,2024-03-01 19:32:57,2024-03-01 19:33:57,1.0,3.73,On Time,Traffic
6610120274.0,83714.0,2024-07-19 01:30:09,2024-07-19 01:31:09,1.0,0.9,On Time,Traffic
1180899898.0,24863.0,2023-04-17 03:12:44,2023-04-17 03:15:44,3.0,2.5,On Time,Traffic
8758992688.0,722.0,2024-06-22 17:12:41,2024-06-22 17:37:41,25.0,1.35,Significantly Delayed,Traffic
6965716176.0,48850.0,2023-04-13 02:32:14,2023-04-13 02:34:14,2.0,4.53,On Time,Traffic
5527742274.0,98520.0,2023-12-16 05:32:27,2023-12-16 05:27:27,-5.0,2.61,On Time,
826610039.0,72915.0,2023-08-17 14:04:16,2023-08-17 14:03:16,-1.0,3.04,On Time,
3303891913.0,49372.0,2024-01-15 21:43:58,2024-01-15 21:48:58,5.0,2.77,On Time,Traffic
2489292878.0,88759.0,2023-10-01 09:02:12,2023-10-01 08:57:12,-5.0,4.76,On Time,
8589851630.0,4917.0,2024-05-28 14:22:08,2024-05-28 14:24:08,2.0,1.23,On Time,Traffic
4598897781.0,7752.0,2023-07-12 20:54:25,2023-07-12 21:04:25,10.0,3.07,Slightly Delayed,Traffic
6932356214.0,27028.0,2023-04-04 05:52:45,2023-04-04 06:06:45,14.0,1.35,Slightly Delayed,Traffic
3499004322.0,21541.0,2023-05-04 18:23:47,2023-05-04 18:22:47,-1.0,2.4,On Time,
7517620171.0,48840.0,2023-04-16 18:26:53,2023-04-16 18:21:53,-5.0,0.54,On Time,
172987148.0,66833.0,2024-11-03 16:56:53,2024-11-03 17:21:53,25.0,2.52,Significantly Delayed,Traffic
8347207794.0,88105.0,2024-08-17 22:18:06,2024-08-17 22:21:06,3.0,1.12,On Time,Traffic
9472355181.0,69066.0,2024-01-23 06:52:09,2024-01-23 06:55:09,3.0,2.8,On Time,Traffic
1315064289.0,62602.0,2024-07-27 03:16:12,2024-07-27 03:39:12,23.0,2.35,Significantly Delayed,Traffic
9371869941.0,6805.0,2023-10-12 00:13:41,2023-10-12 00:13:41,0.0,4.35,On Time,
5184568404.0,17462.0,2024-03-27 13:05:24,2024-03-27 13:01:24,-4.0,0.93,On Time,
5891002534.0,79352.0,2023-09-29 16:16:08,2023-09-29 16:26:08,10.0,3.92,Slightly Delayed,Traffic
1479730711.0,36251.0,2024-09-02 10:08:44,2024-09-02 10:29:44,21.0,4.51,Significantly Delayed,Traffic
7651037338.0,62537.0,2023-11-21 18:52:51,2023-11-21 18:52:51,0.0,2.86,On Time,
8763754537.0,16963.0,2024-10-07 05:47:23,2024-10-07 05:44:23,-3.0,0.83,On Time,
7683813608.0,86476.0,2023-06-06 21:44:26,2023-06-06 21:47:26,3.0,3.63,On Time,Traffic
6722955128.0,18697.0,2023-03-19 22:05:23,2023-03-19 22:01:23,-4.0,3.37,On Time,
8259274680.0,17260.0,2023-04-11 06:45:28,2023-04-11 06:43:28,-2.0,3.76,On Time,
4620484274.0,25174.0,2024-09-10 16:05:36,2024-09-10 16:18:36,13.0,4.36,Slightly Delayed,Traffic
8260569466.0,74085.0,2023-12-15 04:16:23,2023-12-15 04:12:23,-4.0,4.84,On Time,
8498916204.0,89588.0,2024-03-22 19:44:28,2024-03-22 19:44:28,0.0,4.77,On Time,
3209538967.0,78212.0,2024-05-07 09:35:34,2024-05-07 09:39:34,4.0,3.13,On Time,Traffic
2570640420.0,99899.0,2023-04-28 10:44:24,2023-04-28 10:48:24,4.0,2.92,On Time,Traffic
2066843639.0,37046.0,2024-05-25 00:32:13,2024-05-25 00:27:13,-5.0,3.92,On Time,
7402125753.0,26429.0,2023-11-01 18:26:28,2023-11-01 18:36:28,10.0,4.99,Slightly Delayed,Traffic
9171089443.0,27400.0,2024-09-10 20:21:14,2024-09-10 20:21:14,0.0,2.95,On Time,
3272079644.0,98992.0,2023-06-06 14:43:34,2023-06-06 14:46:34,3.0,2.67,On Time,Traffic
438111050.0,24502.0,2024-05-03 23:56:13,2024-05-03 23:54:13,-2.0,1.32,On Time,
7416160835.0,11914.0,2023-04-30 11:20:04,2023-04-30 11:17:04,-3.0,1.33,On Time,
4075074492.0,29293.0,2023-12-13 11:18:33,2023-12-13 11:41:33,23.0,2.96,Significantly Delayed,Traffic
5536024334.0,20631.0,2023-04-30 16:44:38,2023-04-30 16:40:38,-4.0,0.83,On Time,
2013140214.0,10693.0,2024-05-14 16:30:19,2024-05-14 16:35:19,5.0,0.51,On Time,Traffic
1113582397.0,38869.0,2023-12-17 14:40:17,2023-12-17 14:42:17,2.0,3.55,On Time,Traffic
1083928258.0,78940.0,2023-12-21 19:54:22,2023-12-21 19:58:22,4.0,0.64,On Time,Traffic
4906957374.0,2235.0,2023-09-16 20:06:47,2023-09-16 20:03:47,-3.0,0.79,On Time,
1876614122.0,4985.0,2023-08-23 23:38:54,2023-08-23 23:35:54,-3.0,4.12,On Time,
6556180328.0,83805.0,2024-06-03 20:57:59,2024-06-03 20:56:59,-1.0,4.26,On Time,
7960553477.0,75158.0,2024-02-24 05:40:38,2024-02-24 05:35:38,-5.0,4.56,On Time,
6335972517.0,51928.0,2023-07-08 20:14:51,2023-07-08 20:26:51,12.0,1.39,Slightly Delayed,Traffic
6254948159.0,72597.0,2023-10-16 07:34:34,2023-10-16 07:34:34,0.0,4.42,On Time,
7527936057.0,67699.0,2023-12-10 14:18:53,2023-12-10 14:20:53,2.0,2.96,On Time,Traffic
6257851675.0,91732.0,2024-04-23 22:26:04,2024-04-23 22:48:04,22.0,4.45,Significantly Delayed,Traffic
6832610950.0,37323.0,2023-09-01 09:33:43,2023-09-01 09:57:43,24.0,1.51,Significantly Delayed,Traffic
5085005195.0,92179.0,2024-03-05 20:13:27,2024-03-05 20:17:27,4.0,4.3,On Time,Traffic
2177207547.0,63474.0,2024-02-09 05:01:35,2024-02-09 04:59:35,-2.0,1.62,On Time,
3043364543.0,64723.0,2023-07-25 10:58:58,2023-07-25 11:00:58,2.0,0.6,On Time,Traffic
2823404098.0,52689.0,2024-03-03 03:33:55,2024-03-03 03:31:55,-2.0,4.66,On Time,
646676955.0,90187.0,2023-11-09 00:55:42,2023-11-09 00:51:42,-4.0,3.76,On Time,
5756607486.0,19872.0,2023-10-22 05:53:13,2023-10-22 05:51:13,-2.0,0.99,On Time,
9373691795.0,89555.0,2024-03-23 21:31:54,2024-03-23 21:35:54,4.0,1.26,On Time,Traffic
2611601543.0,21230.0,2023-07-23 00:49:11,2023-07-23 00:59:11,10.0,3.19,Slightly Delayed,Traffic
1491360686.0,45751.0,2023-03-21 16:00:01,2023-03-21 16:11:01,11.0,2.67,Slightly Delayed,Traffic
1824533423.0,37442.0,2023-05-21 13:13:19,2023-05-21 13:16:19,3.0,2.97,On Time,Traffic
2913841018.0,45079.0,2023-11-26 04:08:27,2023-11-26 04:08:27,0.0,4.32,On Time,
3141803761.0,54528.0,2023-10-09 15:35:40,2023-10-09 15:54:40,19.0,0.73,Significantly Delayed,Traffic
6184484468.0,97219.0,2024-10-14 03:45:47,2024-10-14 03:46:47,1.0,4.75,On Time,Traffic
4599327740.0,43635.0,2023-08-25 15:52:17,2023-08-25 15:52:17,0.0,0.55,On Time,
7479207574.0,23426.0,2024-04-03 02:03:33,2024-04-03 02:32:33,29.0,3.74,Significantly Delayed,Traffic
2996133401.0,8541.0,2024-04-14 22:16:03,2024-04-14 22:14:03,-2.0,1.35,On Time,
5972410040.0,62822.0,2024-08-11 07:38:14,2024-08-11 07:41:14,3.0,2.11,On Time,Traffic
4007593324.0,36657.0,2024-06-21 10:23:44,2024-06-21 10:27:44,4.0,3.37,On Time,Traffic
3428454405.0,81368.0,2023-08-13 22:57:01,2023-08-13 22:56:01,-1.0,1.63,On Time,
1160646195.0,53869.0,2023-04-24 17:17:19,2023-04-24 17:38:19,21.0,1.48,Significantly Delayed,Traffic
4376524554.0,75544.0,2023-03-16 09:25:00,2023-03-16 09:30:00,5.0,1.55,On Time,Traffic
1519072771.0,40607.0,2024-08-01 04:22:15,2024-08-01 04:24:15,2.0,1.52,On Time,Traffic
8203685394.0,92523.0,2024-02-23 07:17:38,2024-02-23 07:18:38,1.0,4.11,On Time,Traffic
7906789850.0,16598.0,2024-10-08 20:35:00,2024-10-08 20:41:00,6.0,1.17,Slightly Delayed,Traffic
8073770046.0,37431.0,2024-05-14 03:12:34,2024-05-14 03:25:34,13.0,3.42,Slightly Delayed,Traffic
5190202949.0,98623.0,2023-09-09 12:49:28,2023-09-09 13:01:28,12.0,1.62,Slightly Delayed,Traffic
8542325207.0,38846.0,2024-07-17 17:47:24,2024-07-17 17:50:24,3.0,4.04,On Time,Traffic
7566730050.0,47294.0,2023-05-14 13:12:57,2023-05-14 13:13:57,1.0,2.52,On Time,Traffic
176509722.0,60612.0,2023-10-16 22:46:31,2023-10-16 22:44:31,-2.0,1.92,On Time,
1894603222.0,90546.0,2023-10-16 07:27:33,2023-10-16 07:30:33,3.0,3.9,On Time,Traffic
2694800415.0,70355.0,2024-04-04 07:44:06,2024-04-04 07:39:06,-5.0,3.85,On Time,
5879390688.0,87608.0,2023-09-07 19:48:09,2023-09-07 19:54:09,6.0,2.02,Slightly Delayed,Traffic
1197715978.0,76039.0,2023-11-12 07:40:23,2023-11-12 07:43:23,3.0,3.68,On Time,Traffic
7790696031.0,60613.0,2023-05-12 17:13:08,2023-05-12 17:08:08,-5.0,4.31,On Time,
2189360099.0,48011.0,2023-08-19 06:16:43,2023-08-19 06:13:43,-3.0,4.48,On Time,
3542041943.0,91300.0,2024-09-06 01:23:42,2024-09-06 01:25:42,2.0,3.35,On Time,Traffic
9202469009.0,39748.0,2023-11-13 01:31:40,2023-11-13 01:28:40,-3.0,3.89,On Time,
3985829990.0,39267.0,2024-07-19 01:14:05,2024-07-19 01:28:05,14.0,1.63,Slightly Delayed,Traffic
4341872315.0,20388.0,2023-11-03 13:19:48,2023-11-03 13:20:48,1.0,1.37,On Time,Traffic
4748123248.0,93163.0,2023-08-01 10:15:42,2023-08-01 10:14:42,-1.0,2.43,On Time,
99905061.0,1750.0,2023-11-16 20:26:23,2023-11-16 20:34:23,8.0,3.18,Slightly Delayed,Traffic
9118004489.0,57515.0,2024-02-02 14:45:12,2024-02-02 14:41:12,-4.0,2.34,On Time,
1696936610.0,10006.0,2023-09-13 23:46:44,2023-09-13 23:50:44,4.0,3.08,On Time,Traffic
155669553.0,73940.0,2023-04-06 14:38:38,2023-04-06 14:36:38,-2.0,0.77,On Time,
2885541999.0,97766.0,2023-09-13 22:27:12,2023-09-13 22:24:12,-3.0,0.83,On Time,
2846340681.0,1441.0,2023-06-08 06:29:52,2023-06-08 06:32:52,3.0,2.36,On Time,Traffic
963715332.0,74026.0,2024-07-18 22:39:26,2024-07-18 22:54:26,15.0,0.55,Slightly Delayed,Traffic
2807634451.0,10898.0,2024-03-15 00:36:18,2024-03-15 00:41:18,5.0,4.64,On Time,Traffic
3046341241.0,42558.0,2023-10-03 17:30:24,2023-10-03 17:26:24,-4.0,1.4,On Time,
485687952.0,41920.0,2023-03-26 19:53:56,2023-03-26 20:05:56,12.0,1.05,Slightly Delayed,Traffic
7660904370.0,82481.0,2024-05-09 14:29:30,2024-05-09 14:41:30,12.0,4.8,Slightly Delayed,Traffic
9753033954.0,66167.0,2023-07-02 01:47:28,2023-07-02 01:46:28,-1.0,3.49,On Time,
9509887699.0,83668.0,2024-01-13 11:19:16,2024-01-13 11:18:16,-1.0,1.44,On Time,
1054122071.0,29382.0,2023-11-22 08:56:23,2023-11-22 08:58:23,2.0,2.96,On Time,Traffic
9135272808.0,58954.0,2024-03-01 23:24:19,2024-03-01 23:22:19,-2.0,3.77,On Time,
597447215.0,56770.0,2024-09-04 22:25:51,2024-09-04 22:20:51,-5.0,3.05,On Time,
5562099656.0,78737.0,2024-06-12 02:53:04,2024-06-12 02:58:04,5.0,4.23,On Time,Traffic
4122736828.0,47529.0,2024-07-02 13:15:31,2024-07-02 13:12:31,-3.0,2.49,On Time,
7238138072.0,70201.0,2024-08-26 06:00:35,2024-08-26 05:55:35,-5.0,2.2,On Time,
6244736404.0,74025.0,2024-08-19 09:30:35,2024-08-19 09:40:35,10.0,0.66,Slightly Delayed,Traffic
1297341963.0,78118.0,2024-07-28 21:58:40,2024-07-28 21:56:40,-2.0,1.23,On Time,
3842442278.0,34292.0,2024-10-27 03:01:39,2024-10-27 02:57:39,-4.0,3.4,On Time,
9576684860.0,49015.0,2023-04-28 20:17:38,2023-04-28 20:25:38,8.0,3.99,Slightly Delayed,Traffic
1592757566.0,26609.0,2024-07-17 15:24:40,2024-07-17 15:44:40,20.0,2.61,Significantly Delayed,Traffic
5060677329.0,2549.0,2024-03-29 08:32:16,2024-03-29 08:47:16,15.0,3.19,Slightly Delayed,Traffic
2241930006.0,48832.0,2023-11-05 03:20:55,2023-11-05 03:48:55,28.0,4.78,Significantly Delayed,Traffic
3246505078.0,70745.0,2024-08-15 20:57:26,2024-08-15 21:17:26,20.0,4.47,Significantly Delayed,Traffic
5870152806.0,41777.0,2024-03-23 04:07:26,2024-03-23 04:02:26,-5.0,0.51,On Time,
8919999754.0,49856.0,2023-12-07 13:44:38,2023-12-07 13:44:38,0.0,4.16,On Time,
1080338783.0,11061.0,2023-07-21 22:04:46,2023-07-21 22:03:46,-1.0,2.6,On Time,
4641905606.0,94171.0,2024-09-18 04:24:11,2024-09-18 04:21:11,-3.0,3.24,On Time,
9456413999.0,38461.0,2023-08-26 23:48:36,2023-08-26 23:50:36,2.0,2.21,On Time,Traffic
4764056827.0,25547.0,2024-07-19 20:19:14,2024-07-19 20:30:14,11.0,1.87,Slightly Delayed,Traffic
5168057633.0,64173.0,2024-07-11 01:53:53,2024-07-11 01:50:53,-3.0,3.82,On Time,
1442559656.0,4000.0,2023-05-10 08:12:52,2023-05-10 08:33:52,21.0,1.3,Significantly Delayed,Traffic
6590257283.0,85700.0,2023-10-02 09:41:52,2023-10-02 09:43:52,2.0,3.29,On Time,Traffic
3429671763.0,8472.0,2024-03-26 20:26:54,2024-03-26 20:45:54,19.0,3.56,Significantly Delayed,Traffic
4750086089.0,57809.0,2023-08-16 20:15:15,2023-08-16 20:23:15,8.0,1.14,Slightly Delayed,Traffic
3204128006.0,62365.0,2023-11-22 13:39:45,2023-11-22 13:52:45,13.0,0.62,Slightly Delayed,Traffic
3171917027.0,41122.0,2024-03-31 08:34:11,2024-03-31 08:34:11,0.0,0.87,On Time,
8814047085.0,68901.0,2023-04-10 10:50:09,2023-04-10 10:45:09,-5.0,2.67,On Time,
1889723479.0,87163.0,2024-06-24 08:11:26,2024-06-24 08:15:26,4.0,0.52,On Time,Traffic
942025494.0,56953.0,2024-03-02 23:04:09,2024-03-02 23:18:09,14.0,3.0,Slightly Delayed,Traffic
4104444500.0,92907.0,2024-10-13 02:48:41,2024-10-13 02:46:41,-2.0,4.02,On Time,
7562260313.0,38550.0,2024-03-23 02:32:57,2024-03-23 02:34:57,2.0,4.56,On Time,Traffic
7140244766.0,76465.0,2023-08-06 14:38:46,2023-08-06 14:35:46,-3.0,1.81,On Time,
7967974077.0,1899.0,2024-07-06 06:12:25,2024-07-06 06:21:25,9.0,1.08,Slightly Delayed,Traffic
7456822422.0,24881.0,2023-12-08 17:06:23,2023-12-08 17:14:23,8.0,1.45,Slightly Delayed,Traffic
4813468096.0,13299.0,2024-02-10 04:10:20,2024-02-10 04:12:20,2.0,2.52,On Time,Traffic
8618576020.0,64047.0,2024-01-18 15:01:23,2024-01-18 15:02:23,1.0,4.62,On Time,Traffic
3727646442.0,98620.0,2023-07-21 16:18:58,2023-07-21 16:17:58,-1.0,1.11,On Time,
9208156337.0,83940.0,2024-09-23 10:27:54,2024-09-23 10:27:54,0.0,1.92,On Time,
8328118787.0,13593.0,2023-05-14 22:16:21,2023-05-14 22:21:21,5.0,1.32,On Time,Traffic
580528836.0,72799.0,2023-10-20 10:34:06,2023-10-20 11:03:06,29.0,0.53,Significantly Delayed,Traffic
3350662630.0,8459.0,2023-07-03 22:24:47,2023-07-03 22:20:47,-4.0,2.73,On Time,
6716381725.0,96043.0,2023-05-05 11:18:58,2023-05-05 11:32:58,14.0,3.48,Slightly Delayed,Traffic
2249567137.0,63769.0,2024-04-06 10:23:47,2024-04-06 10:24:47,1.0,1.4,On Time,Traffic
7484465509.0,58978.0,2024-09-27 19:34:45,2024-09-27 19:30:45,-4.0,2.84,On Time,
2577208156.0,61389.0,2024-10-08 07:28:12,2024-10-08 07:35:12,7.0,0.86,Slightly Delayed,Traffic
3321905621.0,26660.0,2024-10-19 20:13:37,2024-10-19 20:18:37,5.0,4.53,On Time,Traffic
6686839282.0,53508.0,2023-07-24 09:41:56,2023-07-24 09:50:56,9.0,3.16,Slightly Delayed,Traffic
5095558661.0,65564.0,2023-05-06 13:27:43,2023-05-06 13:30:43,3.0,3.7,On Time,Traffic
112658009.0,32553.0,2023-07-11 17:55:34,2023-07-11 17:52:34,-3.0,4.54,On Time,
1343610513.0,14791.0,2023-07-17 13:55:50,2023-07-17 14:03:50,8.0,1.57,Slightly Delayed,Traffic
7190610535.0,99603.0,2024-03-22 07:30:34,2024-03-22 07:26:34,-4.0,3.79,On Time,
5069426001.0,23515.0,2024-01-13 01:57:41,2024-01-13 01:58:41,1.0,4.78,On Time,Traffic
5655369002.0,50372.0,2023-08-25 10:28:03,2023-08-25 10:28:03,0.0,1.89,On Time,
5761530160.0,47945.0,2024-02-23 18:42:21,2024-02-23 18:57:21,15.0,2.31,Slightly Delayed,Traffic
4772519706.0,27293.0,2023-03-28 09:03:18,2023-03-28 09:02:18,-1.0,2.96,On Time,
8209051735.0,66797.0,2024-02-13 22:45:18,2024-02-13 22:45:18,0.0,3.48,On Time,
4870391666.0,82421.0,2024-03-23 20:42:02,2024-03-23 20:44:02,2.0,4.36,On Time,Traffic
7777975083.0,89484.0,2024-06-24 18:05:10,2024-06-24 18:34:10,29.0,2.56,Significantly Delayed,Traffic
8713948756.0,84056.0,2023-11-16 00:16:39,2023-11-16 00:35:39,19.0,3.45,Significantly Delayed,Traffic
6191050157.0,71004.0,2023-05-11 20:53:55,2023-05-11 20:58:55,5.0,2.74,On Time,Traffic
4060449266.0,83557.0,2024-03-09 00:43:33,2024-03-09 00:47:33,4.0,4.42,On Time,Traffic
5657605506.0,54862.0,2024-05-30 20:28:11,2024-05-30 20:27:11,-1.0,3.88,On Time,
8851743592.0,70212.0,2024-02-13 12:15:52,2024-02-13 12:11:52,-4.0,2.89,On Time,
4689717606.0,20091.0,2023-07-05 07:42:52,2023-07-05 07:42:52,0.0,2.84,On Time,
2860246948.0,42770.0,2024-09-25 22:29:59,2024-09-25 22:58:59,29.0,1.18,Significantly Delayed,Traffic
2875550803.0,82986.0,2024-02-28 14:12:15,2024-02-28 14:11:15,-1.0,2.92,On Time,
5340575011.0,3517.0,2023-09-28 19:12:26,2023-09-28 19:15:26,3.0,0.68,On Time,Traffic
7717156533.0,89557.0,2023-04-04 05:14:24,2023-04-04 05:18:24,4.0,4.13,On Time,Traffic
8297255359.0,99111.0,2023-06-26 16:47:06,2023-06-26 16:50:06,3.0,1.36,On Time,Traffic
7873234939.0,71249.0,2024-09-10 22:53:39,2024-09-10 22:59:39,6.0,4.38,Slightly Delayed,Traffic
3668515922.0,9368.0,2023-08-23 14:31:44,2023-08-23 14:45:44,14.0,1.86,Slightly Delayed,Traffic
8356690330.0,70661.0,2023-07-15 18:20:56,2023-07-15 18:16:56,-4.0,0.86,On Time,
3508620293.0,79725.0,2023-08-03 20:57:13,2023-08-03 20:57:13,0.0,1.6,On Time,
9998297778.0,15629.0,2023-09-22 17:26:28,2023-09-22 17:27:28,1.0,4.71,On Time,Traffic
3898421710.0,27328.0,2023-08-31 07:12:03,2023-08-31 07:18:03,6.0,4.58,Slightly Delayed,Traffic
3960980694.0,61707.0,2024-06-21 23:01:59,2024-06-21 23:12:59,11.0,1.33,Slightly Delayed,Traffic
5008395294.0,72163.0,2023-12-22 09:22:45,2023-12-22 09:41:45,19.0,2.33,Significantly Delayed,Traffic
3722869004.0,80036.0,2023-07-20 05:53:36,2023-07-20 05:55:36,2.0,4.82,On Time,Traffic
8391555591.0,29388.0,2023-08-25 07:14:51,2023-08-25 07:30:51,16.0,4.15,Significantly Delayed,Traffic
8063730776.0,37119.0,2024-09-21 20:15:23,2024-09-21 20:13:23,-2.0,2.05,On Time,
9052752169.0,27976.0,2024-01-11 01:56:07,2024-01-11 02:01:07,5.0,0.58,On Time,Traffic
7471416647.0,72270.0,2023-03-29 15:59:40,2023-03-29 16:06:40,7.0,3.97,Slightly Delayed,Traffic
848332407.0,41823.0,2024-04-22 09:11:55,2024-04-22 09:09:55,-2.0,2.38,On Time,
4062701987.0,76840.0,2023-12-18 04:29:37,2023-12-18 04:24:37,-5.0,4.44,On Time,
8723912832.0,80138.0,2024-01-19 10:00:56,2024-01-19 10:03:56,3.0,4.96,On Time,Traffic
9099298435.0,21269.0,2024-02-22 10:36:09,2024-02-22 10:35:09,-1.0,3.41,On Time,
5645691241.0,8455.0,2023-12-10 07:40:34,2023-12-10 07:49:34,9.0,4.73,Slightly Delayed,Traffic
8258019846.0,96896.0,2024-01-24 17:58:28,2024-01-24 18:02:28,4.0,3.26,On Time,Traffic
2732162016.0,82903.0,2023-05-27 10:16:51,2023-05-27 10:19:51,3.0,4.58,On Time,Traffic
1561902412.0,71022.0,2023-06-08 20:02:33,2023-06-08 20:03:33,1.0,4.92,On Time,Traffic
8979476889.0,43855.0,2023-06-06 22:45:51,2023-06-06 22:46:51,1.0,0.91,On Time,Traffic
8373953053.0,37461.0,2024-10-25 22:11:38,2024-10-25 22:26:38,15.0,3.09,Slightly Delayed,Traffic
7021309133.0,86023.0,2024-08-06 13:57:46,2024-08-06 14:05:46,8.0,1.59,Slightly Delayed,Traffic
3447085029.0,97687.0,2023-04-25 04:43:16,2023-04-25 04:46:16,3.0,1.19,On Time,Traffic
9284767341.0,38009.0,2024-03-04 14:39:23,2024-03-04 14:38:23,-1.0,1.41,On Time,
9770431940.0,70163.0,2024-06-06 23:20:27,2024-06-06 23:15:27,-5.0,3.72,On Time,
9650124390.0,58008.0,2024-04-24 15:41:40,2024-04-24 15:37:40,-4.0,0.56,On Time,
9826894858.0,52555.0,2024-06-21 13:12:40,2024-06-21 13:16:40,4.0,4.28,On Time,Traffic
4466839873.0,15751.0,2023-12-09 07:17:48,2023-12-09 07:20:48,3.0,2.21,On Time,Traffic
4331471900.0,95419.0,2024-07-20 09:03:16,2024-07-20 09:13:16,10.0,3.97,Slightly Delayed,Traffic
5777824005.0,9630.0,2023-03-22 23:19:39,2023-03-22 23:14:39,-5.0,2.8,On Time,
8795242622.0,20027.0,2023-03-26 04:33:28,2023-03-26 04:29:28,-4.0,3.8,On Time,
8561878376.0,59539.0,2024-01-29 07:41:42,2024-01-29 07:44:42,3.0,0.99,On Time,Traffic
2113243643.0,46402.0,2023-12-17 11:13:50,2023-12-17 11:13:50,0.0,2.8,On Time,
8497820340.0,12255.0,2023-11-16 18:26:42,2023-11-16 18:28:42,2.0,1.08,On Time,Traffic
3167184563.0,86629.0,2023-09-07 17:28:42,2023-09-07 17:32:42,4.0,1.15,On Time,Traffic
9997121955.0,27103.0,2024-04-21 00:19:15,2024-04-21 00:16:15,-3.0,2.37,On Time,
2954397481.0,20739.0,2024-01-31 11:13:45,2024-01-31 11:15:45,2.0,2.94,On Time,Traffic
8125884987.0,31296.0,2024-05-03 01:10:23,2024-05-03 01:13:23,3.0,2.74,On Time,Traffic
3765873352.0,8612.0,2024-10-16 16:09:16,2024-10-16 16:13:16,4.0,2.25,On Time,Traffic
7733310993.0,31410.0,2023-03-31 09:57:22,2023-03-31 10:09:22,12.0,4.55,Slightly Delayed,Traffic
738093341.0,92844.0,2024-03-17 06:57:48,2024-03-17 07:27:48,30.0,4.73,Significantly Delayed,Traffic
1837574319.0,63956.0,2024-06-19 06:34:01,2024-06-19 06:52:01,18.0,1.22,Significantly Delayed,Traffic
2468420564.0,10759.0,2023-06-30 16:18:02,2023-06-30 16:46:02,28.0,2.91,Significantly Delayed,Traffic
5368005763.0,37844.0,2024-07-30 05:56:00,2024-07-30 05:51:00,-5.0,4.25,On Time,
3823949592.0,28356.0,2023-04-13 23:21:51,2023-04-13 23:16:51,-5.0,1.48,On Time,
6298008063.0,6083.0,2023-07-19 06:15:20,2023-07-19 06:22:20,7.0,3.69,Slightly Delayed,Traffic
2499190829.0,38976.0,2023-10-31 10:56:49,2023-10-31 10:58:49,2.0,1.74,On Time,Traffic
491116137.0,46516.0,2024-01-19 08:24:03,2024-01-19 08:31:03,7.0,3.48,Slightly Delayed,Traffic
2206269404.0,3395.0,2024-05-16 23:41:53,2024-05-16 23:38:53,-3.0,0.63,On Time,
1330806043.0,67773.0,2024-04-03 10:32:32,2024-04-03 10:39:32,7.0,0.7,Slightly Delayed,Traffic
6770858376.0,40291.0,2024-01-11 05:17:34,2024-01-11 05:37:34,20.0,1.3,Significantly Delayed,Traffic
4466716432.0,5951.0,2023-06-09 18:06:04,2023-06-09 18:07:04,1.0,3.47,On Time,Traffic
8292554686.0,678.0,2024-03-27 15:35:04,2024-03-27 15:41:04,6.0,1.94,Slightly Delayed,Traffic
4204069161.0,28632.0,2023-08-16 17:50:31,2023-08-16 17:48:31,-2.0,1.36,On Time,
2163079658.0,81489.0,2023-12-28 16:51:25,2023-12-28 16:53:25,2.0,1.77,On Time,Traffic
6971561757.0,23787.0,2023-12-15 19:19:03,2023-12-15 19:42:03,23.0,0.61,Significantly Delayed,Traffic
7965253060.0,3496.0,2024-02-13 10:22:42,2024-02-13 10:31:42,9.0,3.58,Slightly Delayed,Traffic
8939040193.0,46879.0,2024-09-17 13:16:27,2024-09-17 13:28:27,12.0,3.57,Slightly Delayed,Traffic
8322028211.0,20488.0,2023-11-04 17:14:43,2023-11-04 17:15:43,1.0,3.61,On Time,Traffic
6865922682.0,98320.0,2024-06-16 13:54:39,2024-06-16 13:50:39,-4.0,1.34,On Time,
5912729079.0,56995.0,2024-08-10 01:34:51,2024-08-10 01:49:51,15.0,1.04,Slightly Delayed,Traffic
8764776130.0,25706.0,2023-12-14 13:33:27,2023-12-14 13:36:27,3.0,4.54,On Time,Traffic
7769965629.0,89124.0,2023-04-21 17:02:32,2023-04-21 17:07:32,5.0,1.18,On Time,Traffic
2166463032.0,57294.0,2023-10-30 21:38:11,2023-10-30 21:40:11,2.0,4.57,On Time,Traffic
7035343259.0,71409.0,2024-07-11 08:46:04,2024-07-11 08:45:04,-1.0,3.24,On Time,
8914775994.0,30298.0,2024-02-13 23:47:11,2024-02-13 23:45:11,-2.0,2.16,On Time,
7565647347.0,1739.0,2024-10-24 01:31:49,2024-10-24 01:26:49,-5.0,0.84,On Time,
6172215120.0,283.0,2024-06-03 07:42:45,2024-06-03 07:44:45,2.0,1.34,On Time,Traffic
4043585691.0,8666.0,2024-02-21 22:54:16,2024-02-21 23:00:16,6.0,3.27,Slightly Delayed,Traffic
3735186180.0,55800.0,2024-03-16 15:46:54,2024-03-16 15:48:54,2.0,4.49,On Time,Traffic
5281459433.0,56847.0,2024-10-10 06:58:31,2024-10-10 07:10:31,12.0,4.07,Slightly Delayed,Traffic
424087401.0,59842.0,2024-04-19 10:53:15,2024-04-19 10:50:15,-3.0,4.06,On Time,
884327245.0,68768.0,2023-09-25 00:29:47,2023-09-25 00:35:47,6.0,3.13,Slightly Delayed,Traffic
6318008970.0,1399.0,2024-05-11 19:20:20,2024-05-11 19:23:20,3.0,3.66,On Time,Traffic
3792751421.0,8803.0,2024-08-11 20:27:30,2024-08-11 20:22:30,-5.0,1.97,On Time,
5471255539.0,90665.0,2023-05-31 10:24:04,2023-05-31 10:19:04,-5.0,4.24,On Time,
9917290378.0,39311.0,2024-01-05 13:14:28,2024-01-05 13:34:28,20.0,1.27,Significantly Delayed,Traffic
208989475.0,2365.0,2023-03-16 11:50:32,2023-03-16 11:48:32,-2.0,0.99,On Time,
7672827556.0,25541.0,2023-07-01 02:03:54,2023-07-01 02:02:54,-1.0,4.5,On Time,
3792912325.0,82865.0,2024-06-03 20:07:50,2024-06-03 20:04:50,-3.0,4.69,On Time,
2478533601.0,79023.0,2024-11-01 14:39:12,2024-11-01 14:46:12,7.0,2.11,Slightly Delayed,Traffic
2255745327.0,96569.0,2023-05-01 03:29:08,2023-05-01 03:25:08,-4.0,0.6,On Time,
8612261848.0,33962.0,2024-06-18 20:12:36,2024-06-18 20:08:36,-4.0,1.18,On Time,
6949810049.0,68356.0,2023-09-25 13:36:55,2023-09-25 13:35:55,-1.0,4.59,On Time,
2399456941.0,95044.0,2024-10-16 07:04:41,2024-10-16 07:11:41,7.0,1.88,Slightly Delayed,Traffic
6292969164.0,60860.0,2024-07-09 07:21:40,2024-07-09 07:34:40,13.0,4.22,Slightly Delayed,Traffic
2929485756.0,98387.0,2024-10-13 00:57:39,2024-10-13 01:24:39,27.0,2.46,Significantly Delayed,Traffic
8757869416.0,89940.0,2024-05-03 04:05:06,2024-05-03 04:05:06,0.0,0.84,On Time,
2653966619.0,20322.0,2024-07-12 17:19:26,2024-07-12 17:15:26,-4.0,3.9,On Time,
336103625.0,53527.0,2024-05-16 19:22:33,2024-05-16 19:23:33,1.0,4.58,On Time,Traffic
3727289407.0,96404.0,2024-06-17 12:31:04,2024-06-17 12:28:04,-3.0,2.24,On Time,
701250513.0,12426.0,2024-09-03 19:10:33,2024-09-03 19:11:33,1.0,4.12,On Time,Traffic
101816977.0,74586.0,2024-02-20 06:37:43,2024-02-20 06:41:43,4.0,1.45,On Time,Traffic
7838223552.0,32488.0,2023-12-07 13:46:45,2023-12-07 13:45:45,-1.0,4.95,On Time,
4123140013.0,7581.0,2024-11-03 01:48:11,2024-11-03 01:44:11,-4.0,2.59,On Time,
9821008306.0,9712.0,2023-04-05 15:52:16,2023-04-05 15:48:16,-4.0,0.74,On Time,
5414882934.0,39970.0,2023-12-28 21:19:27,2023-12-28 21:18:27,-1.0,2.98,On Time,
9257313140.0,71919.0,2024-06-16 14:29:42,2024-06-16 14:46:42,17.0,1.34,Significantly Delayed,Traffic
3857021231.0,8994.0,2023-09-28 20:06:57,2023-09-28 20:08:57,2.0,3.89,On Time,Traffic
1606381345.0,84799.0,2023-03-22 12:56:37,2023-03-22 12:51:37,-5.0,1.32,On Time,
239830094.0,64707.0,2023-08-17 09:17:54,2023-08-17 09:15:54,-2.0,4.5,On Time,
580582858.0,23439.0,2023-09-11 17:58:04,2023-09-11 17:57:04,-1.0,4.39,On Time,
4191340899.0,84191.0,2023-05-26 01:44:29,2023-05-26 01:44:29,0.0,2.05,On Time,
1013630716.0,36890.0,2024-05-19 06:39:26,2024-05-19 06:57:26,18.0,2.58,Significantly Delayed,Traffic
8220017366.0,69432.0,2023-05-28 08:46:25,2023-05-28 09:04:25,18.0,2.59,Significantly Delayed,Traffic
4353485612.0,67044.0,2024-08-31 13:25:53,2024-08-31 13:34:53,9.0,1.22,Slightly Delayed,Traffic
8682172393.0,60531.0,2024-10-15 02:37:39,2024-10-15 02:42:39,5.0,0.99,On Time,Traffic
4085089017.0,73060.0,2024-06-11 22:42:40,2024-06-11 22:49:40,7.0,0.95,Slightly Delayed,Traffic
1287686307.0,72260.0,2024-01-18 18:09:19,2024-01-18 18:31:19,22.0,3.84,Significantly Delayed,Traffic
4425450216.0,11470.0,2023-06-11 17:53:51,2023-06-11 17:49:51,-4.0,2.32,On Time,
7799346570.0,6267.0,2023-10-04 00:07:26,2023-10-04 00:02:26,-5.0,4.86,On Time,
5917975686.0,95635.0,2024-06-04 21:25:32,2024-06-04 21:26:32,1.0,2.29,On Time,Traffic
9588500388.0,25906.0,2024-07-05 10:16:17,2024-07-05 10:30:17,14.0,2.55,Slightly Delayed,Traffic
3963207709.0,75698.0,2024-01-04 20:37:27,2024-01-04 21:01:27,24.0,3.13,Significantly Delayed,Traffic
2217466286.0,55729.0,2023-04-08 13:27:35,2023-04-08 13:50:35,23.0,2.22,Significantly Delayed,Traffic
7130088913.0,27018.0,2023-06-29 14:35:03,2023-06-29 14:38:03,3.0,3.43,On Time,Traffic
9064682961.0,74646.0,2024-07-04 13:31:05,2024-07-04 13:30:05,-1.0,3.91,On Time,
6060156146.0,43137.0,2023-05-25 19:10:12,2023-05-25 19:25:12,15.0,3.34,Slightly Delayed,Traffic
3106610673.0,39962.0,2024-06-10 18:08:21,2024-06-10 18:16:21,8.0,4.04,Slightly Delayed,Traffic
442408751.0,31883.0,2023-10-19 17:42:57,2023-10-19 17:43:57,1.0,3.45,On Time,Traffic
353571238.0,49421.0,2024-01-01 16:06:24,2024-01-01 16:10:24,4.0,1.94,On Time,Traffic
4670530333.0,73412.0,2024-05-30 18:09:58,2024-05-30 18:06:58,-3.0,2.26,On Time,
4961370923.0,95563.0,2024-02-04 16:20:26,2024-02-04 16:25:26,5.0,1.03,On Time,Traffic
8946821991.0,7047.0,2024-04-29 12:12:27,2024-04-29 12:12:27,0.0,2.84,On Time,
5720622852.0,41385.0,2023-04-16 15:01:16,2023-04-16 14:59:16,-2.0,4.29,On Time,
7305353953.0,79920.0,2024-01-04 08:13:14,2024-01-04 08:41:14,28.0,1.58,Significantly Delayed,Traffic
1402723627.0,29946.0,2024-05-16 04:55:13,2024-05-16 05:09:13,14.0,4.23,Slightly Delayed,Traffic
9820620357.0,19268.0,2023-12-05 10:27:47,2023-12-05 10:32:47,5.0,1.35,On Time,Traffic
1930286155.0,22959.0,2024-09-02 20:26:02,2024-09-02 20:32:02,6.0,2.1,Slightly Delayed,Traffic
6759029950.0,27838.0,2023-12-03 13:02:14,2023-12-03 13:06:14,4.0,2.4,On Time,Traffic
9032188284.0,45176.0,2023-08-24 19:45:01,2023-08-24 19:56:01,11.0,2.56,Slightly Delayed,Traffic
9490161602.0,35300.0,2023-04-26 12:22:47,2023-04-26 12:17:47,-5.0,0.81,On Time,
8565257085.0,74770.0,2023-09-24 21:04:44,2023-09-24 21:00:44,-4.0,1.9,On Time,
4884845960.0,39010.0,2023-09-05 13:11:44,2023-09-05 13:07:44,-4.0,3.47,On Time,
6181604084.0,63800.0,2023-10-22 04:25:32,2023-10-22 04:22:32,-3.0,0.69,On Time,
2718508408.0,47220.0,2023-08-04 04:07:55,2023-08-04 04:22:55,15.0,4.85,Slightly Delayed,Traffic
8354866000.0,19057.0,2024-02-15 18:41:22,2024-02-15 18:49:22,8.0,5.0,Slightly Delayed,Traffic
8025728977.0,66000.0,2024-08-15 16:10:16,2024-08-15 16:07:16,-3.0,2.84,On Time,
6531356394.0,92872.0,2023-05-09 14:46:55,2023-05-09 14:46:55,0.0,0.83,On Time,
5489184758.0,69415.0,2024-03-15 15:36:26,2024-03-15 15:35:26,-1.0,3.02,On Time,
1377599881.0,17690.0,2024-08-17 10:15:54,2024-08-17 10:12:54,-3.0,0.53,On Time,
227162938.0,43553.0,2024-04-18 07:25:08,2024-04-18 07:23:08,-2.0,2.54,On Time,
3449083612.0,65165.0,2023-11-10 12:49:44,2023-11-10 13:02:44,13.0,3.64,Slightly Delayed,Traffic
5662514948.0,58053.0,2023-05-20 03:08:48,2023-05-20 03:03:48,-5.0,3.27,On Time,
2034571482.0,86556.0,2024-02-20 20:28:09,2024-02-20 20:43:09,15.0,2.48,Slightly Delayed,Traffic
348782569.0,88218.0,2023-09-23 08:45:21,2023-09-23 08:56:21,11.0,2.5,Slightly Delayed,Traffic
8697396531.0,59371.0,2023-10-23 18:54:21,2023-10-23 18:52:21,-2.0,1.71,On Time,
3538455450.0,63154.0,2024-09-05 21:29:40,2024-09-05 21:28:40,-1.0,2.89,On Time,
7513290139.0,96784.0,2023-05-21 18:52:42,2023-05-21 18:51:42,-1.0,3.71,On Time,
8320461939.0,63519.0,2024-04-17 04:38:13,2024-04-17 04:34:13,-4.0,4.38,On Time,
8217899522.0,15587.0,2024-10-08 11:51:14,2024-10-08 11:51:14,0.0,4.1,On Time,
4217056877.0,94995.0,2024-03-26 19:54:46,2024-03-26 20:02:46,8.0,3.74,Slightly Delayed,Traffic
3684167813.0,82021.0,2024-09-13 08:33:52,2024-09-13 08:31:52,-2.0,0.85,On Time,
5351904164.0,98439.0,2024-08-06 16:26:48,2024-08-06 16:31:48,5.0,1.17,On Time,Traffic
2731829604.0,85333.0,2024-02-12 20:28:18,2024-02-12 20:25:18,-3.0,0.89,On Time,
7162485958.0,64568.0,2023-12-06 18:42:13,2023-12-06 18:42:13,0.0,2.87,On Time,
4830502113.0,8022.0,2024-01-26 15:02:09,2024-01-26 15:01:09,-1.0,2.76,On Time,
9797013595.0,35734.0,2024-05-16 00:14:43,2024-05-16 00:23:43,9.0,3.93,Slightly Delayed,Traffic
9487843345.0,82632.0,2024-06-11 06:35:15,2024-06-11 06:39:15,4.0,2.95,On Time,Traffic
2148242015.0,13676.0,2023-05-01 00:04:24,2023-05-01 00:33:24,29.0,4.21,Significantly Delayed,Traffic
7465258008.0,63335.0,2023-10-25 21:34:48,2023-10-25 21:48:48,14.0,2.88,Slightly Delayed,Traffic
8875274470.0,54978.0,2024-04-20 16:38:48,2024-04-20 17:03:48,25.0,1.03,Significantly Delayed,Traffic
7049717910.0,10931.0,2024-05-11 05:58:42,2024-05-11 05:56:42,-2.0,0.83,On Time,
4829897426.0,93475.0,2023-06-05 01:10:37,2023-06-05 01:07:37,-3.0,3.29,On Time,
3532186218.0,34900.0,2023-08-08 14:15:04,2023-08-08 14:16:04,1.0,4.85,On Time,Traffic
6897674900.0,5998.0,2024-05-13 13:08:01,2024-05-13 13:05:01,-3.0,2.32,On Time,
163895717.0,45284.0,2023-11-02 05:01:21,2023-11-02 04:58:21,-3.0,2.3,On Time,
9857592403.0,36569.0,2023-10-24 11:51:41,2023-10-24 11:55:41,4.0,4.17,On Time,Traffic
2521197661.0,49637.0,2024-02-20 00:48:46,2024-02-20 01:05:46,17.0,0.86,Significantly Delayed,Traffic
488314125.0,60702.0,2023-04-05 18:28:51,2023-04-05 18:41:51,13.0,3.13,Slightly Delayed,Traffic
5073549838.0,20915.0,2024-04-28 08:15:04,2024-04-28 08:19:04,4.0,1.01,On Time,Traffic
6399568661.0,45002.0,2023-12-17 21:19:56,2023-12-17 21:18:56,-1.0,3.42,On Time,
3672658084.0,66143.0,2024-05-10 14:07:48,2024-05-10 14:07:48,0.0,3.4,On Time,
8273236145.0,8874.0,2024-09-02 16:06:41,2024-09-02 16:08:41,2.0,3.75,On Time,Traffic
3411233779.0,33913.0,2024-04-13 23:22:45,2024-04-13 23:18:45,-4.0,1.67,On Time,
8024667539.0,26395.0,2024-07-22 06:12:11,2024-07-22 06:24:11,12.0,1.85,Slightly Delayed,Traffic
6112199794.0,75415.0,2024-09-21 21:00:43,2024-09-21 21:06:43,6.0,4.43,Slightly Delayed,Traffic
9484473160.0,38707.0,2023-04-25 21:44:46,2023-04-25 21:53:46,9.0,2.47,Slightly Delayed,Traffic
9729709418.0,43891.0,2023-03-30 05:38:05,2023-03-30 05:33:05,-5.0,4.73,On Time,
7900224799.0,45482.0,2024-07-03 05:12:31,2024-07-03 05:25:31,13.0,1.48,Slightly Delayed,Traffic
1821414490.0,55493.0,2024-10-21 07:45:08,2024-10-21 07:44:08,-1.0,0.92,On Time,
5813507399.0,13303.0,2024-04-15 09:21:04,2024-04-15 09:16:04,-5.0,2.37,On Time,
3928003125.0,40065.0,2023-12-07 13:43:43,2023-12-07 13:58:43,15.0,1.46,Slightly Delayed,Traffic
5271866987.0,15044.0,2024-08-27 01:45:03,2024-08-27 01:43:03,-2.0,2.84,On Time,
9794537731.0,23014.0,2023-05-27 13:10:31,2023-05-27 13:13:31,3.0,3.02,On Time,Traffic
4852718488.0,71839.0,2024-04-29 20:57:44,2024-04-29 20:56:44,-1.0,3.31,On Time,
8300546273.0,80645.0,2023-09-05 10:27:24,2023-09-05 10:29:24,2.0,1.58,On Time,Traffic
976104194.0,65001.0,2024-05-07 22:16:34,2024-05-07 22:46:34,30.0,0.78,Significantly Delayed,Traffic
5373961125.0,72609.0,2024-11-01 04:01:48,2024-11-01 04:06:48,5.0,2.88,On Time,Traffic
6056126973.0,84012.0,2024-07-02 22:45:53,2024-07-02 22:45:53,0.0,3.31,On Time,
6352881332.0,21808.0,2024-01-22 23:20:41,2024-01-22 23:24:41,4.0,3.03,On Time,Traffic
1643234106.0,63857.0,2024-09-12 04:06:26,2024-09-12 04:21:26,15.0,4.22,Slightly Delayed,Traffic
8697966993.0,45795.0,2024-03-02 06:00:49,2024-03-02 06:22:49,22.0,2.95,Significantly Delayed,Traffic
2276061263.0,25181.0,2024-10-06 17:12:05,2024-10-06 17:12:05,0.0,1.18,On Time,
4045613782.0,29650.0,2023-08-09 08:36:43,2023-08-09 08:41:43,5.0,2.23,On Time,Traffic
2959828441.0,80243.0,2024-03-15 18:13:14,2024-03-15 18:17:14,4.0,1.62,On Time,Traffic
3514589876.0,24168.0,2023-10-17 21:20:10,2023-10-17 21:20:10,0.0,4.1,On Time,
9444081952.0,88637.0,2023-11-27 01:16:59,2023-11-27 01:19:59,3.0,1.4,On Time,Traffic
8183959589.0,80408.0,2023-12-16 14:41:59,2023-12-16 14:45:59,4.0,1.58,On Time,Traffic
1712832927.0,60377.0,2024-03-16 02:36:19,2024-03-16 02:50:19,14.0,0.78,Slightly Delayed,Traffic
8162867215.0,53830.0,2024-08-24 15:45:13,2024-08-24 15:50:13,5.0,2.71,On Time,Traffic
4160230443.0,41222.0,2024-04-15 04:13:39,2024-04-15 04:18:39,5.0,2.46,On Time,Traffic
9787535949.0,20817.0,2023-04-02 14:17:48,2023-04-02 14:27:48,10.0,1.96,Slightly Delayed,Traffic
3423995261.0,50959.0,2023-05-06 21:50:32,2023-05-06 21:54:32,4.0,3.39,On Time,Traffic
1523343168.0,41110.0,2024-07-21 19:08:11,2024-07-21 19:12:11,4.0,4.56,On Time,Traffic
1948066291.0,33207.0,2024-10-02 22:12:43,2024-10-02 22:15:43,3.0,3.15,On Time,Traffic
2021361582.0,88680.0,2024-05-20 13:48:16,2024-05-20 14:04:16,16.0,0.61,Significantly Delayed,Traffic
7491420331.0,81340.0,2024-05-22 03:30:45,2024-05-22 03:38:45,8.0,3.25,Slightly Delayed,Traffic
994840771.0,22900.0,2023-10-15 23:11:35,2023-10-15 23:25:35,14.0,3.72,Slightly Delayed,Traffic
6277344634.0,98138.0,2024-07-23 19:33:11,2024-07-23 19:55:11,22.0,2.48,Significantly Delayed,Traffic
4092653338.0,30910.0,2024-04-24 14:26:22,2024-04-24 14:21:22,-5.0,4.63,On Time,
7213712604.0,25295.0,2023-11-17 07:16:37,2023-11-17 07:12:37,-4.0,2.8,On Time,
7326709115.0,46549.0,2023-11-26 00:54:32,2023-11-26 01:01:32,7.0,3.53,Slightly Delayed,Traffic
9419789569.0,54029.0,2024-07-17 10:53:23,2024-07-17 10:53:23,0.0,2.48,On Time,
5388191488.0,38734.0,2024-03-31 04:07:25,2024-03-31 04:19:25,12.0,0.6,Slightly Delayed,Traffic
9065873433.0,61365.0,2023-10-23 19:27:27,2023-10-23 19:37:27,10.0,2.06,Slightly Delayed,Traffic
4627342297.0,47725.0,2023-08-28 11:01:50,2023-08-28 11:06:50,5.0,2.44,On Time,Traffic
4286971111.0,7124.0,2024-05-27 03:36:40,2024-05-27 03:31:40,-5.0,1.8,On Time,
645282074.0,19843.0,2023-05-25 23:55:35,2023-05-25 23:54:35,-1.0,0.88,On Time,
7260939789.0,13059.0,2023-10-28 13:55:51,2023-10-28 14:00:51,5.0,1.1,On Time,Traffic
1716322448.0,66774.0,2023-09-06 16:23:18,2023-09-06 16:26:18,3.0,4.92,On Time,Traffic
4293959647.0,72576.0,2023-10-03 21:34:36,2023-10-03 21:33:36,-1.0,2.09,On Time,
3331935300.0,14328.0,2023-06-15 21:54:22,2023-06-15 21:56:22,2.0,1.12,On Time,Traffic
1775389576.0,59128.0,2024-03-10 06:53:09,2024-03-10 06:52:09,-1.0,0.67,On Time,
8194774262.0,19069.0,2024-10-06 06:52:32,2024-10-06 07:02:32,10.0,3.25,Slightly Delayed,Traffic
3615279775.0,33091.0,2023-11-01 18:41:36,2023-11-01 18:40:36,-1.0,2.4,On Time,
11467999.0,1908.0,2023-04-23 18:57:26,2023-04-23 19:11:26,14.0,0.68,Slightly Delayed,Traffic
3971267196.0,59116.0,2024-01-14 02:54:53,2024-01-14 02:58:53,4.0,2.74,On Time,Traffic
1584863963.0,70947.0,2024-07-21 18:31:06,2024-07-21 18:48:06,17.0,3.64,Significantly Delayed,Traffic
1557893814.0,60172.0,2024-04-02 13:01:33,2024-04-02 13:05:33,4.0,1.85,On Time,Traffic
8172695964.0,52140.0,2024-07-07 09:36:06,2024-07-07 09:38:06,2.0,2.43,On Time,Traffic
7462800868.0,39973.0,2023-10-19 17:44:14,2023-10-19 18:12:14,28.0,1.77,Significantly Delayed,Traffic
5438961669.0,67068.0,2024-09-10 05:38:18,2024-09-10 05:55:18,17.0,2.1,Significantly Delayed,Traffic
4904849001.0,8244.0,2023-11-30 06:00:13,2023-11-30 06:05:13,5.0,4.42,On Time,Traffic
4816980820.0,28954.0,2023-03-27 20:41:31,2023-03-27 20:59:31,18.0,2.31,Significantly Delayed,Traffic
9004078716.0,60691.0,2023-08-21 08:57:05,2023-08-21 08:57:05,0.0,4.57,On Time,
8350353728.0,73339.0,2024-01-25 08:18:43,2024-01-25 08:23:43,5.0,1.62,On Time,Traffic
1204084245.0,55802.0,2023-09-26 01:48:11,2023-09-26 02:04:11,16.0,4.5,Significantly Delayed,Traffic
4142209897.0,6857.0,2023-09-07 20:15:27,2023-09-07 20:15:27,0.0,3.27,On Time,
125551624.0,16319.0,2024-08-12 21:44:30,2024-08-12 21:44:30,0.0,1.09,On Time,
9970545044.0,81093.0,2023-08-08 22:38:41,2023-08-08 22:43:41,5.0,1.76,On Time,Traffic
7976032064.0,39126.0,2024-05-03 16:16:32,2024-05-03 16:18:32,2.0,4.57,On Time,Traffic
8691567542.0,87207.0,2024-06-27 09:05:11,2024-06-27 09:10:11,5.0,1.06,On Time,Traffic
3592747590.0,92032.0,2024-04-24 12:29:13,2024-04-24 12:58:13,29.0,3.76,Significantly Delayed,Traffic
7495753437.0,20625.0,2023-06-02 00:45:35,2023-06-02 00:45:35,0.0,1.06,On Time,
3965847120.0,60885.0,2023-05-05 15:09:43,2023-05-05 15:11:43,2.0,4.21,On Time,Traffic
9365984533.0,40460.0,2024-06-25 20:02:13,2024-06-25 19:59:13,-3.0,4.34,On Time,
2948242102.0,55456.0,2023-10-12 15:14:53,2023-10-12 15:12:53,-2.0,4.57,On Time,
6161193691.0,22997.0,2023-05-30 13:55:08,2023-05-30 13:50:08,-5.0,2.46,On Time,
5964122835.0,98433.0,2024-03-29 18:29:05,2024-03-29 18:26:05,-3.0,4.54,On Time,
8879377902.0,61662.0,2024-03-09 06:26:43,2024-03-09 06:21:43,-5.0,3.82,On Time,
8158068874.0,93613.0,2024-07-25 20:41:13,2024-07-25 20:55:13,14.0,4.01,Slightly Delayed,Traffic
7039570964.0,40041.0,2024-04-13 03:30:23,2024-04-13 03:42:23,12.0,0.52,Slightly Delayed,Traffic
5482913265.0,84976.0,2024-08-08 15:30:48,2024-08-08 15:41:48,11.0,0.61,Slightly Delayed,Traffic
1018255782.0,35907.0,2024-09-08 06:25:07,2024-09-08 06:45:07,20.0,2.48,Significantly Delayed,Traffic
8441505853.0,58002.0,2023-11-10 08:31:55,2023-11-10 08:33:55,2.0,3.69,On Time,Traffic
3850018395.0,42851.0,2023-06-09 20:45:07,2023-06-09 21:00:07,15.0,1.25,Slightly Delayed,Traffic
4884197611.0,4714.0,2023-04-19 19:23:09,2023-04-19 19:48:09,25.0,4.29,Significantly Delayed,Traffic
5321849748.0,43163.0,2024-03-01 00:33:24,2024-03-01 00:28:24,-5.0,2.69,On Time,
9808738347.0,81334.0,2024-03-28 23:53:11,2024-03-28 23:50:11,-3.0,2.79,On Time,
8727249149.0,16796.0,2023-06-27 00:38:22,2023-06-27 00:35:22,-3.0,2.27,On Time,
2772154780.0,74237.0,2024-07-18 14:52:59,2024-07-18 14:51:59,-1.0,0.69,On Time,
9128056381.0,95005.0,2024-06-10 07:32:02,2024-06-10 07:32:02,0.0,0.84,On Time,
4461463308.0,43141.0,2023-06-16 08:11:25,2023-06-16 08:11:25,0.0,1.16,On Time,
5636483988.0,73517.0,2024-01-29 17:52:04,2024-01-29 17:51:04,-1.0,4.35,On Time,
1532065529.0,1354.0,2023-12-07 06:43:36,2023-12-07 06:45:36,2.0,1.94,On Time,Traffic
9933994647.0,46871.0,2024-02-27 06:50:56,2024-02-27 06:51:56,1.0,2.0,On Time,Traffic
4823026749.0,97537.0,2024-08-08 16:02:46,2024-08-08 15:58:46,-4.0,3.57,On Time,
7453442245.0,69200.0,2024-09-08 06:47:25,2024-09-08 06:50:25,3.0,2.49,On Time,Traffic
6519941559.0,88898.0,2024-05-10 19:57:01,2024-05-10 19:57:01,0.0,2.37,On Time,
3798769654.0,96996.0,2024-09-28 12:42:14,2024-09-28 12:38:14,-4.0,3.45,On Time,
5034289521.0,98165.0,2024-05-15 13:19:17,2024-05-15 13:17:17,-2.0,2.26,On Time,
6971088688.0,33387.0,2023-07-18 11:05:19,2023-07-18 11:14:19,9.0,3.13,Slightly Delayed,Traffic
5650184107.0,60066.0,2023-06-21 08:32:44,2023-06-21 08:32:44,0.0,1.16,On Time,
5770410311.0,96121.0,2023-12-31 10:33:35,2023-12-31 10:31:35,-2.0,0.96,On Time,
274530126.0,35596.0,2023-04-08 22:12:31,2023-04-08 22:34:31,22.0,4.22,Significantly Delayed,Traffic
4819831152.0,97045.0,2024-09-22 19:55:16,2024-09-22 19:59:16,4.0,2.73,On Time,Traffic
6977688323.0,77691.0,2023-06-07 22:22:08,2023-06-07 22:27:08,5.0,2.86,On Time,Traffic
2035952734.0,1616.0,2023-04-17 19:38:33,2023-04-17 19:37:33,-1.0,0.84,On Time,
3665334102.0,6292.0,2024-11-04 01:28:31,2024-11-04 01:34:31,6.0,1.11,Slightly Delayed,Traffic
1862413314.0,3855.0,2024-05-31 16:26:45,2024-05-31 16:29:45,3.0,3.96,On Time,Traffic
4466643926.0,37936.0,2024-04-08 20:48:57,2024-04-08 20:49:57,1.0,4.72,On Time,Traffic
4470717835.0,80246.0,2023-07-08 00:36:18,2023-07-08 00:39:18,3.0,1.91,On Time,Traffic
3018086191.0,86332.0,2024-02-07 16:11:05,2024-02-07 16:13:05,2.0,2.04,On Time,Traffic
2447983559.0,68149.0,2024-10-03 20:58:07,2024-10-03 21:25:07,27.0,1.82,Significantly Delayed,Traffic
5116322704.0,24469.0,2024-06-20 04:38:38,2024-06-20 04:42:38,4.0,2.51,On Time,Traffic
8941550852.0,18037.0,2024-04-20 22:19:04,2024-04-20 22:22:04,3.0,4.18,On Time,Traffic
8026773850.0,22178.0,2023-10-23 19:34:23,2023-10-23 19:37:23,3.0,3.97,On Time,Traffic
2102402075.0,81176.0,2024-07-14 05:46:01,2024-07-14 05:41:01,-5.0,5.0,On Time,
989844439.0,77083.0,2023-07-23 12:08:05,2023-07-23 12:06:05,-2.0,2.39,On Time,
8426805628.0,88737.0,2023-04-17 22:54:34,2023-04-17 22:52:34,-2.0,1.87,On Time,
7662188403.0,80894.0,2023-05-09 07:47:06,2023-05-09 07:55:06,8.0,3.91,Slightly Delayed,Traffic
9141654140.0,38063.0,2023-07-14 14:11:04,2023-07-14 14:12:04,1.0,1.33,On Time,Traffic
5696947751.0,58100.0,2023-11-06 03:48:25,2023-11-06 03:49:25,1.0,3.95,On Time,Traffic
8953871540.0,62193.0,2023-11-14 16:31:02,2023-11-14 16:36:02,5.0,1.91,On Time,Traffic
1767778760.0,57806.0,2023-04-14 03:41:44,2023-04-14 03:41:44,0.0,2.32,On Time,
5516201271.0,32490.0,2024-07-10 14:41:12,2024-07-10 14:39:12,-2.0,1.52,On Time,
9358248664.0,52315.0,2023-12-20 00:18:54,2023-12-20 00:15:54,-3.0,0.77,On Time,
1530424665.0,53811.0,2023-04-21 23:49:46,2023-04-21 23:51:46,2.0,3.67,On Time,Traffic
7816293360.0,81753.0,2023-07-27 18:14:35,2023-07-27 18:16:35,2.0,3.35,On Time,Traffic
1602396548.0,64637.0,2024-09-09 23:59:19,2024-09-10 00:01:19,2.0,1.2,On Time,Traffic
7938126128.0,50175.0,2023-06-16 08:42:00,2023-06-16 08:41:00,-1.0,2.11,On Time,
271744331.0,30354.0,2023-08-21 04:12:18,2023-08-21 04:10:18,-2.0,3.23,On Time,
387311360.0,7081.0,2023-08-07 03:11:16,2023-08-07 03:10:16,-1.0,4.42,On Time,
1286123100.0,19279.0,2023-12-31 00:10:40,2023-12-31 00:13:40,3.0,4.03,On Time,Traffic
4832392771.0,33654.0,2023-11-02 14:55:52,2023-11-02 14:58:52,3.0,1.61,On Time,Traffic
4800106448.0,38774.0,2023-12-10 05:31:22,2023-12-10 05:27:22,-4.0,3.27,On Time,
5500008514.0,48166.0,2024-05-03 18:25:17,2024-05-03 18:24:17,-1.0,3.12,On Time,
7879575037.0,85162.0,2024-01-07 12:32:33,2024-01-07 12:37:33,5.0,2.29,On Time,Traffic
50845914.0,95031.0,2023-04-09 04:37:56,2023-04-09 04:34:56,-3.0,3.41,On Time,
9766990467.0,18483.0,2023-06-30 08:33:31,2023-06-30 08:41:31,8.0,1.69,Slightly Delayed,Traffic
4215602937.0,38381.0,2023-10-04 05:44:08,2023-10-04 05:45:08,1.0,3.25,On Time,Traffic
238484255.0,87590.0,2024-04-11 04:18:43,2024-04-11 04:20:43,2.0,0.92,On Time,Traffic
3293988248.0,19751.0,2024-09-29 07:57:45,2024-09-29 08:26:45,29.0,2.58,Significantly Delayed,Traffic
5296157775.0,68713.0,2024-07-27 10:34:02,2024-07-27 10:37:02,3.0,1.35,On Time,Traffic
1143489067.0,68548.0,2023-09-14 17:21:41,2023-09-14 17:18:41,-3.0,4.28,On Time,
8524452029.0,65655.0,2023-11-07 01:15:32,2023-11-07 01:22:32,7.0,0.54,Slightly Delayed,Traffic
4256779885.0,71100.0,2023-06-01 17:39:29,2023-06-01 17:37:29,-2.0,2.71,On Time,
7744686996.0,4886.0,2023-09-27 21:55:59,2023-09-27 22:17:59,22.0,1.95,Significantly Delayed,Traffic
5427462399.0,87698.0,2024-06-21 14:15:00,2024-06-21 14:19:00,4.0,3.89,On Time,Traffic
8596751747.0,95854.0,2024-03-09 06:44:08,2024-03-09 06:43:08,-1.0,4.11,On Time,
4746468643.0,5235.0,2023-08-17 19:51:04,2023-08-17 19:52:04,1.0,4.62,On Time,Traffic
3010047327.0,65599.0,2023-12-15 20:24:52,2023-12-15 20:29:52,5.0,2.44,On Time,Traffic
1236959246.0,76379.0,2024-10-06 20:37:02,2024-10-06 20:41:02,4.0,1.59,On Time,Traffic
6600422315.0,46137.0,2023-09-19 00:38:15,2023-09-19 00:41:15,3.0,0.94,On Time,Traffic
3227252410.0,66386.0,2024-02-16 08:11:12,2024-02-16 08:09:12,-2.0,0.92,On Time,
6972292408.0,46413.0,2023-11-16 05:55:14,2023-11-16 06:12:14,17.0,2.13,Significantly Delayed,Traffic
7562754470.0,46136.0,2024-02-15 23:47:04,2024-02-15 23:48:04,1.0,1.58,On Time,Traffic
7361971676.0,18979.0,2023-08-23 01:02:18,2023-08-23 01:06:18,4.0,4.06,On Time,Traffic
8875605037.0,16915.0,2023-09-27 10:16:27,2023-09-27 10:20:27,4.0,1.78,On Time,Traffic
8508253527.0,11048.0,2024-09-05 21:11:09,2024-09-05 21:23:09,12.0,2.64,Slightly Delayed,Traffic
6798775600.0,81032.0,2023-10-09 22:54:35,2023-10-09 23:08:35,14.0,3.02,Slightly Delayed,Traffic
3624810422.0,83193.0,2024-08-10 01:25:44,2024-08-10 01:29:44,4.0,1.05,On Time,Traffic
4740213452.0,85085.0,2024-02-22 12:49:12,2024-02-22 13:01:12,12.0,2.62,Slightly Delayed,Traffic
3825468344.0,35824.0,2023-04-09 08:19:44,2023-04-09 08:21:44,2.0,4.66,On Time,Traffic
902245665.0,25868.0,2024-08-08 08:28:01,2024-08-08 08:26:01,-2.0,1.57,On Time,
6874299189.0,38460.0,2023-08-14 11:45:32,2023-08-14 11:48:32,3.0,4.85,On Time,Traffic
1127125313.0,81996.0,2023-12-15 19:36:22,2023-12-15 19:45:22,9.0,3.32,Slightly Delayed,Traffic
3606548818.0,90473.0,2023-05-12 05:08:09,2023-05-12 05:10:09,2.0,4.0,On Time,Traffic
5750044154.0,71543.0,2024-09-16 22:50:01,2024-09-16 23:01:01,11.0,2.04,Slightly Delayed,Traffic
3872847781.0,45099.0,2023-09-16 20:55:34,2023-09-16 20:53:34,-2.0,3.03,On Time,
5939554684.0,71726.0,2023-06-11 16:47:08,2023-06-11 16:51:08,4.0,1.97,On Time,Traffic
676412814.0,88453.0,2024-07-26 03:45:27,2024-07-26 03:45:27,0.0,3.44,On Time,
4248390724.0,49698.0,2023-08-22 20:35:51,2023-08-22 20:44:51,9.0,2.98,Slightly Delayed,Traffic
8938687150.0,99357.0,2023-04-25 06:35:28,2023-04-25 06:30:28,-5.0,2.03,On Time,
7898867047.0,51564.0,2023-05-03 15:31:52,2023-05-03 15:38:52,7.0,3.91,Slightly Delayed,Traffic
2142065357.0,1749.0,2024-01-27 08:04:34,2024-01-27 08:04:34,0.0,2.63,On Time,
9024719693.0,96400.0,2024-06-06 19:40:30,2024-06-06 19:41:30,1.0,2.56,On Time,Traffic
8976616698.0,46211.0,2023-08-23 03:36:08,2023-08-23 03:38:08,2.0,2.97,On Time,Traffic
8792586840.0,44722.0,2023-06-14 15:26:28,2023-06-14 15:29:28,3.0,4.87,On Time,Traffic
5375387413.0,53977.0,2023-04-04 23:42:41,2023-04-04 23:44:41,2.0,1.63,On Time,Traffic
4252164097.0,11104.0,2023-09-28 07:16:17,2023-09-28 07:24:17,8.0,4.88,Slightly Delayed,Traffic
8423273411.0,81864.0,2023-05-23 23:24:33,2023-05-23 23:24:33,0.0,1.77,On Time,
2551179741.0,50120.0,2024-04-10 02:29:31,2024-04-10 02:43:31,14.0,2.62,Slightly Delayed,Traffic
227511348.0,90637.0,2024-08-01 16:01:56,2024-08-01 16:02:56,1.0,0.84,On Time,Traffic
4434464045.0,84509.0,2023-09-22 00:21:24,2023-09-22 00:21:24,0.0,1.19,On Time,
7041011843.0,79645.0,2024-02-06 01:03:34,2024-02-06 01:03:34,0.0,3.37,On Time,
6510283268.0,59772.0,2024-06-12 01:57:22,2024-06-12 01:55:22,-2.0,4.4,On Time,
6853654698.0,57378.0,2023-08-06 11:36:58,2023-08-06 11:41:58,5.0,1.16,On Time,Traffic
9338996795.0,85003.0,2024-01-09 18:40:36,2024-01-09 18:38:36,-2.0,4.45,On Time,
7346145952.0,32434.0,2024-03-12 19:37:44,2024-03-12 19:33:44,-4.0,0.76,On Time,
6497069610.0,80825.0,2024-04-10 17:32:57,2024-04-10 17:34:57,2.0,1.13,On Time,Traffic
1741402363.0,29182.0,2024-06-12 11:29:45,2024-06-12 11:31:45,2.0,1.4,On Time,Traffic
4825878367.0,96209.0,2024-10-07 14:23:11,2024-10-07 14:23:11,0.0,4.4,On Time,
7019011442.0,15863.0,2023-06-30 19:54:42,2023-06-30 19:50:42,-4.0,2.49,On Time,
1674463798.0,17663.0,2024-09-21 13:43:34,2024-09-21 13:49:34,6.0,0.99,Slightly Delayed,Traffic
305684588.0,70029.0,2024-08-25 19:56:28,2024-08-25 20:12:28,16.0,4.53,Significantly Delayed,Traffic
5967495442.0,7004.0,2024-07-18 15:36:29,2024-07-18 15:47:29,11.0,1.54,Slightly Delayed,Traffic
2571047526.0,45704.0,2023-06-19 00:30:51,2023-06-19 00:25:51,-5.0,2.29,On Time,
7784811086.0,83254.0,2024-09-07 06:26:07,2024-09-07 06:50:07,24.0,1.07,Significantly Delayed,Traffic
7942005230.0,44185.0,2023-03-25 08:31:32,2023-03-25 08:41:32,10.0,2.99,Slightly Delayed,Traffic
6653543195.0,68173.0,2023-09-15 15:09:44,2023-09-15 15:20:44,11.0,2.42,Slightly Delayed,Traffic
397928918.0,80520.0,2024-09-14 04:13:21,2024-09-14 04:28:21,15.0,4.32,Slightly Delayed,Traffic
776120140.0,28491.0,2023-11-12 04:03:53,2023-11-12 04:19:53,16.0,2.58,Significantly Delayed,Traffic
8293188779.0,71056.0,2024-10-16 10:08:02,2024-10-16 10:06:02,-2.0,2.18,On Time,
178737268.0,66743.0,2023-06-18 20:05:44,2023-06-18 20:04:44,-1.0,3.03,On Time,
5246598523.0,67554.0,2023-11-22 17:04:33,2023-11-22 17:30:33,26.0,2.03,Significantly Delayed,Traffic
1172544737.0,27338.0,2023-11-24 07:46:36,2023-11-24 07:56:36,10.0,4.9,Slightly Delayed,Traffic
6419533291.0,32799.0,2023-07-28 05:15:16,2023-07-28 05:17:16,2.0,1.37,On Time,Traffic
882083749.0,42317.0,2023-06-18 13:09:28,2023-06-18 13:13:28,4.0,3.82,On Time,Traffic
3185510401.0,60744.0,2024-10-14 00:36:10,2024-10-14 00:40:10,4.0,2.04,On Time,Traffic
7760767006.0,88497.0,2023-08-19 12:19:44,2023-08-19 12:14:44,-5.0,2.21,On Time,
3833878150.0,27906.0,2024-06-23 19:07:35,2024-06-23 19:33:35,26.0,3.31,Significantly Delayed,Traffic
369899578.0,85235.0,2023-08-19 14:31:49,2023-08-19 14:32:49,1.0,2.12,On Time,Traffic
1944466212.0,77615.0,2024-09-09 14:21:49,2024-09-09 14:20:49,-1.0,4.02,On Time,
4064447117.0,36940.0,2024-02-25 22:34:59,2024-02-25 22:53:59,19.0,4.11,Significantly Delayed,Traffic
1553685597.0,246.0,2024-10-28 00:43:04,2024-10-28 01:13:04,30.0,2.21,Significantly Delayed,Traffic
3682284811.0,10177.0,2024-07-18 21:13:10,2024-07-18 21:10:10,-3.0,1.6,On Time,
291439357.0,8626.0,2023-04-11 02:30:39,2023-04-11 02:33:39,3.0,4.33,On Time,Traffic
8285784194.0,72635.0,2024-09-30 15:57:01,2024-09-30 15:59:01,2.0,1.17,On Time,Traffic
5058742647.0,25730.0,2024-09-17 23:51:30,2024-09-17 23:55:30,4.0,0.93,On Time,Traffic
6917020296.0,41276.0,2024-07-10 22:00:57,2024-07-10 22:03:57,3.0,4.71,On Time,Traffic
6671181961.0,46269.0,2023-10-13 05:49:23,2023-10-13 05:51:23,2.0,4.07,On Time,Traffic
5123439997.0,55720.0,2024-02-15 19:13:33,2024-02-15 19:15:33,2.0,0.93,On Time,Traffic
8510183245.0,94891.0,2024-10-01 21:07:57,2024-10-01 21:02:57,-5.0,4.02,On Time,
6081384585.0,96881.0,2024-03-04 04:19:00,2024-03-04 04:20:00,1.0,0.74,On Time,Traffic
4423613746.0,1185.0,2023-08-27 18:11:35,2023-08-27 18:20:35,9.0,1.54,Slightly Delayed,Traffic
1530472691.0,7489.0,2024-08-09 14:35:38,2024-08-09 14:46:38,11.0,3.45,Slightly Delayed,Traffic
7009303199.0,72585.0,2024-02-25 10:51:03,2024-02-25 10:59:03,8.0,0.72,Slightly Delayed,Traffic
5386652055.0,4038.0,2024-04-16 15:40:06,2024-04-16 15:47:06,7.0,3.92,Slightly Delayed,Traffic
4413239746.0,21923.0,2023-04-10 07:41:44,2023-04-10 07:54:44,13.0,4.76,Slightly Delayed,Traffic
4988875078.0,3617.0,2023-07-23 16:02:57,2023-07-23 16:16:57,14.0,2.9,Slightly Delayed,Traffic
1617565217.0,5577.0,2024-06-01 13:03:43,2024-06-01 13:02:43,-1.0,1.3,On Time,
392038758.0,62825.0,2024-07-23 18:50:20,2024-07-23 18:58:20,8.0,1.35,Slightly Delayed,Traffic
1828727552.0,92001.0,2024-03-26 14:51:53,2024-03-26 14:54:53,3.0,2.35,On Time,Traffic
7119397338.0,39725.0,2024-10-28 23:10:36,2024-10-28 23:13:36,3.0,0.5,On Time,Traffic
2611271708.0,54792.0,2024-04-26 05:44:58,2024-04-26 05:47:58,3.0,1.02,On Time,Traffic
7162509481.0,20373.0,2024-10-17 01:11:37,2024-10-17 01:06:37,-5.0,2.82,On Time,
131913576.0,27197.0,2023-10-17 03:10:39,2023-10-17 03:12:39,2.0,0.76,On Time,Traffic
6627201490.0,31046.0,2023-12-10 15:06:32,2023-12-10 15:17:32,11.0,3.58,Slightly Delayed,Traffic
4644950813.0,2614.0,2023-08-21 09:22:19,2023-08-21 09:27:19,5.0,1.44,On Time,Traffic
9434934993.0,95990.0,2024-08-09 07:26:04,2024-08-09 07:39:04,13.0,3.81,Slightly Delayed,Traffic
2556317798.0,76160.0,2023-09-14 04:05:55,2023-09-14 04:03:55,-2.0,4.01,On Time,
2826150539.0,19554.0,2023-11-05 10:42:11,2023-11-05 10:47:11,5.0,3.16,On Time,Traffic
4283803308.0,29754.0,2023-12-08 04:28:17,2023-12-08 04:32:17,4.0,2.2,On Time,Traffic
6873424093.0,61533.0,2024-02-10 23:28:46,2024-02-10 23:29:46,1.0,2.72,On Time,Traffic
4741294126.0,84476.0,2024-09-05 08:37:06,2024-09-05 08:38:06,1.0,1.18,On Time,Traffic
4967241271.0,73253.0,2023-05-03 22:55:20,2023-05-03 22:56:20,1.0,4.29,On Time,Traffic
9554079946.0,90188.0,2023-12-23 10:10:12,2023-12-23 10:10:12,0.0,1.05,On Time,
4601205399.0,36629.0,2023-07-14 20:34:51,2023-07-14 20:39:51,5.0,1.75,On Time,Traffic
5633967304.0,93942.0,2024-01-30 19:33:01,2024-01-30 19:48:01,15.0,3.63,Slightly Delayed,Traffic
4168163237.0,32090.0,2023-07-06 00:44:47,2023-07-06 00:56:47,12.0,2.18,Slightly Delayed,Traffic
5924297360.0,50579.0,2024-09-09 22:12:31,2024-09-09 22:27:31,15.0,3.57,Slightly Delayed,Traffic
2120299901.0,35726.0,2024-06-12 09:45:04,2024-06-12 09:41:04,-4.0,2.67,On Time,
1070876534.0,14388.0,2024-02-21 19:12:21,2024-02-21 19:08:21,-4.0,0.64,On Time,
7032280048.0,41473.0,2023-09-15 22:32:31,2023-09-15 22:35:31,3.0,0.5,On Time,Traffic
156346853.0,16610.0,2023-03-30 09:13:22,2023-03-30 09:28:22,15.0,1.43,Slightly Delayed,Traffic
6873267326.0,63685.0,2024-02-10 08:03:23,2024-02-10 08:11:23,8.0,3.17,Slightly Delayed,Traffic
1370661468.0,83004.0,2023-09-27 02:20:46,2023-09-27 02:24:46,4.0,3.11,On Time,Traffic
3612128358.0,63526.0,2024-04-24 23:29:39,2024-04-24 23:28:39,-1.0,2.81,On Time,
1736953222.0,46700.0,2024-02-18 14:11:30,2024-02-18 14:21:30,10.0,4.92,Slightly Delayed,Traffic
9107923488.0,22157.0,2023-11-20 05:07:01,2023-11-20 05:11:01,4.0,4.98,On Time,Traffic
4378877600.0,31527.0,2023-11-27 11:29:25,2023-11-27 11:43:25,14.0,0.94,Slightly Delayed,Traffic
3232762361.0,89153.0,2023-07-24 15:47:05,2023-07-24 15:45:05,-2.0,3.74,On Time,
1831641377.0,48691.0,2024-03-19 04:29:41,2024-03-19 04:39:41,10.0,4.35,Slightly Delayed,Traffic
562428866.0,47688.0,2023-04-17 19:46:17,2023-04-17 20:00:17,14.0,3.8,Slightly Delayed,Traffic
4607715908.0,22498.0,2024-08-24 23:03:27,2024-08-24 23:10:27,7.0,2.31,Slightly Delayed,Traffic
4804575203.0,32008.0,2023-05-23 21:56:41,2023-05-23 22:19:41,23.0,2.47,Significantly Delayed,Traffic
8287234948.0,4824.0,2024-10-07 08:01:35,2024-10-07 08:04:35,3.0,1.92,On Time,Traffic
6074452586.0,11946.0,2023-09-01 08:46:26,2023-09-01 08:50:26,4.0,2.12,On Time,Traffic
6821790656.0,64612.0,2024-08-03 13:22:35,2024-08-03 13:23:35,1.0,3.92,On Time,Traffic
7821942520.0,11136.0,2024-02-13 00:12:16,2024-02-13 00:13:16,1.0,2.62,On Time,Traffic
3012496270.0,96443.0,2023-04-06 04:04:57,2023-04-06 04:04:57,0.0,4.62,On Time,
8980370750.0,29273.0,2023-09-15 15:04:03,2023-09-15 15:05:03,1.0,2.34,On Time,Traffic
6535672015.0,91217.0,2023-05-05 08:55:49,2023-05-05 09:00:49,5.0,3.94,On Time,Traffic
6999060704.0,29169.0,2023-04-28 16:11:23,2023-04-28 16:18:23,7.0,4.34,Slightly Delayed,Traffic
9403732731.0,97526.0,2024-05-26 16:03:08,2024-05-26 16:07:08,4.0,4.7,On Time,Traffic
5649255352.0,42987.0,2024-10-30 23:50:54,2024-10-30 23:52:54,2.0,1.79,On Time,Traffic
5034409841.0,71481.0,2023-08-15 03:32:51,2023-08-15 03:50:51,18.0,1.76,Significantly Delayed,Traffic
9072111617.0,7933.0,2024-09-15 22:30:56,2024-09-15 22:27:56,-3.0,0.69,On Time,
9556880451.0,26471.0,2023-10-08 11:39:54,2023-10-08 11:34:54,-5.0,0.88,On Time,
4602796463.0,15486.0,2024-09-12 05:39:17,2024-09-12 05:44:17,5.0,4.75,On Time,Traffic
6061353924.0,5451.0,2024-03-03 22:26:37,2024-03-03 22:23:37,-3.0,2.47,On Time,
4366519080.0,71938.0,2023-05-29 18:10:41,2023-05-29 18:06:41,-4.0,4.15,On Time,
1324817141.0,88990.0,2023-08-17 22:14:37,2023-08-17 22:12:37,-2.0,3.53,On Time,
5419080144.0,87381.0,2024-11-01 16:59:12,2024-11-01 16:54:12,-5.0,3.05,On Time,
8813470284.0,39091.0,2024-01-04 05:35:34,2024-01-04 05:30:34,-5.0,3.15,On Time,
3182992799.0,26718.0,2023-10-18 14:12:00,2023-10-18 14:25:00,13.0,4.56,Slightly Delayed,Traffic
7792996715.0,57039.0,2024-01-03 15:14:47,2024-01-03 15:09:47,-5.0,4.66,On Time,
6962624734.0,32296.0,2023-04-27 09:12:43,2023-04-27 09:17:43,5.0,1.69,On Time,Traffic
5948662456.0,39614.0,2023-06-29 18:45:14,2023-06-29 18:47:14,2.0,0.64,On Time,Traffic
3395675979.0,8303.0,2023-06-10 16:10:50,2023-06-10 16:07:50,-3.0,2.55,On Time,
7550368787.0,25992.0,2023-12-30 18:05:47,2023-12-30 18:17:47,12.0,4.12,Slightly Delayed,Traffic
8357671697.0,16324.0,2024-04-14 00:56:08,2024-04-14 00:55:08,-1.0,1.14,On Time,
9600704922.0,40938.0,2023-11-13 12:51:56,2023-11-13 12:50:56,-1.0,4.99,On Time,
9915229426.0,7428.0,2024-02-03 02:57:57,2024-02-03 02:57:57,0.0,1.69,On Time,
9927474026.0,85439.0,2023-03-28 04:20:24,2023-03-28 04:33:24,13.0,0.9,Slightly Delayed,Traffic
6310535397.0,8620.0,2023-05-26 18:03:19,2023-05-26 18:03:19,0.0,3.54,On Time,
8045941430.0,43620.0,2023-05-24 15:22:03,2023-05-24 15:22:03,0.0,0.64,On Time,
4390394582.0,97518.0,2024-11-02 11:38:29,2024-11-02 11:38:29,0.0,4.85,On Time,
5062545226.0,54305.0,2023-11-28 04:36:44,2023-11-28 04:33:44,-3.0,1.59,On Time,
2836701831.0,84057.0,2024-06-13 14:27:45,2024-06-13 14:31:45,4.0,1.63,On Time,Traffic
4115492281.0,99505.0,2024-01-07 01:51:47,2024-01-07 01:52:47,1.0,2.16,On Time,Traffic
3554645781.0,64263.0,2024-04-25 15:15:42,2024-04-25 15:24:42,9.0,3.43,Slightly Delayed,Traffic
3983605701.0,58335.0,2024-01-27 12:43:20,2024-01-27 12:52:20,9.0,2.75,Slightly Delayed,Traffic
8581516385.0,29947.0,2023-12-14 19:49:41,2023-12-14 19:49:41,0.0,2.41,On Time,
8290229112.0,29611.0,2024-03-09 05:19:27,2024-03-09 05:16:27,-3.0,2.06,On Time,
1195560119.0,6698.0,2023-04-03 17:33:14,2023-04-03 17:36:14,3.0,1.79,On Time,Traffic
5077327994.0,93285.0,2023-08-01 20:26:55,2023-08-01 20:23:55,-3.0,4.36,On Time,
2945185661.0,6710.0,2023-07-09 12:20:20,2023-07-09 12:18:20,-2.0,2.76,On Time,
3951005873.0,73170.0,2024-10-03 15:14:55,2024-10-03 15:09:55,-5.0,4.02,On Time,
3490816523.0,16914.0,2024-01-27 20:28:17,2024-01-27 20:43:17,15.0,4.88,Slightly Delayed,Traffic
6739114301.0,10714.0,2023-03-26 18:26:22,2023-03-26 18:28:22,2.0,1.42,On Time,Traffic
5728818155.0,40143.0,2023-11-03 01:10:05,2023-11-03 01:18:05,8.0,1.82,Slightly Delayed,Traffic
7713651693.0,17257.0,2023-08-07 02:11:01,2023-08-07 02:16:01,5.0,4.26,On Time,Traffic
5452048621.0,51769.0,2024-10-22 15:28:22,2024-10-22 15:43:22,15.0,1.74,Slightly Delayed,Traffic
2297027645.0,67885.0,2024-04-17 21:16:49,2024-04-17 21:11:49,-5.0,2.68,On Time,
2438302298.0,96633.0,2023-04-24 00:18:48,2023-04-24 00:33:48,15.0,2.07,Slightly Delayed,Traffic
578811216.0,5169.0,2024-06-18 10:37:42,2024-06-18 10:55:42,18.0,0.57,Significantly Delayed,Traffic
8684710720.0,45070.0,2023-09-12 02:37:31,2023-09-12 02:36:31,-1.0,3.27,On Time,
1249797614.0,18282.0,2024-06-27 18:43:11,2024-06-27 18:44:11,1.0,4.91,On Time,Traffic
8013026217.0,53586.0,2023-03-21 12:41:23,2023-03-21 12:41:23,0.0,2.31,On Time,
5421697986.0,87496.0,2023-05-26 02:45:40,2023-05-26 02:49:40,4.0,4.2,On Time,Traffic
8922741261.0,48378.0,2024-08-11 00:53:08,2024-08-11 00:54:08,1.0,2.01,On Time,Traffic
3441102335.0,47299.0,2023-11-04 00:39:33,2023-11-04 00:39:33,0.0,1.66,On Time,
6065607924.0,13007.0,2024-05-08 08:33:44,2024-05-08 08:32:44,-1.0,2.71,On Time,
5153395650.0,19704.0,2023-03-23 15:34:35,2023-03-23 15:38:35,4.0,4.12,On Time,Traffic
2215235447.0,26672.0,2024-09-16 17:25:09,2024-09-16 17:21:09,-4.0,3.74,On Time,
5678676134.0,90181.0,2024-09-21 15:50:00,2024-09-21 15:46:00,-4.0,4.35,On Time,
5045588926.0,32917.0,2023-07-04 16:23:56,2023-07-04 16:24:56,1.0,2.76,On Time,Traffic
1677502866.0,1304.0,2024-01-18 08:46:32,2024-01-18 08:43:32,-3.0,2.08,On Time,
4777610024.0,34722.0,2024-05-25 03:47:47,2024-05-25 03:57:47,10.0,1.04,Slightly Delayed,Traffic
477350788.0,87.0,2023-10-12 05:18:47,2023-10-12 05:13:47,-5.0,1.37,On Time,
4616699342.0,34959.0,2023-04-16 07:39:57,2023-04-16 07:35:57,-4.0,2.98,On Time,
8849914077.0,91680.0,2024-01-30 00:18:27,2024-01-30 00:17:27,-1.0,4.75,On Time,
9183435457.0,11473.0,2024-10-22 00:07:41,2024-10-22 00:03:41,-4.0,0.97,On Time,
6922646336.0,26070.0,2023-06-24 00:02:44,2023-06-24 00:05:44,3.0,3.81,On Time,Traffic
3228806806.0,4696.0,2023-06-29 08:31:20,2023-06-29 08:54:20,23.0,3.64,Significantly Delayed,Traffic
4893095476.0,71356.0,2024-10-04 21:24:49,2024-10-04 21:36:49,12.0,0.74,Slightly Delayed,Traffic
7773468233.0,3584.0,2023-10-05 08:28:49,2023-10-05 08:30:49,2.0,1.17,On Time,Traffic
5928657526.0,91083.0,2023-10-14 12:48:49,2023-10-14 12:49:49,1.0,4.07,On Time,Traffic
4435936422.0,84583.0,2023-12-01 19:59:39,2023-12-01 19:58:39,-1.0,4.98,On Time,
6031122324.0,85429.0,2024-06-25 15:38:20,2024-06-25 15:39:20,1.0,2.0,On Time,Traffic
7286969496.0,22044.0,2023-06-21 16:03:03,2023-06-21 16:00:03,-3.0,1.03,On Time,
4665508413.0,31212.0,2023-11-02 01:48:14,2023-11-02 01:48:14,0.0,4.23,On Time,
9224598372.0,432.0,2024-03-31 13:32:14,2024-03-31 13:27:14,-5.0,3.72,On Time,
842020543.0,13649.0,2024-08-14 11:17:48,2024-08-14 11:21:48,4.0,0.67,On Time,Traffic
7237143327.0,40577.0,2023-06-09 21:07:07,2023-06-09 21:07:07,0.0,2.12,On Time,
5095141954.0,66856.0,2023-08-05 08:37:54,2023-08-05 08:32:54,-5.0,2.62,On Time,
6229535077.0,58180.0,2024-04-01 06:07:44,2024-04-01 06:04:44,-3.0,0.57,On Time,
2984879441.0,87895.0,2024-04-22 07:57:06,2024-04-22 08:01:06,4.0,4.76,On Time,Traffic
785895477.0,94534.0,2023-03-19 19:10:34,2023-03-19 19:38:34,28.0,3.1,Significantly Delayed,Traffic
6220343481.0,80069.0,2023-06-02 23:13:29,2023-06-02 23:17:29,4.0,3.67,On Time,Traffic
5897343054.0,2375.0,2023-03-21 04:28:27,2023-03-21 04:50:27,22.0,3.75,Significantly Delayed,Traffic
60465.0,58998.0,2024-10-23 05:34:29,2024-10-23 05:39:29,5.0,3.97,On Time,Traffic
2245476104.0,18768.0,2023-06-01 09:30:59,2023-06-01 09:33:59,3.0,4.97,On Time,Traffic
6347292505.0,14479.0,2024-06-24 19:56:14,2024-06-24 20:02:14,6.0,1.12,Slightly Delayed,Traffic
8321900643.0,83965.0,2023-10-31 21:49:55,2023-10-31 21:51:55,2.0,3.41,On Time,Traffic
9639033064.0,69379.0,2024-08-15 21:22:38,2024-08-15 21:18:38,-4.0,2.6,On Time,
2748368258.0,83680.0,2023-08-04 00:07:52,2023-08-04 00:02:52,-5.0,4.85,On Time,
1444371693.0,20972.0,2023-05-06 08:37:49,2023-05-06 08:41:49,4.0,4.19,On Time,Traffic
7111342746.0,24182.0,2024-10-19 15:48:16,2024-10-19 15:50:16,2.0,2.46,On Time,Traffic
9457576236.0,62085.0,2023-11-29 18:28:10,2023-11-29 18:34:10,6.0,1.2,Slightly Delayed,Traffic
4167252733.0,29916.0,2023-11-27 17:02:53,2023-11-27 17:01:53,-1.0,4.92,On Time,
4304875010.0,31244.0,2024-01-27 05:35:05,2024-01-27 05:30:05,-5.0,3.42,On Time,
4870910859.0,55357.0,2023-07-04 05:05:00,2023-07-04 05:00:00,-5.0,2.21,On Time,
3674118222.0,34829.0,2024-07-25 07:48:25,2024-07-25 07:54:25,6.0,3.11,Slightly Delayed,Traffic
38408517.0,84919.0,2023-11-26 08:58:03,2023-11-26 09:20:03,22.0,4.98,Significantly Delayed,Traffic
3081609596.0,77266.0,2023-04-09 04:34:53,2023-04-09 04:34:53,0.0,4.39,On Time,
1390229631.0,93232.0,2023-08-07 07:56:06,2023-08-07 08:06:06,10.0,0.65,Slightly Delayed,Traffic
7498092418.0,54791.0,2023-10-12 12:10:11,2023-10-12 12:17:11,7.0,0.6,Slightly Delayed,Traffic
3334055527.0,63631.0,2023-04-18 12:32:04,2023-04-18 12:36:04,4.0,0.72,On Time,Traffic
8729426842.0,75375.0,2023-06-07 03:21:57,2023-06-07 03:16:57,-5.0,2.81,On Time,
1722808791.0,24901.0,2023-05-16 12:35:04,2023-05-16 12:31:04,-4.0,1.42,On Time,
9775070757.0,13251.0,2024-03-15 07:08:36,2024-03-15 07:15:36,7.0,4.66,Slightly Delayed,Traffic
4737779056.0,18157.0,2024-08-09 00:06:43,2024-08-09 00:01:43,-5.0,1.64,On Time,
2047483376.0,55201.0,2023-10-15 15:57:58,2023-10-15 15:59:58,2.0,0.53,On Time,Traffic
4758632331.0,87979.0,2023-09-06 03:20:59,2023-09-06 03:47:59,27.0,4.89,Significantly Delayed,Traffic
4741574337.0,8790.0,2024-02-09 02:04:09,2024-02-09 02:08:09,4.0,4.22,On Time,Traffic
5805120939.0,42843.0,2024-07-10 13:06:15,2024-07-10 13:18:15,12.0,2.52,Slightly Delayed,Traffic
7550508.0,38073.0,2023-10-20 11:07:27,2023-10-20 11:06:27,-1.0,2.21,On Time,
1966056265.0,1498.0,2024-08-11 05:12:11,2024-08-11 05:17:11,5.0,3.87,On Time,Traffic
6363072906.0,44781.0,2024-07-08 15:43:40,2024-07-08 15:40:40,-3.0,3.02,On Time,
7389054351.0,81899.0,2023-12-22 07:01:03,2023-12-22 07:00:03,-1.0,1.6,On Time,
7146572423.0,63798.0,2023-06-01 18:47:03,2023-06-01 18:50:03,3.0,3.16,On Time,Traffic
4590810848.0,58417.0,2023-05-24 12:22:07,2023-05-24 12:20:07,-2.0,1.32,On Time,
9226364404.0,69366.0,2023-11-22 23:56:13,2023-11-23 00:26:13,30.0,1.45,Significantly Delayed,Traffic
6687792641.0,85941.0,2024-05-20 07:10:38,2024-05-20 07:11:38,1.0,1.91,On Time,Traffic
5183577434.0,48713.0,2024-01-03 20:12:56,2024-01-03 20:17:56,5.0,3.31,On Time,Traffic
7440785414.0,14917.0,2023-11-01 08:43:02,2023-11-01 08:40:02,-3.0,2.09,On Time,
7932057095.0,5226.0,2023-09-20 03:22:19,2023-09-20 03:18:19,-4.0,2.07,On Time,
6126906924.0,2241.0,2023-12-01 22:36:22,2023-12-01 22:37:22,1.0,3.73,On Time,Traffic
8997788831.0,69051.0,2023-03-23 23:42:53,2023-03-23 23:38:53,-4.0,0.77,On Time,
3480516243.0,7250.0,2024-08-06 00:07:45,2024-08-06 00:12:45,5.0,3.77,On Time,Traffic
1234692850.0,33571.0,2024-03-19 06:09:32,2024-03-19 06:05:32,-4.0,1.94,On Time,
4954911880.0,79410.0,2023-04-09 04:14:19,2023-04-09 04:19:19,5.0,1.8,On Time,Traffic
504060154.0,95455.0,2023-07-18 20:59:32,2023-07-18 21:15:32,16.0,4.8,Significantly Delayed,Traffic
8723752267.0,61593.0,2024-07-09 03:22:36,2024-07-09 03:24:36,2.0,2.82,On Time,Traffic
5724116944.0,93687.0,2024-06-20 20:40:08,2024-06-20 20:50:08,10.0,1.74,Slightly Delayed,Traffic
8161349145.0,34205.0,2024-03-12 11:15:36,2024-03-12 11:22:36,7.0,1.37,Slightly Delayed,Traffic
2985254380.0,9722.0,2023-11-04 05:27:43,2023-11-04 05:27:43,0.0,3.82,On Time,
9837170359.0,62865.0,2023-04-12 08:54:24,2023-04-12 08:55:24,1.0,0.59,On Time,Traffic
3915323515.0,4185.0,2024-09-11 00:52:04,2024-09-11 00:50:04,-2.0,4.27,On Time,
8829163586.0,39532.0,2024-01-16 06:59:05,2024-01-16 06:58:05,-1.0,3.08,On Time,
961526405.0,5497.0,2024-10-10 13:46:00,2024-10-10 13:51:00,5.0,1.56,On Time,Traffic
5792721465.0,59382.0,2024-10-18 04:47:16,2024-10-18 04:49:16,2.0,0.75,On Time,Traffic
8094117960.0,7809.0,2023-04-04 10:19:06,2023-04-04 10:31:06,12.0,0.57,Slightly Delayed,Traffic
9318325652.0,78258.0,2024-04-12 11:28:31,2024-04-12 11:29:31,1.0,4.54,On Time,Traffic
852676412.0,76980.0,2024-08-11 14:22:16,2024-08-11 14:29:16,7.0,3.17,Slightly Delayed,Traffic
6487883093.0,54257.0,2024-10-19 01:42:09,2024-10-19 01:44:09,2.0,0.6,On Time,Traffic
5398965602.0,42648.0,2024-06-09 05:31:42,2024-06-09 05:44:42,13.0,1.47,Slightly Delayed,Traffic
6149664144.0,53283.0,2024-10-21 02:25:42,2024-10-21 02:43:42,18.0,0.63,Significantly Delayed,Traffic
6231586256.0,10306.0,2023-05-03 23:28:50,2023-05-03 23:27:50,-1.0,2.71,On Time,
4598622116.0,61134.0,2024-03-19 06:28:28,2024-03-19 06:48:28,20.0,4.18,Significantly Delayed,Traffic
8971796779.0,9562.0,2024-07-03 07:37:02,2024-07-03 07:37:02,0.0,4.52,On Time,
2148246883.0,64363.0,2023-09-21 08:22:46,2023-09-21 08:23:46,1.0,3.85,On Time,Traffic
4357632507.0,7296.0,2024-09-13 02:49:41,2024-09-13 02:47:41,-2.0,4.26,On Time,
3323576462.0,62311.0,2023-12-10 23:34:46,2023-12-10 23:31:46,-3.0,1.1,On Time,
4220834107.0,39345.0,2023-09-29 22:17:34,2023-09-29 22:19:34,2.0,2.0,On Time,Traffic
4409513224.0,42130.0,2024-10-26 17:24:24,2024-10-26 17:39:24,15.0,4.43,Slightly Delayed,Traffic
5610159677.0,19987.0,2023-08-31 12:41:40,2023-08-31 12:39:40,-2.0,2.26,On Time,
6259219127.0,17129.0,2023-05-12 21:47:44,2023-05-12 21:52:44,5.0,1.25,On Time,Traffic
5628497118.0,87309.0,2024-10-24 08:19:56,2024-10-24 08:34:56,15.0,1.16,Slightly Delayed,Traffic
1508576390.0,46857.0,2023-07-27 08:49:51,2023-07-27 09:13:51,24.0,3.05,Significantly Delayed,Traffic
5922953060.0,71666.0,2024-09-13 18:23:03,2024-09-13 18:25:03,2.0,3.98,On Time,Traffic
5130838561.0,26109.0,2023-07-26 20:06:28,2023-07-26 20:08:28,2.0,2.25,On Time,Traffic
3217749279.0,21471.0,2023-09-29 04:36:36,2023-09-29 04:31:36,-5.0,1.71,On Time,
9279422297.0,29442.0,2023-04-07 10:55:15,2023-04-07 10:54:15,-1.0,0.89,On Time,
222955546.0,69541.0,2023-09-27 19:02:23,2023-09-27 19:24:23,22.0,1.31,Significantly Delayed,Traffic
8290493339.0,23578.0,2024-01-29 17:50:49,2024-01-29 17:49:49,-1.0,3.59,On Time,
6418952352.0,27372.0,2023-08-31 16:04:34,2023-08-31 16:02:34,-2.0,2.95,On Time,
8978231928.0,5320.0,2024-10-30 16:31:20,2024-10-30 16:39:20,8.0,0.51,Slightly Delayed,Traffic
3746306403.0,24591.0,2023-07-03 01:59:54,2023-07-03 02:02:54,3.0,4.05,On Time,Traffic
3157198428.0,42198.0,2024-10-30 05:15:11,2024-10-30 05:11:11,-4.0,0.51,On Time,
981939883.0,60237.0,2023-05-03 16:58:24,2023-05-03 17:08:24,10.0,3.17,Slightly Delayed,Traffic
6569836274.0,18594.0,2024-06-24 17:30:34,2024-06-24 17:41:34,11.0,0.84,Slightly Delayed,Traffic
5695124358.0,12767.0,2024-05-16 05:22:56,2024-05-16 05:18:56,-4.0,2.51,On Time,
773335066.0,91032.0,2023-07-24 22:14:43,2023-07-24 22:13:43,-1.0,4.68,On Time,
3618712852.0,68636.0,2023-10-14 05:33:24,2023-10-14 05:34:24,1.0,3.09,On Time,Traffic
6009732867.0,91790.0,2024-08-02 07:39:36,2024-08-02 07:34:36,-5.0,3.52,On Time,
7269785858.0,6677.0,2024-08-04 04:17:54,2024-08-04 04:17:54,0.0,1.52,On Time,
5798831066.0,15811.0,2024-04-16 21:58:06,2024-04-16 21:54:06,-4.0,4.27,On Time,
5330654120.0,21693.0,2024-11-03 04:06:18,2024-11-03 04:01:18,-5.0,1.59,On Time,
462189338.0,90802.0,2023-09-04 03:51:49,2023-09-04 03:46:49,-5.0,1.26,On Time,
7536187765.0,37981.0,2024-04-15 19:50:23,2024-04-15 19:47:23,-3.0,4.69,On Time,
9938820107.0,22973.0,2023-11-07 11:02:13,2023-11-07 11:00:13,-2.0,2.65,On Time,
9410751894.0,38915.0,2024-07-25 06:30:25,2024-07-25 06:28:25,-2.0,0.89,On Time,
9172888683.0,86299.0,2024-06-18 01:21:02,2024-06-18 01:23:02,2.0,3.76,On Time,Traffic
8018695018.0,75374.0,2023-05-04 00:29:26,2023-05-04 00:39:26,10.0,0.65,Slightly Delayed,Traffic
7456610316.0,78607.0,2024-07-03 06:06:52,2024-07-03 06:09:52,3.0,0.92,On Time,Traffic
5627902734.0,78934.0,2023-03-16 19:25:26,2023-03-16 19:26:26,1.0,1.98,On Time,Traffic
5189768940.0,38893.0,2023-10-05 08:33:29,2023-10-05 08:34:29,1.0,2.66,On Time,Traffic
173709007.0,80576.0,2023-10-09 03:27:24,2023-10-09 03:48:24,21.0,1.02,Significantly Delayed,Traffic
1485229334.0,24486.0,2023-07-19 05:36:43,2023-07-19 05:32:43,-4.0,1.95,On Time,
9334479603.0,10385.0,2023-04-16 20:27:21,2023-04-16 20:27:21,0.0,4.73,On Time,
8674211510.0,59298.0,2023-09-01 11:16:12,2023-09-01 11:18:12,2.0,3.58,On Time,Traffic
390257855.0,10059.0,2023-04-22 18:34:18,2023-04-22 18:38:18,4.0,2.42,On Time,Traffic
6642374542.0,33880.0,2024-08-30 20:44:58,2024-08-30 20:44:58,0.0,4.0,On Time,
6585999443.0,41264.0,2023-06-10 06:39:25,2023-06-10 06:39:25,0.0,4.01,On Time,
622705569.0,50356.0,2024-07-07 09:33:21,2024-07-07 09:31:21,-2.0,4.91,On Time,
1635083835.0,52328.0,2023-09-27 09:01:18,2023-09-27 09:16:18,15.0,2.2,Slightly Delayed,Traffic
7359512417.0,99158.0,2024-08-30 06:49:00,2024-08-30 07:03:00,14.0,1.12,Slightly Delayed,Traffic
9237698013.0,97783.0,2024-08-15 20:55:56,2024-08-15 20:54:56,-1.0,1.08,On Time,
3492935177.0,92168.0,2024-03-24 01:11:20,2024-03-24 01:13:20,2.0,2.14,On Time,Traffic
4324086468.0,98362.0,2024-02-25 04:43:09,2024-02-25 04:47:09,4.0,3.56,On Time,Traffic
9171218505.0,20611.0,2024-05-31 15:19:35,2024-05-31 15:42:35,23.0,1.29,Significantly Delayed,Traffic
5068157547.0,88481.0,2023-10-10 13:23:06,2023-10-10 13:20:06,-3.0,4.74,On Time,
8558710948.0,77005.0,2024-06-21 18:57:51,2024-06-21 19:01:51,4.0,4.25,On Time,Traffic
3184669775.0,19867.0,2024-05-13 02:58:12,2024-05-13 03:26:12,28.0,1.65,Significantly Delayed,Traffic
7079324691.0,462.0,2023-04-04 09:25:35,2023-04-04 09:23:35,-2.0,4.08,On Time,
4210311922.0,10778.0,2023-05-17 21:10:34,2023-05-17 21:12:34,2.0,2.81,On Time,Traffic
7660037070.0,70814.0,2024-02-16 21:08:57,2024-02-16 21:04:57,-4.0,1.94,On Time,
9410025634.0,88594.0,2024-01-28 03:23:47,2024-01-28 03:26:47,3.0,4.12,On Time,Traffic
6798589010.0,91875.0,2023-09-27 15:29:51,2023-09-27 15:38:51,9.0,3.82,Slightly Delayed,Traffic
5401466202.0,7713.0,2024-09-26 20:01:44,2024-09-26 20:14:44,13.0,1.09,Slightly Delayed,Traffic
9102648124.0,87083.0,2024-01-06 15:39:13,2024-01-06 15:49:13,10.0,3.97,Slightly Delayed,Traffic
1969956670.0,72157.0,2024-10-24 01:46:23,2024-10-24 01:54:23,8.0,2.05,Slightly Delayed,Traffic
1194228460.0,35853.0,2024-03-11 16:26:01,2024-03-11 16:25:01,-1.0,2.61,On Time,
9628463148.0,5444.0,2024-08-25 17:14:55,2024-08-25 17:19:55,5.0,1.55,On Time,Traffic
7745364283.0,23255.0,2023-06-18 19:08:01,2023-06-18 19:11:01,3.0,2.67,On Time,Traffic
9892343037.0,19236.0,2024-07-31 02:54:27,2024-07-31 03:13:27,19.0,1.0,Significantly Delayed,Traffic
1588828749.0,54662.0,2023-11-17 13:53:42,2023-11-17 13:56:42,3.0,4.49,On Time,Traffic
4037647778.0,651.0,2023-03-17 05:49:10,2023-03-17 05:48:10,-1.0,1.84,On Time,
6664301655.0,67132.0,2023-07-31 01:50:44,2023-07-31 01:48:44,-2.0,2.45,On Time,
7096225581.0,33119.0,2024-06-27 14:05:51,2024-06-27 14:10:51,5.0,2.23,On Time,Traffic
79029185.0,72146.0,2024-06-06 14:05:34,2024-06-06 14:20:34,15.0,4.12,Slightly Delayed,Traffic
7831967187.0,34714.0,2023-06-06 01:01:41,2023-06-06 01:01:41,0.0,1.18,On Time,
482214790.0,49560.0,2023-04-10 05:48:48,2023-04-10 05:52:48,4.0,4.85,On Time,Traffic
5931307224.0,44956.0,2023-11-27 08:58:41,2023-11-27 09:22:41,24.0,2.44,Significantly Delayed,Traffic
6410432854.0,44093.0,2023-11-23 13:53:14,2023-11-23 13:59:14,6.0,3.43,Slightly Delayed,Traffic
6124624375.0,53745.0,2024-09-12 04:26:44,2024-09-12 04:32:44,6.0,4.25,Slightly Delayed,Traffic
8992870838.0,81482.0,2023-09-17 06:36:15,2023-09-17 06:31:15,-5.0,4.64,On Time,
8377146126.0,5897.0,2024-02-27 17:51:31,2024-02-27 17:47:31,-4.0,1.35,On Time,
7852428533.0,50641.0,2023-06-05 06:31:09,2023-06-05 06:37:09,6.0,1.34,Slightly Delayed,Traffic
9258876870.0,20123.0,2024-03-14 16:16:39,2024-03-14 16:13:39,-3.0,4.13,On Time,
6810940082.0,15147.0,2023-11-02 14:52:54,2023-11-02 14:55:54,3.0,3.66,On Time,Traffic
3330538479.0,52024.0,2024-01-23 16:31:51,2024-01-23 16:30:51,-1.0,4.86,On Time,
7270469981.0,60463.0,2023-07-28 03:50:24,2023-07-28 03:47:24,-3.0,2.0,On Time,
5636241570.0,98065.0,2024-06-21 20:24:31,2024-06-21 20:28:31,4.0,3.06,On Time,Traffic
4467471002.0,81664.0,2023-11-27 13:28:59,2023-11-27 13:44:59,16.0,2.01,Significantly Delayed,Traffic
6201821502.0,57553.0,2024-05-03 13:23:47,2024-05-03 13:30:47,7.0,4.2,Slightly Delayed,Traffic
6144140039.0,6277.0,2024-03-22 19:18:48,2024-03-22 19:13:48,-5.0,4.66,On Time,
3310749597.0,34920.0,2023-07-05 04:30:43,2023-07-05 04:40:43,10.0,1.33,Slightly Delayed,Traffic
5085488484.0,30364.0,2023-12-09 11:56:45,2023-12-09 11:53:45,-3.0,2.76,On Time,
587498345.0,93712.0,2024-06-28 04:04:22,2024-06-28 04:18:22,14.0,2.64,Slightly Delayed,Traffic
5136205193.0,35041.0,2023-08-22 07:18:34,2023-08-22 07:17:34,-1.0,1.22,On Time,
9321319130.0,57794.0,2023-12-31 12:01:11,2023-12-31 12:00:11,-1.0,3.69,On Time,
9113393578.0,37638.0,2023-12-09 00:15:07,2023-12-09 00:16:07,1.0,2.46,On Time,Traffic
3860678807.0,82696.0,2023-04-19 14:27:34,2023-04-19 14:37:34,10.0,4.14,Slightly Delayed,Traffic
3603683788.0,64456.0,2023-08-18 09:57:35,2023-08-18 09:52:35,-5.0,4.22,On Time,
4472082279.0,33852.0,2023-10-15 04:42:26,2023-10-15 04:41:26,-1.0,1.4,On Time,
4104732514.0,95165.0,2024-06-13 20:04:54,2024-06-13 20:04:54,0.0,0.98,On Time,
9050314096.0,63220.0,2023-05-26 07:34:43,2023-05-26 07:31:43,-3.0,3.43,On Time,
9296105870.0,24307.0,2024-02-21 17:20:42,2024-02-21 17:22:42,2.0,1.28,On Time,Traffic
4678456188.0,70252.0,2023-12-12 12:58:19,2023-12-12 13:26:19,28.0,3.44,Significantly Delayed,Traffic
812386333.0,10021.0,2024-09-18 10:33:36,2024-09-18 10:29:36,-4.0,3.01,On Time,
8100314462.0,60492.0,2024-02-10 14:55:00,2024-02-10 15:20:00,25.0,1.25,Significantly Delayed,Traffic
781509952.0,41511.0,2023-04-02 19:14:48,2023-04-02 19:12:48,-2.0,3.64,On Time,
1918416669.0,33170.0,2023-05-08 23:14:16,2023-05-08 23:19:16,5.0,1.92,On Time,Traffic
1152165724.0,53106.0,2024-01-04 10:35:15,2024-01-04 11:00:15,25.0,3.92,Significantly Delayed,Traffic
9664390656.0,16129.0,2023-08-09 09:37:19,2023-08-09 09:39:19,2.0,4.67,On Time,Traffic
2686950796.0,7632.0,2023-05-15 08:30:32,2023-05-15 08:49:32,19.0,4.05,Significantly Delayed,Traffic
7332801173.0,81859.0,2023-06-12 15:01:29,2023-06-12 15:02:29,1.0,1.01,On Time,Traffic
3503438244.0,17071.0,2024-02-14 01:15:54,2024-02-14 01:13:54,-2.0,3.61,On Time,
4044591373.0,22077.0,2024-04-19 14:33:19,2024-04-19 14:38:19,5.0,2.21,On Time,Traffic
7817195618.0,69802.0,2023-05-17 00:09:22,2023-05-17 00:11:22,2.0,2.89,On Time,Traffic
8974710941.0,23334.0,2024-09-03 04:58:02,2024-09-03 05:13:02,15.0,1.07,Slightly Delayed,Traffic
2811268404.0,8913.0,2023-07-21 16:57:28,2023-07-21 17:27:28,30.0,4.68,Significantly Delayed,Traffic
7251548462.0,29113.0,2024-07-07 17:43:52,2024-07-07 17:46:52,3.0,1.49,On Time,Traffic
352037003.0,37403.0,2024-01-28 04:04:56,2024-01-28 04:00:56,-4.0,3.64,On Time,
8510312737.0,38863.0,2024-03-06 15:13:39,2024-03-06 15:09:39,-4.0,2.81,On Time,
3242700095.0,53498.0,2024-10-14 01:26:18,2024-10-14 01:21:18,-5.0,4.34,On Time,
5833898647.0,15139.0,2023-10-09 08:59:04,2023-10-09 09:04:04,5.0,2.45,On Time,Traffic
7212771842.0,7028.0,2023-04-29 22:13:29,2023-04-29 22:09:29,-4.0,1.5,On Time,
7799757050.0,15948.0,2024-05-31 20:33:20,2024-05-31 20:33:20,0.0,1.63,On Time,
9593303695.0,98145.0,2023-07-05 11:26:43,2023-07-05 11:34:43,8.0,1.54,Slightly Delayed,Traffic
7709693536.0,187.0,2023-09-05 19:56:37,2023-09-05 20:04:37,8.0,3.89,Slightly Delayed,Traffic
5092922964.0,87013.0,2023-11-22 14:26:24,2023-11-22 14:21:24,-5.0,2.13,On Time,
8318806722.0,65916.0,2024-07-25 12:41:19,2024-07-25 13:08:19,27.0,2.01,Significantly Delayed,Traffic
4352870279.0,13768.0,2024-07-23 14:18:34,2024-07-23 14:47:34,29.0,3.18,Significantly Delayed,Traffic
6722040962.0,60055.0,2023-11-14 02:40:33,2023-11-14 02:38:33,-2.0,1.47,On Time,
1690831615.0,12676.0,2023-05-25 18:04:52,2023-05-25 17:59:52,-5.0,1.77,On Time,
6475689021.0,46744.0,2023-05-20 21:10:25,2023-05-20 21:13:25,3.0,3.76,On Time,Traffic
8361280131.0,25910.0,2024-09-21 00:21:16,2024-09-21 00:32:16,11.0,4.57,Slightly Delayed,Traffic
2664549359.0,6230.0,2024-06-17 09:19:43,2024-06-17 09:25:43,6.0,2.72,Slightly Delayed,Traffic
9510912773.0,79994.0,2023-05-07 10:15:14,2023-05-07 10:15:14,0.0,2.71,On Time,
3654462337.0,60908.0,2023-09-23 03:27:41,2023-09-23 03:36:41,9.0,1.46,Slightly Delayed,Traffic
2308652017.0,90365.0,2023-08-08 15:21:32,2023-08-08 15:24:32,3.0,2.4,On Time,Traffic
8300200841.0,19811.0,2024-03-15 15:50:39,2024-03-15 15:46:39,-4.0,2.37,On Time,
5027243163.0,72202.0,2024-03-19 13:11:48,2024-03-19 13:16:48,5.0,3.13,On Time,Traffic
713290065.0,69957.0,2023-11-05 11:24:41,2023-11-05 11:28:41,4.0,2.53,On Time,Traffic
2006434350.0,5355.0,2023-06-24 15:53:32,2023-06-24 15:58:32,5.0,1.71,On Time,Traffic
6587221270.0,8043.0,2023-12-23 01:18:59,2023-12-23 01:21:59,3.0,3.78,On Time,Traffic
969705468.0,86249.0,2024-01-06 20:31:18,2024-01-06 20:34:18,3.0,2.3,On Time,Traffic
4492000627.0,51632.0,2023-05-30 11:03:32,2023-05-30 10:59:32,-4.0,1.48,On Time,
977290328.0,80011.0,2023-12-14 10:41:15,2023-12-14 11:06:15,25.0,1.93,Significantly Delayed,Traffic
8735245723.0,81631.0,2023-07-04 16:05:03,2023-07-04 16:00:03,-5.0,2.09,On Time,
6299539090.0,11906.0,2024-08-30 01:13:24,2024-08-30 01:14:24,1.0,3.6,On Time,Traffic
2177211652.0,51339.0,2023-06-29 22:44:02,2023-06-29 23:08:02,24.0,2.31,Significantly Delayed,Traffic
8972569491.0,43612.0,2023-11-26 12:53:15,2023-11-26 13:23:15,30.0,1.91,Significantly Delayed,Traffic
7658414712.0,65853.0,2023-09-14 18:08:43,2023-09-14 18:05:43,-3.0,0.69,On Time,
2069355540.0,46546.0,2024-07-27 16:38:39,2024-07-27 16:40:39,2.0,2.68,On Time,Traffic
4084790776.0,74479.0,2024-09-09 14:25:37,2024-09-09 14:30:37,5.0,4.27,On Time,Traffic
8716008121.0,94222.0,2023-12-21 14:14:26,2023-12-21 14:09:26,-5.0,1.07,On Time,
9781965606.0,41676.0,2023-07-12 16:56:41,2023-07-12 16:54:41,-2.0,4.27,On Time,
8380133046.0,83971.0,2024-02-05 17:45:35,2024-02-05 17:47:35,2.0,4.5,On Time,Traffic
691827543.0,32846.0,2023-04-15 13:33:53,2023-04-15 13:31:53,-2.0,2.76,On Time,
5750245858.0,11457.0,2023-04-07 01:01:00,2023-04-07 01:11:00,10.0,2.98,Slightly Delayed,Traffic
1578150657.0,95773.0,2024-10-16 06:25:47,2024-10-16 06:41:47,16.0,0.97,Significantly Delayed,Traffic
9069556587.0,45086.0,2024-02-29 12:16:29,2024-02-29 12:31:29,15.0,1.42,Slightly Delayed,Traffic
8396347551.0,84471.0,2023-09-30 19:26:44,2023-09-30 19:23:44,-3.0,1.44,On Time,
6083487488.0,71075.0,2024-03-11 03:39:00,2024-03-11 03:46:00,7.0,2.4,Slightly Delayed,Traffic
3191281184.0,6400.0,2023-07-01 16:27:53,2023-07-01 16:26:53,-1.0,3.0,On Time,
6397409024.0,47831.0,2024-01-03 08:35:04,2024-01-03 08:48:04,13.0,3.59,Slightly Delayed,Traffic
9021529086.0,70207.0,2024-03-16 19:10:55,2024-03-16 19:09:55,-1.0,1.85,On Time,
8214544415.0,93269.0,2023-12-28 17:48:42,2023-12-28 17:48:42,0.0,3.52,On Time,
8569302709.0,53705.0,2023-10-07 19:42:11,2023-10-07 19:41:11,-1.0,2.25,On Time,
2219192870.0,46891.0,2024-01-18 01:50:44,2024-01-18 02:04:44,14.0,4.83,Slightly Delayed,Traffic
8537081061.0,17933.0,2023-08-16 01:19:14,2023-08-16 01:28:14,9.0,1.22,Slightly Delayed,Traffic
9284683425.0,40427.0,2024-05-16 06:50:24,2024-05-16 06:53:24,3.0,2.84,On Time,Traffic
9774193601.0,23828.0,2023-05-30 11:17:10,2023-05-30 11:43:10,26.0,3.18,Significantly Delayed,Traffic
7496826261.0,70218.0,2023-11-17 05:40:38,2023-11-17 05:44:38,4.0,2.98,On Time,Traffic
1058749075.0,94872.0,2023-08-26 23:24:46,2023-08-26 23:25:46,1.0,4.26,On Time,Traffic
7128038799.0,23163.0,2024-03-10 18:42:41,2024-03-10 18:47:41,5.0,4.31,On Time,Traffic
3596318350.0,79071.0,2024-10-13 09:52:43,2024-10-13 09:55:43,3.0,1.85,On Time,Traffic
3187042843.0,56554.0,2024-01-01 21:09:16,2024-01-01 21:19:16,10.0,4.12,Slightly Delayed,Traffic
4673500573.0,31637.0,2023-10-15 15:02:31,2023-10-15 14:59:31,-3.0,4.03,On Time,
881900445.0,31909.0,2024-08-06 02:26:11,2024-08-06 02:28:11,2.0,0.96,On Time,Traffic
9874112459.0,1360.0,2024-09-26 23:38:36,2024-09-26 23:39:36,1.0,2.04,On Time,Traffic
4531430634.0,18850.0,2023-05-17 06:25:20,2023-05-17 06:23:20,-2.0,1.75,On Time,
6715699166.0,10552.0,2023-08-01 19:20:52,2023-08-01 19:15:52,-5.0,0.84,On Time,
4171748538.0,38252.0,2023-07-06 23:05:24,2023-07-06 23:05:24,0.0,2.39,On Time,
4093115982.0,47309.0,2023-05-24 17:21:41,2023-05-24 17:16:41,-5.0,1.77,On Time,
2515279840.0,69394.0,2023-12-24 01:51:21,2023-12-24 01:53:21,2.0,4.6,On Time,Traffic
4981424948.0,25002.0,2024-10-13 22:42:34,2024-10-13 22:41:34,-1.0,2.71,On Time,
1911064507.0,19465.0,2024-02-27 18:16:11,2024-02-27 18:17:11,1.0,2.83,On Time,Traffic
6438392384.0,66077.0,2024-09-14 20:18:42,2024-09-14 20:21:42,3.0,3.53,On Time,Traffic
5859840400.0,47423.0,2023-10-21 23:59:32,2023-10-21 23:59:32,0.0,4.78,On Time,
7640576778.0,28726.0,2024-02-13 17:53:08,2024-02-13 18:00:08,7.0,3.4,Slightly Delayed,Traffic
5453475937.0,96220.0,2023-09-18 12:24:26,2023-09-18 12:23:26,-1.0,4.01,On Time,
653610300.0,31516.0,2023-04-24 03:50:24,2023-04-24 03:53:24,3.0,1.98,On Time,Traffic
730299055.0,66096.0,2024-10-21 18:26:22,2024-10-21 18:21:22,-5.0,0.6,On Time,
8396250231.0,13826.0,2024-02-26 03:27:04,2024-02-26 03:51:04,24.0,1.47,Significantly Delayed,Traffic
8556969682.0,17465.0,2023-05-21 06:18:01,2023-05-21 06:16:01,-2.0,4.62,On Time,
7159670875.0,18099.0,2024-06-22 09:34:03,2024-06-22 09:59:03,25.0,2.68,Significantly Delayed,Traffic
4922278509.0,29558.0,2023-05-31 07:15:00,2023-05-31 07:19:00,4.0,0.58,On Time,Traffic
8151274002.0,38275.0,2024-06-15 16:09:32,2024-06-15 16:13:32,4.0,1.58,On Time,Traffic
5373978100.0,79638.0,2024-01-16 16:52:24,2024-01-16 16:56:24,4.0,3.66,On Time,Traffic
6210207010.0,90871.0,2023-06-27 08:37:16,2023-06-27 08:36:16,-1.0,3.89,On Time,
1837403174.0,10176.0,2023-05-03 21:48:45,2023-05-03 21:51:45,3.0,3.73,On Time,Traffic
1148265823.0,31213.0,2024-10-29 08:42:53,2024-10-29 08:47:53,5.0,4.48,On Time,Traffic
8472487149.0,43294.0,2024-02-12 05:49:12,2024-02-12 06:10:12,21.0,3.43,Significantly Delayed,Traffic
9111535172.0,19224.0,2024-05-08 17:57:04,2024-05-08 17:57:04,0.0,4.93,On Time,
6558001978.0,39255.0,2024-02-19 15:17:47,2024-02-19 15:18:47,1.0,3.47,On Time,Traffic
2762095386.0,69303.0,2024-08-11 16:46:49,2024-08-11 16:49:49,3.0,4.68,On Time,Traffic
2406325099.0,27946.0,2023-11-13 22:55:53,2023-11-13 23:21:53,26.0,1.81,Significantly Delayed,Traffic
4274182127.0,56552.0,2024-09-26 17:03:47,2024-09-26 17:07:47,4.0,3.32,On Time,Traffic
7271609994.0,21302.0,2023-04-25 21:08:47,2023-04-25 21:03:47,-5.0,0.95,On Time,
9182539734.0,19556.0,2023-07-06 15:52:53,2023-07-06 15:54:53,2.0,1.95,On Time,Traffic
7891517071.0,47196.0,2024-01-31 17:30:17,2024-01-31 17:55:17,25.0,2.08,Significantly Delayed,Traffic
3666182849.0,43230.0,2024-11-03 11:51:13,2024-11-03 11:55:13,4.0,2.03,On Time,Traffic
8724590445.0,47010.0,2023-06-02 16:10:43,2023-06-02 16:14:43,4.0,1.18,On Time,Traffic
7919863938.0,68044.0,2024-08-29 23:53:57,2024-08-29 23:51:57,-2.0,3.38,On Time,
3545539999.0,56431.0,2024-01-08 16:10:54,2024-01-08 16:25:54,15.0,1.83,Slightly Delayed,Traffic
7463392603.0,18713.0,2024-02-11 09:39:45,2024-02-11 10:02:45,23.0,2.37,Significantly Delayed,Traffic
7296733293.0,66098.0,2024-02-09 04:02:39,2024-02-09 04:19:39,17.0,4.5,Significantly Delayed,Traffic
7118924734.0,23488.0,2023-10-10 05:41:44,2023-10-10 05:42:44,1.0,3.94,On Time,Traffic
2529809156.0,71519.0,2024-05-21 14:56:44,2024-05-21 15:18:44,22.0,1.81,Significantly Delayed,Traffic
2216699744.0,75428.0,2024-06-14 02:52:43,2024-06-14 02:56:43,4.0,0.54,On Time,Traffic
8257221712.0,19186.0,2023-10-07 04:23:52,2023-10-07 04:52:52,29.0,2.3,Significantly Delayed,Traffic
1357352531.0,35782.0,2023-06-07 13:59:08,2023-06-07 13:58:08,-1.0,2.03,On Time,
2108138590.0,67215.0,2023-11-08 13:09:26,2023-11-08 13:39:26,30.0,2.89,Significantly Delayed,Traffic
5648212121.0,90177.0,2023-12-28 00:19:12,2023-12-28 00:17:12,-2.0,3.15,On Time,
3951878528.0,28174.0,2023-12-23 01:12:42,2023-12-23 01:33:42,21.0,1.68,Significantly Delayed,Traffic
8310385249.0,6118.0,2023-07-29 19:20:41,2023-07-29 19:21:41,1.0,1.68,On Time,Traffic
7513562596.0,10923.0,2024-07-05 09:23:19,2024-07-05 09:22:19,-1.0,1.73,On Time,
6304586678.0,36388.0,2023-09-25 15:25:53,2023-09-25 15:24:53,-1.0,4.28,On Time,
5222812863.0,17086.0,2024-04-11 02:34:28,2024-04-11 02:33:28,-1.0,4.12,On Time,
5393039591.0,31204.0,2024-10-04 08:00:16,2024-10-04 08:00:16,0.0,3.92,On Time,
6708586922.0,86114.0,2024-05-23 17:11:07,2024-05-23 17:33:07,22.0,1.99,Significantly Delayed,Traffic
3177552965.0,8594.0,2024-05-17 13:38:20,2024-05-17 13:39:20,1.0,3.46,On Time,Traffic
607125614.0,55507.0,2024-05-06 11:18:24,2024-05-06 11:31:24,13.0,1.86,Slightly Delayed,Traffic
139417019.0,22566.0,2023-07-09 20:18:51,2023-07-09 20:23:51,5.0,2.1,On Time,Traffic
1893231742.0,69619.0,2024-10-19 04:34:53,2024-10-19 04:39:53,5.0,3.67,On Time,Traffic
3580010065.0,80806.0,2023-05-09 03:07:46,2023-05-09 03:12:46,5.0,2.51,On Time,Traffic
962319394.0,94025.0,2023-08-22 00:20:05,2023-08-22 00:34:05,14.0,3.77,Slightly Delayed,Traffic
8321726382.0,199.0,2023-04-15 13:42:44,2023-04-15 13:37:44,-5.0,3.57,On Time,
1485682761.0,94732.0,2023-10-03 19:26:52,2023-10-03 19:29:52,3.0,4.92,On Time,Traffic
5008756947.0,86785.0,2023-08-26 16:25:41,2023-08-26 16:23:41,-2.0,0.73,On Time,
1334996274.0,35323.0,2023-07-10 16:19:06,2023-07-10 16:18:06,-1.0,2.16,On Time,
2914506024.0,94705.0,2024-02-27 16:23:19,2024-02-27 16:20:19,-3.0,4.82,On Time,
8811831663.0,64662.0,2023-04-11 01:33:20,2023-04-11 01:36:20,3.0,2.57,On Time,Traffic
875427533.0,81548.0,2024-03-27 12:09:09,2024-03-27 12:24:09,15.0,4.89,Slightly Delayed,Traffic
5865390748.0,71450.0,2024-10-01 03:41:09,2024-10-01 03:45:09,4.0,1.86,On Time,Traffic
4054828941.0,43029.0,2023-12-15 22:09:57,2023-12-15 22:28:57,19.0,1.48,Significantly Delayed,Traffic
1257568604.0,44274.0,2023-09-28 17:35:52,2023-09-28 17:36:52,1.0,2.41,On Time,Traffic
2738862626.0,46667.0,2024-01-21 04:41:08,2024-01-21 04:51:08,10.0,1.83,Slightly Delayed,Traffic
7352532839.0,58851.0,2024-02-28 19:17:46,2024-02-28 19:14:46,-3.0,2.79,On Time,
520221662.0,85866.0,2023-07-20 19:35:42,2023-07-20 19:34:42,-1.0,2.16,On Time,
7818925535.0,27625.0,2023-11-02 10:11:32,2023-11-02 10:14:32,3.0,2.24,On Time,Traffic
3476023750.0,37075.0,2023-06-02 21:03:59,2023-06-02 21:01:59,-2.0,4.5,On Time,
8945838922.0,82508.0,2023-05-22 09:54:39,2023-05-22 09:52:39,-2.0,2.96,On Time,
2233053313.0,67838.0,2023-10-14 20:40:47,2023-10-14 20:43:47,3.0,2.81,On Time,Traffic
1844073851.0,76415.0,2024-02-06 09:02:48,2024-02-06 08:58:48,-4.0,3.04,On Time,
8348125769.0,33620.0,2023-12-08 18:27:56,2023-12-08 18:37:56,10.0,4.4,Slightly Delayed,Traffic
8475818223.0,37091.0,2023-11-16 04:21:04,2023-11-16 04:41:04,20.0,1.72,Significantly Delayed,Traffic
4270941188.0,4506.0,2024-01-13 09:37:19,2024-01-13 09:39:19,2.0,1.38,On Time,Traffic
2611200126.0,56652.0,2024-05-12 03:11:07,2024-05-12 03:16:07,5.0,1.86,On Time,Traffic
8573833987.0,92757.0,2024-02-11 13:47:15,2024-02-11 13:42:15,-5.0,1.44,On Time,
2979246068.0,81847.0,2024-02-23 02:57:53,2024-02-23 03:22:53,25.0,0.69,Significantly Delayed,Traffic
6779895105.0,39690.0,2024-09-10 13:02:15,2024-09-10 13:05:15,3.0,1.69,On Time,Traffic
1731478314.0,3611.0,2024-07-30 05:33:35,2024-07-30 05:41:35,8.0,4.16,Slightly Delayed,Traffic
3692405872.0,36429.0,2023-07-31 12:27:00,2023-07-31 12:28:00,1.0,4.61,On Time,Traffic
8853713324.0,72198.0,2023-08-07 02:11:04,2023-08-07 02:06:04,-5.0,4.76,On Time,
979766779.0,55258.0,2024-04-23 22:17:29,2024-04-23 22:18:29,1.0,1.15,On Time,Traffic
5709672475.0,12442.0,2023-08-14 02:48:24,2023-08-14 02:43:24,-5.0,1.7,On Time,
3855709201.0,78393.0,2024-04-23 22:36:51,2024-04-23 22:51:51,15.0,4.71,Slightly Delayed,Traffic
6861065282.0,70502.0,2023-08-18 18:54:22,2023-08-18 19:08:22,14.0,4.02,Slightly Delayed,Traffic
7919724613.0,4767.0,2023-03-21 15:44:10,2023-03-21 15:54:10,10.0,0.94,Slightly Delayed,Traffic
7882742057.0,60422.0,2024-07-26 15:51:14,2024-07-26 15:46:14,-5.0,2.57,On Time,
1929002406.0,6504.0,2023-12-25 21:49:52,2023-12-25 21:46:52,-3.0,1.1,On Time,
2458349464.0,92293.0,2023-04-06 12:50:21,2023-04-06 12:50:21,0.0,2.94,On Time,
6608328221.0,43351.0,2023-07-04 15:47:23,2023-07-04 15:50:23,3.0,1.44,On Time,Traffic
7736615348.0,67076.0,2023-12-06 21:15:03,2023-12-06 21:13:03,-2.0,3.03,On Time,
2591738507.0,76434.0,2024-10-31 07:50:44,2024-10-31 07:48:44,-2.0,2.65,On Time,
6751537971.0,33447.0,2024-07-19 06:23:25,2024-07-19 06:24:25,1.0,3.35,On Time,Traffic
9768154003.0,14323.0,2024-01-23 04:10:24,2024-01-23 04:38:24,28.0,1.43,Significantly Delayed,Traffic
5887288860.0,90694.0,2024-03-01 21:35:19,2024-03-01 21:32:19,-3.0,4.07,On Time,
3559865135.0,90401.0,2024-01-07 15:21:40,2024-01-07 15:31:40,10.0,0.8,Slightly Delayed,Traffic
209044447.0,79837.0,2024-10-05 00:22:57,2024-10-05 00:24:57,2.0,1.28,On Time,Traffic
9643668734.0,79734.0,2024-05-18 13:17:12,2024-05-18 13:38:12,21.0,4.91,Significantly Delayed,Traffic
6115465612.0,57658.0,2023-09-28 12:57:47,2023-09-28 12:55:47,-2.0,0.93,On Time,
8493723088.0,98580.0,2023-12-30 06:36:00,2023-12-30 06:35:00,-1.0,4.04,On Time,
6392024503.0,10391.0,2023-09-05 03:05:56,2023-09-05 03:05:56,0.0,3.61,On Time,
9863468109.0,44564.0,2024-01-28 04:29:04,2024-01-28 04:33:04,4.0,1.29,On Time,Traffic
5448628635.0,36280.0,2023-05-07 13:31:59,2023-05-07 13:35:59,4.0,2.27,On Time,Traffic
3329455953.0,8271.0,2024-03-01 05:59:55,2024-03-01 06:02:55,3.0,3.85,On Time,Traffic
3584190892.0,44526.0,2023-10-17 04:41:37,2023-10-17 04:46:37,5.0,4.28,On Time,Traffic
9097056321.0,26978.0,2024-04-08 08:07:28,2024-04-08 08:05:28,-2.0,3.53,On Time,
525741957.0,28414.0,2023-05-03 06:28:45,2023-05-03 06:28:45,0.0,3.07,On Time,
5387395051.0,63460.0,2024-09-18 08:05:17,2024-09-18 08:18:17,13.0,3.76,Slightly Delayed,Traffic
6799246060.0,84316.0,2023-11-06 06:25:47,2023-11-06 06:21:47,-4.0,2.09,On Time,
8986314607.0,72548.0,2024-08-30 07:05:42,2024-08-30 07:07:42,2.0,2.89,On Time,Traffic
1085912198.0,45229.0,2023-03-21 23:05:08,2023-03-21 23:00:08,-5.0,3.36,On Time,
3423328091.0,87845.0,2023-09-24 21:54:59,2023-09-24 21:52:59,-2.0,3.65,On Time,
9848366909.0,73787.0,2023-11-06 02:58:42,2023-11-06 03:07:42,9.0,1.33,Slightly Delayed,Traffic
936021770.0,2107.0,2024-02-02 05:12:39,2024-02-02 05:15:39,3.0,0.98,On Time,Traffic
8916215165.0,3089.0,2023-08-08 02:45:27,2023-08-08 02:44:27,-1.0,0.56,On Time,
389558867.0,23492.0,2023-09-12 00:23:47,2023-09-12 00:24:47,1.0,2.8,On Time,Traffic
7616883530.0,75823.0,2023-09-05 02:03:10,2023-09-05 02:03:10,0.0,1.61,On Time,
3851744248.0,82050.0,2023-04-30 08:37:50,2023-04-30 08:42:50,5.0,1.07,On Time,Traffic
4953665655.0,95729.0,2024-01-16 22:36:13,2024-01-16 23:01:13,25.0,1.54,Significantly Delayed,Traffic
962864152.0,58963.0,2024-07-19 06:55:56,2024-07-19 06:50:56,-5.0,3.81,On Time,
923668833.0,48623.0,2023-05-12 22:26:40,2023-05-12 22:25:40,-1.0,3.21,On Time,
4022122330.0,76472.0,2023-12-04 19:42:48,2023-12-04 19:57:48,15.0,3.26,Slightly Delayed,Traffic
4564846800.0,41373.0,2023-08-10 01:12:51,2023-08-10 01:26:51,14.0,3.51,Slightly Delayed,Traffic
690652905.0,24116.0,2024-04-24 17:24:57,2024-04-24 17:25:57,1.0,1.86,On Time,Traffic
716741661.0,24941.0,2024-10-15 06:44:15,2024-10-15 06:46:15,2.0,1.69,On Time,Traffic
6575532281.0,43140.0,2024-03-25 01:15:48,2024-03-25 01:39:48,24.0,2.84,Significantly Delayed,Traffic
7486807731.0,58099.0,2023-12-13 13:40:08,2023-12-13 13:58:08,18.0,3.87,Significantly Delayed,Traffic
9721870982.0,12717.0,2023-11-12 10:24:16,2023-11-12 10:20:16,-4.0,3.31,On Time,
8105823343.0,10154.0,2023-10-15 09:10:25,2023-10-15 09:28:25,18.0,4.74,Significantly Delayed,Traffic
7113554979.0,60033.0,2023-11-27 04:21:09,2023-11-27 04:22:09,1.0,2.81,On Time,Traffic
507373134.0,79937.0,2024-10-23 15:07:34,2024-10-23 15:21:34,14.0,1.25,Slightly Delayed,Traffic
4674132573.0,44189.0,2024-10-21 20:27:16,2024-10-21 20:51:16,24.0,4.18,Significantly Delayed,Traffic
487395969.0,10746.0,2023-12-13 17:45:31,2023-12-13 17:43:31,-2.0,1.18,On Time,
3962007460.0,87494.0,2024-07-31 07:47:21,2024-07-31 08:06:21,19.0,4.39,Significantly Delayed,Traffic
2272882287.0,92563.0,2024-07-12 23:21:58,2024-07-12 23:30:58,9.0,2.72,Slightly Delayed,Traffic
4426246696.0,97040.0,2023-11-22 22:51:31,2023-11-22 22:56:31,5.0,3.28,On Time,Traffic
1714709914.0,39465.0,2024-09-10 12:54:01,2024-09-10 12:54:01,0.0,3.16,On Time,
3159133564.0,3774.0,2023-08-05 08:56:09,2023-08-05 09:01:09,5.0,2.57,On Time,Traffic
4531739740.0,2730.0,2024-06-24 04:28:18,2024-06-24 04:27:18,-1.0,0.75,On Time,
3158981349.0,64734.0,2023-10-25 09:02:16,2023-10-25 08:58:16,-4.0,0.81,On Time,
1789010378.0,62408.0,2023-07-28 05:27:23,2023-07-28 05:23:23,-4.0,4.45,On Time,
705203916.0,51498.0,2024-08-04 21:07:03,2024-08-04 21:17:03,10.0,3.18,Slightly Delayed,Traffic
7255510932.0,75343.0,2024-08-06 11:40:44,2024-08-06 11:43:44,3.0,1.88,On Time,Traffic
1991167685.0,97004.0,2024-03-02 13:42:21,2024-03-02 13:42:21,0.0,3.0,On Time,
5103721089.0,48344.0,2023-08-21 00:44:07,2023-08-21 00:51:07,7.0,3.14,Slightly Delayed,Traffic
9674006557.0,74578.0,2023-05-02 13:24:57,2023-05-02 13:20:57,-4.0,0.79,On Time,
1073466441.0,46168.0,2023-05-30 09:23:42,2023-05-30 09:34:42,11.0,4.0,Slightly Delayed,Traffic
5407006470.0,72572.0,2024-05-24 15:08:37,2024-05-24 15:12:37,4.0,2.14,On Time,Traffic
747347782.0,88192.0,2023-04-25 06:56:32,2023-04-25 06:58:32,2.0,1.68,On Time,Traffic
8554063149.0,61925.0,2024-06-09 04:37:22,2024-06-09 04:53:22,16.0,1.63,Significantly Delayed,Traffic
4855215470.0,41692.0,2024-03-31 08:03:38,2024-03-31 08:02:38,-1.0,2.99,On Time,
5008998072.0,68214.0,2024-01-05 09:30:09,2024-01-05 09:26:09,-4.0,4.78,On Time,
9696466906.0,22128.0,2024-05-01 21:46:23,2024-05-01 21:51:23,5.0,2.71,On Time,Traffic
7189534591.0,89782.0,2023-08-18 15:27:56,2023-08-18 15:23:56,-4.0,4.46,On Time,
9965941354.0,10750.0,2023-11-13 20:13:32,2023-11-13 20:29:32,16.0,4.93,Significantly Delayed,Traffic
1275232752.0,80057.0,2023-08-24 07:46:20,2023-08-24 07:50:20,4.0,0.93,On Time,Traffic
343479370.0,63936.0,2024-05-03 12:55:40,2024-05-03 12:59:40,4.0,4.96,On Time,Traffic
2485933387.0,91595.0,2024-07-10 17:45:21,2024-07-10 17:46:21,1.0,4.21,On Time,Traffic
6735843326.0,42373.0,2024-10-24 05:53:04,2024-10-24 06:00:04,7.0,3.25,Slightly Delayed,Traffic
6384313098.0,33058.0,2023-12-07 02:43:53,2023-12-07 02:51:53,8.0,3.43,Slightly Delayed,Traffic
1022032613.0,20565.0,2023-12-10 08:35:59,2023-12-10 08:34:59,-1.0,3.86,On Time,
8026892264.0,34461.0,2023-09-24 14:25:07,2023-09-24 14:29:07,4.0,2.11,On Time,Traffic
7158825499.0,32726.0,2024-04-14 21:47:07,2024-04-14 21:47:07,0.0,2.49,On Time,
5327013494.0,99300.0,2024-04-18 08:29:55,2024-04-18 08:37:55,8.0,2.61,Slightly Delayed,Traffic
1002526452.0,56579.0,2023-07-31 23:29:05,2023-07-31 23:33:05,4.0,0.68,On Time,Traffic
4650525854.0,17326.0,2024-01-17 11:12:53,2024-01-17 11:39:53,27.0,3.32,Significantly Delayed,Traffic
6260291784.0,11624.0,2024-07-08 19:40:57,2024-07-08 19:44:57,4.0,4.54,On Time,Traffic
1884314278.0,32462.0,2023-09-15 23:57:07,2023-09-16 00:01:07,4.0,1.27,On Time,Traffic
7074219396.0,80741.0,2024-05-04 13:28:12,2024-05-04 13:39:12,11.0,3.56,Slightly Delayed,Traffic
807183459.0,23145.0,2023-09-05 12:12:41,2023-09-05 12:18:41,6.0,1.27,Slightly Delayed,Traffic
598539940.0,71176.0,2023-07-28 17:45:14,2023-07-28 17:41:14,-4.0,3.24,On Time,
427702490.0,82652.0,2024-01-20 21:44:03,2024-01-20 21:43:03,-1.0,1.08,On Time,
955844536.0,35124.0,2023-03-29 12:19:35,2023-03-29 12:22:35,3.0,2.61,On Time,Traffic
5397640599.0,61581.0,2024-05-24 20:13:10,2024-05-24 20:16:10,3.0,1.21,On Time,Traffic
3451246886.0,17814.0,2024-05-22 09:42:46,2024-05-22 09:38:46,-4.0,0.75,On Time,
8487733248.0,39978.0,2023-04-26 12:50:26,2023-04-26 13:19:26,29.0,1.34,Significantly Delayed,Traffic
2921621434.0,58563.0,2023-08-17 21:10:25,2023-08-17 21:15:25,5.0,1.47,On Time,Traffic
4757133884.0,38740.0,2024-08-03 14:11:39,2024-08-03 14:15:39,4.0,2.19,On Time,Traffic
1793847102.0,63715.0,2024-09-09 02:12:04,2024-09-09 02:10:04,-2.0,2.63,On Time,
6197760573.0,34868.0,2023-03-27 08:06:31,2023-03-27 08:04:31,-2.0,3.59,On Time,
6818660907.0,81901.0,2024-07-10 08:15:05,2024-07-10 08:11:05,-4.0,0.98,On Time,
7807587130.0,4160.0,2023-12-11 13:34:26,2023-12-11 13:32:26,-2.0,2.3,On Time,
4540563647.0,17669.0,2023-05-14 22:19:58,2023-05-14 22:22:58,3.0,0.88,On Time,Traffic
2480913332.0,86820.0,2023-10-16 13:30:53,2023-10-16 14:00:53,30.0,4.13,Significantly Delayed,Traffic
5735481292.0,75148.0,2024-06-18 00:00:28,2024-06-18 00:17:28,17.0,2.09,Significantly Delayed,Traffic
7112326373.0,63548.0,2023-05-13 11:34:17,2023-05-13 11:30:17,-4.0,3.01,On Time,
614274161.0,22704.0,2023-09-27 09:22:29,2023-09-27 09:25:29,3.0,2.57,On Time,Traffic
5512258335.0,10688.0,2024-03-23 00:30:43,2024-03-23 00:30:43,0.0,3.82,On Time,
1214757247.0,57089.0,2023-09-06 18:01:49,2023-09-06 17:58:49,-3.0,4.08,On Time,
4211686231.0,18758.0,2023-06-09 05:10:26,2023-06-09 05:08:26,-2.0,1.43,On Time,
5288088590.0,37879.0,2023-12-22 08:16:54,2023-12-22 08:17:54,1.0,2.73,On Time,Traffic
1193525681.0,91249.0,2024-09-17 00:28:49,2024-09-17 00:29:49,1.0,1.02,On Time,Traffic
5132095929.0,96312.0,2024-06-29 21:21:38,2024-06-29 21:30:38,9.0,4.42,Slightly Delayed,Traffic
7703144556.0,67233.0,2023-12-21 06:07:15,2023-12-21 06:28:15,21.0,3.12,Significantly Delayed,Traffic
6786199145.0,82010.0,2024-09-04 08:17:43,2024-09-04 08:13:43,-4.0,1.32,On Time,
2463627380.0,20216.0,2024-08-03 01:15:53,2024-08-03 01:15:53,0.0,2.08,On Time,
6331115638.0,69994.0,2023-07-15 22:18:21,2023-07-15 22:13:21,-5.0,2.75,On Time,
9212312136.0,33363.0,2023-12-06 02:44:00,2023-12-06 02:56:00,12.0,2.94,Slightly Delayed,Traffic
6788500162.0,97174.0,2024-07-10 01:42:46,2024-07-10 01:55:46,13.0,3.47,Slightly Delayed,Traffic
2166421384.0,52405.0,2024-05-18 15:55:45,2024-05-18 16:03:45,8.0,4.4,Slightly Delayed,Traffic
2744509800.0,21797.0,2023-08-31 10:21:20,2023-08-31 10:22:20,1.0,0.78,On Time,Traffic
8806260669.0,37678.0,2023-10-17 13:19:52,2023-10-17 13:46:52,27.0,1.2,Significantly Delayed,Traffic
7773287963.0,19710.0,2023-03-22 02:29:29,2023-03-22 02:34:29,5.0,2.86,On Time,Traffic
8153845667.0,62899.0,2024-08-09 08:58:33,2024-08-09 08:55:33,-3.0,1.03,On Time,
8345887091.0,52252.0,2024-10-13 15:40:55,2024-10-13 15:44:55,4.0,2.54,On Time,Traffic
6638429050.0,61637.0,2024-09-18 07:48:35,2024-09-18 07:52:35,4.0,2.71,On Time,Traffic
4132900691.0,91813.0,2024-09-11 01:04:34,2024-09-11 01:11:34,7.0,1.32,Slightly Delayed,Traffic
2119346062.0,62669.0,2023-07-03 12:58:21,2023-07-03 12:54:21,-4.0,4.14,On Time,
689310626.0,42464.0,2024-10-01 13:23:45,2024-10-01 13:37:45,14.0,2.08,Slightly Delayed,Traffic
9246993674.0,40297.0,2023-11-10 03:53:03,2023-11-10 04:06:03,13.0,2.21,Slightly Delayed,Traffic
2282234185.0,5912.0,2024-07-14 05:55:34,2024-07-14 05:52:34,-3.0,3.74,On Time,
9697170386.0,88029.0,2024-10-07 10:42:41,2024-10-07 10:37:41,-5.0,1.72,On Time,
6376147802.0,83140.0,2024-07-16 21:37:19,2024-07-16 21:51:19,14.0,4.03,Slightly Delayed,Traffic
7415158732.0,7676.0,2024-01-05 20:15:50,2024-01-05 20:32:50,17.0,1.24,Significantly Delayed,Traffic
343300311.0,90807.0,2024-08-04 01:37:23,2024-08-04 01:43:23,6.0,1.36,Slightly Delayed,Traffic
3922539531.0,92783.0,2024-09-24 15:54:04,2024-09-24 15:54:04,0.0,4.28,On Time,
7634516705.0,57257.0,2023-10-15 14:56:27,2023-10-15 15:01:27,5.0,2.98,On Time,Traffic
8731122718.0,86271.0,2023-04-23 05:56:37,2023-04-23 06:09:37,13.0,2.48,Slightly Delayed,Traffic
9471236505.0,81145.0,2024-10-05 11:12:10,2024-10-05 11:35:10,23.0,2.33,Significantly Delayed,Traffic
9497014025.0,52244.0,2024-11-03 05:01:42,2024-11-03 05:14:42,13.0,3.85,Slightly Delayed,Traffic
592358946.0,90258.0,2024-08-22 02:14:12,2024-08-22 02:17:12,3.0,1.19,On Time,Traffic
9680783354.0,42017.0,2023-04-09 02:11:19,2023-04-09 02:11:19,0.0,4.59,On Time,
6109792602.0,97828.0,2023-09-13 02:16:51,2023-09-13 02:19:51,3.0,4.67,On Time,Traffic
2734817654.0,46050.0,2023-04-12 09:51:01,2023-04-12 09:48:01,-3.0,4.64,On Time,
6380542008.0,77591.0,2023-06-08 17:49:20,2023-06-08 17:48:20,-1.0,0.77,On Time,
4784760589.0,86412.0,2024-03-21 04:17:41,2024-03-21 04:14:41,-3.0,1.71,On Time,
1577703194.0,52523.0,2024-04-28 02:48:49,2024-04-28 02:46:49,-2.0,1.23,On Time,
6758737749.0,51417.0,2023-10-26 02:05:58,2023-10-26 02:08:58,3.0,1.95,On Time,Traffic
4081640450.0,87928.0,2024-03-16 17:16:58,2024-03-16 17:20:58,4.0,1.33,On Time,Traffic
9258266990.0,96885.0,2024-03-31 08:05:47,2024-03-31 08:05:47,0.0,1.45,On Time,
2109410707.0,13085.0,2024-08-07 20:27:41,2024-08-07 20:27:41,0.0,2.08,On Time,
576022547.0,66178.0,2024-04-07 06:09:50,2024-04-07 06:05:50,-4.0,1.09,On Time,
2106943908.0,33162.0,2024-01-28 17:03:04,2024-01-28 17:00:04,-3.0,0.78,On Time,
6541281594.0,45396.0,2023-11-18 10:43:04,2023-11-18 10:53:04,10.0,1.75,Slightly Delayed,Traffic
2664220988.0,78144.0,2023-05-05 20:38:41,2023-05-05 20:39:41,1.0,3.01,On Time,Traffic
493514666.0,5754.0,2023-11-20 23:17:29,2023-11-20 23:23:29,6.0,2.94,Slightly Delayed,Traffic
9658669384.0,38162.0,2023-09-06 21:41:00,2023-09-06 21:37:00,-4.0,2.18,On Time,
8765283513.0,3995.0,2024-02-23 20:18:21,2024-02-23 20:42:21,24.0,1.96,Significantly Delayed,Traffic
6421427812.0,72973.0,2023-10-05 01:33:20,2023-10-05 01:36:20,3.0,2.27,On Time,Traffic
4467093205.0,61809.0,2023-10-24 12:49:26,2023-10-24 12:50:26,1.0,3.55,On Time,Traffic
7560862152.0,91464.0,2023-04-15 09:05:53,2023-04-15 09:07:53,2.0,4.12,On Time,Traffic
8218080678.0,47082.0,2024-05-04 19:10:03,2024-05-04 19:40:03,30.0,3.39,Significantly Delayed,Traffic
8196173573.0,50964.0,2024-07-17 18:36:30,2024-07-17 18:53:30,17.0,4.9,Significantly Delayed,Traffic
1174856327.0,32165.0,2024-06-16 21:39:53,2024-06-16 21:49:53,10.0,2.72,Slightly Delayed,Traffic
9754365788.0,65577.0,2023-12-02 21:45:02,2023-12-02 21:49:02,4.0,2.02,On Time,Traffic
8398774908.0,61857.0,2024-02-26 19:54:25,2024-02-26 19:58:25,4.0,2.08,On Time,Traffic
626433439.0,35365.0,2024-02-17 23:47:34,2024-02-17 23:45:34,-2.0,2.41,On Time,
3097299525.0,3839.0,2023-10-12 15:41:57,2023-10-12 15:42:57,1.0,2.93,On Time,Traffic
5367488413.0,40803.0,2023-12-12 05:08:42,2023-12-12 05:09:42,1.0,2.75,On Time,Traffic
3700795655.0,72145.0,2023-06-10 18:47:56,2023-06-10 18:46:56,-1.0,4.27,On Time,
3161904185.0,8553.0,2024-01-13 14:36:11,2024-01-13 14:37:11,1.0,3.18,On Time,Traffic
8149944548.0,18686.0,2024-07-24 23:24:04,2024-07-24 23:29:04,5.0,0.86,On Time,Traffic
4961830447.0,18510.0,2024-09-06 01:50:17,2024-09-06 01:55:17,5.0,4.91,On Time,Traffic
613578154.0,76149.0,2024-08-03 05:02:31,2024-08-03 05:15:31,13.0,1.45,Slightly Delayed,Traffic
2582466700.0,73868.0,2024-09-10 16:25:12,2024-09-10 16:32:12,7.0,1.43,Slightly Delayed,Traffic
3840910839.0,90827.0,2023-09-10 20:11:37,2023-09-10 20:24:37,13.0,0.84,Slightly Delayed,Traffic
399559401.0,54586.0,2023-11-01 19:35:58,2023-11-01 20:02:58,27.0,1.28,Significantly Delayed,Traffic
4037817241.0,21197.0,2023-12-19 14:00:46,2023-12-19 14:09:46,9.0,0.67,Slightly Delayed,Traffic
582598096.0,7481.0,2023-10-27 23:25:55,2023-10-27 23:26:55,1.0,1.81,On Time,Traffic
9218060399.0,64460.0,2024-10-25 08:46:30,2024-10-25 08:45:30,-1.0,2.45,On Time,
6650174202.0,54603.0,2023-07-10 03:41:39,2023-07-10 03:38:39,-3.0,3.13,On Time,
2715902884.0,79144.0,2024-08-27 03:46:14,2024-08-27 03:41:14,-5.0,4.67,On Time,
7957986242.0,27358.0,2023-12-10 10:58:31,2023-12-10 10:59:31,1.0,1.85,On Time,Traffic
7148568995.0,72059.0,2023-04-06 07:55:41,2023-04-06 08:15:41,20.0,2.26,Significantly Delayed,Traffic
670358911.0,46172.0,2023-12-21 10:20:05,2023-12-21 10:16:05,-4.0,4.97,On Time,
6098277214.0,79553.0,2023-03-22 13:53:16,2023-03-22 13:51:16,-2.0,2.7,On Time,
4621664126.0,26442.0,2024-07-17 12:25:28,2024-07-17 12:37:28,12.0,1.77,Slightly Delayed,Traffic
6336460663.0,67600.0,2023-08-28 07:00:04,2023-08-28 07:10:04,10.0,1.81,Slightly Delayed,Traffic
909027635.0,26723.0,2023-06-24 20:53:32,2023-06-24 21:12:32,19.0,1.0,Significantly Delayed,Traffic
2854202683.0,32711.0,2023-10-18 18:19:41,2023-10-18 18:27:41,8.0,1.33,Slightly Delayed,Traffic
7936387697.0,66425.0,2023-03-29 00:44:50,2023-03-29 00:46:50,2.0,4.8,On Time,Traffic
8337736091.0,43777.0,2024-04-04 00:52:20,2024-04-04 00:56:20,4.0,1.67,On Time,Traffic
4404350734.0,84786.0,2024-01-16 17:03:01,2024-01-16 17:27:01,24.0,2.04,Significantly Delayed,Traffic
6565246127.0,95850.0,2024-05-18 16:17:10,2024-05-18 16:14:10,-3.0,3.42,On Time,
3494650073.0,39392.0,2024-03-03 22:21:45,2024-03-03 22:20:45,-1.0,3.6,On Time,
1920923798.0,52231.0,2024-05-01 07:58:34,2024-05-01 07:53:34,-5.0,1.59,On Time,
5069524975.0,36149.0,2024-07-24 01:31:16,2024-07-24 01:36:16,5.0,3.11,On Time,Traffic
3873368520.0,38324.0,2023-10-04 08:34:42,2023-10-04 08:32:42,-2.0,3.89,On Time,
3111414152.0,60058.0,2024-08-01 07:29:37,2024-08-01 07:27:37,-2.0,1.11,On Time,
7104489974.0,69094.0,2023-06-28 22:12:05,2023-06-28 22:10:05,-2.0,2.74,On Time,
3211566084.0,63791.0,2024-02-24 14:21:37,2024-02-24 14:18:37,-3.0,4.68,On Time,
2416717644.0,50707.0,2023-09-12 18:41:43,2023-09-12 18:47:43,6.0,0.62,Slightly Delayed,Traffic
4535670244.0,93707.0,2024-05-17 08:20:08,2024-05-17 08:15:08,-5.0,3.4,On Time,
7309958460.0,96501.0,2024-01-20 03:08:17,2024-01-20 03:22:17,14.0,2.26,Slightly Delayed,Traffic
9996182478.0,48495.0,2023-04-18 13:30:06,2023-04-18 13:30:06,0.0,2.97,On Time,
2231942521.0,62672.0,2023-12-24 02:43:15,2023-12-24 03:09:15,26.0,3.8,Significantly Delayed,Traffic
554028972.0,2944.0,2023-09-26 08:00:32,2023-09-26 08:04:32,4.0,1.92,On Time,Traffic
8756001290.0,69588.0,2023-05-06 17:54:11,2023-05-06 17:49:11,-5.0,2.89,On Time,
8047899303.0,48899.0,2023-09-28 02:00:21,2023-09-28 02:00:21,0.0,0.93,On Time,
9720683332.0,95640.0,2024-06-23 20:36:46,2024-06-23 20:33:46,-3.0,3.3,On Time,
218670241.0,92976.0,2023-06-07 03:38:10,2023-06-07 03:54:10,16.0,2.41,Significantly Delayed,Traffic
1382880255.0,88383.0,2024-08-11 13:43:47,2024-08-11 13:48:47,5.0,1.55,On Time,Traffic
332975964.0,69991.0,2023-09-21 01:52:40,2023-09-21 02:11:40,19.0,1.97,Significantly Delayed,Traffic
2638683222.0,3648.0,2024-10-30 05:38:47,2024-10-30 05:43:47,5.0,2.25,On Time,Traffic
9150146711.0,30271.0,2024-04-29 18:35:35,2024-04-29 18:40:35,5.0,3.51,On Time,Traffic
1553626879.0,72392.0,2024-10-26 14:49:25,2024-10-26 14:54:25,5.0,3.17,On Time,Traffic
9271384187.0,70464.0,2023-11-28 03:42:12,2023-11-28 03:47:12,5.0,0.94,On Time,Traffic
1409544327.0,69320.0,2024-07-13 16:34:13,2024-07-13 16:39:13,5.0,1.17,On Time,Traffic
637100019.0,76292.0,2023-10-23 18:34:24,2023-10-23 18:36:24,2.0,3.09,On Time,Traffic
186083059.0,1807.0,2024-07-01 20:32:07,2024-07-01 20:36:07,4.0,0.69,On Time,Traffic
1804073530.0,59672.0,2024-06-19 17:43:06,2024-06-19 17:41:06,-2.0,1.8,On Time,
5291430311.0,95600.0,2023-10-19 19:14:56,2023-10-19 19:41:56,27.0,4.04,Significantly Delayed,Traffic
6947225582.0,86451.0,2024-04-03 08:58:01,2024-04-03 08:55:01,-3.0,3.75,On Time,
5710643134.0,8691.0,2023-04-16 17:16:10,2023-04-16 17:44:10,28.0,1.71,Significantly Delayed,Traffic
8329733630.0,11186.0,2024-03-04 04:04:58,2024-03-04 04:11:58,7.0,1.17,Slightly Delayed,Traffic
6772651293.0,56773.0,2023-12-15 18:50:13,2023-12-15 18:51:13,1.0,0.79,On Time,Traffic
581212790.0,48586.0,2024-06-29 09:03:32,2024-06-29 09:11:32,8.0,1.5,Slightly Delayed,Traffic
4766571706.0,97889.0,2023-05-05 18:00:23,2023-05-05 18:11:23,11.0,4.87,Slightly Delayed,Traffic
9961298199.0,21653.0,2023-11-27 06:33:52,2023-11-27 06:29:52,-4.0,3.91,On Time,
8102675591.0,88871.0,2024-02-03 23:00:53,2024-02-03 23:13:53,13.0,2.96,Slightly Delayed,Traffic
604050223.0,19260.0,2024-04-18 08:23:01,2024-04-18 08:22:01,-1.0,3.69,On Time,
782327552.0,96347.0,2023-07-07 20:10:54,2023-07-07 20:12:54,2.0,4.95,On Time,Traffic
6156638188.0,69037.0,2023-03-17 05:15:05,2023-03-17 05:22:05,7.0,1.47,Slightly Delayed,Traffic
6475299855.0,18820.0,2023-10-13 22:19:45,2023-10-13 22:24:45,5.0,3.43,On Time,Traffic
689110145.0,22197.0,2023-05-03 06:56:48,2023-05-03 07:17:48,21.0,1.81,Significantly Delayed,Traffic
2785467351.0,17432.0,2024-05-12 13:36:57,2024-05-12 13:51:57,15.0,1.46,Slightly Delayed,Traffic
7188270379.0,55032.0,2024-04-15 06:30:27,2024-04-15 06:36:27,6.0,1.56,Slightly Delayed,Traffic
9209192342.0,23219.0,2024-03-05 07:06:05,2024-03-05 07:16:05,10.0,3.05,Slightly Delayed,Traffic
3193016310.0,11489.0,2023-12-02 05:29:03,2023-12-02 05:50:03,21.0,1.65,Significantly Delayed,Traffic
9743228131.0,82266.0,2024-07-09 08:58:54,2024-07-09 08:59:54,1.0,1.98,On Time,Traffic
4417542973.0,38726.0,2024-08-23 12:11:24,2024-08-23 12:11:24,0.0,2.35,On Time,
3065857200.0,21536.0,2024-06-26 02:54:03,2024-06-26 02:57:03,3.0,3.64,On Time,Traffic
6994732191.0,25109.0,2023-07-24 11:37:55,2023-07-24 11:47:55,10.0,3.02,Slightly Delayed,Traffic
7663189769.0,50493.0,2023-08-01 12:55:29,2023-08-01 13:18:29,23.0,1.4,Significantly Delayed,Traffic
5012619147.0,9915.0,2023-05-03 10:21:16,2023-05-03 10:50:16,29.0,1.55,Significantly Delayed,Traffic
7456088789.0,72015.0,2023-04-09 00:16:59,2023-04-09 00:21:59,5.0,2.87,On Time,Traffic
3270559373.0,81866.0,2023-03-19 13:45:27,2023-03-19 13:51:27,6.0,1.43,Slightly Delayed,Traffic
4703798183.0,75874.0,2023-12-23 07:05:16,2023-12-23 07:15:16,10.0,0.96,Slightly Delayed,Traffic
3968840556.0,31983.0,2024-09-09 22:22:16,2024-09-09 22:27:16,5.0,4.67,On Time,Traffic
2331647373.0,34574.0,2023-08-11 06:41:20,2023-08-11 06:46:20,5.0,1.58,On Time,Traffic
6683347454.0,86987.0,2023-05-25 15:38:36,2023-05-25 15:48:36,10.0,4.09,Slightly Delayed,Traffic
5710259220.0,87697.0,2023-04-15 15:46:40,2023-04-15 15:50:40,4.0,1.2,On Time,Traffic
9871546057.0,951.0,2024-05-12 03:54:53,2024-05-12 03:50:53,-4.0,4.12,On Time,
5459704311.0,54075.0,2023-12-01 10:50:33,2023-12-01 10:53:33,3.0,1.83,On Time,Traffic
3426702134.0,4336.0,2024-08-23 09:12:45,2024-08-23 09:22:45,10.0,3.18,Slightly Delayed,Traffic
7671357353.0,73213.0,2024-02-18 16:52:29,2024-02-18 16:49:29,-3.0,2.85,On Time,
9656230693.0,63639.0,2023-04-16 08:35:43,2023-04-16 08:47:43,12.0,1.51,Slightly Delayed,Traffic
3315369956.0,34924.0,2023-04-21 08:02:03,2023-04-21 08:09:03,7.0,4.85,Slightly Delayed,Traffic
1762287720.0,15003.0,2024-08-30 07:27:06,2024-08-30 07:28:06,1.0,3.28,On Time,Traffic
4816206081.0,12801.0,2023-05-12 14:27:49,2023-05-12 14:32:49,5.0,3.41,On Time,Traffic
2808133351.0,70241.0,2023-12-03 11:27:33,2023-12-03 11:27:33,0.0,4.26,On Time,
3444569396.0,74223.0,2024-09-25 19:31:11,2024-09-25 19:27:11,-4.0,1.28,On Time,
9704671447.0,83778.0,2023-12-05 22:56:34,2023-12-05 22:57:34,1.0,1.25,On Time,Traffic
6454001692.0,28635.0,2023-09-09 17:30:08,2023-09-09 17:42:08,12.0,1.8,Slightly Delayed,Traffic
2624508626.0,32652.0,2024-02-28 00:27:59,2024-02-28 00:24:59,-3.0,3.0,On Time,
932273820.0,48216.0,2024-05-06 02:16:58,2024-05-06 02:21:58,5.0,4.92,On Time,Traffic
7908614088.0,80984.0,2023-05-14 16:02:09,2023-05-14 16:16:09,14.0,2.89,Slightly Delayed,Traffic
9730765358.0,93026.0,2023-08-20 21:58:23,2023-08-20 21:57:23,-1.0,0.52,On Time,
4748284156.0,77950.0,2023-09-18 20:27:02,2023-09-18 20:25:02,-2.0,2.88,On Time,
1829286278.0,39836.0,2023-09-27 17:32:16,2023-09-27 17:34:16,2.0,1.89,On Time,Traffic
3180415318.0,34284.0,2024-07-07 05:16:55,2024-07-07 05:43:55,27.0,4.65,Significantly Delayed,Traffic
1008158736.0,26508.0,2024-06-10 15:14:16,2024-06-10 15:23:16,9.0,3.48,Slightly Delayed,Traffic
5092816701.0,43823.0,2024-06-03 19:22:02,2024-06-03 19:52:02,30.0,3.66,Significantly Delayed,Traffic
4339850858.0,53728.0,2023-10-25 22:34:54,2023-10-25 22:50:54,16.0,2.16,Significantly Delayed,Traffic
1564040362.0,80698.0,2023-08-01 12:08:52,2023-08-01 12:05:52,-3.0,1.46,On Time,
4856827800.0,4610.0,2024-08-20 03:33:58,2024-08-20 03:30:58,-3.0,4.24,On Time,
2465711187.0,94564.0,2023-03-30 11:08:02,2023-03-30 11:03:02,-5.0,3.36,On Time,
7741314063.0,35348.0,2024-09-13 19:34:00,2024-09-13 19:36:00,2.0,1.53,On Time,Traffic
6973696848.0,32179.0,2023-04-23 16:07:37,2023-04-23 16:16:37,9.0,4.18,Slightly Delayed,Traffic
443178123.0,38965.0,2024-08-29 01:09:24,2024-08-29 01:15:24,6.0,2.37,Slightly Delayed,Traffic
2155491764.0,72093.0,2024-08-29 01:31:55,2024-08-29 01:26:55,-5.0,0.85,On Time,
282887897.0,79472.0,2023-09-19 23:36:12,2023-09-19 23:32:12,-4.0,4.01,On Time,
1014190951.0,80162.0,2023-04-25 16:19:01,2023-04-25 16:14:01,-5.0,1.47,On Time,
4632027192.0,6632.0,2024-07-09 02:59:22,2024-07-09 02:58:22,-1.0,1.36,On Time,
9196809062.0,2987.0,2024-05-19 03:16:20,2024-05-19 03:31:20,15.0,3.59,Slightly Delayed,Traffic
3802671506.0,38523.0,2023-07-30 08:04:28,2023-07-30 08:04:28,0.0,4.5,On Time,
931138604.0,69770.0,2023-08-24 16:28:57,2023-08-24 16:24:57,-4.0,2.66,On Time,
6507222211.0,20296.0,2024-01-15 07:14:51,2024-01-15 07:25:51,11.0,2.42,Slightly Delayed,Traffic
9091185978.0,28584.0,2023-07-22 09:08:30,2023-07-22 09:08:30,0.0,2.2,On Time,
6314310505.0,98855.0,2024-02-16 04:46:10,2024-02-16 04:47:10,1.0,1.39,On Time,Traffic
2711467206.0,63249.0,2023-04-07 01:03:13,2023-04-07 00:58:13,-5.0,1.81,On Time,
1359318731.0,34201.0,2024-08-27 22:52:25,2024-08-27 22:47:25,-5.0,3.4,On Time,
4521042050.0,40126.0,2024-04-25 08:14:21,2024-04-25 08:17:21,3.0,0.6,On Time,Traffic
1317016672.0,11412.0,2024-09-21 00:03:52,2024-09-21 00:07:52,4.0,1.51,On Time,Traffic
7624598493.0,36089.0,2024-04-18 07:02:36,2024-04-18 07:09:36,7.0,0.6,Slightly Delayed,Traffic
1753431230.0,42674.0,2024-03-24 13:56:38,2024-03-24 13:51:38,-5.0,1.3,On Time,
8650539199.0,73657.0,2023-12-04 05:25:17,2023-12-04 05:37:17,12.0,3.16,Slightly Delayed,Traffic
3276478503.0,41400.0,2024-04-03 14:39:23,2024-04-03 14:36:23,-3.0,2.75,On Time,
5080943123.0,27168.0,2023-09-21 14:01:13,2023-09-21 14:22:13,21.0,0.6,Significantly Delayed,Traffic
6158083683.0,76731.0,2024-03-08 17:37:17,2024-03-08 17:42:17,5.0,0.51,On Time,Traffic
9228072842.0,20581.0,2023-07-25 06:21:17,2023-07-25 06:26:17,5.0,4.76,On Time,Traffic
4028432722.0,66007.0,2024-05-21 18:01:24,2024-05-21 18:06:24,5.0,1.91,On Time,Traffic
3679730192.0,55300.0,2023-07-05 14:40:32,2023-07-05 14:35:32,-5.0,1.93,On Time,
71793937.0,63892.0,2024-04-21 00:02:39,2024-04-21 00:00:39,-2.0,4.33,On Time,
47467466.0,60202.0,2023-09-05 17:04:11,2023-09-05 17:02:11,-2.0,3.41,On Time,
4538136436.0,80929.0,2023-05-23 03:40:54,2023-05-23 03:45:54,5.0,2.61,On Time,Traffic
8750169461.0,88001.0,2024-09-07 06:54:34,2024-09-07 06:55:34,1.0,2.69,On Time,Traffic
9371021811.0,82734.0,2024-10-24 11:57:31,2024-10-24 11:55:31,-2.0,4.52,On Time,
679274212.0,12916.0,2024-10-19 19:26:22,2024-10-19 19:21:22,-5.0,0.52,On Time,
6601671674.0,5103.0,2023-07-09 06:35:00,2023-07-09 06:48:00,13.0,4.33,Slightly Delayed,Traffic
2708441500.0,11379.0,2024-01-12 21:21:00,2024-01-12 21:17:00,-4.0,3.47,On Time,
9548480220.0,11612.0,2023-09-08 12:30:28,2023-09-08 12:33:28,3.0,4.19,On Time,Traffic
5440864021.0,56201.0,2023-09-15 07:52:04,2023-09-15 07:51:04,-1.0,3.98,On Time,
5705224767.0,50670.0,2023-06-02 17:52:56,2023-06-02 17:48:56,-4.0,4.49,On Time,
9945458771.0,10844.0,2024-08-27 15:16:31,2024-08-27 15:26:31,10.0,4.17,Slightly Delayed,Traffic
336832815.0,23603.0,2023-12-09 04:27:59,2023-12-09 04:38:59,11.0,0.86,Slightly Delayed,Traffic
9543126726.0,42216.0,2024-05-01 12:22:22,2024-05-01 12:34:22,12.0,2.35,Slightly Delayed,Traffic
5134666123.0,72594.0,2024-05-02 13:48:58,2024-05-02 13:49:58,1.0,3.83,On Time,Traffic
5663657880.0,79020.0,2024-05-06 11:35:40,2024-05-06 11:59:40,24.0,0.55,Significantly Delayed,Traffic
5352647396.0,6854.0,2023-10-11 21:02:36,2023-10-11 21:00:36,-2.0,2.2,On Time,
7995172779.0,62870.0,2023-06-15 14:02:44,2023-06-15 14:15:44,13.0,3.36,Slightly Delayed,Traffic
605779703.0,68537.0,2024-03-07 23:19:42,2024-03-07 23:16:42,-3.0,4.55,On Time,
685688121.0,32044.0,2023-10-27 01:17:25,2023-10-27 01:34:25,17.0,3.89,Significantly Delayed,Traffic
5966726971.0,51902.0,2023-09-06 18:16:18,2023-09-06 18:21:18,5.0,0.96,On Time,Traffic
6763510083.0,95417.0,2023-06-07 10:41:39,2023-06-07 10:36:39,-5.0,2.49,On Time,
6735813139.0,58945.0,2023-04-04 01:25:06,2023-04-04 01:21:06,-4.0,3.18,On Time,
8361205778.0,55780.0,2023-06-20 08:52:50,2023-06-20 08:50:50,-2.0,2.81,On Time,
3640952655.0,15926.0,2023-06-01 16:48:24,2023-06-01 17:02:24,14.0,1.05,Slightly Delayed,Traffic
6395279829.0,18102.0,2023-10-26 05:09:56,2023-10-26 05:08:56,-1.0,2.65,On Time,
339410846.0,93237.0,2023-05-06 15:50:15,2023-05-06 15:45:15,-5.0,3.55,On Time,
8924056486.0,20522.0,2024-04-08 00:59:25,2024-04-08 01:24:25,25.0,1.23,Significantly Delayed,Traffic
6616322616.0,53617.0,2023-12-03 11:05:35,2023-12-03 11:09:35,4.0,3.33,On Time,Traffic
4178578583.0,76083.0,2024-09-29 05:39:08,2024-09-29 05:39:08,0.0,1.37,On Time,
7558107764.0,2704.0,2024-03-13 22:16:27,2024-03-13 22:14:27,-2.0,3.73,On Time,
7894708851.0,97823.0,2024-04-12 01:49:57,2024-04-12 01:47:57,-2.0,1.18,On Time,
1916638346.0,35010.0,2023-06-28 17:40:05,2023-06-28 17:52:05,12.0,1.96,Slightly Delayed,Traffic
4973943462.0,40489.0,2024-10-29 18:36:37,2024-10-29 18:56:37,20.0,1.7,Significantly Delayed,Traffic
6567129123.0,43806.0,2023-09-09 12:54:26,2023-09-09 12:59:26,5.0,4.66,On Time,Traffic
8702642032.0,48604.0,2023-08-22 20:31:04,2023-08-22 20:34:04,3.0,4.57,On Time,Traffic
7857954356.0,79173.0,2024-01-20 19:08:03,2024-01-20 19:04:03,-4.0,1.51,On Time,
5376218500.0,38067.0,2023-11-16 16:00:17,2023-11-16 16:09:17,9.0,3.84,Slightly Delayed,Traffic
3452449295.0,48310.0,2023-10-09 06:54:23,2023-10-09 06:55:23,1.0,3.74,On Time,Traffic
1694826296.0,15133.0,2023-05-09 19:49:29,2023-05-09 19:47:29,-2.0,1.67,On Time,
9449954611.0,64018.0,2023-08-12 07:34:03,2023-08-12 07:41:03,7.0,3.51,Slightly Delayed,Traffic
7722059222.0,59534.0,2023-11-16 23:21:52,2023-11-16 23:36:52,15.0,3.4,Slightly Delayed,Traffic
2871448124.0,59357.0,2024-05-28 06:00:27,2024-05-28 06:04:27,4.0,1.16,On Time,Traffic
4158839033.0,26464.0,2024-09-22 12:29:30,2024-09-22 12:30:30,1.0,2.28,On Time,Traffic
9936118648.0,91322.0,2024-03-04 18:58:25,2024-03-04 19:07:25,9.0,1.69,Slightly Delayed,Traffic
6804747901.0,71158.0,2024-01-31 03:01:25,2024-01-31 03:04:25,3.0,1.43,On Time,Traffic
7579444448.0,96702.0,2024-06-06 16:20:20,2024-06-06 16:22:20,2.0,1.09,On Time,Traffic
4379043082.0,29561.0,2023-05-12 04:45:08,2023-05-12 04:45:08,0.0,4.05,On Time,
4212894712.0,52325.0,2024-06-09 15:04:20,2024-06-09 15:06:20,2.0,2.25,On Time,Traffic
7962511808.0,33403.0,2024-02-11 10:32:16,2024-02-11 10:35:16,3.0,2.74,On Time,Traffic
6478815087.0,73936.0,2024-07-18 08:13:45,2024-07-18 08:10:45,-3.0,4.68,On Time,
6239166986.0,89070.0,2024-05-23 06:41:35,2024-05-23 06:49:35,8.0,4.44,Slightly Delayed,Traffic
9894863460.0,10817.0,2023-03-25 08:51:29,2023-03-25 08:48:29,-3.0,1.31,On Time,
2982638677.0,30985.0,2024-01-13 17:36:15,2024-01-13 17:34:15,-2.0,2.75,On Time,
3284797515.0,76320.0,2024-09-10 04:07:34,2024-09-10 04:20:34,13.0,1.32,Slightly Delayed,Traffic
8895501673.0,50064.0,2023-07-11 17:19:37,2023-07-11 17:20:37,1.0,0.95,On Time,Traffic
914992221.0,77449.0,2023-07-27 04:37:11,2023-07-27 04:41:11,4.0,2.53,On Time,Traffic
2067729457.0,15319.0,2023-09-23 01:48:46,2023-09-23 01:47:46,-1.0,4.67,On Time,
5389250154.0,78231.0,2024-09-15 02:55:25,2024-09-15 02:51:25,-4.0,4.04,On Time,
4352973016.0,33825.0,2024-10-07 09:07:35,2024-10-07 09:36:35,29.0,4.36,Significantly Delayed,Traffic
7667555396.0,33288.0,2024-02-03 11:54:39,2024-02-03 12:09:39,15.0,4.42,Slightly Delayed,Traffic
168804744.0,16671.0,2023-10-28 07:34:34,2023-10-28 07:34:34,0.0,1.5,On Time,
854218304.0,13622.0,2023-11-04 06:40:07,2023-11-04 06:37:07,-3.0,0.86,On Time,
2616618240.0,89491.0,2024-03-14 00:56:30,2024-03-14 00:57:30,1.0,1.43,On Time,Traffic
8891144024.0,45152.0,2023-04-06 20:53:40,2023-04-06 20:57:40,4.0,4.79,On Time,Traffic
4606856320.0,35528.0,2024-08-03 07:33:35,2024-08-03 07:35:35,2.0,0.74,On Time,Traffic
1876194333.0,56344.0,2024-03-27 08:49:09,2024-03-27 08:51:09,2.0,1.2,On Time,Traffic
1471186096.0,80106.0,2023-11-21 02:24:26,2023-11-21 02:39:26,15.0,3.78,Slightly Delayed,Traffic
4763556417.0,49554.0,2023-04-01 00:54:27,2023-04-01 00:52:27,-2.0,3.35,On Time,
5961097387.0,73762.0,2023-08-27 04:53:57,2023-08-27 04:53:57,0.0,2.67,On Time,
1509646137.0,67798.0,2024-04-12 17:21:00,2024-04-12 17:30:00,9.0,1.71,Slightly Delayed,Traffic
7533431274.0,93471.0,2023-08-11 15:52:28,2023-08-11 15:52:28,0.0,1.85,On Time,
3598818329.0,28683.0,2023-07-29 03:33:44,2023-07-29 03:34:44,1.0,2.85,On Time,Traffic
2561337790.0,43692.0,2024-10-09 07:13:06,2024-10-09 07:09:06,-4.0,1.0,On Time,
2359692348.0,74057.0,2024-08-31 00:47:00,2024-08-31 00:51:00,4.0,0.66,On Time,Traffic
3146098826.0,29471.0,2024-06-20 23:21:38,2024-06-20 23:24:38,3.0,3.16,On Time,Traffic
8638050442.0,50161.0,2023-11-16 23:46:41,2023-11-16 23:50:41,4.0,1.43,On Time,Traffic
1833854180.0,25656.0,2023-03-23 07:31:41,2023-03-23 07:56:41,25.0,1.13,Significantly Delayed,Traffic
5687148136.0,50176.0,2023-06-24 00:56:15,2023-06-24 00:57:15,1.0,3.98,On Time,Traffic
7133253616.0,76051.0,2024-08-14 08:26:21,2024-08-14 08:37:21,11.0,2.39,Slightly Delayed,Traffic
7899569162.0,31475.0,2023-08-15 09:06:13,2023-08-15 09:13:13,7.0,1.06,Slightly Delayed,Traffic
6119637917.0,65328.0,2024-06-28 20:59:43,2024-06-28 21:04:43,5.0,3.86,On Time,Traffic
4924477011.0,43813.0,2024-01-13 19:32:13,2024-01-13 19:33:13,1.0,2.57,On Time,Traffic
577458306.0,52312.0,2023-10-03 07:23:04,2023-10-03 07:18:04,-5.0,3.65,On Time,
1605287230.0,24637.0,2023-08-08 06:52:33,2023-08-08 06:52:33,0.0,1.98,On Time,
5743074720.0,88405.0,2024-02-08 03:26:10,2024-02-08 03:22:10,-4.0,1.24,On Time,
1645477578.0,22284.0,2023-07-20 08:10:09,2023-07-20 08:05:09,-5.0,0.71,On Time,
6231311270.0,73322.0,2023-12-07 18:51:58,2023-12-07 19:06:58,15.0,2.36,Slightly Delayed,Traffic
4629648516.0,49643.0,2023-08-21 22:41:49,2023-08-21 22:42:49,1.0,3.88,On Time,Traffic
2706229594.0,67428.0,2024-10-04 08:04:22,2024-10-04 08:01:22,-3.0,2.68,On Time,
6814009039.0,37668.0,2023-11-03 13:17:48,2023-11-03 13:13:48,-4.0,2.81,On Time,
5604135912.0,99733.0,2024-08-19 16:31:47,2024-08-19 16:33:47,2.0,4.07,On Time,Traffic
766789724.0,52639.0,2024-08-20 23:47:16,2024-08-20 23:49:16,2.0,4.78,On Time,Traffic
2727595593.0,26761.0,2023-11-17 01:21:45,2023-11-17 01:18:45,-3.0,2.12,On Time,
9887978407.0,37910.0,2023-07-16 13:15:35,2023-07-16 13:17:35,2.0,3.41,On Time,Traffic
6825742544.0,41291.0,2024-02-04 18:52:53,2024-02-04 18:54:53,2.0,2.29,On Time,Traffic
7081192087.0,78479.0,2023-07-29 10:12:46,2023-07-29 10:20:46,8.0,3.33,Slightly Delayed,Traffic
3185620074.0,72222.0,2023-08-14 15:47:46,2023-08-14 16:02:46,15.0,0.78,Slightly Delayed,Traffic
7162086351.0,37358.0,2023-11-15 01:13:52,2023-11-15 01:09:52,-4.0,4.8,On Time,
5504768409.0,1897.0,2023-08-07 22:50:10,2023-08-07 23:03:10,13.0,2.52,Slightly Delayed,Traffic
6721093047.0,3594.0,2024-03-10 14:38:58,2024-03-10 14:38:58,0.0,3.41,On Time,
1134990529.0,85089.0,2024-07-24 19:18:49,2024-07-24 19:23:49,5.0,1.03,On Time,Traffic
4632975114.0,91950.0,2023-05-15 17:27:03,2023-05-15 17:32:03,5.0,2.98,On Time,Traffic
1471897083.0,98410.0,2023-12-06 22:08:53,2023-12-06 22:04:53,-4.0,1.87,On Time,
6081974624.0,91286.0,2024-03-19 20:41:47,2024-03-19 20:39:47,-2.0,3.24,On Time,
806680874.0,50897.0,2023-11-15 17:16:28,2023-11-15 17:17:28,1.0,4.24,On Time,Traffic
8213018419.0,97345.0,2023-04-10 20:49:03,2023-04-10 21:10:03,21.0,3.04,Significantly Delayed,Traffic
4610876894.0,59869.0,2023-08-14 21:58:48,2023-08-14 21:58:48,0.0,3.28,On Time,
9116180240.0,31849.0,2023-05-23 18:34:19,2023-05-23 18:36:19,2.0,0.76,On Time,Traffic
8916648395.0,76482.0,2023-07-15 16:56:10,2023-07-15 16:55:10,-1.0,0.83,On Time,
3626990751.0,41338.0,2023-05-10 19:28:23,2023-05-10 19:43:23,15.0,4.28,Slightly Delayed,Traffic
2544173358.0,24026.0,2024-11-03 16:51:57,2024-11-03 16:51:57,0.0,2.73,On Time,
3654075570.0,5013.0,2023-06-25 00:42:19,2023-06-25 00:40:19,-2.0,0.87,On Time,
9846277624.0,5141.0,2024-09-17 13:21:52,2024-09-17 13:21:52,0.0,1.77,On Time,
8600159148.0,24508.0,2023-08-15 05:47:55,2023-08-15 06:00:55,13.0,4.14,Slightly Delayed,Traffic
9184012674.0,88446.0,2024-07-20 23:32:27,2024-07-20 23:31:27,-1.0,4.54,On Time,
5842678913.0,49657.0,2024-06-02 11:16:26,2024-06-02 11:15:26,-1.0,0.96,On Time,
6284066457.0,72455.0,2023-03-19 04:42:51,2023-03-19 04:43:51,1.0,3.83,On Time,Traffic
957188879.0,55306.0,2024-01-12 22:01:51,2024-01-12 21:58:51,-3.0,3.09,On Time,
2027766693.0,39827.0,2023-07-17 21:38:20,2023-07-17 21:35:20,-3.0,3.14,On Time,
5201172375.0,15287.0,2024-01-07 13:46:44,2024-01-07 14:16:44,30.0,4.14,Significantly Delayed,Traffic
5211206337.0,52881.0,2024-03-04 19:35:55,2024-03-04 19:38:55,3.0,0.57,On Time,Traffic
519985157.0,97130.0,2023-06-07 03:34:41,2023-06-07 03:31:41,-3.0,1.66,On Time,
2599819074.0,78812.0,2023-05-08 06:02:42,2023-05-08 05:59:42,-3.0,1.73,On Time,
6564176767.0,37269.0,2024-04-11 11:18:11,2024-04-11 11:42:11,24.0,2.44,Significantly Delayed,Traffic
5969684091.0,47179.0,2023-12-02 15:56:34,2023-12-02 15:53:34,-3.0,2.85,On Time,
8152246475.0,36583.0,2023-04-07 22:47:36,2023-04-07 22:45:36,-2.0,3.93,On Time,
1954493018.0,17378.0,2024-08-25 16:25:20,2024-08-25 16:27:20,2.0,3.59,On Time,Traffic
3695589383.0,6351.0,2024-01-13 01:33:18,2024-01-13 01:28:18,-5.0,3.03,On Time,
6340807810.0,60222.0,2024-07-12 00:51:44,2024-07-12 00:47:44,-4.0,3.6,On Time,
8029845822.0,87260.0,2023-07-06 00:13:30,2023-07-06 00:18:30,5.0,1.39,On Time,Traffic
8208755570.0,56067.0,2023-12-12 21:38:05,2023-12-12 21:35:05,-3.0,1.96,On Time,
9622488249.0,8679.0,2024-06-26 09:38:51,2024-06-26 09:42:51,4.0,2.03,On Time,Traffic
5410788959.0,43525.0,2024-06-12 10:40:56,2024-06-12 10:45:56,5.0,4.98,On Time,Traffic
7087374685.0,80305.0,2024-09-21 17:54:45,2024-09-21 17:59:45,5.0,1.4,On Time,Traffic
1469556300.0,47985.0,2023-09-26 23:55:47,2023-09-26 23:52:47,-3.0,3.95,On Time,
864290652.0,28456.0,2023-10-30 02:19:01,2023-10-30 02:15:01,-4.0,3.72,On Time,
3052167498.0,38263.0,2023-07-24 17:25:37,2023-07-24 17:23:37,-2.0,2.7,On Time,
8370088792.0,18197.0,2023-05-16 19:40:48,2023-05-16 19:39:48,-1.0,3.75,On Time,
8955500595.0,25552.0,2023-05-07 18:23:53,2023-05-07 18:33:53,10.0,1.61,Slightly Delayed,Traffic
6946637946.0,5892.0,2024-02-18 04:17:21,2024-02-18 04:29:21,12.0,3.18,Slightly Delayed,Traffic
5461546808.0,27664.0,2023-12-21 13:56:24,2023-12-21 14:20:24,24.0,3.96,Significantly Delayed,Traffic
9921425481.0,85617.0,2023-05-17 05:24:03,2023-05-17 05:53:03,29.0,1.61,Significantly Delayed,Traffic
3583323379.0,94205.0,2024-04-03 07:45:25,2024-04-03 07:45:25,0.0,3.22,On Time,
3427534518.0,75483.0,2024-10-12 13:36:22,2024-10-12 13:57:22,21.0,2.85,Significantly Delayed,Traffic
9997994965.0,28092.0,2023-12-27 14:20:18,2023-12-27 14:17:18,-3.0,0.99,On Time,
5015358514.0,65069.0,2024-08-12 20:59:12,2024-08-12 21:00:12,1.0,2.09,On Time,Traffic
5769065545.0,46466.0,2024-01-28 21:01:13,2024-01-28 21:04:13,3.0,1.96,On Time,Traffic
4062815570.0,54881.0,2024-02-24 05:06:16,2024-02-24 05:08:16,2.0,0.65,On Time,Traffic
39405769.0,6878.0,2023-04-07 12:56:40,2023-04-07 13:11:40,15.0,1.11,Slightly Delayed,Traffic
9553518696.0,82335.0,2023-07-11 11:21:50,2023-07-11 11:20:50,-1.0,2.27,On Time,
8023712979.0,37477.0,2023-05-12 17:44:24,2023-05-12 17:42:24,-2.0,4.56,On Time,
1111747100.0,11420.0,2023-07-19 06:40:04,2023-07-19 06:43:04,3.0,3.55,On Time,Traffic
3598180305.0,8123.0,2023-08-31 08:58:45,2023-08-31 08:56:45,-2.0,2.58,On Time,
8171660349.0,78974.0,2024-05-09 18:48:38,2024-05-09 18:43:38,-5.0,4.39,On Time,
3644704128.0,83363.0,2024-06-01 10:11:45,2024-06-01 10:07:45,-4.0,3.11,On Time,
1254907139.0,44092.0,2023-07-13 05:01:45,2023-07-13 05:05:45,4.0,2.51,On Time,Traffic
9810593187.0,15180.0,2023-05-19 00:13:09,2023-05-19 00:23:09,10.0,3.03,Slightly Delayed,Traffic
3205629870.0,79493.0,2024-05-27 18:50:01,2024-05-27 18:46:01,-4.0,4.07,On Time,
8608459871.0,62412.0,2023-09-21 17:56:05,2023-09-21 17:58:05,2.0,1.29,On Time,Traffic
2730458449.0,9689.0,2024-02-10 06:48:24,2024-02-10 06:58:24,10.0,3.83,Slightly Delayed,Traffic
2807397566.0,2121.0,2024-05-19 10:12:31,2024-05-19 10:16:31,4.0,1.89,On Time,Traffic
7217535512.0,61549.0,2023-11-11 22:39:06,2023-11-11 22:35:06,-4.0,3.07,On Time,
3321951407.0,79598.0,2023-09-13 12:32:36,2023-09-13 12:29:36,-3.0,1.88,On Time,
7189146676.0,60018.0,2024-05-20 18:49:01,2024-05-20 18:52:01,3.0,3.05,On Time,Traffic
5601251774.0,14314.0,2024-10-10 08:31:56,2024-10-10 08:52:56,21.0,2.84,Significantly Delayed,Traffic
8884350133.0,249.0,2024-09-22 20:16:15,2024-09-22 20:18:15,2.0,1.92,On Time,Traffic
8168306307.0,51445.0,2023-12-17 21:18:27,2023-12-17 21:19:27,1.0,1.74,On Time,Traffic
7689275881.0,65098.0,2024-02-03 05:49:09,2024-02-03 05:48:09,-1.0,3.23,On Time,
6593510732.0,32589.0,2023-09-10 14:05:38,2023-09-10 14:16:38,11.0,2.46,Slightly Delayed,Traffic
3066405445.0,11326.0,2023-06-14 09:06:51,2023-06-14 09:10:51,4.0,0.84,On Time,Traffic
5319633841.0,41929.0,2024-05-05 14:44:11,2024-05-05 14:47:11,3.0,4.16,On Time,Traffic
1113665104.0,96538.0,2024-06-11 23:13:08,2024-06-11 23:09:08,-4.0,4.89,On Time,
8436983782.0,97548.0,2024-10-22 02:15:03,2024-10-22 02:11:03,-4.0,3.44,On Time,
1958942711.0,64613.0,2024-05-12 09:03:28,2024-05-12 09:03:28,0.0,1.78,On Time,
6485627928.0,36234.0,2024-09-13 05:49:48,2024-09-13 05:48:48,-1.0,3.92,On Time,
8147959428.0,66010.0,2024-07-23 13:53:34,2024-07-23 13:56:34,3.0,3.8,On Time,Traffic
3697060283.0,73189.0,2024-08-25 01:21:57,2024-08-25 01:26:57,5.0,4.58,On Time,Traffic
2039437258.0,74030.0,2023-12-12 06:14:54,2023-12-12 06:16:54,2.0,0.88,On Time,Traffic
7655293952.0,14565.0,2024-02-16 08:03:03,2024-02-16 08:07:03,4.0,3.51,On Time,Traffic
39791095.0,41559.0,2024-04-06 11:17:05,2024-04-06 11:22:05,5.0,2.49,On Time,Traffic
8071046067.0,48240.0,2024-09-28 16:48:38,2024-09-28 16:47:38,-1.0,1.4,On Time,
2656326203.0,76228.0,2023-11-16 18:47:26,2023-11-16 18:52:26,5.0,0.79,On Time,Traffic
2366866840.0,87681.0,2023-04-22 03:27:20,2023-04-22 03:27:20,0.0,4.8,On Time,
8227348656.0,44555.0,2023-12-01 17:59:08,2023-12-01 17:56:08,-3.0,3.75,On Time,
3917024194.0,47124.0,2024-09-30 21:05:24,2024-09-30 21:07:24,2.0,1.01,On Time,Traffic
3101265.0,20246.0,2024-05-23 03:37:47,2024-05-23 03:40:47,3.0,2.45,On Time,Traffic
9907835880.0,66363.0,2024-10-15 16:09:00,2024-10-15 16:07:00,-2.0,4.11,On Time,
3396210655.0,46263.0,2023-10-24 02:28:18,2023-10-24 02:25:18,-3.0,1.68,On Time,
3000018472.0,63482.0,2024-08-18 05:48:01,2024-08-18 05:49:01,1.0,1.01,On Time,Traffic
7166339556.0,79368.0,2024-06-22 08:08:15,2024-06-22 08:06:15,-2.0,2.77,On Time,
2194351161.0,55557.0,2023-05-09 11:53:54,2023-05-09 11:51:54,-2.0,1.37,On Time,
3224986973.0,24389.0,2024-02-16 07:57:13,2024-02-16 07:58:13,1.0,4.65,On Time,Traffic
6882280967.0,56116.0,2023-09-15 16:09:38,2023-09-15 16:11:38,2.0,1.14,On Time,Traffic
8556188247.0,41435.0,2023-10-05 18:23:58,2023-10-05 18:21:58,-2.0,1.67,On Time,
5236345617.0,34945.0,2023-09-28 01:57:50,2023-09-28 01:57:50,0.0,2.36,On Time,
5153146875.0,65057.0,2023-06-06 08:48:54,2023-06-06 08:57:54,9.0,1.68,Slightly Delayed,Traffic
2011151353.0,53602.0,2024-05-15 03:54:23,2024-05-15 03:51:23,-3.0,0.68,On Time,
9880145668.0,94777.0,2024-02-28 17:08:31,2024-02-28 17:21:31,13.0,1.06,Slightly Delayed,Traffic
2724264210.0,6735.0,2024-10-24 16:35:22,2024-10-24 16:48:22,13.0,0.99,Slightly Delayed,Traffic
871734663.0,57171.0,2024-06-03 02:10:59,2024-06-03 02:22:59,12.0,2.48,Slightly Delayed,Traffic
3883638432.0,42306.0,2023-07-26 03:54:48,2023-07-26 04:20:48,26.0,4.79,Significantly Delayed,Traffic
1282422181.0,1443.0,2024-02-19 14:52:22,2024-02-19 14:59:22,7.0,5.0,Slightly Delayed,Traffic
4500802008.0,74327.0,2024-06-17 06:03:01,2024-06-17 06:06:01,3.0,3.62,On Time,Traffic
8209715885.0,94880.0,2023-05-25 15:40:42,2023-05-25 15:41:42,1.0,0.92,On Time,Traffic
9391482926.0,36274.0,2023-09-12 03:18:03,2023-09-12 03:27:03,9.0,3.18,Slightly Delayed,Traffic
7217765772.0,12036.0,2024-07-05 14:22:12,2024-07-05 14:25:12,3.0,2.28,On Time,Traffic
7848556658.0,34490.0,2024-04-27 11:41:23,2024-04-27 11:38:23,-3.0,1.08,On Time,
9000851345.0,86432.0,2024-03-10 17:11:45,2024-03-10 17:16:45,5.0,0.99,On Time,Traffic
3019634875.0,76065.0,2024-10-29 19:54:02,2024-10-29 19:53:02,-1.0,2.89,On Time,
7013612817.0,74574.0,2023-09-09 08:28:47,2023-09-09 08:54:47,26.0,1.84,Significantly Delayed,Traffic
59461109.0,48662.0,2023-05-06 13:55:41,2023-05-06 13:55:41,0.0,2.72,On Time,
740245864.0,17264.0,2023-05-18 11:12:35,2023-05-18 11:11:35,-1.0,4.55,On Time,
8432648823.0,91242.0,2023-05-19 07:42:48,2023-05-19 07:45:48,3.0,2.06,On Time,Traffic
5863164527.0,26359.0,2023-11-13 18:08:55,2023-11-13 18:16:55,8.0,2.68,Slightly Delayed,Traffic
8615999186.0,77204.0,2024-09-08 20:34:37,2024-09-08 20:35:37,1.0,3.65,On Time,Traffic
1743268828.0,78986.0,2024-05-02 18:24:34,2024-05-02 18:29:34,5.0,2.31,On Time,Traffic
5475369740.0,16243.0,2024-05-12 06:03:07,2024-05-12 06:04:07,1.0,1.31,On Time,Traffic
6520584496.0,79790.0,2023-10-24 05:46:59,2023-10-24 06:03:59,17.0,1.73,Significantly Delayed,Traffic
3854394048.0,83316.0,2023-10-15 20:44:09,2023-10-15 20:40:09,-4.0,3.36,On Time,
4105779656.0,41188.0,2024-04-02 17:24:26,2024-04-02 17:28:26,4.0,2.08,On Time,Traffic
5960266785.0,88310.0,2023-11-21 06:18:29,2023-11-21 06:15:29,-3.0,1.36,On Time,
7380998329.0,14278.0,2023-07-29 21:16:03,2023-07-29 21:16:03,0.0,0.83,On Time,
460625201.0,34818.0,2024-05-17 02:46:25,2024-05-17 02:44:25,-2.0,1.35,On Time,
5442705208.0,53708.0,2024-08-27 03:32:33,2024-08-27 03:27:33,-5.0,1.6,On Time,
643302284.0,92172.0,2024-05-30 23:14:11,2024-05-30 23:25:11,11.0,3.99,Slightly Delayed,Traffic
6141016209.0,66040.0,2024-04-13 18:25:18,2024-04-13 18:25:18,0.0,2.59,On Time,
4058658914.0,15833.0,2024-02-09 09:48:42,2024-02-09 09:48:42,0.0,3.1,On Time,
4731454539.0,57976.0,2024-01-05 07:09:10,2024-01-05 07:09:10,0.0,3.91,On Time,
148408710.0,15102.0,2024-01-01 02:13:47,2024-01-01 02:17:47,4.0,0.87,On Time,Traffic
3263142674.0,63585.0,2024-01-30 08:30:13,2024-01-30 08:31:13,1.0,4.24,On Time,Traffic
9591201821.0,87917.0,2023-11-12 20:39:56,2023-11-12 20:52:56,13.0,3.17,Slightly Delayed,Traffic
2227944524.0,30179.0,2023-06-07 09:02:45,2023-06-07 09:06:45,4.0,3.4,On Time,Traffic
2307375554.0,73572.0,2024-01-31 15:49:00,2024-01-31 16:01:00,12.0,4.24,Slightly Delayed,Traffic
8521887524.0,77426.0,2024-04-13 14:21:15,2024-04-13 14:34:15,13.0,2.3,Slightly Delayed,Traffic
3298709387.0,86131.0,2023-07-01 06:19:58,2023-07-01 06:24:58,5.0,0.63,On Time,Traffic
8608686211.0,95050.0,2023-07-27 05:21:13,2023-07-27 05:32:13,11.0,2.83,Slightly Delayed,Traffic
5125482761.0,85795.0,2023-05-28 07:30:31,2023-05-28 07:40:31,10.0,3.58,Slightly Delayed,Traffic
7388146343.0,94498.0,2023-09-24 11:58:47,2023-09-24 12:11:47,13.0,4.5,Slightly Delayed,Traffic
7064723322.0,94412.0,2023-10-15 12:03:30,2023-10-15 12:20:30,17.0,3.82,Significantly Delayed,Traffic
1766291529.0,27514.0,2024-07-12 19:12:29,2024-07-12 19:27:29,15.0,1.2,Slightly Delayed,Traffic
8183491568.0,48175.0,2023-09-15 14:05:46,2023-09-15 14:17:46,12.0,3.15,Slightly Delayed,Traffic
6419111681.0,66008.0,2024-01-24 11:08:37,2024-01-24 11:08:37,0.0,1.04,On Time,
9193945481.0,44100.0,2024-08-22 20:00:10,2024-08-22 20:06:10,6.0,3.22,Slightly Delayed,Traffic
3937750618.0,76499.0,2023-08-26 10:30:23,2023-08-26 10:30:23,0.0,3.91,On Time,
2056682923.0,32053.0,2024-05-27 19:59:13,2024-05-27 20:11:13,12.0,0.58,Slightly Delayed,Traffic
7229998672.0,32978.0,2023-09-10 21:17:23,2023-09-10 21:31:23,14.0,2.12,Slightly Delayed,Traffic
7028582657.0,88805.0,2024-11-01 14:03:41,2024-11-01 14:13:41,10.0,4.92,Slightly Delayed,Traffic
1732091066.0,91109.0,2024-05-12 10:17:49,2024-05-12 10:14:49,-3.0,1.34,On Time,
9389363975.0,56285.0,2024-01-08 05:51:17,2024-01-08 06:14:17,23.0,2.13,Significantly Delayed,Traffic
9477050930.0,29995.0,2023-09-01 00:18:51,2023-09-01 00:21:51,3.0,3.92,On Time,Traffic
6808771388.0,8970.0,2024-04-29 18:07:09,2024-04-29 18:08:09,1.0,1.22,On Time,Traffic
7616458551.0,92475.0,2023-05-05 09:31:14,2023-05-05 09:44:14,13.0,2.18,Slightly Delayed,Traffic
2784959025.0,86825.0,2023-04-07 02:46:48,2023-04-07 02:49:48,3.0,4.77,On Time,Traffic
2716611235.0,66366.0,2024-02-19 06:29:33,2024-02-19 06:30:33,1.0,4.56,On Time,Traffic
3797871396.0,59554.0,2023-12-19 02:26:29,2023-12-19 02:31:29,5.0,1.81,On Time,Traffic
5895445193.0,40476.0,2023-09-18 20:29:21,2023-09-18 20:36:21,7.0,4.33,Slightly Delayed,Traffic
5281640953.0,76660.0,2024-05-19 19:19:42,2024-05-19 19:20:42,1.0,1.51,On Time,Traffic
9006387145.0,32558.0,2023-07-16 10:10:48,2023-07-16 10:19:48,9.0,1.29,Slightly Delayed,Traffic
2015702046.0,63937.0,2023-05-17 07:11:38,2023-05-17 07:25:38,14.0,4.66,Slightly Delayed,Traffic
9260334793.0,38060.0,2024-07-10 06:56:25,2024-07-10 06:59:25,3.0,3.82,On Time,Traffic
5912752928.0,26396.0,2023-12-20 18:31:00,2023-12-20 18:30:00,-1.0,2.49,On Time,
7691723645.0,28979.0,2024-08-04 13:42:48,2024-08-04 13:45:48,3.0,3.0,On Time,Traffic
9166904790.0,37462.0,2024-01-19 19:15:10,2024-01-19 19:13:10,-2.0,1.4,On Time,
1668797251.0,14539.0,2023-05-18 00:44:10,2023-05-18 00:49:10,5.0,0.7,On Time,Traffic
3350348511.0,64424.0,2023-10-05 05:23:12,2023-10-05 05:18:12,-5.0,4.47,On Time,
2475154947.0,5307.0,2024-01-14 11:12:14,2024-01-14 11:19:14,7.0,1.6,Slightly Delayed,Traffic
1348544692.0,36408.0,2024-04-15 17:14:06,2024-04-15 17:20:06,6.0,1.33,Slightly Delayed,Traffic
6770208707.0,86742.0,2024-05-01 22:21:36,2024-05-01 22:19:36,-2.0,1.38,On Time,
9500356395.0,1348.0,2024-10-29 01:35:06,2024-10-29 01:36:06,1.0,4.79,On Time,Traffic
6280233997.0,52738.0,2023-08-23 20:43:30,2023-08-23 20:38:30,-5.0,4.5,On Time,
935645101.0,22930.0,2023-09-27 02:44:38,2023-09-27 03:14:38,30.0,0.92,Significantly Delayed,Traffic
3492077995.0,11413.0,2023-06-24 00:05:59,2023-06-24 00:01:59,-4.0,3.16,On Time,
6971044672.0,4558.0,2024-03-21 16:18:32,2024-03-21 16:30:32,12.0,4.35,Slightly Delayed,Traffic
9417710958.0,8300.0,2023-09-20 16:05:11,2023-09-20 16:01:11,-4.0,4.22,On Time,
114851727.0,8766.0,2024-10-04 03:26:47,2024-10-04 03:25:47,-1.0,0.87,On Time,
7521503340.0,38651.0,2024-05-30 07:18:58,2024-05-30 07:15:58,-3.0,2.73,On Time,
7709878408.0,24294.0,2023-08-09 18:05:59,2023-08-09 18:07:59,2.0,4.39,On Time,Traffic
7941755463.0,821.0,2024-09-30 09:51:04,2024-09-30 09:54:04,3.0,2.94,On Time,Traffic
4540271027.0,7176.0,2024-05-14 04:10:16,2024-05-14 04:12:16,2.0,1.86,On Time,Traffic
8022168472.0,42469.0,2024-02-20 22:52:43,2024-02-20 23:00:43,8.0,2.58,Slightly Delayed,Traffic
3808358945.0,14986.0,2023-08-26 03:17:53,2023-08-26 03:26:53,9.0,2.67,Slightly Delayed,Traffic
5112444865.0,2692.0,2024-06-06 21:24:35,2024-06-06 21:19:35,-5.0,2.02,On Time,
9965551056.0,98962.0,2023-06-24 02:19:08,2023-06-24 02:25:08,6.0,2.4,Slightly Delayed,Traffic
7695708103.0,87812.0,2024-05-16 15:53:47,2024-05-16 15:54:47,1.0,4.44,On Time,Traffic
7022728237.0,81122.0,2023-06-03 04:29:03,2023-06-03 04:29:03,0.0,3.91,On Time,
2062715135.0,43272.0,2024-08-20 15:51:50,2024-08-20 15:51:50,0.0,1.17,On Time,
3287815959.0,42829.0,2024-08-09 19:54:10,2024-08-09 20:15:10,21.0,2.8,Significantly Delayed,Traffic
9015471552.0,72941.0,2024-04-13 19:46:29,2024-04-13 19:46:29,0.0,1.88,On Time,
1595123446.0,25599.0,2024-02-27 00:53:54,2024-02-27 00:55:54,2.0,2.34,On Time,Traffic
4888577440.0,1050.0,2024-05-19 01:02:46,2024-05-19 00:57:46,-5.0,1.06,On Time,
9039053330.0,93032.0,2023-08-16 10:26:50,2023-08-16 10:25:50,-1.0,3.5,On Time,
3091360904.0,32085.0,2024-06-16 04:42:49,2024-06-16 04:42:49,0.0,4.04,On Time,
6821938492.0,78087.0,2023-09-06 17:03:35,2023-09-06 17:04:35,1.0,0.96,On Time,Traffic
4553785640.0,48308.0,2024-08-13 16:49:43,2024-08-13 16:50:43,1.0,4.56,On Time,Traffic
4005611015.0,10416.0,2024-03-30 00:03:07,2024-03-30 00:17:07,14.0,2.77,Slightly Delayed,Traffic
8480910658.0,38062.0,2023-08-28 20:34:24,2023-08-28 20:39:24,5.0,2.11,On Time,Traffic
1922667245.0,44104.0,2023-09-24 16:43:09,2023-09-24 16:44:09,1.0,4.19,On Time,Traffic
379758677.0,53840.0,2023-12-26 22:55:09,2023-12-26 23:08:09,13.0,3.84,Slightly Delayed,Traffic
4903380842.0,76089.0,2024-06-03 05:47:05,2024-06-03 05:53:05,6.0,0.86,Slightly Delayed,Traffic
9244122658.0,24492.0,2024-03-12 16:52:38,2024-03-12 17:15:38,23.0,1.9,Significantly Delayed,Traffic
5054410467.0,48965.0,2023-07-01 12:27:23,2023-07-01 12:24:23,-3.0,1.76,On Time,
9877212995.0,52198.0,2024-05-04 01:34:51,2024-05-04 01:29:51,-5.0,3.48,On Time,
8375236356.0,8079.0,2023-09-22 19:02:02,2023-09-22 19:06:02,4.0,4.38,On Time,Traffic
2652063230.0,55939.0,2023-11-22 02:31:55,2023-11-22 02:32:55,1.0,0.7,On Time,Traffic
7258243894.0,15896.0,2024-07-14 23:19:25,2024-07-14 23:18:25,-1.0,4.18,On Time,
5980648426.0,76780.0,2023-12-15 03:43:00,2023-12-15 03:59:00,16.0,4.67,Significantly Delayed,Traffic
365104159.0,42058.0,2023-11-27 05:08:51,2023-11-27 05:27:51,19.0,1.41,Significantly Delayed,Traffic
7038005775.0,77255.0,2023-07-02 02:19:47,2023-07-02 02:15:47,-4.0,2.96,On Time,
1456792223.0,9753.0,2024-08-13 21:29:36,2024-08-13 21:24:36,-5.0,3.65,On Time,
6673964264.0,33183.0,2024-10-18 05:57:01,2024-10-18 05:58:01,1.0,2.02,On Time,Traffic
5780280518.0,82210.0,2024-08-23 22:48:52,2024-08-23 22:51:52,3.0,3.34,On Time,Traffic
6220137166.0,307.0,2023-12-09 22:20:35,2023-12-09 22:35:35,15.0,4.63,Slightly Delayed,Traffic
2615887425.0,32500.0,2023-10-28 20:05:41,2023-10-28 20:15:41,10.0,2.09,Slightly Delayed,Traffic
5610987488.0,51046.0,2023-08-14 12:18:35,2023-08-14 12:14:35,-4.0,0.85,On Time,
6038240765.0,66705.0,2023-05-27 00:30:57,2023-05-27 00:30:57,0.0,3.29,On Time,
5004974422.0,85319.0,2023-07-03 18:32:28,2023-07-03 18:31:28,-1.0,1.63,On Time,
2349863203.0,76889.0,2023-12-20 21:18:38,2023-12-20 21:22:38,4.0,4.83,On Time,Traffic
9487956261.0,23324.0,2023-07-25 07:44:56,2023-07-25 07:54:56,10.0,3.23,Slightly Delayed,Traffic
7169945062.0,62218.0,2023-06-14 02:37:15,2023-06-14 02:40:15,3.0,4.36,On Time,Traffic
5393866026.0,23975.0,2023-04-10 00:56:20,2023-04-10 00:51:20,-5.0,2.3,On Time,
7266772806.0,19227.0,2024-09-06 23:24:12,2024-09-06 23:28:12,4.0,1.4,On Time,Traffic
2411227007.0,63131.0,2024-06-09 14:54:18,2024-06-09 14:57:18,3.0,2.53,On Time,Traffic
960728650.0,42554.0,2023-04-16 08:09:44,2023-04-16 08:16:44,7.0,3.51,Slightly Delayed,Traffic
2326500581.0,53100.0,2024-07-21 05:49:04,2024-07-21 05:54:04,5.0,3.58,On Time,Traffic
9489310879.0,13348.0,2024-10-15 05:36:12,2024-10-15 05:33:12,-3.0,1.32,On Time,
2341242955.0,6285.0,2024-01-12 18:41:15,2024-01-12 19:00:15,19.0,3.34,Significantly Delayed,Traffic
1023485121.0,74337.0,2024-02-11 17:36:30,2024-02-11 17:38:30,2.0,1.34,On Time,Traffic
9742218709.0,4129.0,2024-09-25 13:28:53,2024-09-25 13:27:53,-1.0,4.99,On Time,
9039933820.0,11046.0,2023-12-09 15:18:56,2023-12-09 15:17:56,-1.0,4.88,On Time,
1391881327.0,48329.0,2024-07-01 21:34:49,2024-07-01 21:38:49,4.0,3.69,On Time,Traffic
3360648053.0,10234.0,2023-05-15 08:38:15,2023-05-15 08:43:15,5.0,2.52,On Time,Traffic
9758418980.0,77182.0,2023-07-05 11:58:10,2023-07-05 11:54:10,-4.0,3.4,On Time,
9859459525.0,319.0,2023-07-13 02:44:28,2023-07-13 02:44:28,0.0,3.56,On Time,
6924226309.0,6964.0,2024-09-27 04:02:48,2024-09-27 04:13:48,11.0,3.61,Slightly Delayed,Traffic
7672052920.0,30194.0,2023-12-07 01:11:00,2023-12-07 01:07:00,-4.0,3.15,On Time,
4597359399.0,5286.0,2024-09-20 03:14:14,2024-09-20 03:12:14,-2.0,2.78,On Time,
665402174.0,77757.0,2024-04-16 02:20:25,2024-04-16 02:17:25,-3.0,1.18,On Time,
3986082657.0,55010.0,2024-02-17 12:56:53,2024-02-17 12:55:53,-1.0,1.35,On Time,
4275746826.0,59737.0,2024-03-05 10:57:46,2024-03-05 10:54:46,-3.0,4.92,On Time,
525864604.0,60733.0,2024-03-24 21:22:29,2024-03-24 21:24:29,2.0,1.2,On Time,Traffic
4473658819.0,14104.0,2023-12-05 00:39:25,2023-12-05 00:35:25,-4.0,1.81,On Time,
8824559505.0,56907.0,2024-08-14 14:06:11,2024-08-14 14:03:11,-3.0,4.12,On Time,
1824646473.0,88937.0,2023-04-02 07:02:43,2023-04-02 06:57:43,-5.0,1.7,On Time,
776389097.0,75111.0,2024-02-10 07:50:39,2024-02-10 08:05:39,15.0,1.62,Slightly Delayed,Traffic
4908634706.0,13171.0,2023-10-15 22:36:25,2023-10-15 22:37:25,1.0,0.69,On Time,Traffic
3516204561.0,1455.0,2023-09-09 05:48:58,2023-09-09 05:48:58,0.0,1.81,On Time,
9510792757.0,28724.0,2023-11-04 05:12:14,2023-11-04 05:12:14,0.0,4.93,On Time,
3504903228.0,90336.0,2023-06-30 00:26:00,2023-06-30 00:34:00,8.0,1.84,Slightly Delayed,Traffic
3438202422.0,94413.0,2023-10-08 16:06:10,2023-10-08 16:33:10,27.0,4.09,Significantly Delayed,Traffic
3007616042.0,42230.0,2024-07-14 07:36:08,2024-07-14 07:58:08,22.0,3.57,Significantly Delayed,Traffic
4656199468.0,68579.0,2023-10-29 19:46:19,2023-10-29 20:16:19,30.0,4.72,Significantly Delayed,Traffic
6994560237.0,76628.0,2024-07-03 11:29:07,2024-07-03 11:27:07,-2.0,2.4,On Time,
8442552565.0,27187.0,2023-11-05 16:31:52,2023-11-05 16:58:52,27.0,2.62,Significantly Delayed,Traffic
414299117.0,13455.0,2023-07-28 06:50:14,2023-07-28 06:50:14,0.0,4.8,On Time,
8146956033.0,56350.0,2024-08-10 01:07:00,2024-08-10 01:03:00,-4.0,4.86,On Time,
7919748594.0,23133.0,2024-09-20 00:47:20,2024-09-20 00:49:20,2.0,0.52,On Time,Traffic
7834171020.0,97901.0,2024-01-04 12:36:25,2024-01-04 12:39:25,3.0,2.87,On Time,Traffic
3735968672.0,57850.0,2023-12-22 22:43:36,2023-12-22 22:41:36,-2.0,0.62,On Time,
3864051985.0,95883.0,2024-04-06 03:13:19,2024-04-06 03:41:19,28.0,2.43,Significantly Delayed,Traffic
8299074079.0,16269.0,2024-06-08 10:25:10,2024-06-08 10:26:10,1.0,1.16,On Time,Traffic
891333736.0,92557.0,2023-09-24 20:28:03,2023-09-24 20:57:03,29.0,3.22,Significantly Delayed,Traffic
2874220576.0,57749.0,2023-10-04 07:13:43,2023-10-04 07:10:43,-3.0,1.12,On Time,
6375536946.0,94134.0,2024-01-10 12:51:54,2024-01-10 12:52:54,1.0,2.02,On Time,Traffic
1966054573.0,87453.0,2023-05-09 12:12:58,2023-05-09 12:38:58,26.0,1.59,Significantly Delayed,Traffic
1565942558.0,92722.0,2024-08-04 14:34:41,2024-08-04 14:34:41,0.0,0.64,On Time,
4624281313.0,30435.0,2024-10-22 11:27:07,2024-10-22 11:30:07,3.0,4.96,On Time,Traffic
6884010758.0,63064.0,2024-04-27 22:36:57,2024-04-27 22:38:57,2.0,4.26,On Time,Traffic
4351744653.0,45994.0,2023-04-03 14:26:21,2023-04-03 14:45:21,19.0,2.14,Significantly Delayed,Traffic
8698000932.0,22719.0,2024-05-28 20:33:44,2024-05-28 20:57:44,24.0,4.43,Significantly Delayed,Traffic
3844380421.0,52805.0,2023-10-19 13:05:22,2023-10-19 13:01:22,-4.0,3.3,On Time,
7105842598.0,1898.0,2023-08-24 15:06:37,2023-08-24 15:01:37,-5.0,1.96,On Time,
8993722297.0,53094.0,2023-07-04 16:14:33,2023-07-04 16:17:33,3.0,3.27,On Time,Traffic
2929439019.0,75818.0,2023-10-28 17:37:14,2023-10-28 17:35:14,-2.0,3.2,On Time,
1661854320.0,19933.0,2024-09-28 10:11:29,2024-09-28 10:16:29,5.0,3.68,On Time,Traffic
3082165628.0,30186.0,2023-05-02 21:48:37,2023-05-02 21:44:37,-4.0,1.08,On Time,
1745045814.0,4796.0,2023-11-30 09:04:34,2023-11-30 09:01:34,-3.0,2.81,On Time,
813387880.0,92699.0,2023-07-08 11:43:53,2023-07-08 11:42:53,-1.0,2.58,On Time,
8189879400.0,89826.0,2023-11-16 04:33:20,2023-11-16 04:29:20,-4.0,1.83,On Time,
8465045467.0,34692.0,2024-05-01 05:48:15,2024-05-01 05:46:15,-2.0,1.16,On Time,
9232350528.0,22738.0,2023-10-03 08:29:06,2023-10-03 08:28:06,-1.0,1.07,On Time,
1728666371.0,77801.0,2024-05-12 12:47:32,2024-05-12 13:10:32,23.0,1.6,Significantly Delayed,Traffic
6131815766.0,34359.0,2023-03-18 00:05:57,2023-03-18 00:05:57,0.0,1.64,On Time,
6438773635.0,188.0,2024-07-19 04:07:24,2024-07-19 04:02:24,-5.0,1.85,On Time,
6912676966.0,15416.0,2023-06-10 14:06:41,2023-06-10 14:06:41,0.0,1.08,On Time,
2840314717.0,56917.0,2023-06-27 23:52:21,2023-06-27 23:51:21,-1.0,1.91,On Time,
9508359721.0,85036.0,2024-08-24 15:57:55,2024-08-24 16:06:55,9.0,1.58,Slightly Delayed,Traffic
2244679313.0,2273.0,2024-08-05 07:09:07,2024-08-05 07:13:07,4.0,3.56,On Time,Traffic
9407544177.0,59002.0,2024-11-03 08:03:59,2024-11-03 08:07:59,4.0,4.1,On Time,Traffic
2528398796.0,58075.0,2023-04-07 00:02:43,2023-04-07 00:13:43,11.0,2.63,Slightly Delayed,Traffic
9464988762.0,64401.0,2023-10-02 17:29:55,2023-10-02 17:25:55,-4.0,3.68,On Time,
6373867899.0,71865.0,2023-11-08 08:52:48,2023-11-08 08:57:48,5.0,2.39,On Time,Traffic
4028185110.0,30697.0,2023-04-25 15:36:14,2023-04-25 15:43:14,7.0,1.16,Slightly Delayed,Traffic
9717018638.0,78169.0,2024-07-13 02:50:06,2024-07-13 02:58:06,8.0,4.44,Slightly Delayed,Traffic
4898477588.0,11074.0,2024-02-15 20:20:56,2024-02-15 20:15:56,-5.0,2.11,On Time,
4723165081.0,60832.0,2024-02-02 09:09:11,2024-02-02 09:05:11,-4.0,3.61,On Time,
2845954128.0,64804.0,2024-07-04 16:58:53,2024-07-04 16:56:53,-2.0,1.05,On Time,
23158044.0,66644.0,2023-05-19 19:41:28,2023-05-19 19:41:28,0.0,2.64,On Time,
1486548042.0,74963.0,2023-10-12 11:35:23,2023-10-12 11:44:23,9.0,2.73,Slightly Delayed,Traffic
708351411.0,21614.0,2023-10-16 05:43:05,2023-10-16 05:51:05,8.0,1.91,Slightly Delayed,Traffic
5512110908.0,31823.0,2023-11-22 02:20:53,2023-11-22 02:46:53,26.0,1.88,Significantly Delayed,Traffic
2295441899.0,21929.0,2024-02-18 08:06:22,2024-02-18 08:14:22,8.0,3.92,Slightly Delayed,Traffic
4867173151.0,40357.0,2023-10-24 22:14:36,2023-10-24 22:16:36,2.0,2.7,On Time,Traffic
4635037652.0,80201.0,2024-01-23 20:55:54,2024-01-23 20:50:54,-5.0,0.93,On Time,
2209259378.0,91054.0,2023-12-23 12:52:15,2023-12-23 12:47:15,-5.0,1.92,On Time,
4079286483.0,29223.0,2023-05-19 13:22:58,2023-05-19 13:24:58,2.0,4.18,On Time,Traffic
9506078962.0,82546.0,2024-07-05 22:13:58,2024-07-05 22:27:58,14.0,0.51,Slightly Delayed,Traffic
6894691072.0,13462.0,2024-03-22 12:13:52,2024-03-22 12:17:52,4.0,2.36,On Time,Traffic
4481256065.0,34584.0,2024-04-04 14:07:44,2024-04-04 14:29:44,22.0,0.53,Significantly Delayed,Traffic
5050919809.0,7758.0,2024-05-13 07:24:41,2024-05-13 07:27:41,3.0,4.41,On Time,Traffic
1328085383.0,73436.0,2023-05-11 11:50:52,2023-05-11 11:47:52,-3.0,3.29,On Time,
5382246981.0,18853.0,2023-08-30 22:08:30,2023-08-30 22:12:30,4.0,2.17,On Time,Traffic
5647827263.0,69561.0,2024-05-07 08:10:24,2024-05-07 08:09:24,-1.0,3.35,On Time,
9244268951.0,85934.0,2023-10-30 09:40:13,2023-10-30 09:44:13,4.0,3.0,On Time,Traffic
6217777735.0,29335.0,2024-07-22 11:39:06,2024-07-22 11:34:06,-5.0,1.22,On Time,
3682639473.0,98463.0,2023-11-22 00:03:53,2023-11-21 23:59:53,-4.0,4.65,On Time,
3859331666.0,83436.0,2023-07-02 07:49:25,2023-07-02 07:48:25,-1.0,3.85,On Time,
7971689217.0,36735.0,2023-10-18 13:24:32,2023-10-18 13:38:32,14.0,2.44,Slightly Delayed,Traffic
6822492679.0,70308.0,2023-07-28 06:25:08,2023-07-28 06:39:08,14.0,3.19,Slightly Delayed,Traffic
7211194993.0,79267.0,2023-09-04 03:59:51,2023-09-04 03:59:51,0.0,1.51,On Time,
461485679.0,88187.0,2023-08-08 00:18:45,2023-08-08 00:22:45,4.0,1.16,On Time,Traffic
3209732414.0,55281.0,2024-04-18 11:06:25,2024-04-18 11:06:25,0.0,4.14,On Time,
6537694730.0,46287.0,2024-08-15 00:54:15,2024-08-15 00:58:15,4.0,2.1,On Time,Traffic
7653097776.0,52927.0,2023-07-16 06:58:44,2023-07-16 06:59:44,1.0,3.65,On Time,Traffic
4928556641.0,49069.0,2023-09-19 15:11:57,2023-09-19 15:18:57,7.0,4.28,Slightly Delayed,Traffic
5905518100.0,87502.0,2023-09-25 06:47:07,2023-09-25 06:51:07,4.0,3.99,On Time,Traffic
8337948336.0,61806.0,2023-07-04 05:42:59,2023-07-04 05:47:59,5.0,3.64,On Time,Traffic
8814435884.0,19344.0,2024-08-11 14:11:47,2024-08-11 14:13:47,2.0,0.75,On Time,Traffic
6645415772.0,80224.0,2024-07-02 07:04:43,2024-07-02 07:00:43,-4.0,4.61,On Time,
5274039950.0,77082.0,2023-12-14 20:34:39,2023-12-14 20:31:39,-3.0,2.99,On Time,
7404052550.0,19555.0,2023-09-13 07:21:41,2023-09-13 07:18:41,-3.0,3.25,On Time,
8179058864.0,98021.0,2023-05-18 17:59:29,2023-05-18 17:57:29,-2.0,2.59,On Time,
5195997912.0,54621.0,2024-07-20 15:34:32,2024-07-20 15:29:32,-5.0,2.91,On Time,
3320194259.0,18826.0,2023-12-07 19:10:10,2023-12-07 19:06:10,-4.0,3.85,On Time,
8185684967.0,39742.0,2023-05-05 22:48:30,2023-05-05 22:49:30,1.0,2.05,On Time,Traffic
2324568019.0,84177.0,2023-07-06 05:18:30,2023-07-06 05:25:30,7.0,3.72,Slightly Delayed,Traffic
3522645150.0,24179.0,2023-05-16 07:52:57,2023-05-16 07:53:57,1.0,1.57,On Time,Traffic
4510488834.0,88472.0,2024-09-08 20:53:29,2024-09-08 20:53:29,0.0,1.56,On Time,
9433427403.0,44148.0,2023-05-17 21:11:25,2023-05-17 21:24:25,13.0,4.98,Slightly Delayed,Traffic
8065436106.0,75168.0,2024-01-22 01:59:31,2024-01-22 01:59:31,0.0,4.51,On Time,
846586265.0,8377.0,2023-07-02 16:52:26,2023-07-02 17:02:26,10.0,2.63,Slightly Delayed,Traffic
4337013612.0,14243.0,2023-05-15 12:42:43,2023-05-15 12:45:43,3.0,2.79,On Time,Traffic
8916023990.0,91553.0,2024-05-18 04:47:04,2024-05-18 04:58:04,11.0,1.31,Slightly Delayed,Traffic
6018805430.0,39582.0,2023-09-04 07:37:40,2023-09-04 07:41:40,4.0,4.16,On Time,Traffic
2676353168.0,61764.0,2024-09-10 11:32:07,2024-09-10 11:31:07,-1.0,3.6,On Time,
1069724600.0,27884.0,2023-07-26 11:56:20,2023-07-26 12:05:20,9.0,2.23,Slightly Delayed,Traffic
5503476312.0,28852.0,2024-06-16 16:03:53,2024-06-16 16:07:53,4.0,2.89,On Time,Traffic
4439677910.0,84746.0,2024-02-26 09:44:38,2024-02-26 09:44:38,0.0,1.59,On Time,
8045361592.0,3274.0,2024-10-11 12:04:32,2024-10-11 12:06:32,2.0,4.06,On Time,Traffic
1873731593.0,82405.0,2023-11-24 07:58:32,2023-11-24 08:01:32,3.0,4.21,On Time,Traffic
1126011099.0,7013.0,2024-02-21 22:09:21,2024-02-21 22:08:21,-1.0,0.92,On Time,
4100626744.0,30255.0,2024-10-21 01:19:46,2024-10-21 01:24:46,5.0,4.16,On Time,Traffic
8616880376.0,3557.0,2024-03-18 04:15:22,2024-03-18 04:35:22,20.0,2.86,Significantly Delayed,Traffic
1427911940.0,321.0,2024-02-24 07:14:38,2024-02-24 07:17:38,3.0,2.28,On Time,Traffic
4416398885.0,89868.0,2024-10-22 06:57:37,2024-10-22 06:56:37,-1.0,1.05,On Time,
2584579895.0,40539.0,2024-01-12 20:57:24,2024-01-12 20:55:24,-2.0,2.26,On Time,
7770651576.0,65051.0,2023-09-04 00:28:49,2023-09-04 00:51:49,23.0,4.1,Significantly Delayed,Traffic
3705985582.0,64445.0,2023-08-19 23:35:01,2023-08-19 23:36:01,1.0,2.11,On Time,Traffic
5160295213.0,99136.0,2024-01-25 20:59:59,2024-01-25 20:59:59,0.0,2.45,On Time,
4374285559.0,77397.0,2024-09-02 03:11:44,2024-09-02 03:18:44,7.0,2.49,Slightly Delayed,Traffic
9096638812.0,82494.0,2023-12-05 02:11:14,2023-12-05 02:10:14,-1.0,2.07,On Time,
2888179397.0,21483.0,2023-08-26 19:09:22,2023-08-26 19:17:22,8.0,1.89,Slightly Delayed,Traffic
3387165389.0,5218.0,2024-07-14 09:24:56,2024-07-14 09:24:56,0.0,2.13,On Time,
1925647539.0,74222.0,2023-08-14 15:48:54,2023-08-14 15:49:54,1.0,1.39,On Time,Traffic
6160848562.0,3350.0,2023-09-10 19:57:37,2023-09-10 20:02:37,5.0,3.71,On Time,Traffic
2343495895.0,92896.0,2024-08-04 14:34:51,2024-08-04 14:33:51,-1.0,2.17,On Time,
8812220964.0,67129.0,2023-08-29 16:38:14,2023-08-29 16:43:14,5.0,3.5,On Time,Traffic
8640364495.0,26749.0,2023-05-13 23:03:47,2023-05-13 23:13:47,10.0,3.03,Slightly Delayed,Traffic
4610687284.0,4338.0,2023-09-26 10:48:31,2023-09-26 10:53:31,5.0,4.69,On Time,Traffic
189431942.0,73313.0,2024-01-23 12:47:16,2024-01-23 12:45:16,-2.0,4.37,On Time,
1746826454.0,85938.0,2024-01-05 01:52:52,2024-01-05 01:50:52,-2.0,0.64,On Time,
948345459.0,89820.0,2024-03-23 04:25:06,2024-03-23 04:35:06,10.0,1.25,Slightly Delayed,Traffic
9959881029.0,36005.0,2024-09-30 03:34:06,2024-09-30 03:44:06,10.0,0.93,Slightly Delayed,Traffic
621213006.0,42600.0,2024-07-22 04:39:26,2024-07-22 04:40:26,1.0,1.61,On Time,Traffic
1772464528.0,47913.0,2023-09-07 21:22:04,2023-09-07 21:23:04,1.0,2.23,On Time,Traffic
7732863862.0,10377.0,2023-08-02 04:11:51,2023-08-02 04:13:51,2.0,3.32,On Time,Traffic
3064828239.0,46175.0,2024-02-18 07:49:33,2024-02-18 07:54:33,5.0,4.66,On Time,Traffic
6363526452.0,870.0,2023-10-10 23:16:54,2023-10-10 23:18:54,2.0,2.76,On Time,Traffic
6988011282.0,63272.0,2024-10-30 17:18:05,2024-10-30 17:17:05,-1.0,3.17,On Time,
8523250818.0,69177.0,2024-02-11 19:05:06,2024-02-11 19:01:06,-4.0,1.28,On Time,
5595210484.0,82974.0,2023-05-17 01:19:53,2023-05-17 01:27:53,8.0,2.21,Slightly Delayed,Traffic
1461081366.0,36779.0,2024-08-15 23:16:55,2024-08-15 23:23:55,7.0,3.78,Slightly Delayed,Traffic
4922364507.0,69143.0,2024-07-06 08:57:32,2024-07-06 08:59:32,2.0,2.96,On Time,Traffic
6597871211.0,42842.0,2024-05-03 00:47:32,2024-05-03 00:48:32,1.0,2.44,On Time,Traffic
2719816862.0,89017.0,2024-09-20 21:09:22,2024-09-20 21:24:22,15.0,2.7,Slightly Delayed,Traffic
9830788650.0,26304.0,2023-07-07 08:12:06,2023-07-07 08:17:06,5.0,4.22,On Time,Traffic
140980199.0,72398.0,2024-03-05 14:27:06,2024-03-05 14:36:06,9.0,1.97,Slightly Delayed,Traffic
7595842583.0,3254.0,2024-02-24 08:13:06,2024-02-24 08:18:06,5.0,1.8,On Time,Traffic
2390228992.0,70541.0,2023-07-31 17:08:38,2023-07-31 17:08:38,0.0,4.68,On Time,
8178738469.0,89094.0,2023-06-12 06:03:37,2023-06-12 06:13:37,10.0,4.95,Slightly Delayed,Traffic
9964671001.0,5380.0,2024-03-14 18:06:53,2024-03-14 18:02:53,-4.0,1.4,On Time,
1258689954.0,51547.0,2024-03-31 02:41:00,2024-03-31 02:43:00,2.0,2.97,On Time,Traffic
4647158015.0,93276.0,2023-11-18 13:40:26,2023-11-18 13:52:26,12.0,1.02,Slightly Delayed,Traffic
2382974038.0,81484.0,2024-05-16 17:01:07,2024-05-16 17:04:07,3.0,3.41,On Time,Traffic
3663827875.0,25542.0,2023-11-02 20:46:10,2023-11-02 21:10:10,24.0,2.92,Significantly Delayed,Traffic
6501113916.0,30138.0,2024-01-07 17:05:53,2024-01-07 17:09:53,4.0,3.28,On Time,Traffic
3300719369.0,14792.0,2024-05-25 03:57:12,2024-05-25 04:02:12,5.0,4.37,On Time,Traffic
3239722852.0,63051.0,2023-07-02 09:43:30,2023-07-02 09:39:30,-4.0,0.68,On Time,
6694899030.0,72101.0,2024-09-21 16:44:57,2024-09-21 16:57:57,13.0,1.64,Slightly Delayed,Traffic
992895707.0,95191.0,2023-05-14 22:51:49,2023-05-14 22:57:49,6.0,4.39,Slightly Delayed,Traffic
8432150432.0,4319.0,2024-05-11 16:33:59,2024-05-11 16:33:59,0.0,4.15,On Time,
6220520171.0,82788.0,2023-12-01 00:21:19,2023-12-01 00:20:19,-1.0,0.95,On Time,
735608722.0,4090.0,2024-06-08 09:48:25,2024-06-08 10:02:25,14.0,2.64,Slightly Delayed,Traffic
7303161073.0,80732.0,2024-03-15 00:15:10,2024-03-15 00:20:10,5.0,3.14,On Time,Traffic
9783380107.0,37808.0,2024-06-09 08:18:30,2024-06-09 08:18:30,0.0,1.55,On Time,
3835886077.0,58336.0,2023-11-19 17:51:59,2023-11-19 17:49:59,-2.0,1.06,On Time,
8140652447.0,16128.0,2024-04-15 11:39:24,2024-04-15 11:36:24,-3.0,4.81,On Time,
6412390967.0,19522.0,2024-02-03 20:35:40,2024-02-03 20:37:40,2.0,3.04,On Time,Traffic
6688575911.0,28472.0,2023-12-26 19:01:13,2023-12-26 19:04:13,3.0,3.47,On Time,Traffic
3890111511.0,51181.0,2024-09-09 23:52:46,2024-09-10 00:11:46,19.0,3.55,Significantly Delayed,Traffic
5145256852.0,60056.0,2024-09-10 19:25:18,2024-09-10 19:43:18,18.0,4.37,Significantly Delayed,Traffic
7375057413.0,80419.0,2023-05-17 22:35:56,2023-05-17 22:44:56,9.0,4.64,Slightly Delayed,Traffic
3047491006.0,3770.0,2024-09-21 22:03:52,2024-09-21 22:08:52,5.0,0.69,On Time,Traffic
7715738110.0,78052.0,2023-05-10 22:25:57,2023-05-10 22:29:57,4.0,0.64,On Time,Traffic
6191554160.0,17582.0,2023-07-20 23:26:31,2023-07-20 23:24:31,-2.0,4.32,On Time,
896919031.0,61896.0,2024-10-08 03:12:32,2024-10-08 03:11:32,-1.0,3.17,On Time,
1535818185.0,11471.0,2024-05-03 16:42:31,2024-05-03 16:37:31,-5.0,3.44,On Time,
4428830794.0,1874.0,2024-06-18 23:41:18,2024-06-18 23:44:18,3.0,4.36,On Time,Traffic
3610035622.0,94062.0,2024-04-04 03:46:32,2024-04-04 03:44:32,-2.0,2.96,On Time,
8674445072.0,98361.0,2024-08-04 05:42:43,2024-08-04 05:44:43,2.0,1.92,On Time,Traffic
9623704312.0,5220.0,2024-02-24 22:21:43,2024-02-24 22:23:43,2.0,0.75,On Time,Traffic
7786002894.0,99820.0,2023-12-21 13:06:24,2023-12-21 13:12:24,6.0,2.8,Slightly Delayed,Traffic
3264409553.0,61878.0,2023-03-30 18:48:29,2023-03-30 19:12:29,24.0,4.86,Significantly Delayed,Traffic
7736534043.0,83856.0,2023-05-28 08:33:29,2023-05-28 08:29:29,-4.0,4.36,On Time,
5936596117.0,1771.0,2024-10-25 12:28:18,2024-10-25 12:23:18,-5.0,2.78,On Time,
1980087245.0,98576.0,2023-06-16 19:46:33,2023-06-16 19:49:33,3.0,3.77,On Time,Traffic
8861557989.0,38818.0,2024-08-25 06:22:25,2024-08-25 06:18:25,-4.0,3.9,On Time,
6702391437.0,44685.0,2024-01-21 18:15:30,2024-01-21 18:32:30,17.0,1.73,Significantly Delayed,Traffic
6385452188.0,84550.0,2024-06-04 21:39:31,2024-06-04 21:43:31,4.0,4.06,On Time,Traffic
8813216380.0,388.0,2024-10-09 12:17:06,2024-10-09 12:27:06,10.0,2.93,Slightly Delayed,Traffic
5563712992.0,8510.0,2024-01-11 16:43:07,2024-01-11 16:47:07,4.0,4.23,On Time,Traffic
966468552.0,64064.0,2023-06-24 01:55:48,2023-06-24 01:53:48,-2.0,2.29,On Time,
4368529506.0,98277.0,2024-06-30 01:34:42,2024-06-30 01:40:42,6.0,1.15,Slightly Delayed,Traffic
3777009463.0,36810.0,2024-09-01 08:24:47,2024-09-01 08:23:47,-1.0,3.36,On Time,
3560912801.0,16585.0,2024-09-09 00:07:45,2024-09-09 00:02:45,-5.0,2.69,On Time,
1741224538.0,28254.0,2023-03-29 00:40:22,2023-03-29 00:40:22,0.0,1.04,On Time,
4579251445.0,63271.0,2023-08-28 15:48:23,2023-08-28 15:48:23,0.0,2.51,On Time,
3438127101.0,80040.0,2023-11-27 16:50:08,2023-11-27 16:52:08,2.0,2.44,On Time,Traffic
9741958794.0,4642.0,2024-08-20 07:43:07,2024-08-20 07:51:07,8.0,1.52,Slightly Delayed,Traffic
882082341.0,64310.0,2024-10-10 12:49:06,2024-10-10 13:00:06,11.0,2.1,Slightly Delayed,Traffic
3629321763.0,93253.0,2024-08-06 19:03:52,2024-08-06 19:05:52,2.0,0.84,On Time,Traffic
888938572.0,28461.0,2023-04-02 20:49:35,2023-04-02 20:54:35,5.0,4.8,On Time,Traffic
5263181887.0,28643.0,2024-09-28 22:13:44,2024-09-28 22:18:44,5.0,1.24,On Time,Traffic
7071557807.0,70989.0,2024-04-29 11:24:40,2024-04-29 11:32:40,8.0,4.81,Slightly Delayed,Traffic
6888804296.0,27520.0,2024-10-24 22:40:07,2024-10-24 22:42:07,2.0,3.51,On Time,Traffic
814182718.0,18293.0,2023-11-17 22:30:49,2023-11-17 22:25:49,-5.0,1.14,On Time,
3513524740.0,96517.0,2024-07-03 12:20:31,2024-07-03 12:42:31,22.0,3.09,Significantly Delayed,Traffic
1234169434.0,73458.0,2023-10-17 21:03:10,2023-10-17 21:07:10,4.0,2.23,On Time,Traffic
2577990012.0,81801.0,2023-09-22 03:13:12,2023-09-22 03:13:12,0.0,3.35,On Time,
8446065263.0,38584.0,2023-11-15 02:10:57,2023-11-15 02:16:57,6.0,1.74,Slightly Delayed,Traffic
4220970302.0,93466.0,2024-11-01 10:03:24,2024-11-01 09:59:24,-4.0,1.84,On Time,
5712516128.0,41787.0,2023-07-14 21:33:01,2023-07-14 21:34:01,1.0,3.96,On Time,Traffic
807167715.0,15159.0,2024-08-28 21:32:15,2024-08-28 21:29:15,-3.0,2.07,On Time,
213972345.0,5515.0,2024-06-14 23:26:09,2024-06-14 23:28:09,2.0,2.86,On Time,Traffic
1013762407.0,89281.0,2024-10-19 07:14:40,2024-10-19 07:38:40,24.0,2.11,Significantly Delayed,Traffic
5234194751.0,47252.0,2024-02-19 05:02:03,2024-02-19 05:06:03,4.0,1.42,On Time,Traffic
1389077693.0,1965.0,2023-06-27 18:12:27,2023-06-27 18:26:27,14.0,3.0,Slightly Delayed,Traffic
1895143216.0,68226.0,2023-03-25 20:23:10,2023-03-25 20:28:10,5.0,4.21,On Time,Traffic
3667250123.0,34707.0,2024-03-04 06:27:23,2024-03-04 06:53:23,26.0,2.28,Significantly Delayed,Traffic
6430529802.0,72291.0,2023-07-23 15:14:31,2023-07-23 15:09:31,-5.0,2.39,On Time,
4856277700.0,85395.0,2023-08-17 23:05:53,2023-08-17 23:21:53,16.0,2.92,Significantly Delayed,Traffic
1492403962.0,88981.0,2023-07-09 02:03:47,2023-07-09 02:06:47,3.0,1.18,On Time,Traffic
4348167632.0,62399.0,2023-11-29 06:04:03,2023-11-29 05:59:03,-5.0,2.38,On Time,
3682471195.0,94268.0,2023-12-06 04:30:47,2023-12-06 04:44:47,14.0,4.09,Slightly Delayed,Traffic
6888837939.0,18096.0,2024-03-27 15:05:12,2024-03-27 15:00:12,-5.0,1.99,On Time,
2278004109.0,72611.0,2024-09-01 04:00:07,2024-09-01 04:07:07,7.0,0.76,Slightly Delayed,Traffic
7471013149.0,21505.0,2024-10-13 13:00:47,2024-10-13 13:08:47,8.0,2.74,Slightly Delayed,Traffic
755745232.0,25231.0,2024-10-02 02:09:01,2024-10-02 02:20:01,11.0,1.87,Slightly Delayed,Traffic
2963187161.0,20323.0,2024-06-18 12:24:53,2024-06-18 12:36:53,12.0,2.14,Slightly Delayed,Traffic
3980591844.0,16450.0,2023-06-20 03:45:07,2023-06-20 03:50:07,5.0,4.88,On Time,Traffic
9960808976.0,27708.0,2024-04-08 03:53:02,2024-04-08 03:50:02,-3.0,4.17,On Time,
8740552000.0,40753.0,2023-05-16 12:00:38,2023-05-16 12:11:38,11.0,1.82,Slightly Delayed,Traffic
9230099449.0,45467.0,2023-05-08 04:14:30,2023-05-08 04:10:30,-4.0,3.75,On Time,
4277432248.0,33604.0,2023-05-10 21:45:20,2023-05-10 21:41:20,-4.0,4.78,On Time,
3624765984.0,26888.0,2023-12-11 08:35:44,2023-12-11 08:30:44,-5.0,2.89,On Time,
8533110341.0,45197.0,2023-06-14 09:14:05,2023-06-14 09:21:05,7.0,1.21,Slightly Delayed,Traffic
5036664068.0,54985.0,2023-11-06 08:03:44,2023-11-06 08:00:44,-3.0,1.44,On Time,
9989636336.0,91946.0,2024-05-24 07:45:24,2024-05-24 07:59:24,14.0,4.86,Slightly Delayed,Traffic
2843642858.0,39226.0,2024-03-14 07:05:23,2024-03-14 07:07:23,2.0,1.92,On Time,Traffic
7510849424.0,35153.0,2024-03-08 04:30:08,2024-03-08 04:29:08,-1.0,3.62,On Time,
8744806310.0,19395.0,2023-07-04 00:02:25,2023-07-03 23:59:25,-3.0,2.89,On Time,
7605774154.0,78836.0,2024-02-02 23:57:14,2024-02-02 23:55:14,-2.0,4.44,On Time,
6904233594.0,24070.0,2024-08-09 22:04:28,2024-08-09 22:00:28,-4.0,1.53,On Time,
6371336060.0,17953.0,2024-07-21 20:22:14,2024-07-21 20:19:14,-3.0,2.4,On Time,
8137624530.0,85372.0,2023-10-25 00:15:43,2023-10-25 00:27:43,12.0,4.67,Slightly Delayed,Traffic
9131474241.0,7186.0,2024-10-18 17:12:08,2024-10-18 17:07:08,-5.0,2.16,On Time,
7413772322.0,77018.0,2023-06-12 15:56:13,2023-06-12 15:58:13,2.0,3.33,On Time,Traffic
9400852015.0,92978.0,2024-07-01 07:08:33,2024-07-01 07:19:33,11.0,4.72,Slightly Delayed,Traffic
4867437863.0,48327.0,2024-01-25 03:11:54,2024-01-25 03:25:54,14.0,2.82,Slightly Delayed,Traffic
4219458877.0,45483.0,2023-12-27 03:00:02,2023-12-27 03:22:02,22.0,3.86,Significantly Delayed,Traffic
35135941.0,64624.0,2024-07-29 18:26:33,2024-07-29 18:21:33,-5.0,3.09,On Time,
4754258275.0,81493.0,2023-09-16 13:54:16,2023-09-16 13:52:16,-2.0,0.79,On Time,
9195687538.0,17689.0,2024-01-06 12:06:39,2024-01-06 12:36:39,30.0,0.63,Significantly Delayed,Traffic
344554037.0,53784.0,2023-11-10 08:34:48,2023-11-10 08:52:48,18.0,2.49,Significantly Delayed,Traffic
7503255456.0,31307.0,2023-08-03 21:30:59,2023-08-03 21:46:59,16.0,1.57,Significantly Delayed,Traffic
5903638531.0,30906.0,2023-05-02 16:58:25,2023-05-02 16:56:25,-2.0,0.73,On Time,
1670694517.0,54015.0,2024-08-09 17:55:54,2024-08-09 17:50:54,-5.0,1.62,On Time,
2369121788.0,509.0,2024-05-28 21:37:47,2024-05-28 21:41:47,4.0,4.9,On Time,Traffic
6012082951.0,9667.0,2023-05-17 06:23:38,2023-05-17 06:26:38,3.0,2.52,On Time,Traffic
3675914158.0,57846.0,2024-03-08 06:23:12,2024-03-08 06:36:12,13.0,1.98,Slightly Delayed,Traffic
1396605672.0,87368.0,2024-01-07 02:09:28,2024-01-07 02:06:28,-3.0,3.09,On Time,
4260996213.0,14963.0,2023-04-12 12:55:55,2023-04-12 13:12:55,17.0,1.23,Significantly Delayed,Traffic
4749534376.0,33915.0,2024-05-19 00:49:01,2024-05-19 00:44:01,-5.0,4.34,On Time,
6095091385.0,58226.0,2024-07-11 07:18:45,2024-07-11 07:31:45,13.0,3.14,Slightly Delayed,Traffic
1131338162.0,72596.0,2024-02-03 12:11:08,2024-02-03 12:09:08,-2.0,3.25,On Time,
6100236720.0,91266.0,2023-08-24 13:12:44,2023-08-24 13:14:44,2.0,2.93,On Time,Traffic
3363683548.0,93499.0,2024-02-09 10:32:54,2024-02-09 10:32:54,0.0,1.2,On Time,
8721540965.0,67650.0,2024-07-05 13:13:49,2024-07-05 13:12:49,-1.0,4.87,On Time,
1712456261.0,26493.0,2023-10-15 10:50:57,2023-10-15 10:49:57,-1.0,4.91,On Time,
760930025.0,62735.0,2023-06-19 18:48:51,2023-06-19 18:46:51,-2.0,3.35,On Time,
5652465358.0,54033.0,2024-06-17 18:23:50,2024-06-17 18:44:50,21.0,0.59,Significantly Delayed,Traffic
3580915899.0,64163.0,2023-10-23 18:28:42,2023-10-23 18:23:42,-5.0,2.33,On Time,
1174382816.0,82185.0,2024-08-14 21:05:31,2024-08-14 21:06:31,1.0,1.42,On Time,Traffic
3200474667.0,16148.0,2024-09-17 19:14:43,2024-09-17 19:10:43,-4.0,0.98,On Time,
7474651061.0,94198.0,2023-06-09 22:52:12,2023-06-09 22:47:12,-5.0,2.11,On Time,
1892282465.0,2804.0,2023-08-23 02:00:45,2023-08-23 01:59:45,-1.0,3.49,On Time,
3859828998.0,39119.0,2023-04-14 04:01:30,2023-04-14 04:00:30,-1.0,0.78,On Time,
2554590672.0,36934.0,2023-12-03 13:02:10,2023-12-03 13:05:10,3.0,2.42,On Time,Traffic
9667675052.0,94350.0,2023-09-29 13:36:03,2023-09-29 13:40:03,4.0,3.23,On Time,Traffic
8382437838.0,84984.0,2024-05-30 16:17:35,2024-05-30 16:15:35,-2.0,3.02,On Time,
6247090607.0,96576.0,2023-10-07 15:54:13,2023-10-07 15:56:13,2.0,3.76,On Time,Traffic
5004073261.0,62540.0,2024-06-16 17:38:11,2024-06-16 17:51:11,13.0,0.86,Slightly Delayed,Traffic
6595898122.0,99156.0,2024-07-13 20:57:07,2024-07-13 20:53:07,-4.0,2.95,On Time,
9844371682.0,70915.0,2023-06-10 20:40:20,2023-06-10 20:35:20,-5.0,3.43,On Time,
7198169379.0,92952.0,2023-07-13 21:14:59,2023-07-13 21:22:59,8.0,2.25,Slightly Delayed,Traffic
2815855636.0,6074.0,2023-07-28 10:29:31,2023-07-28 10:32:31,3.0,1.93,On Time,Traffic
6033660622.0,82054.0,2023-04-12 15:24:35,2023-04-12 15:31:35,7.0,3.74,Slightly Delayed,Traffic
7944056454.0,83225.0,2023-05-22 23:50:19,2023-05-22 23:52:19,2.0,4.19,On Time,Traffic
4354264440.0,3704.0,2023-12-13 11:20:13,2023-12-13 11:32:13,12.0,4.26,Slightly Delayed,Traffic
5623096090.0,13931.0,2023-08-25 12:54:53,2023-08-25 12:54:53,0.0,0.9,On Time,
701856661.0,15464.0,2024-06-10 01:32:43,2024-06-10 01:31:43,-1.0,3.71,On Time,
1911276445.0,18487.0,2024-10-20 14:54:26,2024-10-20 15:06:26,12.0,2.99,Slightly Delayed,Traffic
9323909987.0,7906.0,2024-05-09 04:15:26,2024-05-09 04:13:26,-2.0,0.6,On Time,
1988898073.0,21707.0,2024-02-21 11:44:59,2024-02-21 11:54:59,10.0,1.17,Slightly Delayed,Traffic
6457671753.0,50589.0,2024-01-07 23:51:14,2024-01-07 23:48:14,-3.0,1.96,On Time,
3556497272.0,79803.0,2024-10-18 10:32:52,2024-10-18 10:35:52,3.0,4.09,On Time,Traffic
2182762247.0,8763.0,2023-09-06 20:47:30,2023-09-06 20:43:30,-4.0,2.61,On Time,
6026842782.0,57323.0,2024-08-27 20:11:30,2024-08-27 20:10:30,-1.0,1.19,On Time,
1227108607.0,36907.0,2024-09-18 12:49:42,2024-09-18 12:52:42,3.0,3.36,On Time,Traffic
9362226645.0,29024.0,2024-05-12 05:18:14,2024-05-12 05:27:14,9.0,3.5,Slightly Delayed,Traffic
6313785973.0,34181.0,2023-03-21 03:28:21,2023-03-21 03:38:21,10.0,1.22,Slightly Delayed,Traffic
1297253359.0,20964.0,2024-04-24 09:29:28,2024-04-24 09:38:28,9.0,3.5,Slightly Delayed,Traffic
6138091203.0,27226.0,2023-09-09 06:11:23,2023-09-09 06:06:23,-5.0,4.3,On Time,
4770739350.0,96604.0,2024-07-12 19:55:00,2024-07-12 20:22:00,27.0,3.34,Significantly Delayed,Traffic
6253838449.0,92207.0,2024-06-11 00:49:02,2024-06-11 00:51:02,2.0,1.37,On Time,Traffic
1015708455.0,35032.0,2023-09-04 18:11:41,2023-09-04 18:19:41,8.0,2.74,Slightly Delayed,Traffic
2201201842.0,7484.0,2023-10-02 13:29:35,2023-10-02 13:24:35,-5.0,1.61,On Time,
200000051.0,58741.0,2023-10-04 20:21:09,2023-10-04 20:17:09,-4.0,4.86,On Time,
409570377.0,6848.0,2024-03-27 14:57:35,2024-03-27 15:12:35,15.0,3.53,Slightly Delayed,Traffic
5944464513.0,80133.0,2023-03-25 16:57:17,2023-03-25 16:55:17,-2.0,4.49,On Time,
7064377287.0,30746.0,2024-09-02 07:48:33,2024-09-02 07:48:33,0.0,3.87,On Time,
7763036477.0,11382.0,2024-08-14 20:39:07,2024-08-14 20:34:07,-5.0,2.35,On Time,
7494002152.0,12465.0,2024-05-01 06:48:27,2024-05-01 06:44:27,-4.0,4.81,On Time,
692127479.0,59887.0,2024-07-09 23:27:20,2024-07-09 23:22:20,-5.0,3.54,On Time,
7544245121.0,48705.0,2024-09-26 18:11:33,2024-09-26 18:19:33,8.0,0.74,Slightly Delayed,Traffic
4429641190.0,56195.0,2023-06-18 06:03:31,2023-06-18 06:04:31,1.0,3.43,On Time,Traffic
8093366865.0,55773.0,2024-10-16 12:03:49,2024-10-16 12:30:49,27.0,1.97,Significantly Delayed,Traffic
6269075067.0,40584.0,2023-11-16 00:09:36,2023-11-16 00:06:36,-3.0,3.95,On Time,
4056304110.0,32614.0,2023-11-25 12:19:51,2023-11-25 12:37:51,18.0,1.37,Significantly Delayed,Traffic
4447978623.0,26809.0,2024-08-21 07:12:53,2024-08-21 07:12:53,0.0,4.74,On Time,
5875285677.0,55480.0,2023-05-20 10:53:49,2023-05-20 10:57:49,4.0,1.55,On Time,Traffic
4177774653.0,8589.0,2024-05-20 10:53:55,2024-05-20 10:55:55,2.0,3.63,On Time,Traffic
502632296.0,67946.0,2024-05-15 19:50:23,2024-05-15 19:53:23,3.0,4.42,On Time,Traffic
5037688536.0,166.0,2024-02-24 05:54:57,2024-02-24 06:22:57,28.0,3.96,Significantly Delayed,Traffic
6844277478.0,29959.0,2024-08-28 17:16:29,2024-08-28 17:23:29,7.0,4.59,Slightly Delayed,Traffic
3368317718.0,96055.0,2024-06-01 00:17:29,2024-06-01 00:12:29,-5.0,4.71,On Time,
913881994.0,98626.0,2024-08-04 21:40:28,2024-08-04 21:41:28,1.0,4.43,On Time,Traffic
6445700839.0,94758.0,2024-03-06 15:45:29,2024-03-06 15:48:29,3.0,1.13,On Time,Traffic
101613683.0,59292.0,2023-06-29 21:03:29,2023-06-29 20:58:29,-5.0,4.08,On Time,
7094586913.0,74282.0,2023-10-01 21:05:39,2023-10-01 21:06:39,1.0,4.54,On Time,Traffic
2478557609.0,53936.0,2024-06-15 14:59:39,2024-06-15 15:12:39,13.0,1.9,Slightly Delayed,Traffic
9516720368.0,46734.0,2024-04-04 20:21:39,2024-04-04 20:22:39,1.0,3.37,On Time,Traffic
3808010352.0,50711.0,2024-02-17 02:42:10,2024-02-17 02:40:10,-2.0,1.51,On Time,
7921886899.0,97509.0,2023-07-01 03:01:43,2023-07-01 02:58:43,-3.0,3.69,On Time,
6818712547.0,65099.0,2023-12-27 06:15:57,2023-12-27 06:13:57,-2.0,2.26,On Time,
4538204462.0,4874.0,2024-02-26 18:29:54,2024-02-26 18:30:54,1.0,2.06,On Time,Traffic
2008331630.0,19684.0,2023-07-13 00:50:14,2023-07-13 00:50:14,0.0,4.14,On Time,
3901338038.0,93090.0,2024-08-23 04:04:43,2024-08-23 04:06:43,2.0,3.21,On Time,Traffic
1483786406.0,99066.0,2023-03-25 07:41:24,2023-03-25 08:09:24,28.0,3.36,Significantly Delayed,Traffic
5022936426.0,86251.0,2023-09-18 03:46:58,2023-09-18 03:41:58,-5.0,3.99,On Time,
5470875365.0,79541.0,2024-03-31 08:21:56,2024-03-31 08:23:56,2.0,0.75,On Time,Traffic
7144611408.0,55520.0,2023-08-18 08:39:18,2023-08-18 08:37:18,-2.0,4.62,On Time,
9411421675.0,51778.0,2024-01-24 10:39:23,2024-01-24 10:42:23,3.0,4.6,On Time,Traffic
7315949343.0,72063.0,2023-09-17 22:50:28,2023-09-17 22:49:28,-1.0,4.42,On Time,
9430475133.0,41262.0,2023-03-25 02:04:58,2023-03-25 02:07:58,3.0,3.39,On Time,Traffic
3062145702.0,8248.0,2024-06-21 15:09:19,2024-06-21 15:13:19,4.0,2.9,On Time,Traffic
6500458984.0,90658.0,2023-11-08 07:28:51,2023-11-08 07:37:51,9.0,1.2,Slightly Delayed,Traffic
7429306851.0,96651.0,2024-04-22 04:09:02,2024-04-22 04:10:02,1.0,0.79,On Time,Traffic
2687236003.0,93868.0,2024-01-10 21:12:18,2024-01-10 21:15:18,3.0,0.84,On Time,Traffic
1885906938.0,39994.0,2023-10-09 04:33:26,2023-10-09 04:40:26,7.0,2.84,Slightly Delayed,Traffic
9949334146.0,58811.0,2024-08-05 02:45:30,2024-08-05 03:09:30,24.0,2.71,Significantly Delayed,Traffic
2555454584.0,50763.0,2023-08-12 17:34:51,2023-08-12 17:55:51,21.0,1.85,Significantly Delayed,Traffic
2503209946.0,13371.0,2024-04-28 11:27:57,2024-04-28 11:26:57,-1.0,1.66,On Time,
2329563439.0,52741.0,2023-11-02 23:56:47,2023-11-03 00:19:47,23.0,2.91,Significantly Delayed,Traffic
1041536174.0,60201.0,2023-06-15 09:00:09,2023-06-15 09:12:09,12.0,0.92,Slightly Delayed,Traffic
6631188689.0,24043.0,2024-03-28 12:32:12,2024-03-28 12:27:12,-5.0,2.62,On Time,
9300178512.0,73376.0,2023-07-25 12:55:42,2023-07-25 12:58:42,3.0,0.65,On Time,Traffic
1086881691.0,6106.0,2024-04-10 17:37:10,2024-04-10 17:35:10,-2.0,3.75,On Time,
8008880980.0,65111.0,2024-04-18 15:48:40,2024-04-18 15:52:40,4.0,2.88,On Time,Traffic
2417680703.0,41668.0,2024-02-11 00:48:27,2024-02-11 01:02:27,14.0,2.42,Slightly Delayed,Traffic
1117730990.0,19991.0,2024-08-23 20:07:08,2024-08-23 20:07:08,0.0,2.09,On Time,
1678557345.0,20447.0,2024-05-12 17:20:42,2024-05-12 17:20:42,0.0,2.56,On Time,
4505129824.0,81297.0,2023-11-14 13:13:17,2023-11-14 13:16:17,3.0,1.09,On Time,Traffic
8737295686.0,61898.0,2023-12-11 09:28:04,2023-12-11 09:23:04,-5.0,2.36,On Time,
7997347191.0,11517.0,2024-07-11 03:48:42,2024-07-11 04:01:42,13.0,3.99,Slightly Delayed,Traffic
1930645698.0,82675.0,2024-08-07 13:27:30,2024-08-07 13:31:30,4.0,1.16,On Time,Traffic
5393373590.0,48267.0,2024-09-27 17:27:25,2024-09-27 17:36:25,9.0,1.59,Slightly Delayed,Traffic
5851854765.0,71230.0,2023-11-24 15:07:43,2023-11-24 15:16:43,9.0,0.88,Slightly Delayed,Traffic
3765179520.0,99605.0,2024-06-23 05:04:32,2024-06-23 05:27:32,23.0,0.53,Significantly Delayed,Traffic
683969424.0,88789.0,2023-08-10 06:31:01,2023-08-10 06:42:01,11.0,2.51,Slightly Delayed,Traffic
8459624382.0,87672.0,2023-08-22 18:27:23,2023-08-22 18:40:23,13.0,1.98,Slightly Delayed,Traffic
7110044004.0,30128.0,2023-04-24 14:14:37,2023-04-24 14:21:37,7.0,4.19,Slightly Delayed,Traffic
4302375314.0,63810.0,2024-03-03 08:44:46,2024-03-03 08:49:46,5.0,2.12,On Time,Traffic
1245307588.0,89554.0,2023-04-24 15:57:55,2023-04-24 16:07:55,10.0,4.48,Slightly Delayed,Traffic
3876260101.0,39494.0,2023-09-11 12:59:37,2023-09-11 12:57:37,-2.0,4.2,On Time,
3162263618.0,48838.0,2023-05-27 12:52:57,2023-05-27 12:54:57,2.0,1.43,On Time,Traffic
655792395.0,74441.0,2024-04-19 23:14:28,2024-04-19 23:20:28,6.0,1.93,Slightly Delayed,Traffic
7624743284.0,67656.0,2023-08-15 05:37:43,2023-08-15 05:44:43,7.0,4.86,Slightly Delayed,Traffic
4783962671.0,12164.0,2023-10-09 17:59:42,2023-10-09 18:07:42,8.0,0.99,Slightly Delayed,Traffic
7166787473.0,13336.0,2024-08-24 06:25:50,2024-08-24 06:54:50,29.0,0.73,Significantly Delayed,Traffic
9395228070.0,82773.0,2024-09-12 20:12:05,2024-09-12 20:11:05,-1.0,1.83,On Time,
902157975.0,86411.0,2023-04-12 01:14:47,2023-04-12 01:11:47,-3.0,0.52,On Time,
6947741744.0,54437.0,2023-07-10 08:17:17,2023-07-10 08:22:17,5.0,4.47,On Time,Traffic
4788498083.0,64522.0,2023-09-17 03:09:21,2023-09-17 03:25:21,16.0,3.6,Significantly Delayed,Traffic
8070127087.0,46786.0,2024-08-22 06:21:47,2024-08-22 06:26:47,5.0,1.53,On Time,Traffic
5191429552.0,99889.0,2023-12-23 17:23:45,2023-12-23 17:35:45,12.0,2.72,Slightly Delayed,Traffic
5220651138.0,9937.0,2024-03-13 02:42:30,2024-03-13 02:39:30,-3.0,3.51,On Time,
2758734705.0,30040.0,2023-08-02 23:29:45,2023-08-02 23:31:45,2.0,4.23,On Time,Traffic
2907887532.0,83016.0,2023-11-19 13:10:27,2023-11-19 13:09:27,-1.0,2.0,On Time,
7388846009.0,51360.0,2024-02-22 09:19:52,2024-02-22 09:18:52,-1.0,4.8,On Time,
2606843929.0,15405.0,2024-06-14 14:24:30,2024-06-14 14:20:30,-4.0,2.29,On Time,
5637567433.0,53431.0,2024-09-02 01:28:14,2024-09-02 01:23:14,-5.0,0.67,On Time,
8838095431.0,61209.0,2023-05-06 11:05:36,2023-05-06 11:07:36,2.0,1.88,On Time,Traffic
1564649286.0,16991.0,2023-12-06 04:07:09,2023-12-06 04:12:09,5.0,2.69,On Time,Traffic
4098166849.0,93376.0,2023-10-12 00:40:16,2023-10-12 01:04:16,24.0,2.17,Significantly Delayed,Traffic
8091143423.0,71870.0,2023-11-23 23:14:41,2023-11-23 23:17:41,3.0,3.33,On Time,Traffic
3024045336.0,158.0,2024-04-15 02:02:11,2024-04-15 02:06:11,4.0,4.13,On Time,Traffic
6152984028.0,47844.0,2023-08-29 01:10:01,2023-08-29 01:16:01,6.0,0.7,Slightly Delayed,Traffic
3450790653.0,5694.0,2023-08-27 18:29:12,2023-08-27 18:27:12,-2.0,4.66,On Time,
8028917900.0,56483.0,2023-07-18 01:06:09,2023-07-18 01:08:09,2.0,0.82,On Time,Traffic
7781884407.0,63528.0,2024-08-11 16:12:31,2024-08-11 16:14:31,2.0,1.27,On Time,Traffic
3483689828.0,95069.0,2023-07-28 06:59:11,2023-07-28 06:59:11,0.0,0.78,On Time,
8341286014.0,60030.0,2024-08-29 15:52:57,2024-08-29 15:56:57,4.0,3.84,On Time,Traffic
7936106887.0,4033.0,2024-05-07 15:17:53,2024-05-07 15:20:53,3.0,2.79,On Time,Traffic
2247354978.0,56703.0,2024-09-26 10:34:58,2024-09-26 10:30:58,-4.0,1.17,On Time,
5347701114.0,49960.0,2023-10-16 18:22:51,2023-10-16 18:20:51,-2.0,3.07,On Time,
7846068436.0,60910.0,2023-11-29 13:17:39,2023-11-29 13:19:39,2.0,1.5,On Time,Traffic
9893439302.0,2306.0,2023-09-05 20:33:31,2023-09-05 20:29:31,-4.0,2.83,On Time,
4160816433.0,34874.0,2023-12-09 12:34:14,2023-12-09 12:43:14,9.0,3.24,Slightly Delayed,Traffic
6000890622.0,29998.0,2024-09-14 16:26:21,2024-09-14 16:23:21,-3.0,0.96,On Time,
7317676958.0,61886.0,2023-07-02 04:14:39,2023-07-02 04:25:39,11.0,1.65,Slightly Delayed,Traffic
8620144614.0,95461.0,2024-07-10 23:13:25,2024-07-10 23:34:25,21.0,1.46,Significantly Delayed,Traffic
3940758882.0,46910.0,2024-01-24 04:44:57,2024-01-24 04:48:57,4.0,0.51,On Time,Traffic
5216555041.0,72142.0,2024-03-03 23:34:52,2024-03-03 23:31:52,-3.0,1.25,On Time,
5144793312.0,46815.0,2024-08-01 00:38:18,2024-08-01 00:38:18,0.0,1.8,On Time,
7241413847.0,93156.0,2023-04-15 10:39:09,2023-04-15 10:34:09,-5.0,0.88,On Time,
3567610983.0,20825.0,2023-08-19 04:18:26,2023-08-19 04:35:26,17.0,3.18,Significantly Delayed,Traffic
16878685.0,52442.0,2024-04-09 02:44:02,2024-04-09 02:47:02,3.0,2.47,On Time,Traffic
951657166.0,14551.0,2024-04-21 08:04:58,2024-04-21 07:59:58,-5.0,3.88,On Time,
4189022307.0,89735.0,2024-05-05 23:23:40,2024-05-05 23:24:40,1.0,4.08,On Time,Traffic
7378521428.0,2580.0,2024-04-24 21:13:07,2024-04-24 21:11:07,-2.0,1.29,On Time,
6266311709.0,82516.0,2024-06-25 01:54:46,2024-06-25 01:56:46,2.0,2.0,On Time,Traffic
7985347262.0,55202.0,2024-07-31 08:58:13,2024-07-31 08:57:13,-1.0,4.89,On Time,
992764262.0,15917.0,2023-11-14 03:35:33,2023-11-14 03:33:33,-2.0,1.79,On Time,
3080291353.0,11812.0,2024-08-16 19:22:58,2024-08-16 19:25:58,3.0,3.38,On Time,Traffic
5532188237.0,12596.0,2024-06-09 11:05:42,2024-06-09 11:01:42,-4.0,2.31,On Time,
6814658453.0,75027.0,2023-09-28 11:41:00,2023-09-28 11:37:00,-4.0,1.31,On Time,
4861499558.0,50307.0,2024-03-20 16:54:21,2024-03-20 16:55:21,1.0,0.96,On Time,Traffic
2521042570.0,91832.0,2024-05-17 11:03:36,2024-05-17 11:01:36,-2.0,2.94,On Time,
5217781278.0,73513.0,2023-06-27 02:59:57,2023-06-27 03:13:57,14.0,1.31,Slightly Delayed,Traffic
8006034379.0,34026.0,2024-05-03 06:32:51,2024-05-03 06:37:51,5.0,4.61,On Time,Traffic
7380913411.0,31462.0,2024-06-07 17:32:55,2024-06-07 17:45:55,13.0,4.7,Slightly Delayed,Traffic
7706841114.0,121.0,2024-02-27 03:16:03,2024-02-27 03:13:03,-3.0,3.81,On Time,
1561779937.0,35802.0,2024-03-27 22:13:35,2024-03-27 22:15:35,2.0,2.47,On Time,Traffic
7196559586.0,89036.0,2024-08-19 11:43:51,2024-08-19 11:38:51,-5.0,1.98,On Time,
2359961993.0,53176.0,2024-06-18 09:43:24,2024-06-18 09:43:24,0.0,4.6,On Time,
243819964.0,42120.0,2023-12-03 09:42:31,2023-12-03 09:43:31,1.0,2.06,On Time,Traffic
4806735178.0,52673.0,2024-06-12 17:14:41,2024-06-12 17:13:41,-1.0,2.31,On Time,
9198762300.0,52504.0,2023-12-02 09:15:36,2023-12-02 09:11:36,-4.0,3.76,On Time,
1105231941.0,38404.0,2024-01-20 01:20:02,2024-01-20 01:25:02,5.0,4.87,On Time,Traffic
5533955218.0,61605.0,2024-06-20 04:37:16,2024-06-20 04:33:16,-4.0,2.46,On Time,
5130246751.0,23663.0,2023-05-08 06:20:22,2023-05-08 06:16:22,-4.0,1.46,On Time,
4528445001.0,31379.0,2024-04-19 12:53:43,2024-04-19 13:02:43,9.0,1.2,Slightly Delayed,Traffic
9503959018.0,40645.0,2024-09-18 10:55:59,2024-09-18 10:58:59,3.0,3.66,On Time,Traffic
4107052604.0,32714.0,2023-11-21 11:00:25,2023-11-21 11:02:25,2.0,3.94,On Time,Traffic
5578822558.0,79766.0,2023-08-06 18:01:31,2023-08-06 18:16:31,15.0,4.0,Slightly Delayed,Traffic
5506634472.0,37774.0,2024-09-22 18:18:59,2024-09-22 18:36:59,18.0,3.52,Significantly Delayed,Traffic
4112426763.0,17291.0,2024-09-24 21:03:53,2024-09-24 21:00:53,-3.0,1.61,On Time,
7157334145.0,10121.0,2023-10-09 09:10:19,2023-10-09 09:08:19,-2.0,4.72,On Time,
8423458672.0,59255.0,2023-03-20 00:04:20,2023-03-20 00:09:20,5.0,4.24,On Time,Traffic
3011683470.0,2265.0,2023-03-20 07:45:42,2023-03-20 07:50:42,5.0,4.3,On Time,Traffic
1884947290.0,96167.0,2023-09-09 01:48:33,2023-09-09 01:51:33,3.0,3.5,On Time,Traffic
558163882.0,43299.0,2024-07-11 12:00:58,2024-07-11 12:07:58,7.0,1.63,Slightly Delayed,Traffic
824869105.0,50457.0,2024-08-27 16:44:48,2024-08-27 16:41:48,-3.0,3.7,On Time,
4193492511.0,10949.0,2023-10-02 15:34:52,2023-10-02 15:33:52,-1.0,2.92,On Time,
120996684.0,86475.0,2023-10-02 11:35:59,2023-10-02 11:45:59,10.0,0.68,Slightly Delayed,Traffic
2531932780.0,4665.0,2023-07-16 12:15:45,2023-07-16 12:17:45,2.0,4.93,On Time,Traffic
8095547865.0,14451.0,2023-03-19 13:11:21,2023-03-19 13:07:21,-4.0,3.05,On Time,
6894204435.0,48874.0,2023-06-17 18:53:31,2023-06-17 18:48:31,-5.0,3.58,On Time,
9514917126.0,51089.0,2024-07-29 08:03:08,2024-07-29 08:13:08,10.0,2.87,Slightly Delayed,Traffic
9329665908.0,64268.0,2023-07-15 08:32:21,2023-07-15 08:34:21,2.0,2.69,On Time,Traffic
1435406360.0,25991.0,2023-12-11 08:01:46,2023-12-11 07:58:46,-3.0,2.11,On Time,
3460843508.0,89605.0,2023-10-21 01:05:10,2023-10-21 01:04:10,-1.0,3.59,On Time,
4762084133.0,50374.0,2024-09-29 23:38:00,2024-09-29 23:43:00,5.0,1.36,On Time,Traffic
3884862300.0,38680.0,2024-02-21 09:18:55,2024-02-21 09:25:55,7.0,2.84,Slightly Delayed,Traffic
1990946411.0,16925.0,2024-05-16 23:15:16,2024-05-16 23:12:16,-3.0,2.44,On Time,
5054937065.0,24647.0,2024-08-24 17:11:46,2024-08-24 17:24:46,13.0,1.77,Slightly Delayed,Traffic
9431652023.0,53366.0,2024-09-06 22:35:22,2024-09-06 22:39:22,4.0,1.86,On Time,Traffic
2268736598.0,8883.0,2023-07-07 08:25:32,2023-07-07 08:21:32,-4.0,1.89,On Time,
2793638565.0,7507.0,2024-02-11 08:41:16,2024-02-11 08:36:16,-5.0,4.78,On Time,
4168839407.0,45033.0,2023-04-06 00:15:24,2023-04-06 00:14:24,-1.0,3.25,On Time,
7406514357.0,66093.0,2024-02-07 14:25:56,2024-02-07 14:21:56,-4.0,1.79,On Time,
6087916798.0,10351.0,2023-11-17 16:53:04,2023-11-17 17:03:04,10.0,4.46,Slightly Delayed,Traffic
4319962076.0,66984.0,2024-01-11 06:06:34,2024-01-11 06:25:34,19.0,1.55,Significantly Delayed,Traffic
3904134741.0,4829.0,2024-05-02 10:19:45,2024-05-02 10:24:45,5.0,1.25,On Time,Traffic
3770123374.0,86645.0,2023-11-19 22:03:06,2023-11-19 22:07:06,4.0,0.56,On Time,Traffic
4494390731.0,10118.0,2023-04-28 12:31:37,2023-04-28 12:39:37,8.0,4.06,Slightly Delayed,Traffic
6109777696.0,12387.0,2024-10-17 20:04:51,2024-10-17 20:10:51,6.0,3.5,Slightly Delayed,Traffic
1401372388.0,18081.0,2023-04-17 09:55:03,2023-04-17 09:54:03,-1.0,0.72,On Time,
4283973398.0,86156.0,2023-09-14 17:50:13,2023-09-14 17:52:13,2.0,1.41,On Time,Traffic
3261847147.0,86297.0,2023-09-16 03:48:23,2023-09-16 03:56:23,8.0,4.8,Slightly Delayed,Traffic
3153811191.0,69044.0,2024-03-08 06:16:40,2024-03-08 06:21:40,5.0,4.63,On Time,Traffic
2639216409.0,17836.0,2024-03-10 12:00:49,2024-03-10 12:04:49,4.0,4.66,On Time,Traffic
5948575331.0,53387.0,2024-05-09 23:12:09,2024-05-09 23:10:09,-2.0,1.46,On Time,
7792925364.0,8734.0,2024-10-23 03:06:05,2024-10-23 03:07:05,1.0,0.56,On Time,Traffic
7286478750.0,35322.0,2023-10-13 04:13:31,2023-10-13 04:22:31,9.0,3.24,Slightly Delayed,Traffic
9776505630.0,66941.0,2023-04-19 03:59:40,2023-04-19 03:55:40,-4.0,4.39,On Time,
4527342708.0,81841.0,2023-10-03 13:47:39,2023-10-03 13:42:39,-5.0,2.49,On Time,
1124359689.0,42724.0,2024-09-13 05:24:44,2024-09-13 05:37:44,13.0,4.52,Slightly Delayed,Traffic
3717458742.0,97637.0,2023-08-27 23:58:12,2023-08-28 00:04:12,6.0,2.14,Slightly Delayed,Traffic
283675535.0,3175.0,2023-03-24 17:17:38,2023-03-24 17:14:38,-3.0,2.89,On Time,
6039353394.0,39607.0,2023-08-08 15:29:38,2023-08-08 15:25:38,-4.0,2.52,On Time,
6735917931.0,99298.0,2023-09-27 12:25:29,2023-09-27 12:24:29,-1.0,4.98,On Time,
5155256671.0,8227.0,2024-08-14 01:02:06,2024-08-14 00:58:06,-4.0,2.26,On Time,
3984108726.0,63676.0,2024-02-27 18:15:05,2024-02-27 18:19:05,4.0,4.62,On Time,Traffic
2491374111.0,43388.0,2024-08-10 05:06:52,2024-08-10 05:08:52,2.0,2.18,On Time,Traffic
2043371805.0,5098.0,2024-10-02 07:08:04,2024-10-02 07:22:04,14.0,2.07,Slightly Delayed,Traffic
9657782153.0,14419.0,2024-02-29 14:57:40,2024-02-29 14:53:40,-4.0,4.77,On Time,
9237289778.0,10352.0,2024-05-29 15:01:19,2024-05-29 15:06:19,5.0,3.13,On Time,Traffic
8917116859.0,29174.0,2024-07-05 23:53:01,2024-07-05 23:54:01,1.0,3.89,On Time,Traffic
720578658.0,67720.0,2024-06-02 09:10:27,2024-06-02 09:06:27,-4.0,1.2,On Time,
9122210530.0,81385.0,2024-01-18 04:39:47,2024-01-18 05:03:47,24.0,3.74,Significantly Delayed,Traffic
3540524256.0,39511.0,2023-10-22 09:31:12,2023-10-22 09:36:12,5.0,0.88,On Time,Traffic
1909520255.0,16469.0,2023-05-23 11:00:53,2023-05-23 11:17:53,17.0,4.88,Significantly Delayed,Traffic
8022279737.0,7643.0,2024-09-08 14:13:47,2024-09-08 14:11:47,-2.0,1.02,On Time,
7381549355.0,28416.0,2023-09-28 13:30:00,2023-09-28 13:35:00,5.0,4.76,On Time,Traffic
3998829973.0,88976.0,2023-10-10 01:26:17,2023-10-10 01:46:17,20.0,3.21,Significantly Delayed,Traffic
2895464675.0,13097.0,2023-04-20 10:28:02,2023-04-20 10:40:02,12.0,4.48,Slightly Delayed,Traffic
3971098657.0,84093.0,2024-05-26 03:04:15,2024-05-26 03:06:15,2.0,1.28,On Time,Traffic
5278249111.0,22996.0,2024-03-01 21:45:36,2024-03-01 22:08:36,23.0,0.51,Significantly Delayed,Traffic
9810576443.0,51602.0,2023-11-01 13:20:35,2023-11-01 13:24:35,4.0,4.19,On Time,Traffic
4128844410.0,17809.0,2023-07-20 17:36:50,2023-07-20 17:37:50,1.0,2.47,On Time,Traffic
6103869123.0,60764.0,2023-06-06 14:37:45,2023-06-06 14:37:45,0.0,3.31,On Time,
6595041423.0,53964.0,2024-07-23 11:06:18,2024-07-23 11:04:18,-2.0,3.32,On Time,
3991011923.0,4543.0,2024-02-07 09:21:38,2024-02-07 09:21:38,0.0,4.32,On Time,
5275440923.0,95040.0,2023-03-21 05:06:10,2023-03-21 05:20:10,14.0,4.23,Slightly Delayed,Traffic
6468633344.0,67358.0,2024-02-23 06:43:28,2024-02-23 06:40:28,-3.0,4.28,On Time,
9992859795.0,47148.0,2023-11-12 20:17:41,2023-11-12 20:30:41,13.0,1.55,Slightly Delayed,Traffic
7518488485.0,69310.0,2023-04-26 10:41:47,2023-04-26 10:46:47,5.0,4.45,On Time,Traffic
9746950023.0,50913.0,2023-11-02 06:39:26,2023-11-02 06:36:26,-3.0,2.54,On Time,
2721433550.0,99958.0,2023-06-07 14:28:05,2023-06-07 14:29:05,1.0,3.28,On Time,Traffic
6131680348.0,11536.0,2024-07-19 22:17:55,2024-07-19 22:18:55,1.0,1.27,On Time,Traffic
2281544500.0,65040.0,2023-06-09 10:26:18,2023-06-09 10:28:18,2.0,1.53,On Time,Traffic
4283802879.0,22353.0,2023-05-10 15:37:10,2023-05-10 15:32:10,-5.0,0.56,On Time,
8621732366.0,87688.0,2023-09-05 18:46:41,2023-09-05 18:50:41,4.0,2.97,On Time,Traffic
3797679856.0,81944.0,2023-12-10 05:27:46,2023-12-10 05:27:46,0.0,4.15,On Time,
8532100929.0,84664.0,2023-11-06 15:34:46,2023-11-06 15:39:46,5.0,1.36,On Time,Traffic
2973976544.0,71497.0,2024-09-19 17:30:49,2024-09-19 17:35:49,5.0,0.65,On Time,Traffic
814260962.0,23195.0,2023-09-14 16:26:25,2023-09-14 16:24:25,-2.0,3.56,On Time,
9411848231.0,44999.0,2024-05-15 21:51:39,2024-05-15 22:06:39,15.0,2.38,Slightly Delayed,Traffic
6637284724.0,30833.0,2023-09-08 10:44:53,2023-09-08 10:46:53,2.0,3.05,On Time,Traffic
6497594124.0,96186.0,2024-10-24 17:53:05,2024-10-24 17:58:05,5.0,2.57,On Time,Traffic
7213146086.0,68499.0,2023-03-23 20:21:50,2023-03-23 20:16:50,-5.0,3.21,On Time,
5110274761.0,17677.0,2024-05-23 03:15:39,2024-05-23 03:16:39,1.0,2.01,On Time,Traffic
1112110363.0,50590.0,2024-01-20 22:36:08,2024-01-20 22:44:08,8.0,2.43,Slightly Delayed,Traffic
1209202931.0,32217.0,2023-06-27 00:24:47,2023-06-27 00:26:47,2.0,4.29,On Time,Traffic
6384745391.0,65142.0,2024-08-17 16:05:50,2024-08-17 16:12:50,7.0,3.35,Slightly Delayed,Traffic
3367452972.0,6565.0,2024-08-31 14:22:08,2024-08-31 14:38:08,16.0,3.62,Significantly Delayed,Traffic
2317597587.0,30057.0,2024-06-17 00:42:57,2024-06-17 00:40:57,-2.0,4.65,On Time,
2254884198.0,62821.0,2023-07-01 02:19:32,2023-07-01 02:23:32,4.0,3.67,On Time,Traffic
679196318.0,77111.0,2024-08-19 23:03:03,2024-08-19 23:00:03,-3.0,2.17,On Time,
2185319815.0,43571.0,2024-03-02 20:56:15,2024-03-02 20:59:15,3.0,4.84,On Time,Traffic
5965281449.0,26992.0,2023-06-26 17:51:05,2023-06-26 17:53:05,2.0,2.03,On Time,Traffic
8616726869.0,13100.0,2024-01-10 22:21:37,2024-01-10 22:46:37,25.0,3.04,Significantly Delayed,Traffic
4786027510.0,27204.0,2024-09-30 12:33:24,2024-09-30 12:28:24,-5.0,1.63,On Time,
4910445344.0,18682.0,2024-05-18 09:11:42,2024-05-18 09:08:42,-3.0,3.9,On Time,
7629577899.0,524.0,2023-12-14 15:53:44,2023-12-14 16:02:44,9.0,4.06,Slightly Delayed,Traffic
4769055037.0,18445.0,2023-08-10 21:31:44,2023-08-10 21:46:44,15.0,1.95,Slightly Delayed,Traffic
8476029654.0,52921.0,2023-11-17 09:14:17,2023-11-17 09:19:17,5.0,1.46,On Time,Traffic
7809866112.0,3022.0,2024-07-11 09:41:48,2024-07-11 09:54:48,13.0,1.63,Slightly Delayed,Traffic
5453896364.0,24588.0,2023-06-24 00:43:19,2023-06-24 00:45:19,2.0,3.73,On Time,Traffic
9080432189.0,42351.0,2024-08-27 19:58:12,2024-08-27 20:02:12,4.0,2.76,On Time,Traffic
3079758919.0,27064.0,2024-08-22 16:14:25,2024-08-22 16:13:25,-1.0,0.68,On Time,
4076039325.0,79127.0,2024-08-12 19:45:07,2024-08-12 19:56:07,11.0,2.5,Slightly Delayed,Traffic
9239241275.0,48917.0,2024-02-07 03:34:37,2024-02-07 03:32:37,-2.0,3.42,On Time,
4864829217.0,25765.0,2023-09-19 05:23:23,2023-09-19 05:20:23,-3.0,3.51,On Time,
5108704843.0,75292.0,2024-04-04 15:04:40,2024-04-04 15:09:40,5.0,1.51,On Time,Traffic
8049805410.0,61504.0,2024-09-27 18:45:00,2024-09-27 19:11:00,26.0,2.86,Significantly Delayed,Traffic
4711642504.0,89819.0,2024-08-15 13:39:51,2024-08-15 13:44:51,5.0,2.72,On Time,Traffic
8952094523.0,83322.0,2023-11-14 18:30:24,2023-11-14 18:41:24,11.0,2.81,Slightly Delayed,Traffic
4285784267.0,54001.0,2024-04-15 18:58:08,2024-04-15 18:56:08,-2.0,4.13,On Time,
7494670835.0,184.0,2024-01-18 00:42:22,2024-01-18 00:45:22,3.0,1.24,On Time,Traffic
7667090453.0,96187.0,2023-06-23 23:49:40,2023-06-23 23:50:40,1.0,3.63,On Time,Traffic
2193572534.0,23297.0,2023-03-26 08:05:02,2023-03-26 08:33:02,28.0,1.4,Significantly Delayed,Traffic
5357089776.0,33831.0,2024-09-30 23:53:49,2024-09-30 23:55:49,2.0,2.27,On Time,Traffic
1191016829.0,31384.0,2023-06-27 20:36:04,2023-06-27 20:50:04,14.0,2.36,Slightly Delayed,Traffic
549484032.0,60679.0,2023-04-13 08:40:58,2023-04-13 08:42:58,2.0,4.35,On Time,Traffic
8164076900.0,63901.0,2023-06-18 00:23:52,2023-06-18 00:31:52,8.0,4.54,Slightly Delayed,Traffic
7136165651.0,68514.0,2024-09-30 13:07:23,2024-09-30 13:10:23,3.0,1.49,On Time,Traffic
5368349643.0,33226.0,2023-05-22 09:21:11,2023-05-22 09:49:11,28.0,4.54,Significantly Delayed,Traffic
6965901435.0,60857.0,2024-10-16 15:58:15,2024-10-16 15:55:15,-3.0,0.86,On Time,
6687307827.0,71891.0,2023-04-19 14:26:40,2023-04-19 14:31:40,5.0,3.74,On Time,Traffic
475294138.0,59790.0,2023-12-29 17:45:27,2023-12-29 17:46:27,1.0,1.52,On Time,Traffic
9047534059.0,59606.0,2023-12-08 14:21:55,2023-12-08 14:25:55,4.0,4.65,On Time,Traffic
2807487047.0,72837.0,2024-11-03 13:41:45,2024-11-03 13:43:45,2.0,3.8,On Time,Traffic
5840148195.0,61116.0,2024-01-22 10:16:36,2024-01-22 10:15:36,-1.0,3.64,On Time,
3758135932.0,62277.0,2023-08-25 01:17:39,2023-08-25 01:20:39,3.0,3.72,On Time,Traffic
1978476136.0,70123.0,2024-06-22 20:29:13,2024-06-22 20:30:13,1.0,1.43,On Time,Traffic
423648434.0,86520.0,2024-10-30 15:43:29,2024-10-30 15:45:29,2.0,0.82,On Time,Traffic
7201868330.0,80726.0,2024-02-20 21:11:46,2024-02-20 21:10:46,-1.0,1.86,On Time,
9710106935.0,84964.0,2023-04-17 15:57:11,2023-04-17 16:08:11,11.0,1.71,Slightly Delayed,Traffic
4432235479.0,28012.0,2024-09-27 17:17:56,2024-09-27 17:18:56,1.0,4.67,On Time,Traffic
6951956244.0,24830.0,2023-10-30 01:27:20,2023-10-30 01:27:20,0.0,2.61,On Time,
378485826.0,58783.0,2024-03-27 12:15:27,2024-03-27 12:15:27,0.0,1.95,On Time,
8982211913.0,42083.0,2024-09-19 18:14:28,2024-09-19 18:15:28,1.0,2.32,On Time,Traffic
6487868576.0,16376.0,2023-10-25 03:23:03,2023-10-25 03:35:03,12.0,4.82,Slightly Delayed,Traffic
2973502797.0,9894.0,2024-06-02 03:39:24,2024-06-02 03:41:24,2.0,2.06,On Time,Traffic
4105022903.0,9294.0,2023-08-20 19:19:25,2023-08-20 19:20:25,1.0,3.99,On Time,Traffic
3668828731.0,65268.0,2024-08-10 04:07:39,2024-08-10 04:03:39,-4.0,0.97,On Time,
8644734267.0,12535.0,2023-10-12 07:25:53,2023-10-12 07:20:53,-5.0,4.4,On Time,
3757871565.0,59600.0,2023-08-10 07:37:26,2023-08-10 07:32:26,-5.0,1.19,On Time,
5770510806.0,62246.0,2024-01-23 09:05:56,2024-01-23 09:16:56,11.0,1.72,Slightly Delayed,Traffic
4514836077.0,68618.0,2023-06-10 10:27:18,2023-06-10 10:41:18,14.0,1.31,Slightly Delayed,Traffic
5927852227.0,45911.0,2024-04-12 06:20:28,2024-04-12 06:18:28,-2.0,0.57,On Time,
350719542.0,14338.0,2024-10-06 07:17:00,2024-10-06 07:14:00,-3.0,3.02,On Time,
868288823.0,72354.0,2024-03-06 19:17:25,2024-03-06 19:27:25,10.0,1.4,Slightly Delayed,Traffic
7199670826.0,81311.0,2024-01-17 10:41:50,2024-01-17 11:08:50,27.0,3.65,Significantly Delayed,Traffic
3091948113.0,22775.0,2024-02-13 10:08:09,2024-02-13 10:22:09,14.0,3.86,Slightly Delayed,Traffic
5793742966.0,17016.0,2024-01-04 18:29:20,2024-01-04 18:34:20,5.0,0.78,On Time,Traffic
7347109009.0,50972.0,2023-09-24 19:42:21,2023-09-24 19:51:21,9.0,3.04,Slightly Delayed,Traffic
7078912146.0,96685.0,2023-09-18 11:49:36,2023-09-18 11:44:36,-5.0,4.11,On Time,
2480856222.0,46682.0,2023-11-08 16:38:56,2023-11-08 16:41:56,3.0,0.56,On Time,Traffic
281421547.0,20137.0,2023-05-20 20:22:04,2023-05-20 20:20:04,-2.0,1.58,On Time,
5226963306.0,85138.0,2024-06-23 07:02:44,2024-06-23 07:03:44,1.0,4.02,On Time,Traffic
7316642056.0,69898.0,2024-02-10 00:23:32,2024-02-10 00:31:32,8.0,2.16,Slightly Delayed,Traffic
8997415290.0,47066.0,2024-08-14 17:19:05,2024-08-14 17:40:05,21.0,2.44,Significantly Delayed,Traffic
6737025662.0,59670.0,2023-03-28 07:00:34,2023-03-28 07:01:34,1.0,3.17,On Time,Traffic
8395290763.0,51846.0,2024-05-31 19:15:48,2024-05-31 19:39:48,24.0,0.99,Significantly Delayed,Traffic
7261119579.0,35731.0,2024-07-06 06:38:10,2024-07-06 06:37:10,-1.0,0.96,On Time,
9938037878.0,48074.0,2024-10-29 11:44:36,2024-10-29 11:56:36,12.0,4.26,Slightly Delayed,Traffic
7154987905.0,19693.0,2024-10-06 02:52:05,2024-10-06 03:13:05,21.0,2.82,Significantly Delayed,Traffic
3605534244.0,94641.0,2024-01-17 12:28:12,2024-01-17 12:30:12,2.0,1.16,On Time,Traffic
5626601040.0,79158.0,2024-02-26 23:48:08,2024-02-26 23:57:08,9.0,4.46,Slightly Delayed,Traffic
2577064886.0,98272.0,2024-06-07 04:51:39,2024-06-07 04:53:39,2.0,3.15,On Time,Traffic
2561362173.0,26727.0,2023-05-30 07:58:00,2023-05-30 07:59:00,1.0,1.8,On Time,Traffic
2793120553.0,7048.0,2023-06-24 11:10:53,2023-06-24 11:11:53,1.0,4.94,On Time,Traffic
4476563699.0,60652.0,2023-09-11 02:47:45,2023-09-11 03:13:45,26.0,4.52,Significantly Delayed,Traffic
1580021952.0,42125.0,2024-10-24 14:36:39,2024-10-24 14:32:39,-4.0,2.93,On Time,
7263454149.0,73299.0,2023-10-14 01:51:23,2023-10-14 01:50:23,-1.0,0.97,On Time,
4371924002.0,24078.0,2024-10-21 13:32:53,2024-10-21 13:46:53,14.0,1.67,Slightly Delayed,Traffic
2955277471.0,59573.0,2023-12-06 13:15:29,2023-12-06 13:35:29,20.0,4.24,Significantly Delayed,Traffic
9445490338.0,66940.0,2023-05-23 23:07:26,2023-05-23 23:18:26,11.0,4.49,Slightly Delayed,Traffic
2668915104.0,19287.0,2023-12-01 20:44:27,2023-12-01 20:49:27,5.0,1.88,On Time,Traffic
1045621584.0,28894.0,2023-12-19 00:57:40,2023-12-19 01:20:40,23.0,0.92,Significantly Delayed,Traffic
4550545705.0,39869.0,2024-06-21 04:59:10,2024-06-21 05:04:10,5.0,1.82,On Time,Traffic
3373390154.0,42345.0,2024-07-24 09:18:08,2024-07-24 09:20:08,2.0,4.51,On Time,Traffic
5142985961.0,19720.0,2024-02-07 03:08:54,2024-02-07 03:10:54,2.0,2.28,On Time,Traffic
649220272.0,7867.0,2023-09-23 15:25:19,2023-09-23 15:24:19,-1.0,1.58,On Time,
5023958886.0,75426.0,2024-09-24 05:58:46,2024-09-24 06:09:46,11.0,0.74,Slightly Delayed,Traffic
9993542681.0,73532.0,2023-05-23 04:26:41,2023-05-23 04:41:41,15.0,4.21,Slightly Delayed,Traffic
4380367305.0,45530.0,2024-04-08 13:52:20,2024-04-08 13:55:20,3.0,3.66,On Time,Traffic
3626113485.0,17386.0,2024-03-26 01:51:13,2024-03-26 01:47:13,-4.0,3.77,On Time,
4399099668.0,36414.0,2023-06-18 17:29:45,2023-06-18 17:42:45,13.0,1.42,Slightly Delayed,Traffic
3760880745.0,97705.0,2024-10-13 22:15:38,2024-10-13 22:23:38,8.0,2.14,Slightly Delayed,Traffic
1803155516.0,16338.0,2023-06-21 01:51:59,2023-06-21 01:49:59,-2.0,2.72,On Time,
4413782983.0,94774.0,2023-06-01 18:31:57,2023-06-01 18:34:57,3.0,1.37,On Time,Traffic
6766424456.0,10642.0,2024-04-10 06:06:16,2024-04-10 06:11:16,5.0,3.12,On Time,Traffic
8701531535.0,84395.0,2024-09-03 00:10:51,2024-09-03 00:20:51,10.0,3.77,Slightly Delayed,Traffic
3961971562.0,66728.0,2024-04-19 19:55:06,2024-04-19 19:51:06,-4.0,3.58,On Time,
1337510774.0,37353.0,2024-07-19 12:57:59,2024-07-19 12:56:59,-1.0,0.76,On Time,
8859147707.0,40674.0,2024-03-29 22:03:03,2024-03-29 22:17:03,14.0,1.12,Slightly Delayed,Traffic
5850669672.0,78930.0,2023-06-10 09:01:50,2023-06-10 09:03:50,2.0,3.37,On Time,Traffic
1183906926.0,37000.0,2023-12-29 20:35:40,2023-12-29 20:46:40,11.0,1.57,Slightly Delayed,Traffic
6277509652.0,71254.0,2024-10-31 08:37:42,2024-10-31 09:00:42,23.0,2.61,Significantly Delayed,Traffic
72748189.0,69743.0,2023-06-18 06:47:23,2023-06-18 07:06:23,19.0,1.64,Significantly Delayed,Traffic
3164922639.0,64606.0,2024-05-05 23:18:26,2024-05-05 23:13:26,-5.0,0.86,On Time,
1768504415.0,59784.0,2023-09-15 19:59:03,2023-09-15 19:55:03,-4.0,3.46,On Time,
8173155169.0,69738.0,2024-01-06 15:05:22,2024-01-06 15:16:22,11.0,2.26,Slightly Delayed,Traffic
6164820061.0,90461.0,2023-05-26 23:18:19,2023-05-26 23:15:19,-3.0,0.58,On Time,
768283559.0,97341.0,2024-02-09 01:59:31,2024-02-09 01:57:31,-2.0,0.81,On Time,
5091744424.0,98123.0,2023-11-15 22:06:35,2023-11-15 22:22:35,16.0,2.34,Significantly Delayed,Traffic
932482893.0,4554.0,2024-07-24 23:12:26,2024-07-24 23:08:26,-4.0,2.93,On Time,
4588148640.0,95857.0,2023-03-19 19:27:58,2023-03-19 19:24:58,-3.0,4.87,On Time,
8120457107.0,20374.0,2024-01-27 19:02:35,2024-01-27 19:05:35,3.0,4.84,On Time,Traffic
6107471725.0,1329.0,2023-08-26 07:49:48,2023-08-26 07:53:48,4.0,3.63,On Time,Traffic
7001417958.0,97157.0,2024-03-28 04:03:07,2024-03-28 04:05:07,2.0,3.14,On Time,Traffic
7983443604.0,86341.0,2024-01-18 15:29:19,2024-01-18 15:31:19,2.0,4.46,On Time,Traffic
3057907418.0,51671.0,2024-04-04 22:59:31,2024-04-04 22:58:31,-1.0,0.84,On Time,
3312147996.0,12618.0,2024-06-06 06:52:07,2024-06-06 07:06:07,14.0,2.1,Slightly Delayed,Traffic
6822269883.0,51677.0,2024-01-15 07:44:07,2024-01-15 07:43:07,-1.0,1.99,On Time,
5004539711.0,91697.0,2023-07-28 00:10:16,2023-07-28 00:16:16,6.0,3.8,Slightly Delayed,Traffic
2426015858.0,62295.0,2024-06-03 00:36:01,2024-06-03 00:46:01,10.0,0.75,Slightly Delayed,Traffic
4415332793.0,23596.0,2024-04-25 00:16:49,2024-04-25 00:21:49,5.0,0.56,On Time,Traffic
1256813796.0,67012.0,2024-05-09 02:01:54,2024-05-09 02:02:54,1.0,1.78,On Time,Traffic
633633688.0,41759.0,2023-09-04 11:38:09,2023-09-04 11:47:09,9.0,0.56,Slightly Delayed,Traffic
8311814996.0,15205.0,2023-09-09 13:21:42,2023-09-09 13:34:42,13.0,1.32,Slightly Delayed,Traffic
1441735184.0,50605.0,2024-10-31 15:20:54,2024-10-31 15:25:54,5.0,2.86,On Time,Traffic
1525742840.0,32237.0,2024-06-24 12:29:58,2024-06-24 12:24:58,-5.0,3.19,On Time,
1947080315.0,61905.0,2023-10-09 16:35:21,2023-10-09 16:50:21,15.0,4.8,Slightly Delayed,Traffic
5682081545.0,45875.0,2024-07-11 16:23:45,2024-07-11 16:26:45,3.0,3.82,On Time,Traffic
8100817128.0,91888.0,2023-04-01 22:19:42,2023-04-01 22:31:42,12.0,4.58,Slightly Delayed,Traffic
6051792089.0,59903.0,2024-07-23 22:07:14,2024-07-23 22:09:14,2.0,4.95,On Time,Traffic
1158173915.0,58366.0,2023-08-13 01:42:00,2023-08-13 02:08:00,26.0,2.95,Significantly Delayed,Traffic
266072469.0,15434.0,2023-08-02 11:23:40,2023-08-02 11:36:40,13.0,1.84,Slightly Delayed,Traffic
2529883737.0,39897.0,2023-08-10 20:50:24,2023-08-10 20:47:24,-3.0,2.12,On Time,
9090089969.0,84901.0,2023-08-02 21:25:48,2023-08-02 21:33:48,8.0,1.53,Slightly Delayed,Traffic
7102272749.0,19086.0,2024-04-09 16:33:16,2024-04-09 16:36:16,3.0,1.68,On Time,Traffic
4948925080.0,74253.0,2023-04-27 12:54:19,2023-04-27 12:50:19,-4.0,3.58,On Time,
9463013186.0,11867.0,2023-06-29 17:38:38,2023-06-29 17:36:38,-2.0,4.55,On Time,
5581013292.0,54572.0,2024-09-17 19:14:27,2024-09-17 19:29:27,15.0,0.55,Slightly Delayed,Traffic
7009619835.0,83314.0,2024-10-28 06:36:11,2024-10-28 06:35:11,-1.0,1.39,On Time,
9177283950.0,76531.0,2023-08-25 00:14:44,2023-08-25 00:24:44,10.0,3.56,Slightly Delayed,Traffic
9359187866.0,2758.0,2023-12-18 09:43:08,2023-12-18 09:56:08,13.0,4.37,Slightly Delayed,Traffic
1524480475.0,95253.0,2024-06-23 21:13:02,2024-06-23 21:31:02,18.0,3.15,Significantly Delayed,Traffic
3829990099.0,51048.0,2024-02-05 18:49:30,2024-02-05 18:45:30,-4.0,0.58,On Time,
1058609445.0,24272.0,2024-07-09 19:14:06,2024-07-09 19:10:06,-4.0,4.14,On Time,
1022764286.0,16048.0,2024-04-21 14:46:03,2024-04-21 14:42:03,-4.0,0.55,On Time,
1913299658.0,36708.0,2023-12-25 13:19:45,2023-12-25 13:20:45,1.0,2.28,On Time,Traffic
5305443623.0,17051.0,2024-01-13 12:18:38,2024-01-13 12:14:38,-4.0,1.82,On Time,
4074369199.0,30054.0,2024-06-19 03:37:49,2024-06-19 03:39:49,2.0,2.09,On Time,Traffic
9966404015.0,89111.0,2023-08-10 12:09:27,2023-08-10 12:07:27,-2.0,1.18,On Time,
3192917514.0,10976.0,2024-05-10 09:18:56,2024-05-10 09:22:56,4.0,2.35,On Time,Traffic
1256718210.0,45443.0,2023-05-24 22:46:15,2023-05-24 22:56:15,10.0,3.15,Slightly Delayed,Traffic
6067839426.0,82492.0,2023-08-24 08:23:08,2023-08-24 08:22:08,-1.0,2.57,On Time,
2254923956.0,71496.0,2024-08-19 19:12:40,2024-08-19 19:35:40,23.0,0.52,Significantly Delayed,Traffic
7367673526.0,22866.0,2024-05-01 09:18:52,2024-05-01 09:20:52,2.0,1.77,On Time,Traffic
9467422683.0,23501.0,2023-09-21 00:11:07,2023-09-21 00:10:07,-1.0,2.96,On Time,
819853692.0,46537.0,2024-07-04 17:40:55,2024-07-04 17:35:55,-5.0,2.08,On Time,
3070834475.0,15125.0,2024-10-03 14:39:48,2024-10-03 14:44:48,5.0,0.72,On Time,Traffic
3620552357.0,26110.0,2024-06-19 03:05:22,2024-06-19 03:05:22,0.0,3.16,On Time,
5938542755.0,91330.0,2023-07-31 17:18:37,2023-07-31 17:14:37,-4.0,3.7,On Time,
9315535975.0,62494.0,2023-11-16 10:30:51,2023-11-16 10:57:51,27.0,1.92,Significantly Delayed,Traffic
3547873471.0,10442.0,2024-10-08 04:30:08,2024-10-08 04:35:08,5.0,2.93,On Time,Traffic
6546999829.0,90775.0,2023-10-06 18:15:56,2023-10-06 18:18:56,3.0,4.74,On Time,Traffic
9039495201.0,92126.0,2024-03-27 20:14:20,2024-03-27 20:09:20,-5.0,1.48,On Time,
99708985.0,8566.0,2023-11-19 04:46:38,2023-11-19 04:55:38,9.0,3.32,Slightly Delayed,Traffic
6312811061.0,59483.0,2024-08-31 14:03:05,2024-08-31 14:17:05,14.0,1.32,Slightly Delayed,Traffic
3915885220.0,75178.0,2024-06-21 10:53:49,2024-06-21 10:57:49,4.0,1.53,On Time,Traffic
6654736751.0,61095.0,2023-04-25 00:16:41,2023-04-25 00:12:41,-4.0,2.57,On Time,
841915361.0,25472.0,2024-10-31 19:17:59,2024-10-31 19:13:59,-4.0,4.98,On Time,
2543233800.0,76752.0,2023-09-23 17:31:27,2023-09-23 17:43:27,12.0,4.12,Slightly Delayed,Traffic
5271947935.0,70987.0,2024-08-26 23:22:11,2024-08-26 23:18:11,-4.0,2.41,On Time,
6339554317.0,28470.0,2023-06-14 01:09:23,2023-06-14 01:05:23,-4.0,4.17,On Time,
1840475676.0,92449.0,2024-05-27 03:55:21,2024-05-27 03:55:21,0.0,4.68,On Time,
6812031667.0,20307.0,2023-12-12 14:44:49,2023-12-12 14:47:49,3.0,3.86,On Time,Traffic
3031698482.0,43787.0,2024-10-11 07:34:20,2024-10-11 07:38:20,4.0,0.57,On Time,Traffic
7902025520.0,96782.0,2024-01-02 21:40:22,2024-01-02 21:46:22,6.0,3.29,Slightly Delayed,Traffic
1969446314.0,93399.0,2023-09-05 20:05:27,2023-09-05 20:09:27,4.0,4.35,On Time,Traffic
9949497098.0,92577.0,2024-10-28 22:31:08,2024-10-28 22:40:08,9.0,0.98,Slightly Delayed,Traffic
4572338018.0,11129.0,2023-05-04 11:00:53,2023-05-04 11:07:53,7.0,1.84,Slightly Delayed,Traffic
2964153358.0,60394.0,2023-06-12 00:42:35,2023-06-12 00:37:35,-5.0,1.46,On Time,
7642038633.0,99317.0,2024-03-10 11:50:24,2024-03-10 12:20:24,30.0,4.66,Significantly Delayed,Traffic
8208980848.0,53453.0,2024-02-21 23:57:40,2024-02-21 23:53:40,-4.0,3.18,On Time,
3343789681.0,53744.0,2023-05-27 21:57:02,2023-05-27 22:22:02,25.0,3.43,Significantly Delayed,Traffic
9478305481.0,33984.0,2024-02-02 04:12:25,2024-02-02 04:27:25,15.0,0.51,Slightly Delayed,Traffic
3475260976.0,37563.0,2023-03-26 19:09:43,2023-03-26 19:22:43,13.0,4.22,Slightly Delayed,Traffic
3665443705.0,33503.0,2024-08-09 13:30:02,2024-08-09 13:42:02,12.0,1.7,Slightly Delayed,Traffic
673592541.0,48217.0,2024-04-05 00:35:49,2024-04-05 00:35:49,0.0,3.39,On Time,
8074949320.0,81625.0,2023-08-17 13:35:57,2023-08-17 13:32:57,-3.0,2.17,On Time,
8056021378.0,67163.0,2023-11-04 22:32:56,2023-11-04 22:43:56,11.0,1.29,Slightly Delayed,Traffic
2331582000.0,12171.0,2024-03-16 09:38:08,2024-03-16 09:35:08,-3.0,1.51,On Time,
5844776722.0,57666.0,2024-01-10 12:17:56,2024-01-10 12:18:56,1.0,2.1,On Time,Traffic
8426465860.0,59023.0,2024-02-29 23:32:48,2024-02-29 23:27:48,-5.0,4.2,On Time,
9057555029.0,70770.0,2024-02-02 19:30:14,2024-02-02 19:36:14,6.0,2.9,Slightly Delayed,Traffic
2210486526.0,78433.0,2023-12-13 17:41:31,2023-12-13 17:41:31,0.0,3.8,On Time,
6421432903.0,36013.0,2024-01-30 17:47:05,2024-01-30 17:49:05,2.0,2.92,On Time,Traffic
3562901354.0,30335.0,2024-05-06 21:07:54,2024-05-06 21:07:54,0.0,4.33,On Time,
8194268842.0,31210.0,2024-08-15 08:08:53,2024-08-15 08:13:53,5.0,0.7,On Time,Traffic
7524467684.0,41508.0,2023-04-25 00:51:16,2023-04-25 00:50:16,-1.0,0.79,On Time,
1254195766.0,20073.0,2023-12-21 05:08:51,2023-12-21 05:06:51,-2.0,1.55,On Time,
6476646153.0,42014.0,2024-10-06 02:38:15,2024-10-06 02:47:15,9.0,1.3,Slightly Delayed,Traffic
8278568103.0,77200.0,2024-08-06 01:19:19,2024-08-06 01:16:19,-3.0,2.32,On Time,
8589621333.0,21113.0,2023-10-01 14:00:52,2023-10-01 13:57:52,-3.0,0.97,On Time,
8531683720.0,45775.0,2024-10-25 06:39:21,2024-10-25 06:43:21,4.0,3.67,On Time,Traffic
327291657.0,95819.0,2024-07-15 04:48:45,2024-07-15 04:44:45,-4.0,3.94,On Time,
6159164139.0,28967.0,2024-04-06 06:17:59,2024-04-06 06:22:59,5.0,2.49,On Time,Traffic
8029863164.0,94072.0,2023-10-22 16:17:26,2023-10-22 16:15:26,-2.0,3.57,On Time,
9387824629.0,92156.0,2023-12-30 18:30:15,2023-12-30 18:47:15,17.0,2.16,Significantly Delayed,Traffic
3289836195.0,76199.0,2024-05-29 02:48:15,2024-05-29 03:10:15,22.0,3.3,Significantly Delayed,Traffic
5001931575.0,22159.0,2024-10-28 20:14:45,2024-10-28 20:33:45,19.0,0.79,Significantly Delayed,Traffic
7258292820.0,51026.0,2023-08-13 22:22:47,2023-08-13 22:47:47,25.0,4.06,Significantly Delayed,Traffic
4924862857.0,41365.0,2023-08-08 17:14:42,2023-08-08 17:29:42,15.0,0.93,Slightly Delayed,Traffic
8666314034.0,50429.0,2023-04-21 19:14:41,2023-04-21 19:17:41,3.0,2.06,On Time,Traffic
6775326324.0,59090.0,2023-06-17 02:13:29,2023-06-17 02:21:29,8.0,2.08,Slightly Delayed,Traffic
6092636899.0,73041.0,2024-10-26 02:18:39,2024-10-26 02:19:39,1.0,1.85,On Time,Traffic
4115558056.0,20348.0,2024-04-17 02:49:53,2024-04-17 02:49:53,0.0,4.64,On Time,
2352136184.0,27659.0,2023-11-21 22:13:06,2023-11-21 22:37:06,24.0,3.87,Significantly Delayed,Traffic
1706445141.0,73737.0,2024-03-11 19:13:18,2024-03-11 19:22:18,9.0,3.29,Slightly Delayed,Traffic
9000165912.0,50130.0,2023-08-20 08:34:44,2023-08-20 08:57:44,23.0,0.75,Significantly Delayed,Traffic
7457305850.0,28367.0,2023-12-08 12:16:55,2023-12-08 12:21:55,5.0,0.78,On Time,Traffic
9685973820.0,22198.0,2024-04-20 03:36:50,2024-04-20 03:48:50,12.0,4.87,Slightly Delayed,Traffic
168067196.0,42592.0,2024-07-16 13:30:12,2024-07-16 13:35:12,5.0,2.65,On Time,Traffic
6105240201.0,59775.0,2024-05-22 23:40:32,2024-05-22 23:48:32,8.0,2.23,Slightly Delayed,Traffic
1888247163.0,77605.0,2024-02-09 11:49:54,2024-02-09 11:48:54,-1.0,1.35,On Time,
7145162326.0,64500.0,2023-06-23 22:41:58,2023-06-23 22:51:58,10.0,4.58,Slightly Delayed,Traffic
7611231659.0,1857.0,2023-09-22 12:21:11,2023-09-22 12:46:11,25.0,3.53,Significantly Delayed,Traffic
4508784747.0,45529.0,2024-03-11 01:58:36,2024-03-11 02:10:36,12.0,2.15,Slightly Delayed,Traffic
2567590825.0,2575.0,2023-10-10 20:19:46,2023-10-10 20:19:46,0.0,1.04,On Time,
9255982861.0,75663.0,2024-10-17 05:12:51,2024-10-17 05:17:51,5.0,3.98,On Time,Traffic
4102063254.0,14319.0,2024-01-13 12:44:27,2024-01-13 13:06:27,22.0,3.26,Significantly Delayed,Traffic
7373931740.0,4116.0,2024-08-27 00:22:31,2024-08-27 00:24:31,2.0,2.53,On Time,Traffic
5682816404.0,14009.0,2023-07-10 15:11:43,2023-07-10 15:15:43,4.0,2.61,On Time,Traffic
544018743.0,23075.0,2024-03-31 14:32:00,2024-03-31 14:38:00,6.0,3.05,Slightly Delayed,Traffic
3292929952.0,65834.0,2024-09-10 06:54:18,2024-09-10 07:05:18,11.0,3.13,Slightly Delayed,Traffic
9144790321.0,32954.0,2023-04-17 16:33:59,2023-04-17 16:48:59,15.0,1.54,Slightly Delayed,Traffic
9075991438.0,58668.0,2023-06-21 23:26:05,2023-06-21 23:27:05,1.0,2.31,On Time,Traffic
3634813810.0,73783.0,2024-08-12 05:18:50,2024-08-12 05:45:50,27.0,4.53,Significantly Delayed,Traffic
8250406975.0,64277.0,2023-12-07 11:22:13,2023-12-07 11:21:13,-1.0,4.77,On Time,
5877618756.0,23099.0,2023-07-07 11:24:17,2023-07-07 11:20:17,-4.0,3.29,On Time,
2419292139.0,21081.0,2024-05-31 22:50:38,2024-05-31 23:01:38,11.0,4.34,Slightly Delayed,Traffic
9547123332.0,86656.0,2023-06-07 13:58:18,2023-06-07 13:54:18,-4.0,1.9,On Time,
6968636396.0,60048.0,2024-04-02 19:50:56,2024-04-02 19:48:56,-2.0,4.28,On Time,
5247557644.0,72372.0,2023-05-20 08:27:06,2023-05-20 08:25:06,-2.0,4.88,On Time,
7731193394.0,10460.0,2024-10-15 13:16:15,2024-10-15 13:43:15,27.0,2.35,Significantly Delayed,Traffic
6048321120.0,48142.0,2024-07-25 10:59:28,2024-07-25 11:07:28,8.0,4.49,Slightly Delayed,Traffic
8494582006.0,29476.0,2023-05-04 16:07:30,2023-05-04 16:04:30,-3.0,1.97,On Time,
5600781757.0,96115.0,2023-06-18 10:32:12,2023-06-18 10:31:12,-1.0,4.6,On Time,
495091707.0,99245.0,2024-09-16 01:27:00,2024-09-16 01:39:00,12.0,4.94,Slightly Delayed,Traffic
3239613823.0,91047.0,2024-04-18 16:36:41,2024-04-18 16:37:41,1.0,3.19,On Time,Traffic
3643352219.0,94768.0,2023-09-15 09:53:26,2023-09-15 09:50:26,-3.0,4.43,On Time,
2051599638.0,97807.0,2023-04-22 10:55:28,2023-04-22 11:11:28,16.0,1.59,Significantly Delayed,Traffic
3514859549.0,33736.0,2023-12-21 14:45:13,2023-12-21 14:42:13,-3.0,3.69,On Time,
3907599008.0,68561.0,2023-12-12 01:08:26,2023-12-12 01:08:26,0.0,0.79,On Time,
1534993603.0,97084.0,2024-01-07 00:25:44,2024-01-07 00:20:44,-5.0,1.96,On Time,
8980701254.0,94420.0,2024-05-12 15:17:44,2024-05-12 15:25:44,8.0,3.18,Slightly Delayed,Traffic
6695408903.0,37440.0,2023-05-24 13:56:31,2023-05-24 14:08:31,12.0,1.18,Slightly Delayed,Traffic
3268455899.0,19152.0,2023-09-16 17:26:21,2023-09-16 17:26:21,0.0,1.82,On Time,
7809161755.0,84449.0,2023-04-10 16:32:51,2023-04-10 16:34:51,2.0,4.72,On Time,Traffic
8873697539.0,41581.0,2024-02-14 05:33:26,2024-02-14 05:34:26,1.0,1.04,On Time,Traffic
8603941640.0,20405.0,2024-01-06 08:16:17,2024-01-06 08:12:17,-4.0,4.57,On Time,
8308184279.0,64196.0,2023-06-19 08:21:51,2023-06-19 08:26:51,5.0,2.24,On Time,Traffic
7572826287.0,74511.0,2023-04-23 12:06:31,2023-04-23 12:04:31,-2.0,0.87,On Time,
7478396641.0,37146.0,2023-12-05 14:12:20,2023-12-05 14:24:20,12.0,3.92,Slightly Delayed,Traffic
3569283921.0,26141.0,2023-10-27 07:34:26,2023-10-27 07:33:26,-1.0,3.68,On Time,
9947619677.0,65941.0,2024-08-20 20:50:20,2024-08-20 20:46:20,-4.0,2.12,On Time,
5396237918.0,49918.0,2024-01-31 20:17:41,2024-01-31 20:22:41,5.0,4.88,On Time,Traffic
455878765.0,6556.0,2024-07-06 04:25:53,2024-07-06 04:26:53,1.0,1.66,On Time,Traffic
2079195080.0,84399.0,2024-03-30 02:52:42,2024-03-30 02:50:42,-2.0,2.75,On Time,
6104211214.0,5923.0,2024-07-21 02:44:58,2024-07-21 02:46:58,2.0,2.14,On Time,Traffic
9442939134.0,44610.0,2024-08-24 11:52:07,2024-08-24 11:47:07,-5.0,0.71,On Time,
3317293496.0,42288.0,2024-02-13 09:03:08,2024-02-13 09:00:08,-3.0,0.98,On Time,
8243326501.0,24700.0,2024-01-21 11:35:26,2024-01-21 11:36:26,1.0,2.33,On Time,Traffic
4109483569.0,22588.0,2024-03-10 19:01:38,2024-03-10 19:10:38,9.0,4.29,Slightly Delayed,Traffic
5390352336.0,17564.0,2024-07-15 04:47:53,2024-07-15 04:49:53,2.0,1.24,On Time,Traffic
2581584982.0,92740.0,2023-10-20 02:26:34,2023-10-20 02:27:34,1.0,2.11,On Time,Traffic
1668737869.0,21499.0,2023-03-24 00:00:26,2023-03-23 23:57:26,-3.0,0.92,On Time,
5046906329.0,55251.0,2023-08-07 08:00:35,2023-08-07 08:03:35,3.0,3.21,On Time,Traffic
2536833157.0,29809.0,2023-05-08 04:58:45,2023-05-08 04:56:45,-2.0,1.72,On Time,
9176170352.0,64871.0,2023-11-03 09:06:22,2023-11-03 09:06:22,0.0,3.69,On Time,
833930925.0,71285.0,2024-01-10 16:44:49,2024-01-10 16:40:49,-4.0,0.69,On Time,
8515226099.0,86830.0,2023-08-21 17:27:26,2023-08-21 17:25:26,-2.0,1.59,On Time,
2023020278.0,3627.0,2023-06-14 10:24:21,2023-06-14 10:37:21,13.0,2.68,Slightly Delayed,Traffic
2840526544.0,3957.0,2023-03-28 07:36:51,2023-03-28 07:38:51,2.0,3.86,On Time,Traffic
7267422945.0,24170.0,2023-05-03 12:29:25,2023-05-03 12:25:25,-4.0,1.87,On Time,
9400777426.0,22677.0,2023-11-17 00:31:09,2023-11-17 00:39:09,8.0,4.32,Slightly Delayed,Traffic
3298603544.0,64773.0,2023-06-15 23:54:37,2023-06-16 00:16:37,22.0,1.48,Significantly Delayed,Traffic
4479973293.0,76853.0,2024-09-11 19:11:57,2024-09-11 19:15:57,4.0,4.0,On Time,Traffic
356236208.0,89331.0,2023-08-08 13:31:46,2023-08-08 13:36:46,5.0,4.65,On Time,Traffic
6699845542.0,79038.0,2023-12-06 15:02:53,2023-12-06 14:57:53,-5.0,1.39,On Time,
3106057977.0,21621.0,2024-06-07 18:49:09,2024-06-07 18:46:09,-3.0,1.82,On Time,
1905367587.0,6217.0,2023-11-05 08:59:17,2023-11-05 08:57:17,-2.0,4.47,On Time,
169590729.0,45869.0,2024-05-23 05:28:37,2024-05-23 05:24:37,-4.0,3.47,On Time,
9820743709.0,57086.0,2023-12-03 10:32:31,2023-12-03 10:34:31,2.0,0.96,On Time,Traffic
6605882211.0,39274.0,2023-12-03 10:43:46,2023-12-03 11:08:46,25.0,2.51,Significantly Delayed,Traffic
9517765444.0,20603.0,2023-09-28 05:02:11,2023-09-28 04:59:11,-3.0,1.26,On Time,
7766311749.0,54135.0,2023-11-28 15:25:39,2023-11-28 15:23:39,-2.0,1.39,On Time,
742238239.0,59655.0,2023-12-21 21:41:19,2023-12-21 21:43:19,2.0,2.94,On Time,Traffic
3146141485.0,19370.0,2023-12-27 08:46:28,2023-12-27 08:50:28,4.0,1.05,On Time,Traffic
6633702824.0,32567.0,2024-06-19 09:08:43,2024-06-19 09:05:43,-3.0,3.5,On Time,
5033749011.0,78614.0,2023-10-22 14:00:49,2023-10-22 13:58:49,-2.0,2.88,On Time,
4009496217.0,19960.0,2023-07-22 03:21:51,2023-07-22 03:24:51,3.0,1.98,On Time,Traffic
4284473821.0,70335.0,2024-03-25 08:29:13,2024-03-25 08:32:13,3.0,2.84,On Time,Traffic
8860588793.0,44421.0,2023-08-03 15:32:25,2023-08-03 15:33:25,1.0,4.93,On Time,Traffic
5305428485.0,48428.0,2023-05-07 03:11:44,2023-05-07 03:15:44,4.0,2.59,On Time,Traffic
676278878.0,11530.0,2023-04-08 08:29:45,2023-04-08 08:28:45,-1.0,4.7,On Time,
9459854097.0,52270.0,2023-10-28 22:47:53,2023-10-28 22:45:53,-2.0,3.36,On Time,
3895596621.0,53909.0,2023-10-29 04:32:51,2023-10-29 04:29:51,-3.0,3.75,On Time,
7750915110.0,96593.0,2023-09-18 19:37:02,2023-09-18 19:44:02,7.0,3.28,Slightly Delayed,Traffic
5173951989.0,62728.0,2023-11-11 17:33:15,2023-11-11 17:29:15,-4.0,4.74,On Time,
6388954643.0,46446.0,2024-02-23 07:05:22,2024-02-23 07:03:22,-2.0,1.85,On Time,
5819387689.0,54590.0,2023-09-08 18:24:12,2023-09-08 18:19:12,-5.0,3.89,On Time,
4184037584.0,44659.0,2023-10-15 09:31:29,2023-10-15 09:31:29,0.0,2.1,On Time,
9525140554.0,52570.0,2024-10-15 09:26:28,2024-10-15 09:27:28,1.0,0.89,On Time,Traffic
1617927874.0,46223.0,2024-09-14 16:09:03,2024-09-14 16:12:03,3.0,3.25,On Time,Traffic
1543944105.0,21539.0,2024-10-21 18:00:10,2024-10-21 18:26:10,26.0,2.99,Significantly Delayed,Traffic
341580530.0,43564.0,2024-07-10 07:21:29,2024-07-10 07:42:29,21.0,3.77,Significantly Delayed,Traffic
5133661902.0,36138.0,2023-11-13 22:53:41,2023-11-13 23:04:41,11.0,3.39,Slightly Delayed,Traffic
4557328309.0,27324.0,2024-06-13 01:40:04,2024-06-13 01:44:04,4.0,2.79,On Time,Traffic
4479421205.0,78302.0,2024-07-02 12:28:17,2024-07-02 12:42:17,14.0,1.59,Slightly Delayed,Traffic
5740294639.0,3587.0,2023-07-31 13:16:46,2023-07-31 13:31:46,15.0,4.38,Slightly Delayed,Traffic
8114060961.0,27873.0,2023-10-12 17:54:59,2023-10-12 18:21:59,27.0,0.63,Significantly Delayed,Traffic
5744553133.0,78378.0,2024-04-19 03:28:52,2024-04-19 03:35:52,7.0,0.73,Slightly Delayed,Traffic
5029893308.0,23973.0,2024-01-26 14:58:50,2024-01-26 14:56:50,-2.0,0.97,On Time,
9663384689.0,60561.0,2023-03-24 17:15:27,2023-03-24 17:21:27,6.0,1.58,Slightly Delayed,Traffic
7919240958.0,65015.0,2023-05-19 00:12:38,2023-05-19 00:12:38,0.0,2.6,On Time,
5211751826.0,73273.0,2023-08-31 01:55:48,2023-08-31 02:06:48,11.0,0.53,Slightly Delayed,Traffic
8713129069.0,3028.0,2024-10-16 08:47:07,2024-10-16 08:47:07,0.0,2.31,On Time,
1407304162.0,56660.0,2023-03-31 18:59:55,2023-03-31 18:59:55,0.0,3.65,On Time,
3793875046.0,14372.0,2024-01-30 08:30:22,2024-01-30 08:33:22,3.0,0.63,On Time,Traffic
4903700958.0,68302.0,2024-05-30 09:56:35,2024-05-30 09:59:35,3.0,0.67,On Time,Traffic
1989547877.0,96259.0,2023-12-14 02:27:55,2023-12-14 02:28:55,1.0,3.76,On Time,Traffic
9584857115.0,24203.0,2023-12-28 23:23:21,2023-12-28 23:21:21,-2.0,4.52,On Time,
7236760938.0,61643.0,2024-06-29 12:15:15,2024-06-29 12:11:15,-4.0,4.05,On Time,
4346903287.0,5643.0,2024-10-28 23:59:45,2024-10-29 00:02:45,3.0,4.95,On Time,Traffic
6353755071.0,15507.0,2024-02-12 01:00:17,2024-02-12 01:03:17,3.0,1.21,On Time,Traffic
89194627.0,37946.0,2024-03-06 18:27:09,2024-03-06 18:24:09,-3.0,4.59,On Time,
544919267.0,96790.0,2024-09-25 14:16:58,2024-09-25 14:17:58,1.0,4.42,On Time,Traffic
6665075012.0,3646.0,2024-01-14 03:21:56,2024-01-14 03:22:56,1.0,2.06,On Time,Traffic
4461389660.0,23681.0,2023-07-30 15:12:38,2023-07-30 15:40:38,28.0,2.74,Significantly Delayed,Traffic
8789328634.0,34277.0,2024-06-01 01:32:26,2024-06-01 01:50:26,18.0,1.44,Significantly Delayed,Traffic
147066568.0,86173.0,2024-07-12 07:58:16,2024-07-12 07:55:16,-3.0,1.2,On Time,
6712947216.0,3996.0,2023-04-11 04:24:23,2023-04-11 04:28:23,4.0,4.42,On Time,Traffic
4731158560.0,59602.0,2024-03-14 18:37:31,2024-03-14 18:37:31,0.0,0.81,On Time,
6228958238.0,83846.0,2023-08-31 04:25:51,2023-08-31 04:52:51,27.0,1.54,Significantly Delayed,Traffic
8006440384.0,46105.0,2023-06-09 05:35:06,2023-06-09 05:34:06,-1.0,4.43,On Time,
7330672658.0,69442.0,2024-10-25 04:12:42,2024-10-25 04:08:42,-4.0,3.67,On Time,
1766200974.0,56216.0,2024-10-13 15:08:22,2024-10-13 15:03:22,-5.0,3.37,On Time,
2878422829.0,87135.0,2024-07-16 06:06:46,2024-07-16 06:01:46,-5.0,2.59,On Time,
5862535621.0,82460.0,2024-01-03 06:23:00,2024-01-03 06:25:00,2.0,4.02,On Time,Traffic
3781134163.0,89523.0,2024-02-03 03:01:21,2024-02-03 03:09:21,8.0,1.54,Slightly Delayed,Traffic
7835720444.0,69804.0,2024-01-10 23:24:29,2024-01-10 23:51:29,27.0,1.34,Significantly Delayed,Traffic
1952343673.0,23019.0,2024-02-24 06:16:00,2024-02-24 06:14:00,-2.0,1.52,On Time,
9406096007.0,84186.0,2023-11-24 09:17:17,2023-11-24 09:30:17,13.0,1.42,Slightly Delayed,Traffic
1136528533.0,99968.0,2023-08-22 22:46:18,2023-08-22 22:58:18,12.0,1.81,Slightly Delayed,Traffic
9137126466.0,42265.0,2023-08-05 10:03:03,2023-08-05 10:04:03,1.0,1.67,On Time,Traffic
1495517558.0,4039.0,2024-08-17 16:49:22,2024-08-17 17:14:22,25.0,4.82,Significantly Delayed,Traffic
1643011737.0,83118.0,2024-07-14 08:37:35,2024-07-14 08:42:35,5.0,3.49,On Time,Traffic
4067366774.0,78609.0,2024-02-23 19:39:16,2024-02-23 19:42:16,3.0,3.55,On Time,Traffic
1683118802.0,76106.0,2023-12-17 15:46:55,2023-12-17 15:49:55,3.0,1.25,On Time,Traffic
5770514189.0,50789.0,2023-12-08 16:31:15,2023-12-08 16:37:15,6.0,4.07,Slightly Delayed,Traffic
9612669334.0,77039.0,2023-06-24 17:25:03,2023-06-24 17:29:03,4.0,4.07,On Time,Traffic
3262295808.0,22950.0,2024-04-19 20:22:41,2024-04-19 20:26:41,4.0,2.17,On Time,Traffic
1593291198.0,98452.0,2024-09-30 22:40:00,2024-09-30 22:55:00,15.0,1.94,Slightly Delayed,Traffic
5327721432.0,45092.0,2024-09-28 20:16:11,2024-09-28 20:15:11,-1.0,4.03,On Time,
4879497185.0,29418.0,2023-10-17 11:55:35,2023-10-17 11:53:35,-2.0,2.7,On Time,
6883107728.0,55685.0,2024-02-11 18:29:33,2024-02-11 18:27:33,-2.0,2.99,On Time,
1643246998.0,33474.0,2023-10-29 17:12:28,2023-10-29 17:18:28,6.0,2.96,Slightly Delayed,Traffic
913309291.0,77500.0,2024-06-16 09:23:00,2024-06-16 09:20:00,-3.0,2.56,On Time,
8298829689.0,85725.0,2023-11-29 12:26:34,2023-11-29 12:29:34,3.0,1.55,On Time,Traffic
7155488252.0,56349.0,2024-09-28 21:39:26,2024-09-28 21:36:26,-3.0,2.56,On Time,
8316192789.0,93941.0,2023-07-07 02:33:55,2023-07-07 02:34:55,1.0,1.87,On Time,Traffic
3589756658.0,10246.0,2023-12-18 09:17:42,2023-12-18 09:22:42,5.0,3.7,On Time,Traffic
8371900149.0,37141.0,2024-08-31 13:27:39,2024-08-31 13:28:39,1.0,0.62,On Time,Traffic
6659686612.0,14050.0,2024-04-20 03:17:24,2024-04-20 03:12:24,-5.0,3.11,On Time,
2937676500.0,91316.0,2024-05-25 19:08:00,2024-05-25 19:16:00,8.0,3.16,Slightly Delayed,Traffic
9908301442.0,50218.0,2023-06-10 08:20:04,2023-06-10 08:25:04,5.0,1.18,On Time,Traffic
3325049330.0,70928.0,2023-03-31 19:20:39,2023-03-31 19:17:39,-3.0,0.78,On Time,
2330986566.0,80888.0,2023-03-26 16:41:03,2023-03-26 16:40:03,-1.0,1.59,On Time,
1495975802.0,91194.0,2024-01-27 16:41:38,2024-01-27 16:43:38,2.0,4.25,On Time,Traffic
4207249029.0,29507.0,2023-10-15 18:04:14,2023-10-15 18:05:14,1.0,1.5,On Time,Traffic
1150143976.0,17949.0,2023-08-12 10:41:09,2023-08-12 10:42:09,1.0,4.19,On Time,Traffic
8443390148.0,67582.0,2023-06-12 11:23:12,2023-06-12 11:23:12,0.0,3.62,On Time,
8358703267.0,47723.0,2023-08-20 11:05:12,2023-08-20 11:07:12,2.0,3.45,On Time,Traffic
1608084881.0,38092.0,2024-03-21 23:52:31,2024-03-21 23:53:31,1.0,1.86,On Time,Traffic
2744486953.0,59839.0,2024-09-29 20:15:27,2024-09-29 20:37:27,22.0,4.14,Significantly Delayed,Traffic
3036885153.0,28150.0,2024-02-29 21:20:32,2024-02-29 21:30:32,10.0,0.79,Slightly Delayed,Traffic
7335148205.0,54244.0,2023-06-30 02:08:07,2023-06-30 02:04:07,-4.0,1.6,On Time,
2356580295.0,58531.0,2023-08-21 01:48:20,2023-08-21 01:49:20,1.0,3.35,On Time,Traffic
8999547266.0,80008.0,2023-12-09 17:13:35,2023-12-09 17:17:35,4.0,4.14,On Time,Traffic
3094439783.0,72382.0,2023-11-30 04:13:34,2023-11-30 04:15:34,2.0,1.84,On Time,Traffic
2753579193.0,13373.0,2023-03-29 15:06:03,2023-03-29 15:05:03,-1.0,1.24,On Time,
7683077217.0,74017.0,2024-04-17 18:27:04,2024-04-17 18:27:04,0.0,2.16,On Time,
2366099898.0,5230.0,2023-05-10 20:56:53,2023-05-10 20:57:53,1.0,2.51,On Time,Traffic
1252810532.0,63346.0,2024-07-03 21:37:17,2024-07-03 21:48:17,11.0,1.13,Slightly Delayed,Traffic
6493039553.0,79356.0,2024-08-06 11:41:09,2024-08-06 11:38:09,-3.0,4.33,On Time,
9274842886.0,68120.0,2023-11-15 19:04:57,2023-11-15 18:59:57,-5.0,1.83,On Time,
8255275254.0,33069.0,2023-12-03 02:14:06,2023-12-03 02:22:06,8.0,0.93,Slightly Delayed,Traffic
2136873695.0,40846.0,2023-07-09 11:18:32,2023-07-09 11:14:32,-4.0,1.41,On Time,
3253225736.0,22694.0,2024-07-19 09:08:06,2024-07-19 09:11:06,3.0,1.95,On Time,Traffic
7712604853.0,645.0,2023-09-26 23:48:51,2023-09-26 23:50:51,2.0,1.48,On Time,Traffic
5698803942.0,38462.0,2024-10-10 13:26:15,2024-10-10 13:28:15,2.0,1.78,On Time,Traffic
4393804577.0,20781.0,2023-08-30 13:54:05,2023-08-30 13:56:05,2.0,4.67,On Time,Traffic
9307961643.0,69847.0,2024-04-24 17:40:07,2024-04-24 17:40:07,0.0,3.95,On Time,
14103943.0,25400.0,2023-11-24 09:07:35,2023-11-24 09:18:35,11.0,2.36,Slightly Delayed,Traffic
4183595096.0,5568.0,2024-01-09 06:40:14,2024-01-09 06:35:14,-5.0,2.36,On Time,
9915365099.0,36218.0,2023-05-19 11:48:45,2023-05-19 11:50:45,2.0,1.09,On Time,Traffic
7979108696.0,67463.0,2024-05-20 22:24:25,2024-05-20 22:33:25,9.0,4.75,Slightly Delayed,Traffic
8756485728.0,43987.0,2024-02-10 21:32:58,2024-02-10 21:33:58,1.0,4.73,On Time,Traffic
4859441294.0,6040.0,2024-05-30 06:11:29,2024-05-30 06:17:29,6.0,4.36,Slightly Delayed,Traffic
8100291984.0,70176.0,2023-08-21 19:31:53,2023-08-21 19:53:53,22.0,3.34,Significantly Delayed,Traffic
7825714018.0,92931.0,2024-08-27 20:16:28,2024-08-27 20:16:28,0.0,1.68,On Time,
1785144322.0,27342.0,2024-07-22 17:04:23,2024-07-22 17:14:23,10.0,3.1,Slightly Delayed,Traffic
242240959.0,62828.0,2024-01-26 15:30:01,2024-01-26 15:34:01,4.0,2.15,On Time,Traffic
3527621284.0,24006.0,2024-07-21 04:38:25,2024-07-21 04:35:25,-3.0,1.46,On Time,
2254856113.0,58706.0,2023-04-16 10:44:22,2023-04-16 10:44:22,0.0,2.46,On Time,
4295420935.0,81922.0,2024-09-04 11:51:12,2024-09-04 11:53:12,2.0,1.26,On Time,Traffic
8739415992.0,88278.0,2023-06-02 23:19:03,2023-06-02 23:19:03,0.0,1.32,On Time,
2123879653.0,87546.0,2024-10-31 08:43:46,2024-10-31 08:58:46,15.0,2.34,Slightly Delayed,Traffic
1054974834.0,12315.0,2023-05-14 18:58:28,2023-05-14 19:06:28,8.0,2.36,Slightly Delayed,Traffic
6660596550.0,22021.0,2024-06-21 03:15:30,2024-06-21 03:45:30,30.0,3.67,Significantly Delayed,Traffic
1633238374.0,37968.0,2023-08-12 10:52:14,2023-08-12 10:56:14,4.0,2.31,On Time,Traffic
8133246330.0,14324.0,2023-10-08 13:38:01,2023-10-08 13:40:01,2.0,0.6,On Time,Traffic
4696656818.0,95505.0,2023-04-11 13:12:06,2023-04-11 13:26:06,14.0,1.91,Slightly Delayed,Traffic
7590214417.0,98898.0,2024-05-09 22:31:28,2024-05-09 22:53:28,22.0,1.63,Significantly Delayed,Traffic
1736212920.0,59462.0,2024-09-10 15:30:39,2024-09-10 15:25:39,-5.0,1.68,On Time,
4507702369.0,25049.0,2023-04-24 00:04:06,2023-04-24 00:06:06,2.0,4.05,On Time,Traffic
6458765046.0,23030.0,2023-06-29 17:56:33,2023-06-29 17:53:33,-3.0,4.18,On Time,
47953423.0,90878.0,2024-02-27 00:28:46,2024-02-27 00:32:46,4.0,1.88,On Time,Traffic
1263714922.0,33460.0,2023-10-06 01:24:34,2023-10-06 01:25:34,1.0,4.13,On Time,Traffic
2061768860.0,13006.0,2023-09-19 17:01:40,2023-09-19 17:09:40,8.0,4.71,Slightly Delayed,Traffic
4264335652.0,66568.0,2023-09-08 06:41:40,2023-09-08 06:37:40,-4.0,2.57,On Time,
3087181728.0,27119.0,2023-07-05 06:21:04,2023-07-05 06:26:04,5.0,1.1,On Time,Traffic
599772156.0,62467.0,2023-03-24 04:49:22,2023-03-24 05:02:22,13.0,2.77,Slightly Delayed,Traffic
6074313668.0,11276.0,2024-09-27 10:57:46,2024-09-27 11:02:46,5.0,1.61,On Time,Traffic
5497551107.0,19502.0,2024-08-18 16:01:52,2024-08-18 15:57:52,-4.0,3.64,On Time,
9102202025.0,65234.0,2024-04-10 07:51:32,2024-04-10 08:15:32,24.0,0.88,Significantly Delayed,Traffic
8794436743.0,10214.0,2023-07-17 06:41:00,2023-07-17 06:47:00,6.0,1.14,Slightly Delayed,Traffic
3299603042.0,94982.0,2024-06-17 04:21:53,2024-06-17 04:26:53,5.0,2.9,On Time,Traffic
243077069.0,94987.0,2024-04-25 18:54:34,2024-04-25 19:04:34,10.0,3.63,Slightly Delayed,Traffic
6749594412.0,6570.0,2023-11-30 15:32:24,2023-11-30 15:45:24,13.0,2.73,Slightly Delayed,Traffic
5378344982.0,83534.0,2024-02-17 01:23:36,2024-02-17 01:49:36,26.0,3.38,Significantly Delayed,Traffic
9103834515.0,30973.0,2024-01-03 08:40:26,2024-01-03 08:38:26,-2.0,2.47,On Time,
6237437720.0,29950.0,2023-08-26 07:17:27,2023-08-26 07:29:27,12.0,1.37,Slightly Delayed,Traffic
2719670578.0,75330.0,2024-09-04 10:02:08,2024-09-04 10:21:08,19.0,4.73,Significantly Delayed,Traffic
2748681349.0,464.0,2024-05-15 05:53:05,2024-05-15 05:58:05,5.0,2.99,On Time,Traffic
9851618724.0,73930.0,2023-10-03 18:16:27,2023-10-03 18:22:27,6.0,4.91,Slightly Delayed,Traffic
7013533376.0,53934.0,2023-12-08 14:15:36,2023-12-08 14:11:36,-4.0,0.78,On Time,
9727047029.0,92601.0,2024-01-04 02:12:00,2024-01-04 02:13:00,1.0,3.34,On Time,Traffic
1191540022.0,72969.0,2024-09-15 00:26:35,2024-09-15 00:37:35,11.0,1.82,Slightly Delayed,Traffic
5733572517.0,33195.0,2024-08-05 00:21:15,2024-08-05 00:35:15,14.0,3.48,Slightly Delayed,Traffic
9647928644.0,25971.0,2023-05-19 13:58:04,2023-05-19 13:57:04,-1.0,0.9,On Time,
9696598689.0,54430.0,2023-08-24 18:25:31,2023-08-24 18:33:31,8.0,4.6,Slightly Delayed,Traffic
1091207520.0,29429.0,2024-10-05 19:12:54,2024-10-05 19:12:54,0.0,2.76,On Time,
7995971909.0,92899.0,2023-05-08 18:29:30,2023-05-08 18:57:30,28.0,4.25,Significantly Delayed,Traffic
6077755741.0,40233.0,2023-07-20 23:41:59,2023-07-20 23:50:59,9.0,2.49,Slightly Delayed,Traffic
1240745644.0,53221.0,2023-05-20 12:10:18,2023-05-20 12:06:18,-4.0,1.14,On Time,
1397810713.0,11268.0,2023-12-09 14:55:08,2023-12-09 14:53:08,-2.0,1.6,On Time,
5149614189.0,10265.0,2023-07-24 15:04:54,2023-07-24 15:19:54,15.0,3.96,Slightly Delayed,Traffic
7453349798.0,63046.0,2023-08-10 14:10:12,2023-08-10 14:06:12,-4.0,4.58,On Time,
7570986632.0,55977.0,2023-05-17 11:18:22,2023-05-17 11:17:22,-1.0,3.33,On Time,
5292931220.0,1662.0,2023-11-25 03:12:18,2023-11-25 03:14:18,2.0,4.37,On Time,Traffic
2654499230.0,38789.0,2023-06-10 18:01:41,2023-06-10 17:59:41,-2.0,1.81,On Time,
2327587597.0,44056.0,2024-06-29 17:44:37,2024-06-29 17:39:37,-5.0,4.1,On Time,
5852189277.0,95197.0,2024-10-13 14:27:35,2024-10-13 14:22:35,-5.0,0.98,On Time,
8943211530.0,24417.0,2023-09-23 18:28:02,2023-09-23 18:32:02,4.0,2.35,On Time,Traffic
3305649506.0,404.0,2023-11-15 00:45:18,2023-11-15 00:45:18,0.0,2.21,On Time,
538997323.0,68926.0,2023-04-17 03:45:03,2023-04-17 03:48:03,3.0,1.9,On Time,Traffic
2966187610.0,28872.0,2023-04-13 01:22:17,2023-04-13 01:31:17,9.0,3.73,Slightly Delayed,Traffic
866693541.0,47194.0,2024-06-24 19:32:35,2024-06-24 19:30:35,-2.0,3.94,On Time,
440721658.0,90194.0,2023-05-05 10:23:53,2023-05-05 10:28:53,5.0,2.99,On Time,Traffic
2084323012.0,79429.0,2024-06-03 13:29:17,2024-06-03 13:24:17,-5.0,4.6,On Time,
4876314410.0,99870.0,2024-11-01 07:15:36,2024-11-01 07:19:36,4.0,1.84,On Time,Traffic
2401282648.0,38150.0,2023-08-10 20:59:58,2023-08-10 21:04:58,5.0,1.05,On Time,Traffic
2117291471.0,73647.0,2023-06-21 15:46:00,2023-06-21 15:49:00,3.0,1.95,On Time,Traffic
5455295163.0,70293.0,2024-08-25 11:37:15,2024-08-25 11:55:15,18.0,0.59,Significantly Delayed,Traffic
3219761206.0,25134.0,2024-07-14 13:17:37,2024-07-14 13:18:37,1.0,2.6,On Time,Traffic
7423918026.0,14790.0,2024-04-27 10:09:44,2024-04-27 10:07:44,-2.0,0.97,On Time,
1793817443.0,53816.0,2023-11-15 00:04:05,2023-11-15 00:14:05,10.0,2.48,Slightly Delayed,Traffic
2644609220.0,43073.0,2024-05-22 08:03:43,2024-05-22 07:59:43,-4.0,1.16,On Time,
1353492780.0,38772.0,2024-03-06 16:40:44,2024-03-06 16:40:44,0.0,1.28,On Time,
1230061693.0,32382.0,2023-06-15 18:39:45,2023-06-15 18:40:45,1.0,2.85,On Time,Traffic
6299572675.0,51388.0,2023-08-17 19:01:18,2023-08-17 19:14:18,13.0,1.63,Slightly Delayed,Traffic
5956863364.0,6378.0,2024-02-20 23:47:34,2024-02-20 23:55:34,8.0,3.25,Slightly Delayed,Traffic
6788884093.0,53748.0,2024-10-06 20:13:45,2024-10-06 20:16:45,3.0,1.02,On Time,Traffic
6120799223.0,7467.0,2024-01-14 01:05:46,2024-01-14 01:18:46,13.0,4.14,Slightly Delayed,Traffic
3892854030.0,14424.0,2024-02-08 04:18:50,2024-02-08 04:18:50,0.0,3.22,On Time,
1883324334.0,36776.0,2024-07-27 04:43:22,2024-07-27 04:44:22,1.0,4.39,On Time,Traffic
4541530278.0,9182.0,2024-04-05 02:29:27,2024-04-05 02:51:27,22.0,4.13,Significantly Delayed,Traffic
8807380767.0,62692.0,2023-04-22 21:53:04,2023-04-22 21:57:04,4.0,2.17,On Time,Traffic
5865396281.0,95971.0,2024-02-06 02:27:36,2024-02-06 02:57:36,30.0,1.04,Significantly Delayed,Traffic
340451825.0,47152.0,2024-09-25 19:33:34,2024-09-25 19:31:34,-2.0,3.79,On Time,
3327784606.0,19928.0,2024-01-11 07:52:04,2024-01-11 07:56:04,4.0,1.91,On Time,Traffic
5990129875.0,94600.0,2024-07-13 09:01:22,2024-07-13 09:16:22,15.0,2.82,Slightly Delayed,Traffic
8808930721.0,29750.0,2023-10-21 21:39:40,2023-10-21 21:37:40,-2.0,2.36,On Time,
8116880443.0,19975.0,2023-07-23 01:57:23,2023-07-23 01:55:23,-2.0,2.35,On Time,
9933926720.0,87199.0,2023-08-17 05:30:16,2023-08-17 05:29:16,-1.0,3.62,On Time,
776562418.0,38320.0,2024-09-08 22:15:02,2024-09-08 22:19:02,4.0,3.05,On Time,Traffic
6105793582.0,46350.0,2023-04-13 01:38:18,2023-04-13 01:50:18,12.0,1.91,Slightly Delayed,Traffic
9247779866.0,5188.0,2024-10-24 03:02:13,2024-10-24 03:16:13,14.0,2.75,Slightly Delayed,Traffic
5456672526.0,21356.0,2024-09-23 18:05:26,2024-09-23 18:10:26,5.0,3.99,On Time,Traffic
6676994910.0,79068.0,2023-11-28 22:41:33,2023-11-28 22:44:33,3.0,4.47,On Time,Traffic
9353512235.0,32312.0,2023-11-29 11:32:59,2023-11-29 11:29:59,-3.0,0.75,On Time,
6539196955.0,44716.0,2024-05-27 08:32:29,2024-05-27 08:49:29,17.0,2.92,Significantly Delayed,Traffic
7886908865.0,34483.0,2023-04-07 03:05:46,2023-04-07 03:08:46,3.0,2.69,On Time,Traffic
7548844176.0,82860.0,2023-05-12 17:40:18,2023-05-12 17:40:18,0.0,2.49,On Time,
3375735380.0,70000.0,2024-06-15 05:05:21,2024-06-15 05:01:21,-4.0,1.31,On Time,
32604190.0,60196.0,2023-12-08 09:19:03,2023-12-08 09:16:03,-3.0,4.49,On Time,
5731985133.0,43899.0,2024-06-21 09:46:10,2024-06-21 09:53:10,7.0,2.56,Slightly Delayed,Traffic
7586577278.0,97897.0,2023-11-24 07:52:51,2023-11-24 07:47:51,-5.0,0.77,On Time,
7765930124.0,55007.0,2024-10-14 07:54:20,2024-10-14 07:59:20,5.0,2.62,On Time,Traffic
299059193.0,88355.0,2024-05-04 09:20:25,2024-05-04 09:23:25,3.0,4.76,On Time,Traffic
135053432.0,29782.0,2023-04-24 13:50:15,2023-04-24 13:52:15,2.0,3.66,On Time,Traffic
9618593702.0,57144.0,2024-03-31 09:36:46,2024-03-31 09:49:46,13.0,1.03,Slightly Delayed,Traffic
2802699236.0,18183.0,2024-05-08 21:20:08,2024-05-08 21:46:08,26.0,2.88,Significantly Delayed,Traffic
2044567188.0,87638.0,2023-05-19 10:46:52,2023-05-19 10:51:52,5.0,4.05,On Time,Traffic
913489768.0,92300.0,2023-06-27 01:04:04,2023-06-27 01:06:04,2.0,2.19,On Time,Traffic
6856986497.0,55218.0,2024-02-19 16:03:34,2024-02-19 16:01:34,-2.0,1.69,On Time,
7292898570.0,88703.0,2024-09-05 22:44:37,2024-09-05 23:03:37,19.0,4.4,Significantly Delayed,Traffic
6223087303.0,8124.0,2024-08-05 15:40:23,2024-08-05 15:42:23,2.0,0.89,On Time,Traffic
403352765.0,83523.0,2024-09-30 08:49:46,2024-09-30 08:58:46,9.0,3.67,Slightly Delayed,Traffic
7004560997.0,73176.0,2024-09-20 02:21:27,2024-09-20 02:27:27,6.0,4.78,Slightly Delayed,Traffic
8159868515.0,62375.0,2024-04-12 11:53:17,2024-04-12 11:55:17,2.0,4.18,On Time,Traffic
8854320668.0,74961.0,2023-11-17 08:37:06,2023-11-17 08:41:06,4.0,1.71,On Time,Traffic
2285302205.0,96870.0,2024-08-25 10:14:40,2024-08-25 10:10:40,-4.0,2.82,On Time,
5160584867.0,71087.0,2024-06-02 18:44:20,2024-06-02 18:40:20,-4.0,4.58,On Time,
4314105605.0,20540.0,2024-07-12 18:44:17,2024-07-12 18:39:17,-5.0,4.29,On Time,
9895756835.0,70732.0,2024-10-09 15:15:40,2024-10-09 15:31:40,16.0,2.18,Significantly Delayed,Traffic
1975300826.0,84506.0,2024-09-25 18:17:36,2024-09-25 18:16:36,-1.0,4.77,On Time,
2214666083.0,85027.0,2024-08-13 17:32:09,2024-08-13 17:31:09,-1.0,3.24,On Time,
4735339432.0,49478.0,2024-03-04 03:23:09,2024-03-04 03:19:09,-4.0,3.33,On Time,
9863540120.0,29135.0,2023-07-14 00:53:25,2023-07-14 01:01:25,8.0,2.41,Slightly Delayed,Traffic
8789376461.0,70720.0,2023-09-17 01:18:07,2023-09-17 01:48:07,30.0,4.37,Significantly Delayed,Traffic
4784591220.0,6251.0,2024-10-29 03:44:37,2024-10-29 03:43:37,-1.0,0.52,On Time,
6759658833.0,4233.0,2023-09-29 07:25:55,2023-09-29 07:24:55,-1.0,1.76,On Time,
1241631129.0,95532.0,2024-04-26 21:33:08,2024-04-26 21:38:08,5.0,0.77,On Time,Traffic
8803314647.0,98246.0,2024-08-17 04:58:54,2024-08-17 05:03:54,5.0,1.44,On Time,Traffic
1016410657.0,98504.0,2023-11-01 23:15:16,2023-11-01 23:10:16,-5.0,3.13,On Time,
8284240513.0,59760.0,2023-04-05 11:38:45,2023-04-05 11:42:45,4.0,0.57,On Time,Traffic
343239069.0,23690.0,2024-02-12 17:46:06,2024-02-12 17:45:06,-1.0,1.1,On Time,
3941137932.0,73638.0,2024-02-28 14:27:32,2024-02-28 14:46:32,19.0,3.67,Significantly Delayed,Traffic
8955573840.0,42461.0,2023-07-28 08:34:26,2023-07-28 08:48:26,14.0,4.61,Slightly Delayed,Traffic
6832435511.0,33260.0,2023-04-18 15:49:02,2023-04-18 15:44:02,-5.0,4.42,On Time,
3014319697.0,11218.0,2023-08-27 05:13:40,2023-08-27 05:11:40,-2.0,1.13,On Time,
7367717333.0,54707.0,2023-07-30 10:35:56,2023-07-30 10:33:56,-2.0,0.62,On Time,
9389677233.0,34925.0,2024-08-10 12:45:37,2024-08-10 12:56:37,11.0,4.47,Slightly Delayed,Traffic
2929883167.0,97076.0,2023-12-05 17:01:49,2023-12-05 17:12:49,11.0,2.6,Slightly Delayed,Traffic
9045592834.0,47395.0,2024-10-30 17:02:05,2024-10-30 17:07:05,5.0,4.52,On Time,Traffic
7128308885.0,48388.0,2023-12-14 10:56:06,2023-12-14 11:05:06,9.0,3.56,Slightly Delayed,Traffic
2060028411.0,87806.0,2023-11-15 19:06:20,2023-11-15 19:02:20,-4.0,1.55,On Time,
3856301920.0,57805.0,2024-07-05 04:19:34,2024-07-05 04:37:34,18.0,1.88,Significantly Delayed,Traffic
7248479077.0,81690.0,2023-09-23 13:46:01,2023-09-23 13:49:01,3.0,2.23,On Time,Traffic
2738466605.0,80973.0,2024-08-23 05:12:22,2024-08-23 05:15:22,3.0,0.57,On Time,Traffic
9801353230.0,97442.0,2023-05-18 12:16:40,2023-05-18 12:29:40,13.0,0.75,Slightly Delayed,Traffic
2103613260.0,21195.0,2024-07-01 20:00:37,2024-07-01 19:55:37,-5.0,3.53,On Time,
7624166218.0,20790.0,2024-01-04 00:35:02,2024-01-04 00:30:02,-5.0,4.56,On Time,
4692680597.0,35371.0,2023-06-20 23:09:37,2023-06-20 23:09:37,0.0,3.77,On Time,
2028074931.0,63636.0,2024-06-23 18:09:51,2024-06-23 18:10:51,1.0,4.81,On Time,Traffic
6247819401.0,7912.0,2023-03-30 06:11:33,2023-03-30 06:12:33,1.0,4.48,On Time,Traffic
6299879620.0,8965.0,2023-11-10 17:54:35,2023-11-10 18:04:35,10.0,4.94,Slightly Delayed,Traffic
3398014747.0,32690.0,2023-06-15 07:05:20,2023-06-15 07:08:20,3.0,3.48,On Time,Traffic
4526087670.0,23919.0,2023-11-03 06:34:43,2023-11-03 06:33:43,-1.0,4.14,On Time,
4473653758.0,63804.0,2024-08-26 16:34:59,2024-08-26 16:38:59,4.0,4.12,On Time,Traffic
1286821727.0,97332.0,2024-08-04 02:55:11,2024-08-04 02:59:11,4.0,4.57,On Time,Traffic
5566617391.0,63829.0,2024-08-21 19:58:28,2024-08-21 20:11:28,13.0,4.73,Slightly Delayed,Traffic
6630935939.0,87804.0,2024-10-31 10:48:04,2024-10-31 10:45:04,-3.0,3.34,On Time,
8676443273.0,91222.0,2024-05-24 11:05:46,2024-05-24 11:24:46,19.0,3.6,Significantly Delayed,Traffic
439562091.0,81799.0,2024-04-26 18:26:10,2024-04-26 18:28:10,2.0,1.95,On Time,Traffic
7361440096.0,94957.0,2024-02-12 12:39:30,2024-02-12 13:00:30,21.0,1.09,Significantly Delayed,Traffic
2480611325.0,78792.0,2024-02-25 16:42:49,2024-02-25 16:50:49,8.0,0.8,Slightly Delayed,Traffic
5091640382.0,10930.0,2024-01-31 07:17:29,2024-01-31 07:17:29,0.0,2.28,On Time,
1443292147.0,37003.0,2024-04-16 03:32:14,2024-04-16 03:28:14,-4.0,2.26,On Time,
3342653518.0,49750.0,2023-07-22 07:45:00,2023-07-22 07:40:00,-5.0,0.79,On Time,
3836073957.0,70427.0,2023-07-16 18:37:15,2023-07-16 18:44:15,7.0,3.2,Slightly Delayed,Traffic
4192669219.0,44206.0,2024-04-22 03:16:28,2024-04-22 03:12:28,-4.0,4.28,On Time,
6922121165.0,75795.0,2024-01-04 08:11:02,2024-01-04 08:29:02,18.0,0.68,Significantly Delayed,Traffic
4850653474.0,50658.0,2024-03-05 03:51:52,2024-03-05 03:56:52,5.0,3.96,On Time,Traffic
1229660813.0,35201.0,2023-11-02 19:45:52,2023-11-02 20:12:52,27.0,1.31,Significantly Delayed,Traffic
5194396051.0,9121.0,2024-10-26 18:30:47,2024-10-26 18:28:47,-2.0,1.52,On Time,
8971899775.0,17588.0,2024-03-04 12:22:15,2024-03-04 12:17:15,-5.0,2.15,On Time,
5619049608.0,86750.0,2024-05-06 13:30:05,2024-05-06 13:50:05,20.0,4.69,Significantly Delayed,Traffic
9943996342.0,55860.0,2023-09-12 23:07:10,2023-09-12 23:08:10,1.0,1.53,On Time,Traffic
4548721519.0,26714.0,2024-08-20 23:42:40,2024-08-20 23:46:40,4.0,4.85,On Time,Traffic
6211537502.0,99208.0,2023-09-06 23:24:44,2023-09-06 23:49:44,25.0,1.39,Significantly Delayed,Traffic
347093563.0,27801.0,2024-09-23 13:35:00,2024-09-23 13:53:00,18.0,3.88,Significantly Delayed,Traffic
1855924568.0,17039.0,2024-08-20 23:06:00,2024-08-20 23:04:00,-2.0,3.34,On Time,
5914484553.0,74330.0,2023-11-17 16:59:52,2023-11-17 16:57:52,-2.0,0.75,On Time,
8068903161.0,60117.0,2024-02-14 22:35:46,2024-02-14 22:37:46,2.0,2.88,On Time,Traffic
2147159735.0,11051.0,2023-05-13 04:08:37,2023-05-13 04:13:37,5.0,4.83,On Time,Traffic
9006983686.0,48159.0,2023-10-10 00:55:04,2023-10-10 01:10:04,15.0,2.49,Slightly Delayed,Traffic
7606134274.0,31574.0,2024-05-28 12:46:28,2024-05-28 12:59:28,13.0,0.52,Slightly Delayed,Traffic
4034750827.0,68331.0,2023-06-24 04:14:24,2023-06-24 04:16:24,2.0,4.34,On Time,Traffic
851062565.0,32026.0,2024-03-15 11:41:08,2024-03-15 11:47:08,6.0,0.95,Slightly Delayed,Traffic
4283323746.0,78455.0,2023-11-01 03:21:34,2023-11-01 03:33:34,12.0,1.35,Slightly Delayed,Traffic
7842390585.0,98082.0,2023-10-11 12:51:31,2023-10-11 12:47:31,-4.0,3.12,On Time,
2449548943.0,23429.0,2023-09-23 11:39:05,2023-09-23 11:53:05,14.0,3.28,Slightly Delayed,Traffic
7067924535.0,39985.0,2023-11-28 03:09:41,2023-11-28 03:27:41,18.0,3.87,Significantly Delayed,Traffic
1602291242.0,79235.0,2023-03-29 09:57:52,2023-03-29 09:58:52,1.0,0.67,On Time,Traffic
7067630786.0,25395.0,2023-09-28 08:16:14,2023-09-28 08:12:14,-4.0,0.97,On Time,
9726762425.0,32062.0,2023-08-13 21:55:44,2023-08-13 21:51:44,-4.0,1.89,On Time,
1129887168.0,35560.0,2024-02-16 03:34:08,2024-02-16 03:35:08,1.0,3.92,On Time,Traffic
3371892236.0,31710.0,2024-05-06 17:38:58,2024-05-06 17:37:58,-1.0,2.18,On Time,
6532953824.0,1025.0,2024-11-02 12:02:30,2024-11-02 12:24:30,22.0,3.77,Significantly Delayed,Traffic
252964377.0,41128.0,2024-05-31 08:33:32,2024-05-31 08:28:32,-5.0,4.34,On Time,
6270495384.0,10368.0,2023-09-11 22:57:29,2023-09-11 22:53:29,-4.0,4.21,On Time,
2450770184.0,71871.0,2023-08-11 09:18:48,2023-08-11 09:28:48,10.0,3.91,Slightly Delayed,Traffic
7543192113.0,82419.0,2023-12-28 05:55:03,2023-12-28 06:02:03,7.0,3.49,Slightly Delayed,Traffic
9890817032.0,69033.0,2023-04-24 06:38:47,2023-04-24 06:43:47,5.0,4.13,On Time,Traffic
183165359.0,57165.0,2023-05-24 07:03:39,2023-05-24 07:32:39,29.0,2.97,Significantly Delayed,Traffic
2136907826.0,16756.0,2023-12-21 14:34:21,2023-12-21 14:37:21,3.0,4.0,On Time,Traffic
2801605687.0,14972.0,2024-03-04 21:31:44,2024-03-04 21:27:44,-4.0,4.41,On Time,
8869292457.0,15395.0,2024-09-25 04:36:43,2024-09-25 04:39:43,3.0,1.29,On Time,Traffic
5414471648.0,60303.0,2023-05-20 03:37:51,2023-05-20 03:35:51,-2.0,1.07,On Time,
7827370415.0,59261.0,2023-06-23 12:42:20,2023-06-23 12:48:20,6.0,4.63,Slightly Delayed,Traffic
7216662926.0,71646.0,2024-07-11 22:14:50,2024-07-11 22:18:50,4.0,2.65,On Time,Traffic
349410429.0,20170.0,2024-01-29 02:15:54,2024-01-29 02:13:54,-2.0,3.42,On Time,
8512030806.0,64640.0,2024-10-26 11:36:17,2024-10-26 11:44:17,8.0,2.62,Slightly Delayed,Traffic
8003807551.0,76918.0,2024-08-25 12:00:42,2024-08-25 12:01:42,1.0,1.61,On Time,Traffic
274320517.0,53245.0,2024-08-23 04:28:36,2024-08-23 04:23:36,-5.0,2.96,On Time,
2150447285.0,23570.0,2024-06-13 10:43:40,2024-06-13 10:39:40,-4.0,1.51,On Time,
5089385450.0,51224.0,2023-06-16 14:54:44,2023-06-16 15:02:44,8.0,3.65,Slightly Delayed,Traffic
8622799862.0,87205.0,2024-02-10 03:16:56,2024-02-10 03:13:56,-3.0,1.37,On Time,
2773034272.0,69257.0,2024-06-27 04:45:30,2024-06-27 04:49:30,4.0,4.06,On Time,Traffic
4028266143.0,2633.0,2023-03-16 08:48:08,2023-03-16 08:50:08,2.0,1.37,On Time,Traffic
9691888826.0,45204.0,2023-10-31 16:39:00,2023-10-31 16:42:00,3.0,3.32,On Time,Traffic
8891340263.0,69702.0,2024-09-02 00:19:24,2024-09-02 00:14:24,-5.0,1.37,On Time,
1149293318.0,36971.0,2023-11-25 20:20:17,2023-11-25 20:24:17,4.0,2.23,On Time,Traffic
1288695184.0,20473.0,2023-10-03 01:47:18,2023-10-03 01:46:18,-1.0,2.66,On Time,
5229336544.0,91261.0,2023-09-22 21:10:29,2023-09-22 21:16:29,6.0,1.08,Slightly Delayed,Traffic
196885435.0,22558.0,2023-06-25 02:40:56,2023-06-25 02:42:56,2.0,2.91,On Time,Traffic
6961457996.0,79623.0,2024-10-26 21:44:39,2024-10-26 21:41:39,-3.0,1.53,On Time,
5059907679.0,10255.0,2024-04-18 11:57:40,2024-04-18 12:07:40,10.0,1.39,Slightly Delayed,Traffic
9046226901.0,45262.0,2024-02-28 07:30:01,2024-02-28 07:25:01,-5.0,0.88,On Time,
515408216.0,85348.0,2023-12-25 09:50:58,2023-12-25 09:59:58,9.0,0.91,Slightly Delayed,Traffic
9048597167.0,24877.0,2024-06-17 02:32:01,2024-06-17 03:00:01,28.0,4.08,Significantly Delayed,Traffic
4308216668.0,36727.0,2024-07-11 06:10:50,2024-07-11 06:28:50,18.0,4.65,Significantly Delayed,Traffic
8671875127.0,15112.0,2023-06-05 01:52:19,2023-06-05 01:57:19,5.0,4.82,On Time,Traffic
9622968817.0,45135.0,2023-06-12 23:15:47,2023-06-12 23:10:47,-5.0,3.48,On Time,
7832599414.0,51384.0,2023-08-07 07:29:25,2023-08-07 07:27:25,-2.0,2.92,On Time,
5533307028.0,56686.0,2023-05-27 10:51:37,2023-05-27 10:52:37,1.0,3.92,On Time,Traffic
752185231.0,5165.0,2024-03-02 04:19:30,2024-03-02 04:19:30,0.0,0.92,On Time,
5859787209.0,76845.0,2024-09-30 06:18:12,2024-09-30 06:28:12,10.0,1.92,Slightly Delayed,Traffic
1736713150.0,19501.0,2024-01-07 10:18:34,2024-01-07 10:24:34,6.0,1.45,Slightly Delayed,Traffic
3620570172.0,35025.0,2024-04-16 18:36:09,2024-04-16 19:03:09,27.0,3.85,Significantly Delayed,Traffic
5758119413.0,72740.0,2024-10-10 09:37:22,2024-10-10 09:44:22,7.0,1.36,Slightly Delayed,Traffic
2204489775.0,79497.0,2024-05-03 01:21:36,2024-05-03 01:26:36,5.0,4.87,On Time,Traffic
5881059783.0,75665.0,2023-08-01 10:15:31,2023-08-01 10:10:31,-5.0,0.74,On Time,
9475167773.0,44817.0,2023-07-24 17:43:20,2023-07-24 17:53:20,10.0,4.92,Slightly Delayed,Traffic
4635228647.0,88768.0,2023-08-27 19:44:49,2023-08-27 19:48:49,4.0,1.4,On Time,Traffic
8394536341.0,97145.0,2024-08-17 08:01:09,2024-08-17 08:11:09,10.0,1.2,Slightly Delayed,Traffic
4726427550.0,66248.0,2024-02-04 23:08:07,2024-02-04 23:22:07,14.0,3.09,Slightly Delayed,Traffic
5387935727.0,94937.0,2023-10-02 04:24:47,2023-10-02 04:20:47,-4.0,4.69,On Time,
1886705751.0,97590.0,2023-04-19 19:02:45,2023-04-19 18:57:45,-5.0,3.13,On Time,
4224014067.0,53348.0,2023-05-15 12:21:24,2023-05-15 12:22:24,1.0,3.33,On Time,Traffic
8726515908.0,68903.0,2024-10-01 16:15:07,2024-10-01 16:14:07,-1.0,1.45,On Time,
7388091459.0,64324.0,2024-10-16 15:49:51,2024-10-16 16:02:51,13.0,4.32,Slightly Delayed,Traffic
9320256091.0,42510.0,2024-01-11 17:25:03,2024-01-11 17:26:03,1.0,0.88,On Time,Traffic
3872093894.0,94703.0,2023-11-01 11:55:45,2023-11-01 12:22:45,27.0,0.79,Significantly Delayed,Traffic
992848455.0,77210.0,2024-09-18 13:00:11,2024-09-18 12:59:11,-1.0,1.53,On Time,
4458723519.0,66237.0,2024-09-01 17:41:55,2024-09-01 17:39:55,-2.0,2.32,On Time,
7755662096.0,39318.0,2024-01-30 12:58:24,2024-01-30 13:06:24,8.0,0.94,Slightly Delayed,Traffic
5779793224.0,66680.0,2024-05-13 02:11:10,2024-05-13 02:11:10,0.0,2.0,On Time,
8253576531.0,31219.0,2023-08-22 19:26:32,2023-08-22 19:34:32,8.0,2.25,Slightly Delayed,Traffic
4993169316.0,25105.0,2024-07-10 17:12:35,2024-07-10 17:21:35,9.0,2.68,Slightly Delayed,Traffic
828017545.0,1921.0,2024-03-12 02:44:14,2024-03-12 02:57:14,13.0,4.07,Slightly Delayed,Traffic
2012368621.0,70216.0,2024-07-21 04:44:17,2024-07-21 04:43:17,-1.0,4.14,On Time,
6603205997.0,30506.0,2024-05-17 07:30:11,2024-05-17 07:30:11,0.0,1.14,On Time,
833581472.0,7924.0,2023-08-19 15:48:38,2023-08-19 16:00:38,12.0,1.2,Slightly Delayed,Traffic
8755782101.0,43429.0,2023-12-30 16:55:51,2023-12-30 16:55:51,0.0,2.55,On Time,
1049830215.0,525.0,2024-08-06 01:57:05,2024-08-06 02:07:05,10.0,4.98,Slightly Delayed,Traffic
2399383238.0,38443.0,2023-11-09 18:27:39,2023-11-09 18:26:39,-1.0,3.96,On Time,
143399998.0,24612.0,2024-10-17 14:13:44,2024-10-17 14:24:44,11.0,3.42,Slightly Delayed,Traffic
2444273306.0,65109.0,2024-06-27 18:38:46,2024-06-27 18:36:46,-2.0,4.99,On Time,
1309618968.0,29830.0,2023-04-04 19:57:37,2023-04-04 19:55:37,-2.0,4.64,On Time,
3972788794.0,12838.0,2024-03-26 00:23:04,2024-03-26 00:26:04,3.0,2.95,On Time,Traffic
2356073413.0,43363.0,2024-03-16 23:43:24,2024-03-16 23:54:24,11.0,1.33,Slightly Delayed,Traffic
3775683944.0,43490.0,2024-07-31 21:08:35,2024-07-31 21:13:35,5.0,3.9,On Time,Traffic
8994776653.0,42895.0,2023-12-22 06:15:24,2023-12-22 06:27:24,12.0,0.69,Slightly Delayed,Traffic
8124075720.0,77902.0,2024-10-11 15:46:32,2024-10-11 15:46:32,0.0,2.76,On Time,
5534171862.0,47319.0,2023-11-19 00:50:11,2023-11-19 01:02:11,12.0,2.68,Slightly Delayed,Traffic
4825558658.0,69839.0,2024-08-11 23:14:07,2024-08-11 23:13:07,-1.0,1.64,On Time,
1541676341.0,65569.0,2023-08-26 23:47:13,2023-08-26 23:54:13,7.0,4.7,Slightly Delayed,Traffic
5360755658.0,13204.0,2023-06-22 01:15:47,2023-06-22 01:13:47,-2.0,0.98,On Time,
844328418.0,21982.0,2023-04-11 21:53:16,2023-04-11 22:20:16,27.0,4.68,Significantly Delayed,Traffic
1843468816.0,8630.0,2023-07-03 03:20:59,2023-07-03 03:21:59,1.0,1.23,On Time,Traffic
3771484570.0,12214.0,2023-08-15 21:03:06,2023-08-15 21:01:06,-2.0,2.61,On Time,
2458783424.0,20118.0,2023-06-02 16:56:09,2023-06-02 16:54:09,-2.0,3.63,On Time,
2272849018.0,46289.0,2024-11-04 00:34:51,2024-11-04 00:38:51,4.0,3.71,On Time,Traffic
8549503132.0,86962.0,2023-03-29 11:03:35,2023-03-29 11:00:35,-3.0,4.63,On Time,
4032847942.0,32388.0,2024-09-28 04:21:41,2024-09-28 04:24:41,3.0,2.67,On Time,Traffic
8224665612.0,37229.0,2023-07-16 12:53:40,2023-07-16 12:50:40,-3.0,2.66,On Time,
8007222259.0,14904.0,2024-02-05 01:32:16,2024-02-05 01:29:16,-3.0,2.77,On Time,
3522030676.0,61126.0,2023-06-01 15:43:41,2023-06-01 15:52:41,9.0,2.38,Slightly Delayed,Traffic
3224743071.0,43.0,2023-10-04 20:10:38,2023-10-04 20:15:38,5.0,4.4,On Time,Traffic
7474790671.0,97794.0,2023-10-13 19:11:52,2023-10-13 19:18:52,7.0,2.19,Slightly Delayed,Traffic
7884745950.0,90525.0,2024-04-09 22:10:29,2024-04-09 22:13:29,3.0,0.6,On Time,Traffic
8269502930.0,11674.0,2024-06-01 02:23:06,2024-06-01 02:24:06,1.0,4.93,On Time,Traffic
985347383.0,85773.0,2024-05-22 19:23:02,2024-05-22 19:24:02,1.0,1.44,On Time,Traffic
5932091553.0,14918.0,2024-10-22 11:26:22,2024-10-22 11:36:22,10.0,4.06,Slightly Delayed,Traffic
69932727.0,15976.0,2024-08-28 16:25:09,2024-08-28 16:20:09,-5.0,1.82,On Time,
2715027145.0,81723.0,2024-05-25 04:07:02,2024-05-25 04:13:02,6.0,4.0,Slightly Delayed,Traffic
5234261944.0,42968.0,2023-06-30 20:35:31,2023-06-30 20:38:31,3.0,2.11,On Time,Traffic
2818967815.0,39675.0,2024-04-08 21:35:51,2024-04-08 22:05:51,30.0,4.0,Significantly Delayed,Traffic
1598213217.0,41761.0,2023-08-09 12:53:16,2023-08-09 12:49:16,-4.0,4.73,On Time,
9087747856.0,35148.0,2024-05-28 20:01:00,2024-05-28 20:08:00,7.0,0.69,Slightly Delayed,Traffic
9606925547.0,22049.0,2024-03-10 21:02:16,2024-03-10 21:02:16,0.0,4.3,On Time,
9866554851.0,82357.0,2023-07-03 09:29:58,2023-07-03 09:26:58,-3.0,2.61,On Time,
3719294769.0,918.0,2024-08-27 17:09:31,2024-08-27 17:14:31,5.0,3.03,On Time,Traffic
3576529840.0,40696.0,2024-07-15 11:31:51,2024-07-15 11:37:51,6.0,3.58,Slightly Delayed,Traffic
5478986113.0,64855.0,2023-04-16 00:40:28,2023-04-16 00:49:28,9.0,3.47,Slightly Delayed,Traffic
6724582316.0,87179.0,2023-10-29 00:16:05,2023-10-29 00:11:05,-5.0,1.47,On Time,
4391559649.0,86088.0,2023-06-25 00:15:02,2023-06-25 00:11:02,-4.0,0.53,On Time,
9530258400.0,36249.0,2023-10-24 23:20:56,2023-10-24 23:21:56,1.0,4.16,On Time,Traffic
609162117.0,81927.0,2023-09-23 16:14:38,2023-09-23 16:33:38,19.0,1.8,Significantly Delayed,Traffic
755143077.0,18005.0,2023-07-31 08:43:13,2023-07-31 08:43:13,0.0,1.12,On Time,
5239439928.0,25997.0,2023-08-25 08:46:08,2023-08-25 08:56:08,10.0,2.22,Slightly Delayed,Traffic
1328248068.0,27695.0,2024-05-14 01:16:20,2024-05-14 01:29:20,13.0,0.85,Slightly Delayed,Traffic
1440606577.0,10954.0,2024-04-30 13:01:45,2024-04-30 13:06:45,5.0,1.04,On Time,Traffic
8884389971.0,82326.0,2024-08-18 17:40:59,2024-08-18 17:38:59,-2.0,4.32,On Time,
7307977336.0,93785.0,2023-09-02 09:01:10,2023-09-02 08:57:10,-4.0,1.74,On Time,
5953535252.0,18950.0,2024-06-08 19:11:00,2024-06-08 19:07:00,-4.0,1.2,On Time,
6133025410.0,11126.0,2023-09-09 09:19:23,2023-09-09 09:22:23,3.0,3.41,On Time,Traffic
798088726.0,53764.0,2023-09-07 08:10:54,2023-09-07 08:16:54,6.0,1.51,Slightly Delayed,Traffic
3372412988.0,56993.0,2024-01-22 20:12:10,2024-01-22 20:10:10,-2.0,1.33,On Time,
4910060567.0,19589.0,2023-04-02 11:02:26,2023-04-02 10:58:26,-4.0,3.42,On Time,
8708211566.0,4219.0,2023-04-30 20:37:35,2023-04-30 20:48:35,11.0,3.65,Slightly Delayed,Traffic
2126853184.0,9528.0,2024-10-15 21:05:48,2024-10-15 21:14:48,9.0,2.61,Slightly Delayed,Traffic
4390795259.0,28675.0,2023-09-20 09:59:52,2023-09-20 09:55:52,-4.0,4.26,On Time,
9030686359.0,24142.0,2023-05-01 23:12:00,2023-05-01 23:16:00,4.0,4.03,On Time,Traffic
8565611606.0,37301.0,2024-02-01 04:29:46,2024-02-01 04:54:46,25.0,0.75,Significantly Delayed,Traffic
6782020758.0,83133.0,2023-11-30 06:36:19,2023-11-30 06:40:19,4.0,4.61,On Time,Traffic
561884159.0,64474.0,2023-09-01 14:33:30,2023-09-01 14:37:30,4.0,3.3,On Time,Traffic
2767430579.0,16851.0,2023-10-21 08:04:34,2023-10-21 08:11:34,7.0,2.66,Slightly Delayed,Traffic
5934372451.0,81095.0,2023-04-10 02:10:24,2023-04-10 02:05:24,-5.0,4.74,On Time,
6833977302.0,66274.0,2023-06-05 04:57:35,2023-06-05 05:22:35,25.0,1.41,Significantly Delayed,Traffic
8396649871.0,66543.0,2024-02-27 16:26:35,2024-02-27 16:27:35,1.0,4.59,On Time,Traffic
1937188757.0,55848.0,2023-09-05 02:59:11,2023-09-05 03:04:11,5.0,4.83,On Time,Traffic
3142198801.0,7052.0,2024-07-16 01:25:38,2024-07-16 01:24:38,-1.0,4.85,On Time,
6087109745.0,77386.0,2023-03-18 19:21:19,2023-03-18 19:24:19,3.0,2.32,On Time,Traffic
8895262247.0,44279.0,2023-03-20 03:25:16,2023-03-20 03:40:16,15.0,4.62,Slightly Delayed,Traffic
5138524153.0,44843.0,2023-08-09 18:21:42,2023-08-09 18:16:42,-5.0,3.63,On Time,
9789995549.0,12282.0,2024-01-24 22:25:21,2024-01-24 22:29:21,4.0,1.37,On Time,Traffic
7485459856.0,77052.0,2023-09-15 07:22:58,2023-09-15 07:20:58,-2.0,2.58,On Time,
4033626537.0,15034.0,2023-05-03 23:09:44,2023-05-03 23:09:44,0.0,1.88,On Time,
9370915142.0,53012.0,2023-10-28 19:49:21,2023-10-28 19:59:21,10.0,3.06,Slightly Delayed,Traffic
7211325894.0,9731.0,2023-04-21 14:41:48,2023-04-21 14:36:48,-5.0,2.43,On Time,
3482827003.0,79094.0,2023-05-08 15:11:01,2023-05-08 15:23:01,12.0,1.16,Slightly Delayed,Traffic
6656246719.0,29942.0,2024-09-09 13:53:16,2024-09-09 14:07:16,14.0,2.61,Slightly Delayed,Traffic
6092663288.0,67487.0,2024-09-28 03:32:58,2024-09-28 03:27:58,-5.0,1.38,On Time,
9346041594.0,29892.0,2023-06-08 14:40:52,2023-06-08 14:39:52,-1.0,1.78,On Time,
9105127475.0,74365.0,2023-11-10 13:54:27,2023-11-10 14:06:27,12.0,3.03,Slightly Delayed,Traffic
6120818381.0,30114.0,2024-05-02 00:38:42,2024-05-02 00:34:42,-4.0,0.87,On Time,
5174370629.0,60359.0,2024-07-09 03:01:49,2024-07-09 03:05:49,4.0,2.4,On Time,Traffic
3244930036.0,88104.0,2023-05-15 01:33:28,2023-05-15 01:36:28,3.0,2.64,On Time,Traffic
2976493998.0,73434.0,2024-10-26 08:56:46,2024-10-26 09:03:46,7.0,0.83,Slightly Delayed,Traffic
7971593791.0,41540.0,2023-06-14 04:41:45,2023-06-14 04:57:45,16.0,2.44,Significantly Delayed,Traffic
4052544342.0,48904.0,2024-04-30 18:38:36,2024-04-30 18:54:36,16.0,1.7,Significantly Delayed,Traffic
6264003424.0,73469.0,2024-08-03 11:42:53,2024-08-03 11:42:53,0.0,2.75,On Time,
3436107152.0,6379.0,2024-04-04 18:29:56,2024-04-04 18:34:56,5.0,3.98,On Time,Traffic
8546631319.0,91729.0,2023-10-30 18:58:37,2023-10-30 19:02:37,4.0,3.23,On Time,Traffic
640960551.0,25009.0,2023-06-09 03:03:17,2023-06-09 03:05:17,2.0,4.95,On Time,Traffic
1141173434.0,62363.0,2023-11-24 04:38:42,2023-11-24 04:50:42,12.0,4.69,Slightly Delayed,Traffic
528309380.0,62555.0,2024-04-30 11:10:53,2024-04-30 11:19:53,9.0,1.73,Slightly Delayed,Traffic
2387509904.0,89577.0,2024-07-26 00:18:41,2024-07-26 00:23:41,5.0,4.53,On Time,Traffic
6791931269.0,51873.0,2024-07-05 01:45:45,2024-07-05 01:50:45,5.0,1.67,On Time,Traffic
4063689432.0,72992.0,2023-10-14 03:34:34,2023-10-14 03:33:34,-1.0,2.59,On Time,
1206887762.0,20391.0,2024-06-19 01:23:43,2024-06-19 01:37:43,14.0,4.48,Slightly Delayed,Traffic
6409437174.0,9955.0,2023-12-06 13:14:16,2023-12-06 13:36:16,22.0,4.46,Significantly Delayed,Traffic
1355164713.0,7902.0,2023-09-03 15:30:59,2023-09-03 15:31:59,1.0,2.79,On Time,Traffic
2604772138.0,8171.0,2024-05-21 11:44:22,2024-05-21 11:46:22,2.0,0.84,On Time,Traffic
5868093790.0,30003.0,2023-04-06 00:08:52,2023-04-06 00:11:52,3.0,4.17,On Time,Traffic
10161194.0,58293.0,2023-12-24 23:28:35,2023-12-24 23:31:35,3.0,4.44,On Time,Traffic
8930380639.0,4457.0,2023-10-03 03:09:58,2023-10-03 03:09:58,0.0,1.41,On Time,
2247940574.0,67154.0,2024-04-09 08:02:54,2024-04-09 08:07:54,5.0,1.35,On Time,Traffic
6190907327.0,9720.0,2023-11-03 00:52:52,2023-11-03 00:52:52,0.0,3.61,On Time,
127277515.0,87204.0,2023-09-30 08:37:09,2023-09-30 08:41:09,4.0,4.27,On Time,Traffic
8209093135.0,43473.0,2023-10-30 06:35:40,2023-10-30 06:37:40,2.0,1.97,On Time,Traffic
4419380079.0,19632.0,2023-12-15 15:33:19,2023-12-15 15:41:19,8.0,2.21,Slightly Delayed,Traffic
2954606845.0,96117.0,2024-10-26 08:58:43,2024-10-26 08:54:43,-4.0,2.33,On Time,
5128739359.0,37108.0,2024-07-25 04:00:30,2024-07-25 03:55:30,-5.0,1.39,On Time,
8183315245.0,14135.0,2024-02-27 15:33:56,2024-02-27 15:47:56,14.0,4.56,Slightly Delayed,Traffic
8820606892.0,75354.0,2023-04-13 06:14:54,2023-04-13 06:16:54,2.0,4.45,On Time,Traffic
7779228340.0,57356.0,2023-06-09 10:02:03,2023-06-09 09:57:03,-5.0,0.56,On Time,
8459230018.0,26266.0,2024-06-03 00:07:31,2024-06-03 00:07:31,0.0,1.37,On Time,
7060468800.0,76511.0,2024-07-03 03:54:39,2024-07-03 04:06:39,12.0,1.4,Slightly Delayed,Traffic
218821567.0,71006.0,2024-03-08 21:08:16,2024-03-08 21:04:16,-4.0,3.81,On Time,
7795766861.0,32999.0,2023-05-10 23:54:01,2023-05-10 23:53:01,-1.0,4.37,On Time,
4285804383.0,90470.0,2023-05-01 02:26:15,2023-05-01 02:37:15,11.0,2.97,Slightly Delayed,Traffic
5961051248.0,69003.0,2024-10-28 20:23:29,2024-10-28 20:26:29,3.0,4.38,On Time,Traffic
5630323534.0,5799.0,2024-03-08 13:51:09,2024-03-08 13:58:09,7.0,2.98,Slightly Delayed,Traffic
4642824835.0,42958.0,2024-07-07 02:51:18,2024-07-07 02:53:18,2.0,4.52,On Time,Traffic
3060527554.0,55714.0,2024-03-27 16:05:30,2024-03-27 16:13:30,8.0,4.74,Slightly Delayed,Traffic
4048252396.0,94706.0,2024-04-12 20:04:15,2024-04-12 20:00:15,-4.0,3.27,On Time,
1271431612.0,48259.0,2024-04-16 13:16:31,2024-04-16 13:22:31,6.0,3.85,Slightly Delayed,Traffic
8981940261.0,56327.0,2024-05-24 19:09:34,2024-05-24 19:07:34,-2.0,1.65,On Time,
3896239510.0,63917.0,2023-05-19 13:21:59,2023-05-19 13:35:59,14.0,1.08,Slightly Delayed,Traffic
711316410.0,6620.0,2024-02-20 10:30:11,2024-02-20 10:32:11,2.0,3.77,On Time,Traffic
9863502398.0,30168.0,2023-12-19 09:48:31,2023-12-19 09:50:31,2.0,4.82,On Time,Traffic
293770293.0,80022.0,2023-09-20 05:57:04,2023-09-20 06:02:04,5.0,1.6,On Time,Traffic
890800429.0,4235.0,2024-03-28 03:15:31,2024-03-28 03:17:31,2.0,1.96,On Time,Traffic
1270503169.0,87390.0,2024-07-09 11:52:13,2024-07-09 11:55:13,3.0,3.38,On Time,Traffic
168180571.0,41985.0,2023-03-16 15:06:01,2023-03-16 15:16:01,10.0,3.79,Slightly Delayed,Traffic
111296281.0,6245.0,2024-05-28 15:30:09,2024-05-28 15:28:09,-2.0,3.1,On Time,
7329085364.0,35350.0,2023-06-07 21:44:43,2023-06-07 21:45:43,1.0,2.96,On Time,Traffic
1129130498.0,63048.0,2023-12-01 16:52:53,2023-12-01 16:47:53,-5.0,3.89,On Time,
996939836.0,71808.0,2024-05-15 13:07:16,2024-05-15 13:06:16,-1.0,0.95,On Time,
8263379807.0,1156.0,2023-04-16 11:50:52,2023-04-16 11:49:52,-1.0,2.43,On Time,
5735975899.0,74786.0,2023-09-14 07:57:08,2023-09-14 07:59:08,2.0,1.19,On Time,Traffic
9651034668.0,69245.0,2024-09-07 09:57:29,2024-09-07 09:58:29,1.0,1.87,On Time,Traffic
3103539793.0,460.0,2023-07-31 00:08:19,2023-07-31 00:03:19,-5.0,4.13,On Time,
1611921781.0,14763.0,2023-06-01 13:10:30,2023-06-01 13:10:30,0.0,3.19,On Time,
7532381028.0,72118.0,2023-03-21 20:07:00,2023-03-21 20:04:00,-3.0,2.64,On Time,
7803665404.0,41752.0,2023-05-27 23:38:57,2023-05-27 23:42:57,4.0,3.19,On Time,Traffic
466184886.0,95724.0,2023-08-16 23:10:34,2023-08-16 23:06:34,-4.0,1.58,On Time,
4692518050.0,33265.0,2024-03-29 00:26:21,2024-03-29 00:25:21,-1.0,1.14,On Time,
9408428.0,76392.0,2023-08-30 13:54:14,2023-08-30 13:50:14,-4.0,2.17,On Time,
8766330526.0,98295.0,2023-04-14 13:29:47,2023-04-14 13:26:47,-3.0,1.09,On Time,
9221423039.0,54403.0,2024-10-27 13:55:06,2024-10-27 13:50:06,-5.0,4.51,On Time,
4268661538.0,33402.0,2023-10-24 03:59:33,2023-10-24 04:01:33,2.0,2.42,On Time,Traffic
1378809665.0,27819.0,2023-03-18 20:01:58,2023-03-18 20:06:58,5.0,1.73,On Time,Traffic
4917941248.0,86288.0,2024-05-19 04:11:01,2024-05-19 04:14:01,3.0,0.93,On Time,Traffic
5132792285.0,10112.0,2024-04-10 14:26:17,2024-04-10 14:23:17,-3.0,3.57,On Time,
3776678112.0,48559.0,2023-12-09 22:43:33,2023-12-09 22:59:33,16.0,2.47,Significantly Delayed,Traffic
6940411801.0,4371.0,2023-07-01 22:07:34,2023-07-01 22:20:34,13.0,3.53,Slightly Delayed,Traffic
7422521525.0,706.0,2024-03-16 01:59:27,2024-03-16 01:54:27,-5.0,3.95,On Time,
4419022028.0,44847.0,2023-12-13 09:37:07,2023-12-13 09:42:07,5.0,2.78,On Time,Traffic
8016651984.0,19538.0,2023-04-30 06:46:41,2023-04-30 06:48:41,2.0,0.76,On Time,Traffic
2361722422.0,89265.0,2023-04-27 10:07:35,2023-04-27 10:12:35,5.0,1.43,On Time,Traffic
1001453982.0,611.0,2023-07-31 05:13:56,2023-07-31 05:24:56,11.0,0.92,Slightly Delayed,Traffic
9093918346.0,65217.0,2024-03-31 23:04:56,2024-03-31 23:08:56,4.0,4.8,On Time,Traffic
3969014433.0,62397.0,2023-08-09 13:24:23,2023-08-09 13:19:23,-5.0,4.93,On Time,
9684561720.0,53523.0,2023-09-04 11:52:25,2023-09-04 11:56:25,4.0,1.14,On Time,Traffic
7031115362.0,93983.0,2024-10-25 07:59:29,2024-10-25 08:29:29,30.0,3.41,Significantly Delayed,Traffic
8204766849.0,1679.0,2024-07-29 03:06:06,2024-07-29 03:26:06,20.0,4.73,Significantly Delayed,Traffic
2785412612.0,96984.0,2024-03-18 21:35:29,2024-03-18 21:31:29,-4.0,4.99,On Time,
2624138741.0,2332.0,2024-04-18 01:23:21,2024-04-18 01:18:21,-5.0,3.37,On Time,
748376248.0,12777.0,2023-08-29 00:57:18,2023-08-29 00:53:18,-4.0,3.47,On Time,
6096787440.0,91233.0,2023-03-18 12:17:39,2023-03-18 12:14:39,-3.0,4.01,On Time,
8787660233.0,58570.0,2024-05-26 07:35:36,2024-05-26 07:46:36,11.0,3.34,Slightly Delayed,Traffic
3845481278.0,76640.0,2023-07-05 06:14:10,2023-07-05 06:15:10,1.0,4.74,On Time,Traffic
4636134267.0,75957.0,2024-02-28 19:49:45,2024-02-28 20:02:45,13.0,1.03,Slightly Delayed,Traffic
4538825340.0,53653.0,2024-04-05 10:44:34,2024-04-05 10:46:34,2.0,2.94,On Time,Traffic
4553101047.0,32873.0,2024-05-31 23:23:12,2024-05-31 23:20:12,-3.0,4.88,On Time,
2193853405.0,61506.0,2023-05-30 21:05:41,2023-05-30 21:15:41,10.0,3.54,Slightly Delayed,Traffic
1642059453.0,58385.0,2023-08-12 05:33:33,2023-08-12 05:36:33,3.0,3.07,On Time,Traffic
5890339330.0,84178.0,2024-05-21 16:31:30,2024-05-21 16:26:30,-5.0,3.81,On Time,
313663478.0,65113.0,2024-02-21 17:14:20,2024-02-21 17:17:20,3.0,1.45,On Time,Traffic
8591576320.0,39993.0,2023-07-29 06:38:49,2023-07-29 06:33:49,-5.0,3.5,On Time,
4728104591.0,87703.0,2023-11-06 03:00:03,2023-11-06 02:55:03,-5.0,4.27,On Time,
8276401643.0,18608.0,2024-10-17 06:36:51,2024-10-17 06:31:51,-5.0,2.78,On Time,
8709694061.0,70333.0,2024-10-17 11:30:32,2024-10-17 11:44:32,14.0,3.64,Slightly Delayed,Traffic
4080156881.0,11130.0,2024-04-03 18:58:51,2024-04-03 18:58:51,0.0,1.62,On Time,
7485829116.0,71081.0,2024-03-30 14:02:50,2024-03-30 14:03:50,1.0,0.88,On Time,Traffic
7378865582.0,44634.0,2023-05-23 18:21:13,2023-05-23 18:17:13,-4.0,3.36,On Time,
335575667.0,2018.0,2023-09-07 06:23:54,2023-09-07 06:24:54,1.0,3.15,On Time,Traffic
1621109077.0,83040.0,2024-03-25 17:59:50,2024-03-25 18:06:50,7.0,1.18,Slightly Delayed,Traffic
7468088555.0,80809.0,2023-05-10 11:44:56,2023-05-10 11:41:56,-3.0,4.93,On Time,
3676517886.0,82211.0,2024-06-08 19:26:48,2024-06-08 19:38:48,12.0,4.83,Slightly Delayed,Traffic
1746921111.0,82913.0,2024-08-28 18:41:18,2024-08-28 18:39:18,-2.0,0.83,On Time,
7774691391.0,34427.0,2023-07-20 08:53:35,2023-07-20 08:58:35,5.0,3.75,On Time,Traffic
8220678247.0,13272.0,2024-06-23 18:35:45,2024-06-23 18:33:45,-2.0,2.72,On Time,
6048604080.0,90276.0,2023-09-06 02:19:23,2023-09-06 02:16:23,-3.0,1.33,On Time,
8545716586.0,72311.0,2024-01-12 13:34:31,2024-01-12 13:48:31,14.0,0.89,Slightly Delayed,Traffic
530870056.0,48704.0,2024-08-15 13:11:18,2024-08-15 13:08:18,-3.0,2.27,On Time,
4055690435.0,25984.0,2023-04-05 02:20:30,2023-04-05 02:16:30,-4.0,3.9,On Time,
7096530350.0,13756.0,2024-06-26 04:39:57,2024-06-26 04:38:57,-1.0,2.56,On Time,
7083649345.0,44505.0,2023-05-20 10:24:53,2023-05-20 10:26:53,2.0,4.36,On Time,Traffic
836457367.0,81718.0,2024-06-02 06:14:22,2024-06-02 06:42:22,28.0,2.04,Significantly Delayed,Traffic
7698126312.0,58953.0,2023-10-31 03:51:39,2023-10-31 04:02:39,11.0,3.14,Slightly Delayed,Traffic
2267297760.0,85720.0,2024-01-29 12:03:19,2024-01-29 11:59:19,-4.0,1.84,On Time,
1717841423.0,56322.0,2024-01-31 20:44:40,2024-01-31 20:50:40,6.0,2.36,Slightly Delayed,Traffic
4330597536.0,26934.0,2023-04-11 15:08:09,2023-04-11 15:12:09,4.0,1.95,On Time,Traffic
3687593721.0,22476.0,2023-05-16 22:40:38,2023-05-16 22:49:38,9.0,1.33,Slightly Delayed,Traffic
6660740926.0,50382.0,2024-05-24 16:47:21,2024-05-24 16:58:21,11.0,4.87,Slightly Delayed,Traffic
9439713009.0,8281.0,2024-04-22 03:09:06,2024-04-22 03:06:06,-3.0,3.4,On Time,
5281121057.0,14666.0,2023-08-20 22:35:44,2023-08-20 22:49:44,14.0,4.11,Slightly Delayed,Traffic
7044351561.0,50051.0,2023-09-19 16:35:53,2023-09-19 16:34:53,-1.0,2.09,On Time,
9121393476.0,14938.0,2023-08-01 08:20:38,2023-08-01 08:19:38,-1.0,3.85,On Time,
7202170939.0,5907.0,2024-01-13 14:02:21,2024-01-13 14:06:21,4.0,4.22,On Time,Traffic
1429047127.0,53462.0,2023-12-09 20:57:38,2023-12-09 21:15:38,18.0,3.25,Significantly Delayed,Traffic
8551965787.0,97423.0,2024-10-16 11:36:47,2024-10-16 11:33:47,-3.0,2.64,On Time,
6756882357.0,20722.0,2024-06-23 09:58:26,2024-06-23 09:53:26,-5.0,3.0,On Time,
618929241.0,78204.0,2023-10-02 21:36:22,2023-10-02 21:53:22,17.0,1.01,Significantly Delayed,Traffic
9711157887.0,5779.0,2024-01-03 18:39:23,2024-01-03 18:40:23,1.0,4.03,On Time,Traffic
354149805.0,99775.0,2024-04-17 22:03:47,2024-04-17 22:04:47,1.0,0.84,On Time,Traffic
231328814.0,47916.0,2024-04-19 04:16:27,2024-04-19 04:25:27,9.0,4.71,Slightly Delayed,Traffic
523916986.0,35635.0,2024-09-19 08:05:51,2024-09-19 08:03:51,-2.0,0.89,On Time,
1930887811.0,30771.0,2023-08-10 05:11:14,2023-08-10 05:11:14,0.0,4.36,On Time,
9958741781.0,94839.0,2024-08-26 01:59:47,2024-08-26 02:08:47,9.0,2.52,Slightly Delayed,Traffic
6727230123.0,77576.0,2024-10-19 12:35:02,2024-10-19 12:51:02,16.0,2.72,Significantly Delayed,Traffic
9487368442.0,38330.0,2023-08-09 18:52:10,2023-08-09 18:55:10,3.0,2.01,On Time,Traffic
671459763.0,65075.0,2024-06-23 14:36:16,2024-06-23 14:41:16,5.0,2.78,On Time,Traffic
9129957352.0,65283.0,2023-09-06 17:01:31,2023-09-06 17:05:31,4.0,1.25,On Time,Traffic
9206073690.0,35739.0,2024-06-07 18:12:15,2024-06-07 18:16:15,4.0,4.94,On Time,Traffic
5587148302.0,6600.0,2024-09-23 21:21:03,2024-09-23 21:26:03,5.0,1.87,On Time,Traffic
6936256414.0,11559.0,2024-06-23 03:22:15,2024-06-23 03:27:15,5.0,1.21,On Time,Traffic
3341228576.0,49279.0,2023-05-05 02:21:40,2023-05-05 02:27:40,6.0,2.11,Slightly Delayed,Traffic
4817323453.0,73349.0,2023-09-07 06:51:32,2023-09-07 06:53:32,2.0,1.96,On Time,Traffic
1163454835.0,53545.0,2023-12-06 05:56:58,2023-12-06 06:01:58,5.0,2.82,On Time,Traffic
5236061455.0,14592.0,2023-04-07 00:05:19,2023-04-07 00:09:19,4.0,4.84,On Time,Traffic
5982829268.0,97197.0,2023-04-01 04:43:39,2023-04-01 04:43:39,0.0,1.56,On Time,
1901688056.0,13115.0,2023-09-13 16:20:06,2023-09-13 16:20:06,0.0,4.41,On Time,
5936051107.0,63513.0,2024-10-21 14:58:16,2024-10-21 15:10:16,12.0,4.52,Slightly Delayed,Traffic
3018272105.0,51005.0,2023-03-21 02:59:16,2023-03-21 02:56:16,-3.0,4.37,On Time,
3656191983.0,4230.0,2023-08-16 23:21:52,2023-08-16 23:20:52,-1.0,4.99,On Time,
5186692805.0,12223.0,2023-11-08 15:17:16,2023-11-08 15:37:16,20.0,3.88,Significantly Delayed,Traffic
7281243151.0,3056.0,2023-08-30 10:03:17,2023-08-30 10:00:17,-3.0,4.15,On Time,
7906004940.0,47649.0,2023-04-27 17:29:57,2023-04-27 17:32:57,3.0,4.5,On Time,Traffic
6354703603.0,3515.0,2024-05-17 22:08:08,2024-05-17 22:03:08,-5.0,3.2,On Time,
6444064733.0,17550.0,2023-10-11 11:21:17,2023-10-11 11:18:17,-3.0,2.5,On Time,
2405783093.0,70069.0,2023-03-18 08:32:44,2023-03-18 08:32:44,0.0,2.13,On Time,
63363146.0,89996.0,2023-07-12 01:50:45,2023-07-12 02:05:45,15.0,1.26,Slightly Delayed,Traffic
7040313500.0,22828.0,2024-10-14 15:33:37,2024-10-14 15:29:37,-4.0,3.06,On Time,
5844807259.0,56643.0,2023-10-14 02:52:22,2023-10-14 02:47:22,-5.0,2.95,On Time,
1931703221.0,60906.0,2023-05-08 08:57:11,2023-05-08 08:59:11,2.0,3.71,On Time,Traffic
3525336030.0,2314.0,2023-04-12 23:03:00,2023-04-12 23:18:00,15.0,4.32,Slightly Delayed,Traffic
4359807852.0,82810.0,2024-04-11 10:54:01,2024-04-11 10:55:01,1.0,1.95,On Time,Traffic
6946959356.0,88906.0,2023-12-15 22:05:35,2023-12-15 22:12:35,7.0,1.27,Slightly Delayed,Traffic
782338627.0,50557.0,2024-09-08 06:06:37,2024-09-08 06:31:37,25.0,3.34,Significantly Delayed,Traffic
4942714391.0,44975.0,2024-01-19 23:09:15,2024-01-19 23:12:15,3.0,0.66,On Time,Traffic
919307194.0,86545.0,2024-01-07 15:41:00,2024-01-07 15:59:00,18.0,4.66,Significantly Delayed,Traffic
6509263423.0,87487.0,2024-01-20 12:29:50,2024-01-20 12:26:50,-3.0,0.91,On Time,
7200105089.0,74324.0,2023-11-29 07:35:18,2023-11-29 07:48:18,13.0,4.3,Slightly Delayed,Traffic
7120372196.0,9785.0,2024-08-10 17:36:00,2024-08-10 17:47:00,11.0,4.32,Slightly Delayed,Traffic
8710393245.0,79417.0,2024-07-21 11:22:08,2024-07-21 11:20:08,-2.0,4.18,On Time,
8862036450.0,59711.0,2024-01-03 12:38:59,2024-01-03 12:36:59,-2.0,3.06,On Time,
2087769338.0,68170.0,2024-06-08 06:34:34,2024-06-08 06:34:34,0.0,3.33,On Time,
3349267712.0,58986.0,2023-09-25 01:10:21,2023-09-25 01:20:21,10.0,2.46,Slightly Delayed,Traffic
1689937124.0,14563.0,2024-01-17 06:09:44,2024-01-17 06:13:44,4.0,2.48,On Time,Traffic
4498769995.0,38919.0,2024-01-23 02:41:29,2024-01-23 02:46:29,5.0,1.68,On Time,Traffic
3729771871.0,32626.0,2023-11-10 11:00:42,2023-11-10 11:04:42,4.0,4.95,On Time,Traffic
9065518834.0,93566.0,2024-06-17 17:25:43,2024-06-17 17:27:43,2.0,0.57,On Time,Traffic
7524465290.0,93477.0,2024-01-06 16:01:03,2024-01-06 16:07:03,6.0,2.9,Slightly Delayed,Traffic
2319921666.0,4851.0,2024-05-01 11:57:02,2024-05-01 11:54:02,-3.0,1.97,On Time,
9541612277.0,43452.0,2024-03-31 06:48:45,2024-03-31 06:46:45,-2.0,3.14,On Time,
6303548068.0,40567.0,2024-06-30 00:29:33,2024-06-30 00:40:33,11.0,2.89,Slightly Delayed,Traffic
5867651793.0,84411.0,2023-11-09 11:51:19,2023-11-09 11:50:19,-1.0,4.61,On Time,
6405947025.0,29228.0,2024-09-28 22:18:52,2024-09-28 22:20:52,2.0,3.2,On Time,Traffic
2150790907.0,37465.0,2023-08-16 13:21:49,2023-08-16 13:33:49,12.0,4.13,Slightly Delayed,Traffic
212856641.0,86373.0,2024-11-02 11:02:18,2024-11-02 10:57:18,-5.0,2.66,On Time,
1686508921.0,37806.0,2024-07-22 22:32:01,2024-07-22 22:27:01,-5.0,1.62,On Time,
5879579208.0,29566.0,2024-09-10 11:07:59,2024-09-10 11:13:59,6.0,0.85,Slightly Delayed,Traffic
1882682579.0,78512.0,2023-05-13 23:21:40,2023-05-13 23:20:40,-1.0,3.81,On Time,
8370410622.0,10210.0,2024-06-01 13:19:54,2024-06-01 13:21:54,2.0,2.24,On Time,Traffic
368599691.0,57291.0,2024-10-22 16:36:46,2024-10-22 16:37:46,1.0,2.3,On Time,Traffic
9282982332.0,21658.0,2024-09-12 22:32:08,2024-09-12 22:34:08,2.0,1.07,On Time,Traffic
4874880100.0,81596.0,2024-09-09 23:14:26,2024-09-09 23:19:26,5.0,0.83,On Time,Traffic
102639985.0,25125.0,2023-08-27 07:12:21,2023-08-27 07:15:21,3.0,3.7,On Time,Traffic
5288207551.0,64001.0,2023-09-10 19:09:17,2023-09-10 19:23:17,14.0,2.52,Slightly Delayed,Traffic
693932743.0,34625.0,2023-06-06 20:45:15,2023-06-06 20:45:15,0.0,4.2,On Time,
2325405669.0,53132.0,2024-03-08 23:29:49,2024-03-08 23:27:49,-2.0,0.99,On Time,
8152364696.0,50040.0,2023-12-24 13:29:30,2023-12-24 13:29:30,0.0,2.01,On Time,
7682359398.0,70975.0,2024-09-15 05:16:47,2024-09-15 05:25:47,9.0,1.67,Slightly Delayed,Traffic
1742951029.0,62055.0,2023-05-07 23:20:50,2023-05-07 23:39:50,19.0,2.67,Significantly Delayed,Traffic
4799787645.0,61740.0,2023-10-07 07:24:32,2023-10-07 07:43:32,19.0,3.46,Significantly Delayed,Traffic
8498666384.0,94061.0,2024-03-08 18:13:36,2024-03-08 18:16:36,3.0,4.33,On Time,Traffic
5013572642.0,90675.0,2023-05-08 19:37:37,2023-05-08 19:50:37,13.0,3.25,Slightly Delayed,Traffic
8403006958.0,22292.0,2023-11-27 05:53:29,2023-11-27 05:48:29,-5.0,3.65,On Time,
4688831157.0,75752.0,2024-07-03 23:55:41,2024-07-03 23:59:41,4.0,1.4,On Time,Traffic
394578210.0,91958.0,2023-09-26 05:33:28,2023-09-26 05:38:28,5.0,0.68,On Time,Traffic
8681711802.0,50.0,2023-10-07 07:22:38,2023-10-07 07:17:38,-5.0,4.75,On Time,
9311399064.0,91086.0,2023-11-04 21:42:08,2023-11-04 21:45:08,3.0,1.16,On Time,Traffic
2620581496.0,38634.0,2023-04-21 02:46:11,2023-04-21 02:45:11,-1.0,3.47,On Time,
5116898322.0,93289.0,2024-07-18 13:37:09,2024-07-18 13:35:09,-2.0,1.52,On Time,
5995819849.0,2395.0,2023-08-19 04:35:08,2023-08-19 04:44:08,9.0,1.18,Slightly Delayed,Traffic
7690500286.0,39966.0,2024-07-12 18:27:22,2024-07-12 18:34:22,7.0,2.14,Slightly Delayed,Traffic
6107283203.0,21522.0,2024-09-09 20:41:41,2024-09-09 20:43:41,2.0,1.08,On Time,Traffic
3170417508.0,30064.0,2024-01-10 05:43:05,2024-01-10 05:56:05,13.0,4.22,Slightly Delayed,Traffic
805682701.0,84695.0,2023-07-30 23:02:14,2023-07-30 23:14:14,12.0,4.98,Slightly Delayed,Traffic
8960508625.0,57297.0,2023-10-07 10:13:49,2023-10-07 10:18:49,5.0,1.17,On Time,Traffic
5580397726.0,64619.0,2023-06-21 05:05:17,2023-06-21 05:24:17,19.0,3.75,Significantly Delayed,Traffic
1506599381.0,19253.0,2024-09-18 04:47:44,2024-09-18 04:50:44,3.0,3.36,On Time,Traffic
8424478165.0,37654.0,2023-04-21 18:36:42,2023-04-21 18:36:42,0.0,1.52,On Time,
6083333956.0,34580.0,2023-03-27 06:53:59,2023-03-27 07:06:59,13.0,2.12,Slightly Delayed,Traffic
9611327860.0,25443.0,2024-04-07 17:57:20,2024-04-07 17:55:20,-2.0,2.56,On Time,
9539444766.0,94753.0,2023-11-04 08:11:03,2023-11-04 08:16:03,5.0,2.89,On Time,Traffic
756168939.0,69292.0,2024-07-05 18:49:40,2024-07-05 18:44:40,-5.0,1.21,On Time,
7762624518.0,56407.0,2024-08-26 21:32:15,2024-08-26 21:46:15,14.0,4.0,Slightly Delayed,Traffic
3681781563.0,41664.0,2023-11-18 10:35:31,2023-11-18 10:33:31,-2.0,3.37,On Time,
1571085226.0,35840.0,2024-04-07 00:50:53,2024-04-07 00:57:53,7.0,4.62,Slightly Delayed,Traffic
4244306883.0,94771.0,2024-03-03 10:42:44,2024-03-03 10:56:44,14.0,2.9,Slightly Delayed,Traffic
7333141591.0,1610.0,2024-03-15 17:02:34,2024-03-15 17:20:34,18.0,0.8,Significantly Delayed,Traffic
1199945706.0,30489.0,2024-01-08 19:48:33,2024-01-08 19:47:33,-1.0,3.13,On Time,
5895644119.0,6452.0,2023-06-11 14:27:56,2023-06-11 14:27:56,0.0,2.16,On Time,
7112919210.0,58625.0,2024-02-01 22:18:31,2024-02-01 22:18:31,0.0,3.88,On Time,
8315937318.0,35071.0,2024-05-08 17:52:39,2024-05-08 18:01:39,9.0,3.07,Slightly Delayed,Traffic
5331800057.0,39782.0,2023-03-29 01:41:40,2023-03-29 01:54:40,13.0,4.9,Slightly Delayed,Traffic
5989265505.0,11502.0,2024-03-15 04:27:36,2024-03-15 04:22:36,-5.0,1.78,On Time,
7906361274.0,44821.0,2023-09-03 18:52:54,2023-09-03 18:51:54,-1.0,1.97,On Time,
6312476146.0,87880.0,2024-01-27 19:57:55,2024-01-27 20:06:55,9.0,2.18,Slightly Delayed,Traffic
9436272631.0,82287.0,2024-05-18 02:57:09,2024-05-18 02:56:09,-1.0,4.78,On Time,
8289791792.0,70314.0,2024-01-26 15:04:19,2024-01-26 15:00:19,-4.0,2.33,On Time,
7659532788.0,62888.0,2024-02-01 21:16:31,2024-02-01 21:19:31,3.0,3.26,On Time,Traffic
1498157233.0,13716.0,2024-02-08 06:44:38,2024-02-08 06:48:38,4.0,0.96,On Time,Traffic
8560951754.0,55642.0,2023-05-17 18:26:02,2023-05-17 18:32:02,6.0,0.99,Slightly Delayed,Traffic
8764192824.0,34121.0,2023-07-24 09:08:59,2023-07-24 09:23:59,15.0,1.34,Slightly Delayed,Traffic
1900542981.0,82683.0,2023-03-25 18:46:16,2023-03-25 18:50:16,4.0,1.16,On Time,Traffic
9445683691.0,70620.0,2023-11-12 20:17:13,2023-11-12 20:33:13,16.0,4.53,Significantly Delayed,Traffic
7719808335.0,80882.0,2023-04-26 18:00:53,2023-04-26 17:59:53,-1.0,2.74,On Time,
4865644960.0,11250.0,2023-09-11 08:59:57,2023-09-11 09:07:57,8.0,3.91,Slightly Delayed,Traffic
6518276143.0,99506.0,2024-01-25 23:29:31,2024-01-25 23:24:31,-5.0,1.5,On Time,
2211459584.0,69281.0,2023-12-25 14:34:44,2023-12-25 14:34:44,0.0,4.19,On Time,
6811633572.0,49915.0,2024-06-26 14:44:44,2024-06-26 14:48:44,4.0,2.15,On Time,Traffic
1821573240.0,45208.0,2024-04-10 16:39:04,2024-04-10 16:42:04,3.0,4.66,On Time,Traffic
8848227434.0,74756.0,2023-06-17 14:18:33,2023-06-17 14:16:33,-2.0,4.94,On Time,
7812276711.0,60140.0,2023-03-25 06:28:39,2023-03-25 06:40:39,12.0,2.45,Slightly Delayed,Traffic
939966106.0,267.0,2023-05-02 10:04:13,2023-05-02 10:06:13,2.0,2.05,On Time,Traffic
4099108156.0,21877.0,2024-04-10 04:40:01,2024-04-10 04:39:01,-1.0,0.91,On Time,
5684182622.0,6390.0,2024-03-03 16:31:14,2024-03-03 16:31:14,0.0,2.04,On Time,
4916740946.0,11753.0,2023-10-29 19:30:31,2023-10-29 19:34:31,4.0,1.38,On Time,Traffic
9732307600.0,91547.0,2024-01-31 09:03:13,2024-01-31 09:02:13,-1.0,4.44,On Time,
9280329883.0,44108.0,2023-09-10 23:19:56,2023-09-10 23:27:56,8.0,2.35,Slightly Delayed,Traffic
4284285927.0,29343.0,2024-08-04 21:12:58,2024-08-04 21:14:58,2.0,1.4,On Time,Traffic
8701796.0,41266.0,2024-08-19 19:14:44,2024-08-19 19:23:44,9.0,4.97,Slightly Delayed,Traffic
6834734512.0,76817.0,2023-08-31 23:28:56,2023-08-31 23:29:56,1.0,4.75,On Time,Traffic
7127377458.0,9342.0,2023-03-26 15:47:19,2023-03-26 15:55:19,8.0,3.89,Slightly Delayed,Traffic
4754481356.0,49314.0,2023-08-14 18:36:06,2023-08-14 18:35:06,-1.0,3.5,On Time,
4726007482.0,36892.0,2023-08-30 12:07:03,2023-08-30 12:11:03,4.0,2.57,On Time,Traffic
2320560482.0,7285.0,2024-02-18 13:21:26,2024-02-18 13:19:26,-2.0,3.15,On Time,
1456550348.0,97265.0,2024-05-02 00:38:28,2024-05-02 00:38:28,0.0,1.19,On Time,
5370744569.0,32084.0,2023-08-23 13:55:26,2023-08-23 14:08:26,13.0,3.16,Slightly Delayed,Traffic
5819887962.0,85744.0,2024-03-03 00:46:47,2024-03-03 01:08:47,22.0,2.97,Significantly Delayed,Traffic
1929465827.0,8263.0,2023-12-13 13:01:12,2023-12-13 13:00:12,-1.0,4.51,On Time,
9430139302.0,90056.0,2024-02-09 08:04:50,2024-02-09 08:05:50,1.0,2.53,On Time,Traffic
3632715912.0,72130.0,2024-08-18 17:35:12,2024-08-18 17:40:12,5.0,0.8,On Time,Traffic
3356214803.0,83239.0,2024-06-08 22:11:14,2024-06-08 22:08:14,-3.0,2.84,On Time,
2277864850.0,7967.0,2024-10-30 04:34:24,2024-10-30 04:30:24,-4.0,4.13,On Time,
1754472592.0,12994.0,2024-06-11 02:12:09,2024-06-11 02:13:09,1.0,2.88,On Time,Traffic
1833208408.0,91091.0,2023-08-16 07:43:25,2023-08-16 07:43:25,0.0,2.48,On Time,
6567954047.0,7493.0,2023-07-09 10:06:02,2023-07-09 10:28:02,22.0,0.53,Significantly Delayed,Traffic
9409585531.0,16318.0,2023-04-03 06:22:57,2023-04-03 06:29:57,7.0,4.52,Slightly Delayed,Traffic
731371161.0,78728.0,2024-09-25 10:09:55,2024-09-25 10:29:55,20.0,0.77,Significantly Delayed,Traffic
7863496069.0,11754.0,2024-02-09 19:09:29,2024-02-09 19:24:29,15.0,4.5,Slightly Delayed,Traffic
9043955242.0,89325.0,2024-04-13 05:19:04,2024-04-13 05:45:04,26.0,2.64,Significantly Delayed,Traffic
8257564936.0,84555.0,2024-03-31 08:22:53,2024-03-31 08:22:53,0.0,3.94,On Time,
7487631571.0,54412.0,2024-04-12 17:22:51,2024-04-12 17:31:51,9.0,3.79,Slightly Delayed,Traffic
4243307535.0,18181.0,2024-07-04 21:55:31,2024-07-04 22:03:31,8.0,3.93,Slightly Delayed,Traffic
5490221933.0,47119.0,2023-06-21 13:05:33,2023-06-21 13:01:33,-4.0,4.5,On Time,
577600718.0,15216.0,2024-04-06 03:56:44,2024-04-06 04:05:44,9.0,0.87,Slightly Delayed,Traffic
1815462789.0,62423.0,2023-09-09 05:03:10,2023-09-09 05:15:10,12.0,2.81,Slightly Delayed,Traffic
896786012.0,63700.0,2023-08-18 05:55:14,2023-08-18 06:05:14,10.0,1.61,Slightly Delayed,Traffic
2610552179.0,21304.0,2024-06-26 11:40:47,2024-06-26 11:42:47,2.0,1.91,On Time,Traffic
6244718082.0,9658.0,2024-05-22 14:27:40,2024-05-22 14:23:40,-4.0,4.95,On Time,
1837634871.0,26621.0,2023-05-06 13:50:50,2023-05-06 14:05:50,15.0,1.27,Slightly Delayed,Traffic
8684571382.0,19722.0,2023-10-04 22:51:08,2023-10-04 22:50:08,-1.0,3.84,On Time,
1659181364.0,4115.0,2023-08-26 23:49:59,2023-08-26 23:59:59,10.0,1.0,Slightly Delayed,Traffic
5626641031.0,65770.0,2024-05-19 01:47:02,2024-05-19 01:49:02,2.0,1.12,On Time,Traffic
1589326447.0,83945.0,2024-01-27 14:47:02,2024-01-27 14:52:02,5.0,1.75,On Time,Traffic
5018325783.0,41888.0,2024-02-11 04:37:54,2024-02-11 04:35:54,-2.0,1.96,On Time,
5111073873.0,77796.0,2024-02-02 19:56:40,2024-02-02 19:56:40,0.0,2.5,On Time,
5953426781.0,21723.0,2023-12-10 11:44:07,2023-12-10 11:42:07,-2.0,3.95,On Time,
8966870214.0,25007.0,2024-02-27 21:42:02,2024-02-27 21:48:02,6.0,2.15,Slightly Delayed,Traffic
6962915277.0,16407.0,2024-09-14 10:57:22,2024-09-14 10:57:22,0.0,1.07,On Time,
4309308088.0,44969.0,2023-12-02 20:44:56,2023-12-02 20:48:56,4.0,2.27,On Time,Traffic
5391068200.0,79700.0,2023-11-20 04:13:06,2023-11-20 04:08:06,-5.0,4.94,On Time,
4394681222.0,92464.0,2024-03-28 23:30:24,2024-03-28 23:45:24,15.0,1.8,Slightly Delayed,Traffic
4791895461.0,38858.0,2024-08-11 00:04:45,2024-08-11 00:28:45,24.0,2.47,Significantly Delayed,Traffic
7272011740.0,42857.0,2024-09-16 12:46:23,2024-09-16 12:48:23,2.0,4.2,On Time,Traffic
87784691.0,88685.0,2024-09-29 01:10:06,2024-09-29 01:13:06,3.0,4.58,On Time,Traffic
4939105270.0,84293.0,2023-11-02 03:00:13,2023-11-02 02:58:13,-2.0,3.43,On Time,
4622303035.0,26126.0,2023-08-03 11:25:02,2023-08-03 11:23:02,-2.0,2.53,On Time,
3460208027.0,75868.0,2024-04-19 21:56:18,2024-04-19 21:56:18,0.0,1.9,On Time,
2548125971.0,41755.0,2023-11-05 22:18:39,2023-11-05 22:13:39,-5.0,4.48,On Time,
2390111460.0,36389.0,2023-09-09 21:37:09,2023-09-09 21:42:09,5.0,4.29,On Time,Traffic
8309485249.0,3729.0,2023-12-02 20:46:50,2023-12-02 20:51:50,5.0,3.55,On Time,Traffic
8322543480.0,94614.0,2024-09-27 02:38:22,2024-09-27 03:02:22,24.0,4.99,Significantly Delayed,Traffic
2819200158.0,58827.0,2023-07-23 14:54:43,2023-07-23 14:56:43,2.0,1.95,On Time,Traffic
7087151227.0,25423.0,2023-11-26 01:10:11,2023-11-26 01:06:11,-4.0,2.61,On Time,
6704234561.0,91747.0,2024-01-03 07:40:25,2024-01-03 08:10:25,30.0,1.81,Significantly Delayed,Traffic
6998410196.0,97976.0,2023-07-25 15:51:47,2023-07-25 16:04:47,13.0,1.53,Slightly Delayed,Traffic
707035635.0,71996.0,2024-09-29 09:47:51,2024-09-29 09:43:51,-4.0,4.33,On Time,
543400704.0,60474.0,2023-10-27 00:54:23,2023-10-27 00:49:23,-5.0,1.06,On Time,
3604694195.0,6583.0,2023-09-03 16:41:20,2023-09-03 16:36:20,-5.0,0.64,On Time,
3560549947.0,87552.0,2024-07-21 02:39:15,2024-07-21 02:47:15,8.0,4.06,Slightly Delayed,Traffic
9982178143.0,53810.0,2023-12-08 14:17:42,2023-12-08 14:39:42,22.0,3.86,Significantly Delayed,Traffic
1423646541.0,19293.0,2023-12-10 10:45:10,2023-12-10 10:44:10,-1.0,1.73,On Time,
7441941402.0,79767.0,2023-12-22 22:33:29,2023-12-22 22:31:29,-2.0,3.22,On Time,
8395661807.0,9665.0,2024-08-19 08:09:08,2024-08-19 08:11:08,2.0,0.61,On Time,Traffic
5480656353.0,34982.0,2024-03-05 19:33:07,2024-03-05 19:28:07,-5.0,3.58,On Time,
4561602092.0,28344.0,2024-09-18 09:45:09,2024-09-18 09:44:09,-1.0,3.44,On Time,
1695982633.0,44739.0,2024-01-13 18:59:50,2024-01-13 18:55:50,-4.0,0.65,On Time,
6309447153.0,52804.0,2023-05-18 21:38:34,2023-05-18 21:38:34,0.0,4.09,On Time,
4796733514.0,22316.0,2023-04-03 18:48:05,2023-04-03 19:17:05,29.0,1.07,Significantly Delayed,Traffic
2858966982.0,5328.0,2024-04-25 10:34:37,2024-04-25 10:29:37,-5.0,3.77,On Time,
6948607495.0,47202.0,2024-08-28 09:56:14,2024-08-28 10:01:14,5.0,2.0,On Time,Traffic
4959271803.0,52469.0,2024-02-22 01:31:13,2024-02-22 01:44:13,13.0,2.07,Slightly Delayed,Traffic
5669689881.0,17862.0,2023-07-11 21:32:37,2023-07-11 21:43:37,11.0,4.57,Slightly Delayed,Traffic
5352265711.0,73582.0,2024-02-29 19:48:52,2024-02-29 20:01:52,13.0,1.05,Slightly Delayed,Traffic
5498551836.0,65877.0,2023-11-02 13:45:20,2023-11-02 13:47:20,2.0,2.78,On Time,Traffic
6556845822.0,47070.0,2023-05-13 19:23:16,2023-05-13 19:28:16,5.0,1.46,On Time,Traffic
5167008199.0,26989.0,2024-05-31 21:41:14,2024-05-31 21:36:14,-5.0,2.76,On Time,
966294309.0,92606.0,2024-05-02 06:03:11,2024-05-02 06:06:11,3.0,2.48,On Time,Traffic
3163611427.0,67659.0,2024-01-17 06:37:26,2024-01-17 06:42:26,5.0,1.11,On Time,Traffic
203136866.0,676.0,2024-06-11 12:37:47,2024-06-11 12:36:47,-1.0,0.74,On Time,
1815555165.0,3304.0,2023-09-11 12:01:58,2023-09-11 12:01:58,0.0,3.61,On Time,
1874499212.0,88852.0,2024-05-30 00:23:01,2024-05-30 00:25:01,2.0,3.16,On Time,Traffic
4012779165.0,59519.0,2024-09-16 09:44:48,2024-09-16 09:47:48,3.0,3.74,On Time,Traffic
3669023899.0,289.0,2024-05-12 09:53:26,2024-05-12 10:04:26,11.0,4.1,Slightly Delayed,Traffic
9296381620.0,93839.0,2024-04-28 01:44:11,2024-04-28 01:43:11,-1.0,3.27,On Time,
2725513934.0,27735.0,2023-10-07 06:37:20,2023-10-07 06:39:20,2.0,0.65,On Time,Traffic
5564338561.0,99128.0,2024-03-31 23:16:21,2024-03-31 23:14:21,-2.0,3.96,On Time,
4701778121.0,18398.0,2024-06-06 21:40:44,2024-06-06 21:44:44,4.0,1.24,On Time,Traffic
9529272337.0,34837.0,2023-12-11 00:17:58,2023-12-11 00:17:58,0.0,2.06,On Time,
869910650.0,45055.0,2024-05-27 00:57:52,2024-05-27 00:52:52,-5.0,4.69,On Time,
2127080399.0,55501.0,2024-09-16 15:17:17,2024-09-16 15:25:17,8.0,1.72,Slightly Delayed,Traffic
3547439109.0,91588.0,2023-04-13 00:41:45,2023-04-13 00:39:45,-2.0,2.46,On Time,
997535715.0,35602.0,2023-03-27 11:35:08,2023-03-27 11:37:08,2.0,4.02,On Time,Traffic
2442453181.0,21860.0,2023-03-26 07:40:46,2023-03-26 07:45:46,5.0,4.46,On Time,Traffic
1182120536.0,6560.0,2024-05-26 15:51:32,2024-05-26 15:53:32,2.0,2.91,On Time,Traffic
2819297954.0,93978.0,2024-04-07 16:05:26,2024-04-07 16:08:26,3.0,0.52,On Time,Traffic
9870956079.0,42784.0,2023-10-26 07:43:28,2023-10-26 07:45:28,2.0,3.76,On Time,Traffic
6032675432.0,29641.0,2024-09-29 05:22:49,2024-09-29 05:19:49,-3.0,4.47,On Time,
329790912.0,43584.0,2024-08-04 10:38:41,2024-08-04 10:34:41,-4.0,2.32,On Time,
6459815532.0,10758.0,2023-05-16 21:57:22,2023-05-16 22:09:22,12.0,1.63,Slightly Delayed,Traffic
9214523757.0,45153.0,2023-10-20 21:41:45,2023-10-20 21:37:45,-4.0,4.86,On Time,
9450279027.0,31584.0,2023-09-30 04:51:00,2023-09-30 04:47:00,-4.0,4.62,On Time,
6265551101.0,43283.0,2023-11-13 22:02:45,2023-11-13 21:58:45,-4.0,1.46,On Time,
4138526838.0,24981.0,2023-10-25 00:22:05,2023-10-25 00:35:05,13.0,3.73,Slightly Delayed,Traffic
8005579633.0,98172.0,2023-08-16 05:37:22,2023-08-16 06:01:22,24.0,1.66,Significantly Delayed,Traffic
3442984170.0,52151.0,2024-09-16 23:48:42,2024-09-16 23:49:42,1.0,3.2,On Time,Traffic
8711550413.0,15340.0,2023-05-30 14:32:46,2023-05-30 14:54:46,22.0,3.32,Significantly Delayed,Traffic
2509593585.0,87829.0,2023-05-05 02:02:01,2023-05-05 01:59:01,-3.0,2.85,On Time,
6126557370.0,37656.0,2024-04-20 08:00:40,2024-04-20 08:05:40,5.0,0.68,On Time,Traffic
9876119035.0,83597.0,2023-04-15 01:22:35,2023-04-15 01:35:35,13.0,3.58,Slightly Delayed,Traffic
3739042166.0,52760.0,2024-07-23 01:02:03,2024-07-23 01:07:03,5.0,4.28,On Time,Traffic
7938944124.0,43293.0,2024-03-30 02:13:28,2024-03-30 02:18:28,5.0,4.82,On Time,Traffic
506804807.0,29740.0,2024-07-10 05:02:45,2024-07-10 04:57:45,-5.0,3.71,On Time,
3577900599.0,32303.0,2024-02-02 08:27:47,2024-02-02 08:22:47,-5.0,1.71,On Time,
8337599633.0,23191.0,2023-11-21 13:08:18,2023-11-21 13:07:18,-1.0,2.04,On Time,
8611745429.0,97499.0,2024-05-12 03:41:52,2024-05-12 03:40:52,-1.0,1.3,On Time,
2990223879.0,2555.0,2023-08-11 18:25:54,2023-08-11 18:35:54,10.0,2.77,Slightly Delayed,Traffic
52324496.0,54293.0,2024-02-23 17:47:54,2024-02-23 17:52:54,5.0,2.39,On Time,Traffic
6594929133.0,30251.0,2023-04-14 10:02:18,2023-04-14 10:01:18,-1.0,0.65,On Time,
2480235830.0,58919.0,2023-09-19 05:54:36,2023-09-19 05:58:36,4.0,4.28,On Time,Traffic
9667072962.0,31515.0,2023-04-11 21:09:29,2023-04-11 21:15:29,6.0,3.97,Slightly Delayed,Traffic
277700053.0,29553.0,2023-08-15 19:26:25,2023-08-15 19:29:25,3.0,4.98,On Time,Traffic
5691623788.0,3949.0,2024-03-16 19:17:00,2024-03-16 19:17:00,0.0,1.63,On Time,
6845696161.0,77587.0,2023-07-14 07:49:28,2023-07-14 08:03:28,14.0,1.83,Slightly Delayed,Traffic
4098488449.0,5718.0,2023-03-31 13:48:47,2023-03-31 13:48:47,0.0,2.85,On Time,
5653623743.0,59281.0,2023-03-30 08:53:35,2023-03-30 09:19:35,26.0,1.2,Significantly Delayed,Traffic
6416399784.0,31405.0,2023-08-07 02:45:15,2023-08-07 02:54:15,9.0,1.32,Slightly Delayed,Traffic
4365565386.0,24899.0,2023-06-30 04:25:15,2023-06-30 04:21:15,-4.0,1.5,On Time,
6423269418.0,67311.0,2024-08-23 10:13:42,2024-08-23 10:27:42,14.0,1.78,Slightly Delayed,Traffic
1020534590.0,16201.0,2023-12-12 10:13:06,2023-12-12 10:21:06,8.0,4.37,Slightly Delayed,Traffic
4015289878.0,53358.0,2024-03-22 07:09:23,2024-03-22 07:19:23,10.0,1.79,Slightly Delayed,Traffic
9959668334.0,81433.0,2024-01-07 08:28:57,2024-01-07 08:25:57,-3.0,1.31,On Time,
8054387790.0,66757.0,2023-05-08 18:44:24,2023-05-08 18:40:24,-4.0,1.95,On Time,
4795344310.0,34016.0,2024-04-12 16:07:40,2024-04-12 16:37:40,30.0,0.93,Significantly Delayed,Traffic
2205862234.0,68306.0,2023-10-02 14:01:36,2023-10-02 13:57:36,-4.0,2.33,On Time,
4686249863.0,34524.0,2024-08-31 03:41:25,2024-08-31 03:38:25,-3.0,2.6,On Time,
1270524770.0,95994.0,2023-10-11 07:33:40,2023-10-11 07:35:40,2.0,3.7,On Time,Traffic
5743550453.0,95126.0,2024-05-19 05:24:34,2024-05-19 05:29:34,5.0,1.21,On Time,Traffic
5309699078.0,65578.0,2023-08-02 17:53:02,2023-08-02 18:07:02,14.0,0.51,Slightly Delayed,Traffic
7565768030.0,54027.0,2024-02-10 03:08:25,2024-02-10 03:07:25,-1.0,0.73,On Time,
3210260715.0,12745.0,2023-04-06 15:21:02,2023-04-06 15:16:02,-5.0,3.86,On Time,
6657245289.0,45050.0,2024-05-20 02:14:03,2024-05-20 02:33:03,19.0,2.38,Significantly Delayed,Traffic
7854526965.0,53207.0,2023-08-18 08:06:47,2023-08-18 08:15:47,9.0,4.21,Slightly Delayed,Traffic
2770948451.0,81011.0,2023-04-27 08:03:43,2023-04-27 08:22:43,19.0,0.91,Significantly Delayed,Traffic
624070426.0,343.0,2023-10-07 17:05:55,2023-10-07 17:02:55,-3.0,4.96,On Time,
891583492.0,98655.0,2024-04-07 05:01:11,2024-04-07 05:02:11,1.0,2.72,On Time,Traffic
5811206654.0,71923.0,2023-05-17 05:34:19,2023-05-17 05:48:19,14.0,2.73,Slightly Delayed,Traffic
809894905.0,86857.0,2023-12-28 16:51:59,2023-12-28 16:56:59,5.0,2.71,On Time,Traffic
8209000496.0,15353.0,2023-03-28 20:10:34,2023-03-28 20:25:34,15.0,2.17,Slightly Delayed,Traffic
4901288364.0,36597.0,2023-07-31 22:26:25,2023-07-31 22:38:25,12.0,4.65,Slightly Delayed,Traffic
5890338566.0,58543.0,2023-04-29 03:11:02,2023-04-29 03:12:02,1.0,1.74,On Time,Traffic
2745295248.0,85960.0,2024-05-28 21:34:44,2024-05-28 21:33:44,-1.0,1.29,On Time,
5708700204.0,4397.0,2023-05-05 18:08:38,2023-05-05 18:07:38,-1.0,0.51,On Time,
8643851643.0,17189.0,2023-04-21 01:41:37,2023-04-21 02:11:37,30.0,4.32,Significantly Delayed,Traffic
4525287277.0,72834.0,2023-06-29 00:20:19,2023-06-29 00:23:19,3.0,3.71,On Time,Traffic
6154459753.0,16231.0,2024-06-12 09:28:57,2024-06-12 09:39:57,11.0,2.4,Slightly Delayed,Traffic
2587790388.0,60426.0,2024-06-09 18:18:59,2024-06-09 18:16:59,-2.0,2.31,On Time,
2665891587.0,40904.0,2024-03-18 16:10:34,2024-03-18 16:05:34,-5.0,2.28,On Time,
6996561687.0,75938.0,2024-06-29 04:52:55,2024-06-29 04:53:55,1.0,2.31,On Time,Traffic
961607638.0,23890.0,2023-08-03 23:57:19,2023-08-04 00:25:19,28.0,4.81,Significantly Delayed,Traffic
4385491839.0,48535.0,2024-06-07 20:35:54,2024-06-07 20:30:54,-5.0,0.93,On Time,
1279200190.0,63446.0,2024-07-10 06:18:41,2024-07-10 06:25:41,7.0,1.17,Slightly Delayed,Traffic
9668698616.0,23600.0,2023-11-01 14:24:21,2023-11-01 14:24:21,0.0,4.51,On Time,
4813038298.0,69529.0,2024-05-23 13:43:54,2024-05-23 13:53:54,10.0,2.75,Slightly Delayed,Traffic
2030125421.0,88936.0,2024-05-03 15:06:27,2024-05-03 15:10:27,4.0,4.4,On Time,Traffic
6997235339.0,98293.0,2024-01-12 09:05:18,2024-01-12 09:04:18,-1.0,1.3,On Time,
7438342576.0,25965.0,2023-05-09 22:11:47,2023-05-09 22:16:47,5.0,1.63,On Time,Traffic
9958423263.0,97375.0,2024-03-15 06:10:57,2024-03-15 06:07:57,-3.0,0.67,On Time,
3416693628.0,93184.0,2024-10-03 00:38:31,2024-10-03 00:39:31,1.0,3.28,On Time,Traffic
3440579647.0,76028.0,2024-08-05 15:48:00,2024-08-05 15:48:00,0.0,1.99,On Time,
5307231496.0,84740.0,2024-04-23 06:36:32,2024-04-23 06:35:32,-1.0,2.58,On Time,
4779055734.0,49398.0,2023-06-30 06:04:36,2023-06-30 06:14:36,10.0,2.8,Slightly Delayed,Traffic
3834705841.0,78388.0,2023-09-09 07:38:51,2023-09-09 08:01:51,23.0,1.58,Significantly Delayed,Traffic
9080324081.0,88838.0,2023-05-27 09:34:16,2023-05-27 09:33:16,-1.0,4.49,On Time,
2500757555.0,52455.0,2024-10-27 11:03:42,2024-10-27 11:00:42,-3.0,3.91,On Time,
1292986566.0,28341.0,2023-07-12 04:14:43,2023-07-12 04:10:43,-4.0,4.62,On Time,
6602362287.0,89221.0,2024-02-01 21:18:56,2024-02-01 21:23:56,5.0,2.37,On Time,Traffic
184844043.0,18845.0,2023-12-07 05:13:07,2023-12-07 05:08:07,-5.0,4.04,On Time,
936587253.0,93251.0,2023-07-18 10:00:45,2023-07-18 10:04:45,4.0,1.78,On Time,Traffic
2834429147.0,62176.0,2023-10-04 05:08:48,2023-10-04 05:15:48,7.0,0.93,Slightly Delayed,Traffic
114306835.0,60947.0,2024-02-06 20:47:16,2024-02-06 20:52:16,5.0,3.9,On Time,Traffic
1675849477.0,70336.0,2024-06-11 20:13:49,2024-06-11 20:18:49,5.0,4.47,On Time,Traffic
5191052705.0,97676.0,2023-06-19 05:49:30,2023-06-19 05:53:30,4.0,3.52,On Time,Traffic
7068834722.0,97953.0,2023-11-19 08:43:33,2023-11-19 08:48:33,5.0,0.98,On Time,Traffic
5051330893.0,49311.0,2024-07-04 02:47:20,2024-07-04 03:01:20,14.0,4.22,Slightly Delayed,Traffic
6065496420.0,49744.0,2023-05-16 16:44:53,2023-05-16 16:55:53,11.0,0.93,Slightly Delayed,Traffic
7574848635.0,74349.0,2023-06-28 02:31:28,2023-06-28 02:43:28,12.0,2.14,Slightly Delayed,Traffic
8793868975.0,47869.0,2024-02-01 17:32:46,2024-02-01 17:36:46,4.0,2.76,On Time,Traffic
5381466176.0,48307.0,2023-06-01 21:05:50,2023-06-01 21:08:50,3.0,4.54,On Time,Traffic
7709366480.0,92788.0,2024-08-28 02:38:17,2024-08-28 02:38:17,0.0,0.98,On Time,
4936667930.0,36661.0,2023-06-20 10:08:22,2023-06-20 10:09:22,1.0,2.69,On Time,Traffic
6860925755.0,7299.0,2023-09-29 09:20:04,2023-09-29 09:19:04,-1.0,1.74,On Time,
5486433396.0,87165.0,2024-01-20 18:27:10,2024-01-20 18:32:10,5.0,0.61,On Time,Traffic
7089292009.0,70015.0,2023-04-05 23:29:17,2023-04-05 23:30:17,1.0,2.56,On Time,Traffic
5350760367.0,56321.0,2023-08-13 06:22:18,2023-08-13 06:26:18,4.0,1.78,On Time,Traffic
5581769906.0,80281.0,2024-04-14 04:17:17,2024-04-14 04:30:17,13.0,2.26,Slightly Delayed,Traffic
6256637306.0,57954.0,2023-11-07 11:37:32,2023-11-07 11:46:32,9.0,2.47,Slightly Delayed,Traffic
2999946056.0,6882.0,2024-06-28 10:50:06,2024-06-28 10:50:06,0.0,3.1,On Time,
5218488175.0,38184.0,2024-01-03 20:39:01,2024-01-03 20:39:01,0.0,4.64,On Time,
8297436592.0,20223.0,2024-10-20 08:46:38,2024-10-20 08:41:38,-5.0,4.13,On Time,
1806118907.0,22727.0,2023-12-25 05:43:12,2023-12-25 05:45:12,2.0,3.65,On Time,Traffic
6999224625.0,29986.0,2023-04-16 00:38:18,2023-04-16 00:39:18,1.0,4.49,On Time,Traffic
1809997641.0,56471.0,2023-11-10 10:33:12,2023-11-10 10:56:12,23.0,1.51,Significantly Delayed,Traffic
7528090614.0,91659.0,2024-06-29 18:07:55,2024-06-29 18:10:55,3.0,2.32,On Time,Traffic
4884904912.0,45668.0,2023-08-24 14:13:19,2023-08-24 14:08:19,-5.0,0.73,On Time,
9811235698.0,50768.0,2024-03-02 11:21:48,2024-03-02 11:33:48,12.0,2.74,Slightly Delayed,Traffic
5616653529.0,34530.0,2023-12-23 03:32:12,2023-12-23 03:37:12,5.0,0.97,On Time,Traffic
7188183056.0,84857.0,2023-08-06 13:52:22,2023-08-06 13:52:22,0.0,2.9,On Time,
7898301143.0,68227.0,2023-08-10 21:28:51,2023-08-10 21:31:51,3.0,3.32,On Time,Traffic
5222677885.0,53731.0,2024-07-15 11:03:09,2024-07-15 11:10:09,7.0,2.29,Slightly Delayed,Traffic
8544952346.0,2103.0,2023-11-23 05:02:58,2023-11-23 05:03:58,1.0,2.38,On Time,Traffic
9403371764.0,20589.0,2023-06-08 03:29:50,2023-06-08 03:42:50,13.0,4.38,Slightly Delayed,Traffic
3956205476.0,30143.0,2023-06-12 01:18:49,2023-06-12 01:17:49,-1.0,1.61,On Time,
5678362658.0,90700.0,2024-07-22 05:06:43,2024-07-22 05:06:43,0.0,2.6,On Time,
8131610255.0,56625.0,2024-03-22 16:15:37,2024-03-22 16:12:37,-3.0,2.47,On Time,
4722653990.0,35362.0,2023-07-19 16:19:48,2023-07-19 16:23:48,4.0,1.65,On Time,Traffic
6613853662.0,57477.0,2024-01-26 14:17:11,2024-01-26 14:27:11,10.0,2.2,Slightly Delayed,Traffic
8274987671.0,25394.0,2024-10-03 08:02:18,2024-10-03 08:04:18,2.0,2.61,On Time,Traffic
5519983123.0,16320.0,2024-04-11 14:28:22,2024-04-11 14:26:22,-2.0,1.85,On Time,
2746329488.0,91841.0,2023-08-26 16:09:09,2023-08-26 16:08:09,-1.0,4.54,On Time,
6443285614.0,51921.0,2023-08-29 03:47:57,2023-08-29 03:48:57,1.0,0.51,On Time,Traffic
6932426427.0,24784.0,2023-08-01 19:56:04,2023-08-01 19:51:04,-5.0,1.03,On Time,
1796512004.0,6966.0,2023-06-13 13:56:42,2023-06-13 13:59:42,3.0,4.54,On Time,Traffic
1464518253.0,86453.0,2023-07-04 02:26:55,2023-07-04 02:30:55,4.0,2.9,On Time,Traffic
3585105627.0,68268.0,2024-10-10 03:56:05,2024-10-10 03:53:05,-3.0,1.88,On Time,
5387247994.0,13031.0,2024-04-28 20:39:25,2024-04-28 20:42:25,3.0,1.93,On Time,Traffic
7568171531.0,71881.0,2023-12-02 12:57:08,2023-12-02 13:00:08,3.0,4.73,On Time,Traffic
4111193446.0,84313.0,2024-01-22 09:25:13,2024-01-22 09:25:13,0.0,4.78,On Time,
8683154153.0,95782.0,2024-09-07 06:50:42,2024-09-07 06:52:42,2.0,3.05,On Time,Traffic
5712367183.0,92876.0,2024-06-13 19:31:19,2024-06-13 19:45:19,14.0,2.5,Slightly Delayed,Traffic
3952854723.0,76903.0,2023-09-15 02:54:20,2023-09-15 02:50:20,-4.0,1.39,On Time,
4631387671.0,79609.0,2024-10-08 09:00:29,2024-10-08 09:23:29,23.0,1.13,Significantly Delayed,Traffic
2145309969.0,30573.0,2023-09-17 17:01:19,2023-09-17 17:01:19,0.0,1.93,On Time,
4314762741.0,5623.0,2023-06-17 09:46:10,2023-06-17 09:42:10,-4.0,2.57,On Time,
7401889152.0,91633.0,2024-09-20 02:01:32,2024-09-20 01:57:32,-4.0,1.45,On Time,
1932040824.0,54078.0,2024-03-15 20:59:41,2024-03-15 21:04:41,5.0,3.81,On Time,Traffic
9836424713.0,1086.0,2023-11-19 03:38:27,2023-11-19 03:42:27,4.0,2.6,On Time,Traffic
9882312203.0,65591.0,2024-05-15 05:53:36,2024-05-15 06:23:36,30.0,4.21,Significantly Delayed,Traffic
3082649585.0,79821.0,2023-09-26 18:20:46,2023-09-26 18:22:46,2.0,0.67,On Time,Traffic
6033878151.0,5041.0,2023-11-11 18:42:19,2023-11-11 18:37:19,-5.0,4.49,On Time,
6395547592.0,94212.0,2024-10-23 10:53:05,2024-10-23 11:23:05,30.0,2.69,Significantly Delayed,Traffic
372962997.0,46745.0,2024-04-18 00:28:51,2024-04-18 00:41:51,13.0,4.98,Slightly Delayed,Traffic
2988215377.0,20480.0,2024-08-18 15:23:03,2024-08-18 15:22:03,-1.0,1.27,On Time,
7081583361.0,8253.0,2024-08-01 20:45:53,2024-08-01 20:50:53,5.0,2.58,On Time,Traffic
1860491452.0,12552.0,2024-04-18 11:59:01,2024-04-18 12:12:01,13.0,1.11,Slightly Delayed,Traffic
7499656197.0,28004.0,2024-03-27 09:46:49,2024-03-27 10:01:49,15.0,3.34,Slightly Delayed,Traffic
4507112412.0,49476.0,2023-09-30 22:27:09,2023-09-30 22:22:09,-5.0,3.92,On Time,
9214595868.0,34254.0,2024-07-01 23:55:15,2024-07-02 00:08:15,13.0,2.45,Slightly Delayed,Traffic
253430904.0,65198.0,2023-07-08 01:13:44,2023-07-08 01:09:44,-4.0,3.98,On Time,
5574588218.0,98523.0,2024-06-28 09:07:17,2024-06-28 09:14:17,7.0,3.37,Slightly Delayed,Traffic
2817281674.0,83817.0,2023-09-16 13:39:51,2023-09-16 13:40:51,1.0,3.05,On Time,Traffic
4932779616.0,72875.0,2024-07-26 05:24:13,2024-07-26 05:29:13,5.0,2.26,On Time,Traffic
7932879650.0,77996.0,2023-05-07 19:09:20,2023-05-07 19:35:20,26.0,4.03,Significantly Delayed,Traffic
997698125.0,83779.0,2023-11-29 06:04:30,2023-11-29 06:04:30,0.0,4.32,On Time,
2403547563.0,38539.0,2024-05-20 17:08:51,2024-05-20 17:04:51,-4.0,3.32,On Time,
8875483494.0,43097.0,2024-03-12 05:38:09,2024-03-12 05:44:09,6.0,2.2,Slightly Delayed,Traffic
883548284.0,16742.0,2024-05-23 04:36:13,2024-05-23 04:42:13,6.0,0.85,Slightly Delayed,Traffic
2364229435.0,23696.0,2024-07-13 05:51:47,2024-07-13 05:47:47,-4.0,1.42,On Time,
6845869445.0,73284.0,2024-05-27 17:39:25,2024-05-27 17:59:25,20.0,1.71,Significantly Delayed,Traffic
397818832.0,89520.0,2023-12-22 13:18:55,2023-12-22 13:45:55,27.0,3.64,Significantly Delayed,Traffic
304166272.0,14802.0,2023-10-29 01:37:58,2023-10-29 01:42:58,5.0,3.89,On Time,Traffic
1575626085.0,36728.0,2023-05-19 13:43:15,2023-05-19 13:39:15,-4.0,2.65,On Time,
3945644714.0,74071.0,2023-05-16 14:23:16,2023-05-16 14:26:16,3.0,4.4,On Time,Traffic
8370213291.0,40650.0,2023-05-20 14:16:18,2023-05-20 14:30:18,14.0,3.94,Slightly Delayed,Traffic
2185375786.0,10502.0,2024-04-25 10:58:55,2024-04-25 11:13:55,15.0,1.44,Slightly Delayed,Traffic
1828975788.0,39589.0,2024-01-30 13:25:19,2024-01-30 13:32:19,7.0,3.81,Slightly Delayed,Traffic
4319450104.0,58079.0,2024-09-16 10:15:14,2024-09-16 10:21:14,6.0,4.89,Slightly Delayed,Traffic
5059765199.0,10225.0,2023-10-19 06:09:52,2023-10-19 06:15:52,6.0,4.53,Slightly Delayed,Traffic
5360089735.0,11907.0,2023-05-04 05:25:17,2023-05-04 05:28:17,3.0,4.41,On Time,Traffic
8008211695.0,5891.0,2023-09-07 16:39:21,2023-09-07 16:41:21,2.0,2.15,On Time,Traffic
4400031082.0,85402.0,2023-07-08 20:58:32,2023-07-08 20:55:32,-3.0,2.37,On Time,
9582738204.0,35952.0,2023-08-17 03:10:35,2023-08-17 03:29:35,19.0,3.87,Significantly Delayed,Traffic
1368450162.0,96642.0,2023-09-11 00:16:44,2023-09-11 00:13:44,-3.0,1.92,On Time,
56705032.0,77287.0,2023-11-16 04:40:25,2023-11-16 04:54:25,14.0,3.67,Slightly Delayed,Traffic
2407168640.0,31314.0,2024-07-25 10:04:06,2024-07-25 10:17:06,13.0,0.96,Slightly Delayed,Traffic
530588807.0,97484.0,2024-02-01 13:50:53,2024-02-01 14:12:53,22.0,1.08,Significantly Delayed,Traffic
9975541696.0,65401.0,2023-06-12 23:01:34,2023-06-12 23:10:34,9.0,3.57,Slightly Delayed,Traffic
8602707005.0,18347.0,2024-04-02 13:15:37,2024-04-02 13:20:37,5.0,2.58,On Time,Traffic
2382595056.0,12155.0,2023-12-09 12:42:22,2023-12-09 12:41:22,-1.0,4.12,On Time,
8056162498.0,21033.0,2023-05-08 22:27:21,2023-05-08 22:48:21,21.0,1.56,Significantly Delayed,Traffic
4593039089.0,58970.0,2024-09-14 07:15:20,2024-09-14 07:20:20,5.0,0.97,On Time,Traffic
7311288658.0,96125.0,2024-08-15 15:51:43,2024-08-15 15:51:43,0.0,1.64,On Time,
9157217130.0,22520.0,2023-06-18 20:12:32,2023-06-18 20:07:32,-5.0,4.52,On Time,
9328094731.0,87082.0,2024-08-21 04:43:01,2024-08-21 04:41:01,-2.0,1.48,On Time,
3259266120.0,98390.0,2024-07-08 13:00:30,2024-07-08 13:14:30,14.0,1.62,Slightly Delayed,Traffic
4656541041.0,12258.0,2024-10-30 19:24:44,2024-10-30 19:49:44,25.0,0.55,Significantly Delayed,Traffic
730839483.0,56532.0,2023-07-24 00:12:23,2023-07-24 00:08:23,-4.0,2.68,On Time,
6185824257.0,1663.0,2024-08-05 07:15:50,2024-08-05 07:15:50,0.0,1.45,On Time,
225195662.0,41237.0,2024-08-30 19:41:40,2024-08-30 19:48:40,7.0,3.42,Slightly Delayed,Traffic
6771104541.0,57250.0,2023-05-10 10:59:23,2023-05-10 10:58:23,-1.0,1.49,On Time,
6146830622.0,47626.0,2024-10-04 13:31:54,2024-10-04 13:27:54,-4.0,2.26,On Time,
1380326453.0,81223.0,2023-08-29 21:11:35,2023-08-29 21:14:35,3.0,4.45,On Time,Traffic
728523620.0,56472.0,2023-08-31 19:30:41,2023-08-31 19:33:41,3.0,2.89,On Time,Traffic
27296314.0,97704.0,2024-10-17 16:24:30,2024-10-17 16:46:30,22.0,4.39,Significantly Delayed,Traffic
2608278705.0,47002.0,2023-10-22 02:40:34,2023-10-22 02:46:34,6.0,4.52,Slightly Delayed,Traffic
6786366774.0,24511.0,2024-03-21 02:38:40,2024-03-21 02:35:40,-3.0,4.36,On Time,
5572475750.0,40263.0,2023-04-25 09:54:38,2023-04-25 09:55:38,1.0,2.33,On Time,Traffic
8276417383.0,12207.0,2024-06-18 02:33:04,2024-06-18 02:36:04,3.0,1.38,On Time,Traffic
784435014.0,92792.0,2023-10-11 14:58:33,2023-10-11 14:56:33,-2.0,1.72,On Time,
9442274046.0,54659.0,2023-09-01 11:08:53,2023-09-01 11:14:53,6.0,2.71,Slightly Delayed,Traffic
2470025903.0,86113.0,2024-06-06 08:07:42,2024-06-06 08:02:42,-5.0,0.72,On Time,
6774241153.0,43384.0,2024-09-23 05:46:57,2024-09-23 05:44:57,-2.0,2.82,On Time,
3874644184.0,94851.0,2024-06-23 23:43:09,2024-06-23 23:48:09,5.0,4.04,On Time,Traffic
8078065454.0,61678.0,2024-05-19 11:31:16,2024-05-19 12:01:16,30.0,0.56,Significantly Delayed,Traffic
340113260.0,75601.0,2024-02-27 15:38:27,2024-02-27 15:51:27,13.0,4.84,Slightly Delayed,Traffic
2978839318.0,28270.0,2024-01-11 16:18:45,2024-01-11 16:18:45,0.0,2.08,On Time,
3896922017.0,65400.0,2024-08-25 17:55:03,2024-08-25 17:59:03,4.0,4.95,On Time,Traffic
7621954956.0,54741.0,2023-07-07 04:14:40,2023-07-07 04:10:40,-4.0,2.73,On Time,
581178324.0,47464.0,2024-02-17 04:22:04,2024-02-17 04:19:04,-3.0,4.11,On Time,
8469170680.0,63716.0,2023-03-16 19:14:27,2023-03-16 19:18:27,4.0,1.51,On Time,Traffic
6779626333.0,76974.0,2024-05-11 01:31:43,2024-05-11 01:42:43,11.0,4.69,Slightly Delayed,Traffic
6335704206.0,20524.0,2024-05-22 12:48:47,2024-05-22 12:49:47,1.0,2.69,On Time,Traffic
8314342490.0,66981.0,2023-04-05 01:23:31,2023-04-05 01:23:31,0.0,0.64,On Time,
1948795658.0,77748.0,2023-10-23 07:57:00,2023-10-23 07:55:00,-2.0,2.73,On Time,
9187864807.0,69796.0,2024-06-22 10:17:22,2024-06-22 10:16:22,-1.0,4.86,On Time,
8399666962.0,970.0,2023-04-08 10:04:31,2023-04-08 09:59:31,-5.0,4.01,On Time,
6196321055.0,42302.0,2024-05-17 18:38:15,2024-05-17 18:37:15,-1.0,0.54,On Time,
8128518434.0,69854.0,2023-08-12 17:06:00,2023-08-12 17:03:00,-3.0,1.46,On Time,
9854897999.0,91060.0,2023-10-04 18:11:34,2023-10-04 18:10:34,-1.0,4.05,On Time,
2603584546.0,65439.0,2024-05-21 22:05:23,2024-05-21 22:09:23,4.0,3.85,On Time,Traffic
1295119665.0,2255.0,2024-03-19 08:26:31,2024-03-19 08:21:31,-5.0,4.34,On Time,
599975885.0,71620.0,2023-06-07 06:13:43,2023-06-07 06:11:43,-2.0,1.45,On Time,
5834861324.0,35944.0,2023-07-04 12:29:28,2023-07-04 12:50:28,21.0,1.72,Significantly Delayed,Traffic
2032005162.0,34670.0,2024-10-21 07:19:25,2024-10-21 07:23:25,4.0,2.55,On Time,Traffic
8391900458.0,24889.0,2023-05-17 05:51:54,2023-05-17 05:48:54,-3.0,4.37,On Time,
1887687323.0,33348.0,2024-02-08 03:09:48,2024-02-08 03:07:48,-2.0,3.78,On Time,
2120411967.0,57032.0,2023-12-21 01:38:43,2023-12-21 02:00:43,22.0,4.54,Significantly Delayed,Traffic
3158340906.0,87614.0,2024-07-19 01:41:35,2024-07-19 01:48:35,7.0,4.42,Slightly Delayed,Traffic
2387343456.0,95322.0,2024-10-19 03:22:02,2024-10-19 03:34:02,12.0,1.67,Slightly Delayed,Traffic
338609144.0,30432.0,2024-10-26 05:55:05,2024-10-26 05:52:05,-3.0,3.64,On Time,
9056190831.0,80716.0,2023-07-17 07:08:09,2023-07-17 07:08:09,0.0,3.38,On Time,
2803081135.0,91761.0,2023-06-10 22:06:58,2023-06-10 22:07:58,1.0,1.92,On Time,Traffic
5970759669.0,77115.0,2024-03-19 10:42:44,2024-03-19 10:41:44,-1.0,1.14,On Time,
3226693729.0,63788.0,2023-08-06 13:46:22,2023-08-06 13:45:22,-1.0,0.5,On Time,
8132845656.0,59176.0,2024-07-10 12:12:29,2024-07-10 12:36:29,24.0,2.73,Significantly Delayed,Traffic
7850550725.0,95256.0,2023-12-31 06:00:21,2023-12-31 06:04:21,4.0,3.45,On Time,Traffic
2934547619.0,93096.0,2024-06-01 21:11:04,2024-06-01 21:12:04,1.0,3.68,On Time,Traffic
608179182.0,62860.0,2024-08-01 08:41:48,2024-08-01 08:57:48,16.0,2.94,Significantly Delayed,Traffic
5191326847.0,18931.0,2023-05-13 21:45:00,2023-05-13 21:40:00,-5.0,1.48,On Time,
7614561036.0,12416.0,2023-09-10 06:13:46,2023-09-10 06:09:46,-4.0,1.58,On Time,
2947791133.0,27180.0,2023-11-28 07:29:17,2023-11-28 07:25:17,-4.0,1.02,On Time,
6538760883.0,6246.0,2024-04-19 14:06:57,2024-04-19 14:06:57,0.0,2.26,On Time,
8872250952.0,56371.0,2023-10-04 05:09:45,2023-10-04 05:25:45,16.0,4.38,Significantly Delayed,Traffic
8173258734.0,65288.0,2023-11-03 03:51:12,2023-11-03 03:59:12,8.0,4.19,Slightly Delayed,Traffic
5465833352.0,43563.0,2023-03-28 20:10:09,2023-03-28 20:12:09,2.0,1.06,On Time,Traffic
2106569369.0,6531.0,2024-01-02 11:45:38,2024-01-02 11:45:38,0.0,3.91,On Time,
9039440500.0,30254.0,2024-07-12 05:53:09,2024-07-12 05:54:09,1.0,2.47,On Time,Traffic
8281482042.0,42297.0,2023-06-28 15:38:01,2023-06-28 15:42:01,4.0,4.44,On Time,Traffic
479528548.0,48749.0,2023-07-17 23:45:46,2023-07-17 23:47:46,2.0,1.05,On Time,Traffic
8087519921.0,45580.0,2023-10-19 08:49:22,2023-10-19 08:45:22,-4.0,3.71,On Time,
4869691623.0,83043.0,2023-05-05 04:29:51,2023-05-05 04:24:51,-5.0,1.07,On Time,
7155177625.0,30422.0,2024-08-25 23:59:26,2024-08-26 00:04:26,5.0,3.68,On Time,Traffic
7254499390.0,86803.0,2023-11-29 13:46:00,2023-11-29 13:46:00,0.0,1.11,On Time,
7394439260.0,12528.0,2024-10-21 06:44:59,2024-10-21 07:11:59,27.0,4.36,Significantly Delayed,Traffic
6581715589.0,58622.0,2023-05-09 00:54:46,2023-05-09 00:53:46,-1.0,3.09,On Time,
9457009010.0,2554.0,2024-02-06 00:23:30,2024-02-06 00:37:30,14.0,2.95,Slightly Delayed,Traffic
2859660695.0,16252.0,2023-08-02 04:53:07,2023-08-02 05:06:07,13.0,3.37,Slightly Delayed,Traffic
6392348668.0,45949.0,2024-01-29 20:06:32,2024-01-29 20:11:32,5.0,2.44,On Time,Traffic
6933011590.0,61242.0,2023-08-01 23:34:26,2023-08-01 23:29:26,-5.0,1.3,On Time,
5809441378.0,5755.0,2024-07-29 21:11:08,2024-07-29 21:35:08,24.0,0.97,Significantly Delayed,Traffic
411113020.0,67832.0,2024-06-29 01:48:42,2024-06-29 01:51:42,3.0,4.93,On Time,Traffic
5512796364.0,26740.0,2023-06-21 15:38:37,2023-06-21 15:38:37,0.0,2.62,On Time,
2610813239.0,70178.0,2023-11-26 04:21:37,2023-11-26 04:20:37,-1.0,4.63,On Time,
3236748462.0,22715.0,2024-06-26 10:30:19,2024-06-26 10:34:19,4.0,2.9,On Time,Traffic
6652395897.0,9118.0,2024-07-11 03:52:04,2024-07-11 03:49:04,-3.0,3.42,On Time,
5517901926.0,44062.0,2023-06-25 00:01:38,2023-06-25 00:05:38,4.0,0.65,On Time,Traffic
2174753933.0,24246.0,2024-10-12 05:29:22,2024-10-12 05:26:22,-3.0,3.68,On Time,
1525700767.0,84226.0,2023-05-29 00:22:08,2023-05-29 00:37:08,15.0,4.55,Slightly Delayed,Traffic
7232692149.0,77791.0,2023-12-01 20:42:51,2023-12-01 20:46:51,4.0,4.28,On Time,Traffic
8556607504.0,26730.0,2024-02-20 06:47:03,2024-02-20 06:48:03,1.0,4.45,On Time,Traffic
5841260317.0,46790.0,2023-04-28 19:44:03,2023-04-28 19:58:03,14.0,2.69,Slightly Delayed,Traffic
9471427840.0,3518.0,2023-07-08 06:55:31,2023-07-08 07:10:31,15.0,2.42,Slightly Delayed,Traffic
2070610257.0,79253.0,2023-07-20 05:08:04,2023-07-20 05:08:04,0.0,1.67,On Time,
1884811437.0,85987.0,2023-03-21 20:21:38,2023-03-21 20:16:38,-5.0,1.8,On Time,
5331747573.0,21022.0,2024-09-30 16:58:59,2024-09-30 16:55:59,-3.0,1.98,On Time,
9977285985.0,9310.0,2023-08-11 15:18:42,2023-08-11 15:20:42,2.0,2.17,On Time,Traffic
1715175070.0,81041.0,2023-09-27 05:03:33,2023-09-27 05:25:33,22.0,1.99,Significantly Delayed,Traffic
4117790162.0,67561.0,2023-05-11 23:36:43,2023-05-11 23:39:43,3.0,3.4,On Time,Traffic
9051644316.0,3338.0,2024-07-23 17:31:45,2024-07-23 17:38:45,7.0,1.59,Slightly Delayed,Traffic
4903335316.0,78579.0,2023-04-30 19:51:17,2023-04-30 20:01:17,10.0,3.96,Slightly Delayed,Traffic
3341481363.0,5676.0,2023-11-22 02:33:41,2023-11-22 02:49:41,16.0,1.45,Significantly Delayed,Traffic
4074537770.0,35318.0,2024-04-30 07:12:27,2024-04-30 07:16:27,4.0,4.12,On Time,Traffic
5374589112.0,5005.0,2023-10-26 14:31:38,2023-10-26 14:55:38,24.0,1.35,Significantly Delayed,Traffic
6401406847.0,73083.0,2023-11-04 14:14:24,2023-11-04 14:25:24,11.0,2.91,Slightly Delayed,Traffic
698439139.0,11532.0,2024-09-07 07:25:30,2024-09-07 07:23:30,-2.0,3.38,On Time,
881367843.0,44968.0,2024-10-14 08:22:02,2024-10-14 08:18:02,-4.0,2.67,On Time,
6438115781.0,4344.0,2023-10-29 13:46:38,2023-10-29 13:46:38,0.0,4.89,On Time,
1706198744.0,71880.0,2024-06-03 18:30:37,2024-06-03 18:29:37,-1.0,2.71,On Time,
3115167739.0,72022.0,2024-07-25 18:43:08,2024-07-25 18:43:08,0.0,3.24,On Time,
8608111158.0,12818.0,2023-04-14 02:57:54,2023-04-14 03:06:54,9.0,3.77,Slightly Delayed,Traffic
8167540645.0,58084.0,2023-07-23 13:35:28,2023-07-23 13:39:28,4.0,3.63,On Time,Traffic
898210033.0,12413.0,2024-06-13 03:57:15,2024-06-13 03:55:15,-2.0,2.34,On Time,
5415454466.0,34853.0,2024-07-09 12:19:53,2024-07-09 12:20:53,1.0,1.91,On Time,Traffic
9240312177.0,95973.0,2023-04-06 12:41:30,2023-04-06 12:48:30,7.0,1.54,Slightly Delayed,Traffic
4880265969.0,27914.0,2023-05-22 01:32:12,2023-05-22 01:32:12,0.0,1.64,On Time,
5056583192.0,92613.0,2023-11-30 05:20:39,2023-11-30 05:16:39,-4.0,1.43,On Time,
1921412688.0,73146.0,2023-10-04 14:48:30,2023-10-04 14:51:30,3.0,2.91,On Time,Traffic
5829741995.0,19670.0,2023-12-25 23:10:40,2023-12-25 23:20:40,10.0,4.54,Slightly Delayed,Traffic
9830742370.0,76449.0,2024-02-09 16:32:41,2024-02-09 16:38:41,6.0,1.98,Slightly Delayed,Traffic
509041342.0,46033.0,2024-01-05 15:21:52,2024-01-05 15:21:52,0.0,2.24,On Time,
8420144998.0,23389.0,2023-11-25 19:50:54,2023-11-25 19:47:54,-3.0,1.9,On Time,
7353766541.0,31980.0,2023-06-28 21:43:31,2023-06-28 21:43:31,0.0,3.61,On Time,
8617979440.0,58649.0,2023-09-10 11:59:39,2023-09-10 12:17:39,18.0,4.5,Significantly Delayed,Traffic
680476823.0,57248.0,2024-09-23 14:23:55,2024-09-23 14:27:55,4.0,3.13,On Time,Traffic
5424536852.0,62091.0,2024-08-18 12:35:21,2024-08-18 12:37:21,2.0,2.27,On Time,Traffic
1142004448.0,26520.0,2024-06-05 07:54:45,2024-06-05 07:50:45,-4.0,1.46,On Time,
1814491335.0,88279.0,2024-02-24 07:57:16,2024-02-24 08:10:16,13.0,1.13,Slightly Delayed,Traffic
445929405.0,56215.0,2023-07-18 17:19:40,2023-07-18 17:22:40,3.0,4.08,On Time,Traffic
3849003596.0,32753.0,2023-10-07 17:31:57,2023-10-07 17:57:57,26.0,1.56,Significantly Delayed,Traffic
6367757670.0,87431.0,2024-09-08 16:48:15,2024-09-08 16:44:15,-4.0,3.34,On Time,
4925321106.0,88488.0,2024-02-04 06:39:26,2024-02-04 06:40:26,1.0,1.86,On Time,Traffic
4463294381.0,53108.0,2023-12-31 23:06:47,2023-12-31 23:21:47,15.0,1.15,Slightly Delayed,Traffic
9077946933.0,36570.0,2024-04-19 15:41:52,2024-04-19 15:50:52,9.0,1.91,Slightly Delayed,Traffic
6688079478.0,94088.0,2024-04-18 12:25:45,2024-04-18 12:23:45,-2.0,1.83,On Time,
8712304346.0,62302.0,2023-06-10 02:57:49,2023-06-10 02:52:49,-5.0,1.53,On Time,
3748957111.0,90798.0,2023-04-30 15:09:49,2023-04-30 15:17:49,8.0,2.78,Slightly Delayed,Traffic
2388792163.0,16233.0,2024-02-20 17:27:19,2024-02-20 17:40:19,13.0,3.8,Slightly Delayed,Traffic
2583035857.0,94223.0,2023-11-15 21:59:52,2023-11-15 22:02:52,3.0,1.63,On Time,Traffic
2649487718.0,74371.0,2024-03-01 14:11:21,2024-03-01 14:15:21,4.0,3.51,On Time,Traffic
5936628691.0,50066.0,2023-10-01 11:37:21,2023-10-01 11:49:21,12.0,4.61,Slightly Delayed,Traffic
7662682121.0,67053.0,2024-09-12 04:29:57,2024-09-12 04:30:57,1.0,4.85,On Time,Traffic
736115661.0,29600.0,2023-05-22 01:40:24,2023-05-22 01:50:24,10.0,2.86,Slightly Delayed,Traffic
2448741950.0,91140.0,2023-11-26 19:42:31,2023-11-26 19:45:31,3.0,1.44,On Time,Traffic
9321629905.0,93938.0,2024-02-08 20:36:13,2024-02-08 20:40:13,4.0,1.5,On Time,Traffic
9020583379.0,45361.0,2023-06-20 18:27:01,2023-06-20 18:29:01,2.0,2.17,On Time,Traffic
2642275862.0,13165.0,2023-12-18 06:28:35,2023-12-18 06:53:35,25.0,4.11,Significantly Delayed,Traffic
6932431317.0,17468.0,2024-07-16 04:22:08,2024-07-16 04:20:08,-2.0,4.75,On Time,
9126871366.0,52905.0,2023-05-18 09:04:54,2023-05-18 09:20:54,16.0,1.36,Significantly Delayed,Traffic
3244572785.0,94129.0,2024-01-16 21:32:55,2024-01-16 21:57:55,25.0,3.71,Significantly Delayed,Traffic
6485432691.0,89800.0,2023-05-13 21:38:44,2023-05-13 21:40:44,2.0,4.02,On Time,Traffic
6047222755.0,19111.0,2023-09-23 06:59:31,2023-09-23 06:58:31,-1.0,2.63,On Time,
6167501412.0,16808.0,2024-01-24 23:56:14,2024-01-25 00:23:14,27.0,1.27,Significantly Delayed,Traffic
2052163872.0,36843.0,2023-06-21 22:43:22,2023-06-21 22:43:22,0.0,0.99,On Time,
7740339645.0,8704.0,2023-12-04 01:32:30,2023-12-04 01:41:30,9.0,0.76,Slightly Delayed,Traffic
2761855959.0,21232.0,2023-10-24 07:17:54,2023-10-24 07:12:54,-5.0,3.92,On Time,
8010347195.0,37264.0,2023-12-14 20:35:20,2023-12-14 20:38:20,3.0,2.16,On Time,Traffic
2384153985.0,57668.0,2023-10-09 12:22:03,2023-10-09 12:32:03,10.0,2.06,Slightly Delayed,Traffic
3584794157.0,9727.0,2024-04-04 05:20:46,2024-04-04 05:18:46,-2.0,1.81,On Time,
8186709947.0,23823.0,2023-11-18 09:16:30,2023-11-18 09:38:30,22.0,4.09,Significantly Delayed,Traffic
6027355216.0,89884.0,2023-06-27 21:07:55,2023-06-27 21:08:55,1.0,2.01,On Time,Traffic
9823160533.0,80889.0,2024-06-05 05:30:03,2024-06-05 05:35:03,5.0,2.28,On Time,Traffic
8694663463.0,42844.0,2024-01-16 01:25:41,2024-01-16 01:23:41,-2.0,4.36,On Time,
1296772969.0,61392.0,2024-06-02 02:13:40,2024-06-02 02:14:40,1.0,4.48,On Time,Traffic
5856838171.0,7117.0,2023-12-20 18:44:40,2023-12-20 19:09:40,25.0,1.84,Significantly Delayed,Traffic
915473142.0,93166.0,2024-05-30 02:24:42,2024-05-30 02:39:42,15.0,3.12,Slightly Delayed,Traffic
6992097680.0,74334.0,2023-11-13 22:21:00,2023-11-13 22:34:00,13.0,4.17,Slightly Delayed,Traffic
6870670122.0,89533.0,2023-11-24 12:15:22,2023-11-24 12:16:22,1.0,0.66,On Time,Traffic
6626994121.0,18323.0,2024-07-16 00:57:39,2024-07-16 01:10:39,13.0,3.53,Slightly Delayed,Traffic
6125813500.0,31926.0,2023-07-23 17:29:56,2023-07-23 17:41:56,12.0,4.34,Slightly Delayed,Traffic
6899859775.0,12202.0,2024-04-30 16:48:18,2024-04-30 16:51:18,3.0,1.78,On Time,Traffic
1825560091.0,1440.0,2024-01-31 21:08:35,2024-01-31 21:13:35,5.0,2.81,On Time,Traffic
1320638425.0,38512.0,2023-04-26 22:11:58,2023-04-26 22:11:58,0.0,2.0,On Time,
5320995509.0,63710.0,2023-06-12 09:27:12,2023-06-12 09:32:12,5.0,3.48,On Time,Traffic
4249535395.0,45901.0,2023-03-25 11:31:29,2023-03-25 11:26:29,-5.0,1.15,On Time,
804881381.0,61383.0,2024-05-26 10:18:47,2024-05-26 10:14:47,-4.0,1.57,On Time,
4858560187.0,16416.0,2023-10-21 20:43:10,2023-10-21 20:47:10,4.0,4.42,On Time,Traffic
6425666148.0,19912.0,2023-08-07 21:05:37,2023-08-07 21:01:37,-4.0,1.13,On Time,
9021754099.0,54647.0,2024-08-01 02:38:31,2024-08-01 02:40:31,2.0,1.68,On Time,Traffic
7728205680.0,63693.0,2024-06-15 21:48:18,2024-06-15 21:48:18,0.0,2.34,On Time,
9346166799.0,40234.0,2024-10-23 00:38:31,2024-10-23 00:45:31,7.0,4.33,Slightly Delayed,Traffic
3377313085.0,83445.0,2023-09-23 23:34:58,2023-09-23 23:41:58,7.0,1.26,Slightly Delayed,Traffic
8167716321.0,69644.0,2024-05-02 03:23:20,2024-05-02 03:23:20,0.0,1.96,On Time,
2024637181.0,3368.0,2023-06-04 21:39:10,2023-06-04 21:40:10,1.0,3.78,On Time,Traffic
9310630290.0,47069.0,2023-10-04 06:54:01,2023-10-04 06:52:01,-2.0,2.55,On Time,
2276505075.0,40432.0,2024-07-05 13:51:54,2024-07-05 13:51:54,0.0,4.98,On Time,
6615188116.0,42073.0,2023-08-30 13:22:42,2023-08-30 13:27:42,5.0,3.51,On Time,Traffic
6858336318.0,18825.0,2024-06-29 07:48:32,2024-06-29 07:46:32,-2.0,1.48,On Time,
7601638642.0,8313.0,2024-09-10 06:23:31,2024-09-10 06:39:31,16.0,1.38,Significantly Delayed,Traffic
1191565627.0,13574.0,2023-11-04 12:20:36,2023-11-04 12:16:36,-4.0,3.4,On Time,
4785021992.0,14692.0,2023-12-20 12:30:37,2023-12-20 12:35:37,5.0,3.06,On Time,Traffic
3452964753.0,56030.0,2024-06-15 19:09:44,2024-06-15 19:13:44,4.0,3.92,On Time,Traffic
3490919801.0,59239.0,2023-10-18 07:08:41,2023-10-18 07:06:41,-2.0,1.15,On Time,
105578518.0,97558.0,2024-03-03 02:13:51,2024-03-03 02:27:51,14.0,0.57,Slightly Delayed,Traffic
2978719561.0,39241.0,2023-11-09 09:53:50,2023-11-09 10:00:50,7.0,1.83,Slightly Delayed,Traffic
9979010790.0,41655.0,2024-02-13 01:36:09,2024-02-13 01:46:09,10.0,4.05,Slightly Delayed,Traffic
4435636116.0,45294.0,2023-04-07 14:22:46,2023-04-07 14:20:46,-2.0,3.54,On Time,
5909879259.0,48039.0,2024-08-06 19:31:03,2024-08-06 19:42:03,11.0,4.87,Slightly Delayed,Traffic
2686390867.0,21025.0,2024-02-04 17:17:23,2024-02-04 17:15:23,-2.0,4.72,On Time,
6698537000.0,50375.0,2024-01-16 05:55:12,2024-01-16 05:54:12,-1.0,1.13,On Time,
4395604675.0,608.0,2023-11-11 11:11:29,2023-11-11 11:18:29,7.0,3.77,Slightly Delayed,Traffic
3475041787.0,93068.0,2024-07-27 13:00:39,2024-07-27 13:14:39,14.0,4.34,Slightly Delayed,Traffic
5817989751.0,53533.0,2023-11-22 11:48:54,2023-11-22 11:49:54,1.0,2.38,On Time,Traffic
1433129858.0,25333.0,2024-05-27 14:57:47,2024-05-27 14:52:47,-5.0,2.5,On Time,
3571922553.0,84788.0,2024-01-04 14:22:50,2024-01-04 14:26:50,4.0,4.45,On Time,Traffic
7940229189.0,40127.0,2024-03-20 21:49:09,2024-03-20 22:06:09,17.0,4.09,Significantly Delayed,Traffic
3801240688.0,82311.0,2024-08-26 01:02:08,2024-08-26 01:02:08,0.0,0.82,On Time,
1295268290.0,30358.0,2024-02-16 22:53:18,2024-02-16 22:50:18,-3.0,0.84,On Time,
4552636670.0,32309.0,2024-08-12 18:16:50,2024-08-12 18:19:50,3.0,4.94,On Time,Traffic
6805071689.0,85430.0,2024-03-30 05:06:39,2024-03-30 05:29:39,23.0,2.64,Significantly Delayed,Traffic
8026827967.0,72056.0,2023-06-17 22:41:55,2023-06-17 22:41:55,0.0,1.97,On Time,
6417774057.0,96532.0,2024-03-06 19:14:23,2024-03-06 19:20:23,6.0,2.95,Slightly Delayed,Traffic
7877665931.0,72800.0,2023-12-24 09:34:20,2023-12-24 09:39:20,5.0,4.69,On Time,Traffic
7754237266.0,9779.0,2023-05-09 13:48:26,2023-05-09 13:46:26,-2.0,3.12,On Time,
7985418058.0,72721.0,2024-09-10 04:10:21,2024-09-10 04:10:21,0.0,3.68,On Time,
5287733777.0,40327.0,2024-10-24 16:30:26,2024-10-24 16:28:26,-2.0,4.66,On Time,
7112725384.0,18999.0,2024-02-10 08:03:22,2024-02-10 08:03:22,0.0,0.77,On Time,
6261926473.0,21242.0,2024-06-16 19:17:12,2024-06-16 19:13:12,-4.0,2.86,On Time,
1495465938.0,53172.0,2023-10-15 07:38:32,2023-10-15 07:43:32,5.0,0.64,On Time,Traffic
7891205593.0,43532.0,2024-07-14 18:00:11,2024-07-14 17:56:11,-4.0,4.55,On Time,
924888012.0,28336.0,2024-03-10 08:47:01,2024-03-10 08:57:01,10.0,4.89,Slightly Delayed,Traffic
943278538.0,84473.0,2024-04-06 05:37:47,2024-04-06 06:04:47,27.0,4.7,Significantly Delayed,Traffic
9981950902.0,74591.0,2024-07-28 05:59:17,2024-07-28 06:04:17,5.0,1.23,On Time,Traffic
7769253886.0,34392.0,2023-09-25 23:50:12,2023-09-25 23:55:12,5.0,3.06,On Time,Traffic
9350977708.0,93092.0,2023-08-18 05:33:32,2023-08-18 05:32:32,-1.0,1.27,On Time,
4525211942.0,33706.0,2024-06-24 23:51:24,2024-06-24 23:50:24,-1.0,3.89,On Time,
7232049635.0,86311.0,2023-03-25 16:07:28,2023-03-25 16:02:28,-5.0,0.51,On Time,
679546532.0,40781.0,2024-05-28 17:17:25,2024-05-28 17:26:25,9.0,1.64,Slightly Delayed,Traffic
4665187954.0,39743.0,2024-04-03 05:33:47,2024-04-03 05:30:47,-3.0,4.23,On Time,
3914760118.0,52436.0,2023-03-21 20:29:23,2023-03-21 20:30:23,1.0,3.38,On Time,Traffic
155568486.0,59769.0,2023-12-26 05:07:10,2023-12-26 05:09:10,2.0,0.6,On Time,Traffic
3773972929.0,42110.0,2023-10-19 11:35:42,2023-10-19 11:34:42,-1.0,2.85,On Time,
2168808412.0,23293.0,2023-05-23 10:36:42,2023-05-23 10:50:42,14.0,1.34,Slightly Delayed,Traffic
7697315553.0,74363.0,2023-12-10 03:13:11,2023-12-10 03:16:11,3.0,3.93,On Time,Traffic
804414742.0,98191.0,2024-07-15 21:34:58,2024-07-15 21:46:58,12.0,4.21,Slightly Delayed,Traffic
918328199.0,20173.0,2023-12-18 02:05:01,2023-12-18 02:16:01,11.0,2.24,Slightly Delayed,Traffic
3084493525.0,89201.0,2023-04-11 19:06:37,2023-04-11 19:08:37,2.0,2.14,On Time,Traffic
8047256000.0,73002.0,2024-08-08 20:12:24,2024-08-08 20:23:24,11.0,4.53,Slightly Delayed,Traffic
5176597414.0,41701.0,2024-01-25 04:46:04,2024-01-25 04:54:04,8.0,0.72,Slightly Delayed,Traffic
110303417.0,66500.0,2024-05-24 02:08:07,2024-05-24 02:08:07,0.0,2.49,On Time,
1809212176.0,68256.0,2023-04-08 09:36:28,2023-04-08 09:32:28,-4.0,4.43,On Time,
1765001264.0,16034.0,2023-07-06 11:13:35,2023-07-06 11:40:35,27.0,0.54,Significantly Delayed,Traffic
4220306391.0,74233.0,2024-01-08 04:51:13,2024-01-08 05:03:13,12.0,3.39,Slightly Delayed,Traffic
1275637731.0,29837.0,2023-12-21 10:53:16,2023-12-21 11:14:16,21.0,2.19,Significantly Delayed,Traffic
7729557529.0,14931.0,2024-09-24 11:08:23,2024-09-24 11:11:23,3.0,0.89,On Time,Traffic
9279017414.0,72785.0,2023-05-29 15:09:48,2023-05-29 15:10:48,1.0,2.03,On Time,Traffic
8726185624.0,8736.0,2024-09-25 20:26:31,2024-09-25 20:31:31,5.0,2.67,On Time,Traffic
3192177869.0,2439.0,2024-08-10 04:39:42,2024-08-10 04:36:42,-3.0,4.51,On Time,
5033541164.0,78526.0,2024-05-26 04:39:43,2024-05-26 04:57:43,18.0,2.85,Significantly Delayed,Traffic
4495977117.0,30929.0,2023-05-02 10:23:23,2023-05-02 10:35:23,12.0,3.96,Slightly Delayed,Traffic
8866977450.0,60421.0,2024-09-03 09:31:50,2024-09-03 09:32:50,1.0,0.55,On Time,Traffic
7542030170.0,157.0,2023-12-21 00:45:48,2023-12-21 00:45:48,0.0,3.21,On Time,
8782031586.0,89181.0,2024-06-19 19:21:21,2024-06-19 19:28:21,7.0,0.58,Slightly Delayed,Traffic
7177553918.0,13012.0,2023-03-31 22:17:28,2023-03-31 22:31:28,14.0,3.48,Slightly Delayed,Traffic
9157563215.0,20285.0,2023-05-31 20:46:28,2023-05-31 20:45:28,-1.0,2.25,On Time,
989452284.0,34208.0,2024-07-07 22:23:41,2024-07-07 22:25:41,2.0,2.71,On Time,Traffic
9972678893.0,56834.0,2024-08-13 07:42:10,2024-08-13 07:42:10,0.0,1.06,On Time,
8561203503.0,70087.0,2024-04-14 05:23:07,2024-04-14 05:20:07,-3.0,4.49,On Time,
1388300707.0,48870.0,2024-04-08 22:12:05,2024-04-08 22:16:05,4.0,1.98,On Time,Traffic
4054816025.0,2786.0,2024-07-19 14:49:26,2024-07-19 14:51:26,2.0,3.89,On Time,Traffic
9943206333.0,86716.0,2023-03-22 09:57:17,2023-03-22 10:01:17,4.0,2.89,On Time,Traffic
3948498236.0,71487.0,2024-08-30 05:34:03,2024-08-30 05:43:03,9.0,4.87,Slightly Delayed,Traffic
8096169523.0,24856.0,2024-09-15 05:52:55,2024-09-15 05:55:55,3.0,4.87,On Time,Traffic
8803091944.0,70237.0,2024-05-18 03:24:30,2024-05-18 03:19:30,-5.0,2.41,On Time,
7409519974.0,63789.0,2024-01-16 21:41:18,2024-01-16 21:42:18,1.0,2.81,On Time,Traffic
456278500.0,70639.0,2024-05-06 16:27:15,2024-05-06 16:39:15,12.0,4.64,Slightly Delayed,Traffic
9912965340.0,38348.0,2023-08-20 17:31:27,2023-08-20 17:59:27,28.0,3.28,Significantly Delayed,Traffic
2802653261.0,8096.0,2024-10-07 16:47:53,2024-10-07 16:43:53,-4.0,1.99,On Time,
8629948751.0,57001.0,2023-08-31 15:08:32,2023-08-31 15:14:32,6.0,3.0,Slightly Delayed,Traffic
9169008097.0,11475.0,2024-05-18 09:37:08,2024-05-18 09:42:08,5.0,2.16,On Time,Traffic
3186513319.0,2924.0,2023-04-14 00:19:38,2023-04-14 00:28:38,9.0,4.76,Slightly Delayed,Traffic
8837578937.0,59526.0,2023-08-14 09:06:19,2023-08-14 09:07:19,1.0,1.07,On Time,Traffic
1468095888.0,73298.0,2023-06-17 06:24:04,2023-06-17 06:19:04,-5.0,2.18,On Time,
3055120492.0,10184.0,2023-12-19 16:53:47,2023-12-19 17:03:47,10.0,4.52,Slightly Delayed,Traffic
6083457185.0,5319.0,2024-08-19 20:54:04,2024-08-19 20:58:04,4.0,2.23,On Time,Traffic
7154956248.0,38167.0,2023-07-17 20:02:59,2023-07-17 19:58:59,-4.0,4.48,On Time,
246971181.0,10315.0,2023-07-30 14:32:21,2023-07-30 14:34:21,2.0,1.37,On Time,Traffic
2452915406.0,59616.0,2024-07-17 12:43:12,2024-07-17 12:46:12,3.0,1.89,On Time,Traffic
9458183390.0,9443.0,2023-03-17 01:39:51,2023-03-17 01:37:51,-2.0,2.14,On Time,
576571858.0,3179.0,2024-09-23 05:25:07,2024-09-23 05:26:07,1.0,2.39,On Time,Traffic
9544803182.0,13919.0,2024-03-27 02:53:21,2024-03-27 02:55:21,2.0,3.83,On Time,Traffic
2121652047.0,63262.0,2024-02-03 18:13:48,2024-02-03 18:30:48,17.0,2.48,Significantly Delayed,Traffic
8891725854.0,16971.0,2023-05-16 21:23:18,2023-05-16 21:22:18,-1.0,4.44,On Time,
4870772869.0,4732.0,2024-03-31 08:25:25,2024-03-31 08:26:25,1.0,1.87,On Time,Traffic
262562615.0,4045.0,2023-04-09 04:55:09,2023-04-09 04:59:09,4.0,4.08,On Time,Traffic
5142912812.0,90866.0,2023-11-16 22:28:43,2023-11-16 22:48:43,20.0,1.24,Significantly Delayed,Traffic
1225289500.0,77780.0,2024-03-31 22:04:15,2024-03-31 22:07:15,3.0,3.86,On Time,Traffic
7337555525.0,99482.0,2024-03-09 19:48:58,2024-03-09 19:49:58,1.0,1.77,On Time,Traffic
5719806088.0,88036.0,2024-01-08 13:50:35,2024-01-08 13:55:35,5.0,0.59,On Time,Traffic
6890191424.0,28164.0,2024-06-13 00:57:50,2024-06-13 01:03:50,6.0,1.22,Slightly Delayed,Traffic
5695198653.0,29646.0,2024-09-20 01:36:54,2024-09-20 01:38:54,2.0,2.19,On Time,Traffic
482670263.0,90648.0,2024-06-05 05:00:12,2024-06-05 04:59:12,-1.0,1.97,On Time,
7857904467.0,83539.0,2023-04-25 12:55:49,2023-04-25 12:56:49,1.0,2.73,On Time,Traffic
614435661.0,34007.0,2023-08-01 21:44:47,2023-08-01 21:48:47,4.0,4.98,On Time,Traffic
2284551326.0,48499.0,2023-10-07 04:55:46,2023-10-07 04:57:46,2.0,2.86,On Time,Traffic
8614991290.0,85862.0,2024-10-17 13:33:23,2024-10-17 13:54:23,21.0,3.87,Significantly Delayed,Traffic
9865566300.0,66125.0,2023-11-28 02:46:37,2023-11-28 02:53:37,7.0,0.52,Slightly Delayed,Traffic
6672582413.0,18435.0,2024-06-13 22:22:02,2024-06-13 22:36:02,14.0,1.95,Slightly Delayed,Traffic
3004834987.0,1554.0,2023-10-12 02:36:02,2023-10-12 02:31:02,-5.0,1.41,On Time,
4486349175.0,93191.0,2024-04-20 01:29:08,2024-04-20 01:34:08,5.0,1.93,On Time,Traffic
3098655541.0,58041.0,2023-05-06 07:03:37,2023-05-06 07:07:37,4.0,1.85,On Time,Traffic
1912293606.0,72857.0,2024-07-17 19:47:11,2024-07-17 19:49:11,2.0,0.56,On Time,Traffic
7465280557.0,44449.0,2024-03-13 13:35:12,2024-03-13 13:40:12,5.0,1.54,On Time,Traffic
343050015.0,72401.0,2023-04-21 06:40:18,2023-04-21 07:01:18,21.0,0.66,Significantly Delayed,Traffic
6414606364.0,32432.0,2024-01-26 05:05:08,2024-01-26 05:06:08,1.0,2.33,On Time,Traffic
4092550629.0,73303.0,2023-04-09 16:30:33,2023-04-09 16:30:33,0.0,1.69,On Time,
9810964144.0,28405.0,2024-02-08 20:11:13,2024-02-08 20:10:13,-1.0,2.88,On Time,
6513851276.0,36145.0,2023-08-24 15:58:08,2023-08-24 16:10:08,12.0,1.93,Slightly Delayed,Traffic
6080784069.0,78499.0,2023-07-19 11:58:13,2023-07-19 12:07:13,9.0,4.57,Slightly Delayed,Traffic
1967283733.0,37938.0,2023-08-01 07:20:08,2023-08-01 07:35:08,15.0,3.06,Slightly Delayed,Traffic
2683672396.0,18256.0,2023-08-27 05:02:33,2023-08-27 04:58:33,-4.0,1.2,On Time,
1464736195.0,21637.0,2024-08-23 16:17:00,2024-08-23 16:27:00,10.0,4.66,Slightly Delayed,Traffic
3258963661.0,53738.0,2024-05-17 08:14:34,2024-05-17 08:11:34,-3.0,0.54,On Time,
9956872454.0,31304.0,2023-11-20 05:23:37,2023-11-20 05:38:37,15.0,2.59,Slightly Delayed,Traffic
867630114.0,49041.0,2023-06-26 18:38:36,2023-06-26 18:38:36,0.0,0.64,On Time,
3333752740.0,84844.0,2023-07-10 17:14:53,2023-07-10 17:09:53,-5.0,4.57,On Time,
4835197446.0,20579.0,2024-01-02 08:26:22,2024-01-02 08:29:22,3.0,4.91,On Time,Traffic
1888517793.0,3529.0,2023-10-02 06:55:37,2023-10-02 06:58:37,3.0,3.53,On Time,Traffic
5148599328.0,57593.0,2024-05-07 13:47:19,2024-05-07 13:58:19,11.0,3.5,Slightly Delayed,Traffic
3405089431.0,66223.0,2024-02-23 15:45:21,2024-02-23 15:58:21,13.0,1.12,Slightly Delayed,Traffic
9286199495.0,61907.0,2023-09-10 21:08:55,2023-09-10 21:10:55,2.0,2.57,On Time,Traffic
6418255337.0,34687.0,2024-02-13 18:06:34,2024-02-13 18:06:34,0.0,1.03,On Time,
7442478777.0,81710.0,2023-10-17 08:25:55,2023-10-17 08:22:55,-3.0,0.52,On Time,
5170777528.0,48906.0,2023-05-01 09:59:09,2023-05-01 10:02:09,3.0,1.33,On Time,Traffic
1255941187.0,75245.0,2024-02-10 06:14:03,2024-02-10 06:27:03,13.0,1.2,Slightly Delayed,Traffic
4704980993.0,56079.0,2024-05-24 04:22:09,2024-05-24 04:34:09,12.0,1.69,Slightly Delayed,Traffic
7310604669.0,44693.0,2023-07-09 06:28:54,2023-07-09 06:37:54,9.0,4.17,Slightly Delayed,Traffic
7970608721.0,23409.0,2024-01-31 07:00:27,2024-01-31 07:14:27,14.0,1.18,Slightly Delayed,Traffic
3164727163.0,99751.0,2023-05-09 08:48:24,2023-05-09 08:54:24,6.0,2.47,Slightly Delayed,Traffic
2388064449.0,30915.0,2024-05-26 06:22:19,2024-05-26 06:27:19,5.0,3.4,On Time,Traffic
757816226.0,62043.0,2023-03-16 14:24:42,2023-03-16 14:42:42,18.0,1.86,Significantly Delayed,Traffic
259772553.0,96120.0,2023-09-27 02:25:15,2023-09-27 02:23:15,-2.0,3.1,On Time,
8388644219.0,29917.0,2024-04-21 10:05:41,2024-04-21 10:02:41,-3.0,3.72,On Time,
1545044936.0,95370.0,2023-08-24 23:50:46,2023-08-24 23:54:46,4.0,3.86,On Time,Traffic
6995571310.0,35644.0,2024-03-24 07:24:59,2024-03-24 07:22:59,-2.0,1.89,On Time,
8801161214.0,16061.0,2024-04-11 02:15:50,2024-04-11 02:19:50,4.0,2.44,On Time,Traffic
1751319400.0,13729.0,2024-06-25 11:09:04,2024-06-25 11:09:04,0.0,3.32,On Time,
10448052.0,47308.0,2023-08-05 10:21:05,2023-08-05 10:26:05,5.0,4.53,On Time,Traffic
3047076079.0,19052.0,2023-05-22 08:47:28,2023-05-22 08:43:28,-4.0,4.22,On Time,
5085860780.0,38853.0,2023-12-13 18:39:00,2023-12-13 18:34:00,-5.0,3.9,On Time,
6213909425.0,28346.0,2023-12-05 21:21:09,2023-12-05 21:23:09,2.0,4.18,On Time,Traffic
3712789789.0,67269.0,2024-02-02 20:03:03,2024-02-02 20:05:03,2.0,0.95,On Time,Traffic
278794976.0,56515.0,2023-03-18 11:46:14,2023-03-18 11:50:14,4.0,3.84,On Time,Traffic
3420357591.0,49383.0,2024-07-10 22:14:15,2024-07-10 22:11:15,-3.0,2.6,On Time,
4551386734.0,92089.0,2023-03-18 00:46:58,2023-03-18 00:59:58,13.0,3.13,Slightly Delayed,Traffic
7609681987.0,97077.0,2023-10-16 15:14:06,2023-10-16 15:18:06,4.0,1.0,On Time,Traffic
1721655048.0,44050.0,2024-04-15 13:45:03,2024-04-15 13:53:03,8.0,0.62,Slightly Delayed,Traffic
7040151151.0,55045.0,2023-03-28 17:07:25,2023-03-28 17:07:25,0.0,1.94,On Time,
6719661881.0,74581.0,2023-05-13 05:13:22,2023-05-13 05:13:22,0.0,1.93,On Time,
5195004299.0,52894.0,2024-01-09 06:57:07,2024-01-09 07:02:07,5.0,3.81,On Time,Traffic
5441946621.0,4469.0,2024-02-01 08:08:45,2024-02-01 08:27:45,19.0,1.05,Significantly Delayed,Traffic
3508992095.0,32093.0,2023-12-09 10:17:52,2023-12-09 10:44:52,27.0,3.38,Significantly Delayed,Traffic
8454449180.0,2578.0,2024-02-18 21:10:31,2024-02-18 21:18:31,8.0,1.97,Slightly Delayed,Traffic
9251851237.0,94666.0,2023-11-25 13:58:03,2023-11-25 14:02:03,4.0,3.59,On Time,Traffic
6739811103.0,93027.0,2024-01-01 23:10:54,2024-01-01 23:14:54,4.0,3.83,On Time,Traffic
7590827828.0,14664.0,2023-11-06 00:00:25,2023-11-05 23:59:25,-1.0,4.15,On Time,
310213322.0,13885.0,2023-09-30 04:38:12,2023-09-30 04:46:12,8.0,3.14,Slightly Delayed,Traffic
934908369.0,90844.0,2024-08-15 12:50:04,2024-08-15 12:54:04,4.0,2.21,On Time,Traffic
3817617199.0,37598.0,2024-08-28 00:33:42,2024-08-28 01:00:42,27.0,4.38,Significantly Delayed,Traffic
2622709030.0,10007.0,2024-07-11 13:04:49,2024-07-11 13:28:49,24.0,3.38,Significantly Delayed,Traffic
3843689992.0,11827.0,2024-10-13 14:06:50,2024-10-13 14:09:50,3.0,4.61,On Time,Traffic
8732395640.0,24839.0,2024-03-17 13:57:38,2024-03-17 13:54:38,-3.0,1.54,On Time,
3889721330.0,36020.0,2024-05-16 10:13:09,2024-05-16 10:41:09,28.0,4.82,Significantly Delayed,Traffic
7064093619.0,12886.0,2023-05-23 05:49:10,2023-05-23 05:49:10,0.0,4.63,On Time,
6798661163.0,29752.0,2024-07-23 10:34:16,2024-07-23 10:36:16,2.0,3.67,On Time,Traffic
2878307830.0,56966.0,2024-05-01 15:22:50,2024-05-01 15:37:50,15.0,1.94,Slightly Delayed,Traffic
4133369643.0,76053.0,2023-07-03 22:55:35,2023-07-03 23:01:35,6.0,3.69,Slightly Delayed,Traffic
3394787348.0,74478.0,2024-06-23 05:09:02,2024-06-23 05:23:02,14.0,2.69,Slightly Delayed,Traffic
4830380663.0,41847.0,2023-12-24 10:29:01,2023-12-24 10:30:01,1.0,4.73,On Time,Traffic
3441042301.0,80455.0,2023-08-05 10:00:32,2023-08-05 09:56:32,-4.0,1.89,On Time,
3984353474.0,94156.0,2024-05-19 07:02:11,2024-05-19 07:25:11,23.0,3.64,Significantly Delayed,Traffic
4495916529.0,63656.0,2023-04-01 11:51:48,2023-04-01 11:54:48,3.0,3.47,On Time,Traffic
5075205264.0,21123.0,2024-04-22 13:54:00,2024-04-22 14:00:00,6.0,3.43,Slightly Delayed,Traffic
6129180304.0,41630.0,2024-01-17 22:05:48,2024-01-17 22:06:48,1.0,0.59,On Time,Traffic
3311686914.0,95107.0,2024-05-06 21:02:58,2024-05-06 21:05:58,3.0,3.43,On Time,Traffic
3907403745.0,767.0,2023-06-19 16:51:55,2023-06-19 16:46:55,-5.0,0.63,On Time,
9924696305.0,93204.0,2023-04-30 14:53:42,2023-04-30 14:55:42,2.0,3.98,On Time,Traffic
7348508805.0,67512.0,2024-05-23 22:39:58,2024-05-23 22:49:58,10.0,3.22,Slightly Delayed,Traffic
1665004352.0,75219.0,2023-08-01 05:52:59,2023-08-01 05:50:59,-2.0,4.68,On Time,
1049800958.0,95346.0,2023-07-02 09:16:35,2023-07-02 09:16:35,0.0,0.54,On Time,
2937550786.0,59192.0,2023-08-06 08:18:35,2023-08-06 08:14:35,-4.0,4.47,On Time,
486724008.0,50502.0,2024-07-12 04:52:15,2024-07-12 05:04:15,12.0,0.84,Slightly Delayed,Traffic
9361578823.0,83234.0,2023-08-18 13:53:21,2023-08-18 13:55:21,2.0,2.51,On Time,Traffic
6249585672.0,56043.0,2023-07-09 08:50:58,2023-07-09 08:54:58,4.0,1.61,On Time,Traffic
2111712383.0,19726.0,2024-01-23 18:23:02,2024-01-23 18:26:02,3.0,5.0,On Time,Traffic
2962076108.0,54302.0,2024-06-13 05:02:25,2024-06-13 05:02:25,0.0,4.38,On Time,
7509638056.0,75144.0,2024-02-13 01:03:38,2024-02-13 01:08:38,5.0,3.25,On Time,Traffic
6074743537.0,91918.0,2024-09-12 06:43:08,2024-09-12 06:44:08,1.0,2.37,On Time,Traffic
3560026527.0,56514.0,2024-06-09 18:43:49,2024-06-09 19:07:49,24.0,4.71,Significantly Delayed,Traffic
7005103077.0,2513.0,2024-05-14 03:11:36,2024-05-14 03:11:36,0.0,4.26,On Time,
8175826750.0,45838.0,2024-09-17 20:24:13,2024-09-17 20:27:13,3.0,3.14,On Time,Traffic
8572946020.0,36711.0,2024-04-26 04:42:01,2024-04-26 04:42:01,0.0,1.45,On Time,
2936701883.0,69765.0,2024-03-02 09:10:52,2024-03-02 09:13:52,3.0,2.77,On Time,Traffic
9948324640.0,17187.0,2023-10-31 04:21:42,2023-10-31 04:25:42,4.0,2.7,On Time,Traffic
2865872281.0,62950.0,2024-09-14 00:02:04,2024-09-14 00:13:04,11.0,2.55,Slightly Delayed,Traffic
5785351358.0,31077.0,2024-11-03 14:41:39,2024-11-03 14:38:39,-3.0,2.65,On Time,
5204776107.0,66003.0,2023-08-24 23:47:11,2023-08-24 23:45:11,-2.0,2.93,On Time,
8689865723.0,15816.0,2024-03-28 15:31:29,2024-03-28 15:27:29,-4.0,2.88,On Time,
7822329516.0,16858.0,2023-11-19 23:12:01,2023-11-19 23:18:01,6.0,3.31,Slightly Delayed,Traffic
5995393950.0,47824.0,2023-08-06 08:09:40,2023-08-06 08:07:40,-2.0,4.57,On Time,
5458784818.0,23513.0,2024-07-24 03:16:03,2024-07-24 03:14:03,-2.0,4.17,On Time,
5611686165.0,61000.0,2023-07-02 08:27:05,2023-07-02 08:25:05,-2.0,2.93,On Time,
6390653932.0,54208.0,2023-05-19 08:18:04,2023-05-19 08:13:04,-5.0,3.01,On Time,
1215008706.0,6321.0,2024-03-04 23:15:25,2024-03-04 23:11:25,-4.0,2.83,On Time,
7357727116.0,10076.0,2024-06-15 09:45:19,2024-06-15 09:40:19,-5.0,2.36,On Time,
7562975685.0,7822.0,2023-07-02 04:59:00,2023-07-02 05:10:00,11.0,2.5,Slightly Delayed,Traffic
3118070064.0,84527.0,2023-06-05 04:41:07,2023-06-05 04:37:07,-4.0,2.61,On Time,
8255753870.0,87331.0,2023-09-09 08:35:02,2023-09-09 08:36:02,1.0,3.79,On Time,Traffic
5924715529.0,96349.0,2024-03-24 04:26:10,2024-03-24 04:29:10,3.0,3.37,On Time,Traffic
9593816617.0,39095.0,2023-05-28 01:56:07,2023-05-28 01:51:07,-5.0,3.28,On Time,
6143213997.0,11720.0,2024-03-21 10:15:10,2024-03-21 10:17:10,2.0,1.53,On Time,Traffic
4516009647.0,41620.0,2024-07-19 01:34:23,2024-07-19 01:36:23,2.0,2.54,On Time,Traffic
291900074.0,5023.0,2024-10-02 17:27:52,2024-10-02 17:22:52,-5.0,3.99,On Time,
3178700341.0,3879.0,2024-06-10 04:58:21,2024-06-10 04:53:21,-5.0,1.41,On Time,
4231742059.0,98347.0,2023-11-21 08:12:59,2023-11-21 08:26:59,14.0,4.62,Slightly Delayed,Traffic
7437613292.0,59329.0,2023-12-30 01:43:48,2023-12-30 01:52:48,9.0,2.2,Slightly Delayed,Traffic
5609346062.0,24295.0,2023-08-08 20:33:58,2023-08-08 20:32:58,-1.0,3.37,On Time,
909033820.0,51543.0,2023-10-11 10:36:32,2023-10-11 10:51:32,15.0,3.04,Slightly Delayed,Traffic
470624828.0,51227.0,2023-08-21 03:39:09,2023-08-21 03:40:09,1.0,0.57,On Time,Traffic
9608676386.0,71226.0,2023-08-14 19:43:16,2023-08-14 19:40:16,-3.0,1.12,On Time,
6846160702.0,89788.0,2023-07-20 16:17:04,2023-07-20 16:13:04,-4.0,1.81,On Time,
4248168019.0,30671.0,2024-03-26 14:43:52,2024-03-26 14:39:52,-4.0,3.42,On Time,
9057909300.0,74314.0,2024-01-17 16:38:44,2024-01-17 16:37:44,-1.0,3.47,On Time,
2171816966.0,6125.0,2024-01-30 19:26:30,2024-01-30 19:22:30,-4.0,1.08,On Time,
1387025817.0,5633.0,2024-06-15 20:46:42,2024-06-15 20:50:42,4.0,3.3,On Time,Traffic
6801124715.0,15655.0,2024-04-10 06:46:06,2024-04-10 06:44:06,-2.0,0.68,On Time,
6117979297.0,69314.0,2023-12-23 05:32:12,2023-12-23 05:32:12,0.0,3.3,On Time,
4902314626.0,35281.0,2024-05-25 16:01:16,2024-05-25 15:58:16,-3.0,2.83,On Time,
361595059.0,12549.0,2023-10-21 06:25:27,2023-10-21 06:21:27,-4.0,3.98,On Time,
5309683159.0,90567.0,2023-04-21 05:19:01,2023-04-21 05:36:01,17.0,2.43,Significantly Delayed,Traffic
2300265337.0,48275.0,2024-01-01 01:23:17,2024-01-01 01:26:17,3.0,3.53,On Time,Traffic
199903168.0,93719.0,2023-04-16 11:14:20,2023-04-16 11:11:20,-3.0,1.37,On Time,
4923840119.0,27171.0,2024-09-04 05:56:29,2024-09-04 05:53:29,-3.0,1.33,On Time,
2209550085.0,80992.0,2024-09-07 13:42:14,2024-09-07 13:41:14,-1.0,2.99,On Time,
120178110.0,73380.0,2024-01-21 01:37:21,2024-01-21 01:47:21,10.0,1.82,Slightly Delayed,Traffic
6647259959.0,45832.0,2023-06-20 22:42:07,2023-06-20 23:05:07,23.0,1.13,Significantly Delayed,Traffic
3859980017.0,15085.0,2023-05-15 05:27:07,2023-05-15 05:29:07,2.0,4.71,On Time,Traffic
9196827234.0,96615.0,2023-10-31 05:05:31,2023-10-31 05:17:31,12.0,1.43,Slightly Delayed,Traffic
3499440849.0,72321.0,2023-10-10 21:47:37,2023-10-10 21:43:37,-4.0,1.24,On Time,
7114775833.0,84672.0,2024-07-08 13:09:59,2024-07-08 13:04:59,-5.0,1.29,On Time,
7812364366.0,82685.0,2023-08-26 23:53:03,2023-08-26 23:50:03,-3.0,4.03,On Time,
7525899857.0,98968.0,2023-09-04 04:31:50,2023-09-04 04:26:50,-5.0,1.75,On Time,
3917847107.0,17488.0,2024-08-13 22:37:03,2024-08-13 22:38:03,1.0,1.84,On Time,Traffic
1229828587.0,1392.0,2023-10-27 01:39:12,2023-10-27 01:43:12,4.0,0.91,On Time,Traffic
4249345096.0,31425.0,2023-05-31 19:00:29,2023-05-31 19:00:29,0.0,0.53,On Time,
4002407580.0,96978.0,2023-11-17 17:30:26,2023-11-17 17:35:26,5.0,4.85,On Time,Traffic
5982122427.0,58401.0,2023-04-23 20:15:41,2023-04-23 20:18:41,3.0,0.52,On Time,Traffic
3280431261.0,26604.0,2024-03-13 22:15:07,2024-03-13 22:10:07,-5.0,3.51,On Time,
5066338759.0,62785.0,2023-11-21 05:05:59,2023-11-21 05:00:59,-5.0,1.11,On Time,
9087426355.0,34521.0,2023-11-03 17:25:47,2023-11-03 17:24:47,-1.0,1.59,On Time,
5512907.0,44545.0,2023-04-30 21:11:21,2023-04-30 21:26:21,15.0,0.59,Slightly Delayed,Traffic
4174741467.0,13853.0,2023-12-17 02:10:05,2023-12-17 02:22:05,12.0,3.05,Slightly Delayed,Traffic
6270463968.0,66084.0,2023-10-03 03:57:56,2023-10-03 03:53:56,-4.0,0.97,On Time,
1239385001.0,73973.0,2023-09-27 14:15:37,2023-09-27 14:17:37,2.0,3.3,On Time,Traffic
5250202756.0,20751.0,2023-09-10 12:07:03,2023-09-10 12:27:03,20.0,1.21,Significantly Delayed,Traffic
4099185509.0,58500.0,2024-01-24 20:38:07,2024-01-24 20:37:07,-1.0,1.1,On Time,
7875903450.0,58175.0,2024-03-14 04:51:14,2024-03-14 04:51:14,0.0,1.86,On Time,
7561642939.0,2481.0,2024-07-24 20:29:37,2024-07-24 20:25:37,-4.0,0.71,On Time,
5438908316.0,72583.0,2024-04-03 00:58:54,2024-04-03 00:58:54,0.0,3.27,On Time,
357437373.0,18049.0,2023-05-10 06:20:22,2023-05-10 06:25:22,5.0,2.34,On Time,Traffic
8972877222.0,33125.0,2024-10-26 05:12:57,2024-10-26 05:13:57,1.0,2.43,On Time,Traffic
1163798451.0,42721.0,2023-10-04 03:20:32,2023-10-04 03:47:32,27.0,0.79,Significantly Delayed,Traffic
3588229485.0,49352.0,2024-08-01 00:48:39,2024-08-01 01:09:39,21.0,3.52,Significantly Delayed,Traffic
1205823348.0,49614.0,2024-07-29 10:32:55,2024-07-29 10:41:55,9.0,2.62,Slightly Delayed,Traffic
2867008541.0,91284.0,2023-12-20 17:59:19,2023-12-20 18:11:19,12.0,0.86,Slightly Delayed,Traffic
5794917332.0,49073.0,2024-02-16 14:02:41,2024-02-16 13:57:41,-5.0,4.96,On Time,
4726520098.0,78911.0,2023-04-19 21:49:45,2023-04-19 21:46:45,-3.0,4.96,On Time,
6251716165.0,11366.0,2023-09-27 21:50:53,2023-09-27 22:01:53,11.0,4.49,Slightly Delayed,Traffic
5991829458.0,38043.0,2023-08-12 07:17:02,2023-08-12 07:14:02,-3.0,1.56,On Time,
1142626566.0,96797.0,2024-05-31 05:31:00,2024-05-31 05:28:00,-3.0,3.79,On Time,
2595161999.0,55560.0,2023-08-12 02:29:59,2023-08-12 02:26:59,-3.0,0.91,On Time,
8865698939.0,63903.0,2023-09-09 19:31:23,2023-09-09 19:33:23,2.0,0.67,On Time,Traffic
1776582175.0,24098.0,2024-03-29 23:56:45,2024-03-30 00:01:45,5.0,0.7,On Time,Traffic
7323157341.0,62964.0,2024-07-01 22:57:22,2024-07-01 23:02:22,5.0,2.98,On Time,Traffic
8997413283.0,66681.0,2024-10-02 10:39:13,2024-10-02 10:43:13,4.0,1.29,On Time,Traffic
2548452255.0,24605.0,2023-09-18 02:24:26,2023-09-18 02:45:26,21.0,1.7,Significantly Delayed,Traffic
7906839225.0,60479.0,2023-10-28 15:55:23,2023-10-28 15:54:23,-1.0,2.58,On Time,
4113927200.0,27208.0,2023-05-19 05:32:03,2023-05-19 05:29:03,-3.0,1.91,On Time,
4233626614.0,92251.0,2024-07-28 05:30:33,2024-07-28 05:35:33,5.0,1.05,On Time,Traffic
2886463378.0,84279.0,2023-12-24 19:31:51,2023-12-24 19:54:51,23.0,2.15,Significantly Delayed,Traffic
1823348306.0,67696.0,2023-06-27 10:08:08,2023-06-27 10:07:08,-1.0,2.12,On Time,
8706556166.0,62877.0,2024-09-11 23:27:11,2024-09-11 23:38:11,11.0,2.42,Slightly Delayed,Traffic
5139433840.0,51831.0,2023-05-25 21:02:40,2023-05-25 21:05:40,3.0,0.67,On Time,Traffic
769731596.0,68989.0,2024-10-10 06:55:41,2024-10-10 06:59:41,4.0,1.87,On Time,Traffic
1346090496.0,12853.0,2023-08-18 08:03:46,2023-08-18 08:08:46,5.0,2.76,On Time,Traffic
9339629293.0,84873.0,2023-05-28 02:45:58,2023-05-28 02:56:58,11.0,3.68,Slightly Delayed,Traffic
3043993017.0,17792.0,2023-11-25 00:51:58,2023-11-25 01:00:58,9.0,4.14,Slightly Delayed,Traffic
274863669.0,28216.0,2024-04-11 17:50:35,2024-04-11 17:48:35,-2.0,3.0,On Time,
3736611791.0,74097.0,2024-10-05 08:05:45,2024-10-05 08:01:45,-4.0,4.97,On Time,
9628875555.0,41405.0,2024-03-09 04:09:13,2024-03-09 04:07:13,-2.0,4.05,On Time,
6367306297.0,66042.0,2023-09-25 11:33:00,2023-09-25 11:29:00,-4.0,3.58,On Time,
4393113152.0,65563.0,2024-06-02 08:24:47,2024-06-02 08:39:47,15.0,3.86,Slightly Delayed,Traffic
1239928207.0,32011.0,2023-09-11 00:47:13,2023-09-11 00:46:13,-1.0,3.82,On Time,
5473002872.0,32746.0,2024-07-07 16:53:05,2024-07-07 16:51:05,-2.0,2.29,On Time,
6536847919.0,94795.0,2023-06-10 19:48:51,2023-06-10 19:48:51,0.0,3.79,On Time,
5480709564.0,12013.0,2023-12-16 23:20:42,2023-12-16 23:17:42,-3.0,3.07,On Time,
1393100618.0,29783.0,2024-09-25 01:47:46,2024-09-25 01:44:46,-3.0,4.83,On Time,
6999330116.0,52664.0,2023-04-13 00:24:06,2023-04-13 00:47:06,23.0,3.9,Significantly Delayed,Traffic
7816842690.0,65271.0,2023-08-01 19:31:42,2023-08-01 19:34:42,3.0,3.39,On Time,Traffic
3186586558.0,65286.0,2024-02-21 14:09:40,2024-02-21 14:08:40,-1.0,4.78,On Time,
7927955136.0,68889.0,2023-08-28 00:07:24,2023-08-28 00:07:24,0.0,4.64,On Time,
3518172697.0,30283.0,2023-05-13 19:37:59,2023-05-13 19:33:59,-4.0,3.73,On Time,
4557188271.0,95152.0,2024-05-16 06:49:40,2024-05-16 06:53:40,4.0,0.79,On Time,Traffic
2893244627.0,27027.0,2024-10-10 18:28:29,2024-10-10 18:39:29,11.0,4.59,Slightly Delayed,Traffic
1996683408.0,88615.0,2024-01-30 23:40:16,2024-01-30 23:53:16,13.0,3.25,Slightly Delayed,Traffic
1673794089.0,8299.0,2024-02-06 16:24:43,2024-02-06 16:19:43,-5.0,3.1,On Time,
9931161723.0,71373.0,2023-07-12 20:16:22,2023-07-12 20:13:22,-3.0,1.7,On Time,
856799416.0,9261.0,2023-09-10 15:03:09,2023-09-10 15:05:09,2.0,2.31,On Time,Traffic
6668508959.0,28017.0,2024-08-31 19:40:35,2024-08-31 19:36:35,-4.0,3.98,On Time,
4914874727.0,87545.0,2023-06-13 19:47:13,2023-06-13 19:50:13,3.0,3.99,On Time,Traffic
7869104895.0,40351.0,2023-10-01 21:42:39,2023-10-01 21:41:39,-1.0,4.36,On Time,
5094989752.0,58224.0,2024-06-01 12:28:08,2024-06-01 12:32:08,4.0,3.05,On Time,Traffic
4305377896.0,98259.0,2024-08-08 00:45:16,2024-08-08 01:10:16,25.0,3.68,Significantly Delayed,Traffic
7017136473.0,97218.0,2024-03-11 20:32:32,2024-03-11 20:28:32,-4.0,3.48,On Time,
3303209513.0,51536.0,2024-03-09 03:58:10,2024-03-09 03:53:10,-5.0,1.82,On Time,
8607953669.0,43374.0,2023-06-10 10:53:47,2023-06-10 10:50:47,-3.0,0.92,On Time,
1940918101.0,36605.0,2023-10-03 18:47:51,2023-10-03 18:42:51,-5.0,2.6,On Time,
6494615659.0,98218.0,2023-11-19 19:02:56,2023-11-19 19:15:56,13.0,2.58,Slightly Delayed,Traffic
4280890409.0,14063.0,2024-10-30 14:52:42,2024-10-30 14:56:42,4.0,4.99,On Time,Traffic
7598489331.0,15197.0,2024-07-20 16:08:26,2024-07-20 16:15:26,7.0,1.57,Slightly Delayed,Traffic
8755280486.0,88931.0,2024-07-30 17:45:23,2024-07-30 17:52:23,7.0,2.04,Slightly Delayed,Traffic
8281093933.0,49094.0,2024-02-18 14:00:29,2024-02-18 13:55:29,-5.0,4.31,On Time,
7415765726.0,80897.0,2023-08-05 09:36:31,2023-08-05 09:51:31,15.0,4.38,Slightly Delayed,Traffic
6266072804.0,53113.0,2024-06-23 06:35:02,2024-06-23 06:39:02,4.0,1.93,On Time,Traffic
1542448934.0,43749.0,2023-10-13 08:40:43,2023-10-13 08:39:43,-1.0,2.36,On Time,
2896979776.0,61426.0,2023-05-24 06:01:25,2023-05-24 05:57:25,-4.0,4.68,On Time,
169867835.0,73090.0,2023-08-16 22:39:20,2023-08-16 22:37:20,-2.0,2.09,On Time,
9493456526.0,32972.0,2023-04-02 07:25:05,2023-04-02 07:22:05,-3.0,3.86,On Time,
9423261830.0,65046.0,2023-08-24 06:36:57,2023-08-24 06:39:57,3.0,0.75,On Time,Traffic
5793453795.0,52204.0,2024-04-13 02:43:42,2024-04-13 02:48:42,5.0,3.36,On Time,Traffic
2141680269.0,87339.0,2024-10-25 02:20:26,2024-10-25 02:23:26,3.0,4.35,On Time,Traffic
6457122136.0,18328.0,2023-05-19 07:54:24,2023-05-19 08:19:24,25.0,1.9,Significantly Delayed,Traffic
8447536518.0,60151.0,2023-12-21 00:03:02,2023-12-21 00:08:02,5.0,3.83,On Time,Traffic
3191672889.0,74528.0,2024-07-07 18:02:59,2024-07-07 18:03:59,1.0,2.17,On Time,Traffic
2521995712.0,80597.0,2023-08-21 01:59:10,2023-08-21 01:57:10,-2.0,4.53,On Time,
8194578267.0,18189.0,2023-10-11 14:06:45,2023-10-11 14:10:45,4.0,4.82,On Time,Traffic
2811341619.0,57713.0,2024-05-24 20:27:58,2024-05-24 20:30:58,3.0,1.75,On Time,Traffic
5562576298.0,77071.0,2023-11-08 13:41:27,2023-11-08 13:48:27,7.0,3.4,Slightly Delayed,Traffic
7446009755.0,72606.0,2023-06-15 21:08:56,2023-06-15 21:19:56,11.0,4.92,Slightly Delayed,Traffic
7343262659.0,84731.0,2023-04-07 06:46:05,2023-04-07 06:49:05,3.0,3.25,On Time,Traffic
7147677361.0,85980.0,2024-07-12 10:09:18,2024-07-12 10:09:18,0.0,4.23,On Time,
8732072897.0,81555.0,2023-06-14 10:48:11,2023-06-14 10:53:11,5.0,0.58,On Time,Traffic
6418604551.0,53773.0,2023-07-25 19:41:47,2023-07-25 19:36:47,-5.0,2.03,On Time,
4989511905.0,13120.0,2023-04-03 01:07:43,2023-04-03 01:06:43,-1.0,5.0,On Time,
2520527893.0,59389.0,2024-10-02 01:53:34,2024-10-02 02:10:34,17.0,1.14,Significantly Delayed,Traffic
4753989820.0,25584.0,2023-10-06 20:08:59,2023-10-06 20:08:59,0.0,3.16,On Time,
8285547588.0,15091.0,2024-01-02 23:27:51,2024-01-02 23:32:51,5.0,2.86,On Time,Traffic
5824924668.0,22803.0,2023-11-19 17:24:48,2023-11-19 17:25:48,1.0,1.97,On Time,Traffic
7703854141.0,53317.0,2024-05-13 17:18:31,2024-05-13 17:14:31,-4.0,3.6,On Time,
7380361209.0,84748.0,2023-06-27 10:48:07,2023-06-27 10:44:07,-4.0,0.61,On Time,
5053033745.0,39933.0,2024-04-09 13:59:30,2024-04-09 13:59:30,0.0,1.31,On Time,
4859489972.0,14184.0,2023-07-15 17:42:59,2023-07-15 17:40:59,-2.0,3.04,On Time,
9690396315.0,21543.0,2024-09-29 11:19:50,2024-09-29 11:15:50,-4.0,3.24,On Time,
448732557.0,18718.0,2023-12-01 00:00:28,2023-11-30 23:58:28,-2.0,3.93,On Time,
4927306668.0,69647.0,2023-06-08 23:32:25,2023-06-08 23:30:25,-2.0,1.12,On Time,
1669690997.0,90914.0,2023-12-25 16:05:20,2023-12-25 16:10:20,5.0,1.86,On Time,Traffic
8340761903.0,27952.0,2023-11-27 09:38:43,2023-11-27 09:36:43,-2.0,3.31,On Time,
5936301790.0,9590.0,2024-06-21 19:23:09,2024-06-21 19:26:09,3.0,2.44,On Time,Traffic
5710579377.0,29940.0,2024-06-06 15:12:13,2024-06-06 15:10:13,-2.0,1.76,On Time,
2494813730.0,32851.0,2023-08-23 12:20:18,2023-08-23 12:21:18,1.0,2.7,On Time,Traffic
