feedback_id,order_id,customer_id,rating,feedback_text,feedback_category,sentiment,feedback_date
2234710.0,1961864118.0,30065862.0,4.0,"It was okay, nothing special.",Delivery,Neutral,2024-07-17
5450964.0,1549769649.0,9573071.0,3.0,The order was incorrect.,App Experience,Negative,2024-05-28
482108.0,9185164487.0,45477575.0,3.0,"It was okay, nothing special.",App Experience,Neutral,2024-09-23
4823104.0,9644738826.0,88067569.0,4.0,The product met my expectations.,App Experience,Neutral,2023-11-24
3537464.0,5427684290.0,83298567.0,3.0,Product was damaged during delivery.,Delivery,Negative,2023-11-20
4089724.0,3265154092.0,43367112.0,2.0,Product was damaged during delivery.,Customer Service,Negative,2023-03-18
230696.0,4898355547.0,13284996.0,4.0,Highly recommended!,Product Quality,Positive,2023-04-16
2259308.0,6568151549.0,88866835.0,2.0,I had a bad experience.,App Experience,Negative,2024-03-31
7380970.0,6006693867.0,24496983.0,3.0,Product was damaged during delivery.,Delivery,Negative,2023-07-14
2257242.0,374186990.0,52215833.0,3.0,The product met my expectations.,App Experience,Neutral,2023-08-09
1837573.0,4455336265.0,43431724.0,2.0,Taste was not as expected.,Delivery,Negative,2023-08-30
258023.0,3539286337.0,77559557.0,3.0,"Delivery was fine, but the product could be better.",Delivery,Neutral,2023-04-25
3081099.0,9171116867.0,87107263.0,4.0,The product met my expectations.,Customer Service,Neutral,2023-10-22
3158837.0,5504941865.0,76512976.0,5.0,Highly recommended!,App Experience,Positive,2024-01-28
9465932.0,5868326481.0,37556526.0,4.0,"Nothing to complain about, but nothing exceptional.",Product Quality,Neutral,2024-03-15
8111644.0,2137046916.0,12059049.0,4.0,"Overall good experience, thank you!",Customer Service,Positive,2024-02-03
121425.0,8195544338.0,26199489.0,4.0,"Nothing to complain about, but nothing exceptional.",Delivery,Neutral,2023-04-26
8267419.0,2889700050.0,84848018.0,4.0,"Average experience, could improve.",Delivery,Neutral,2024-04-30
7168244.0,65827885.0,47577193.0,1.0,Product was damaged during delivery.,Delivery,Negative,2023-07-27
2482108.0,4656471694.0,60728956.0,3.0,Not worth the price I paid.,Customer Service,Negative,2023-12-09
3769939.0,6625178717.0,62068277.0,2.0,Items were missing from my order.,Product Quality,Negative,2023-07-01
9592296.0,7169557514.0,84824280.0,2.0,Customer service was not helpful.,Product Quality,Negative,2023-03-21
1592958.0,2268306684.0,66742602.0,5.0,"Overall good experience, thank you!",Delivery,Positive,2024-05-28
2088819.0,6905293278.0,97259564.0,3.0,"It was okay, nothing special.",Delivery,Neutral,2024-06-16
3567003.0,1769493463.0,3292927.0,2.0,I had a bad experience.,App Experience,Negative,2024-06-26
2903160.0,5003387344.0,26592009.0,4.0,"Nothing to complain about, but nothing exceptional.",Delivery,Neutral,2024-06-23
7511717.0,2064484752.0,89995124.0,3.0,The product met my expectations.,Customer Service,Neutral,2024-05-07
1055307.0,964822979.0,88520326.0,3.0,Delivery was late and I was unhappy.,Product Quality,Negative,2024-07-13
1477592.0,6037899648.0,22738465.0,3.0,"Delivery was fine, but the product could be better.",Product Quality,Neutral,2024-03-27
7898352.0,9347571484.0,29562072.0,3.0,I had a bad experience.,Product Quality,Negative,2024-11-02
8804364.0,3286177534.0,10225164.0,3.0,The product met my expectations.,Delivery,Neutral,2023-06-25
1208337.0,9073572548.0,97111069.0,4.0,The product met my expectations.,Customer Service,Neutral,2023-05-02
4382390.0,8395583761.0,1989720.0,4.0,Great prices and fast delivery!,App Experience,Positive,2024-08-04
4858018.0,6355378227.0,67092149.0,4.0,"Overall good experience, thank you!",Customer Service,Positive,2023-08-11
2400571.0,277376321.0,89784343.0,4.0,Great prices and fast delivery!,App Experience,Positive,2024-07-28
3093140.0,8559748526.0,45868300.0,4.0,"Average experience, could improve.",App Experience,Neutral,2023-04-05
9407783.0,1458051433.0,50760752.0,4.0,The product met my expectations.,App Experience,Neutral,2024-04-26
1180902.0,5838302640.0,96795047.0,4.0,"It was okay, nothing special.",App Experience,Neutral,2023-05-12
6888502.0,1380971977.0,16561710.0,3.0,"Delivery was fine, but the product could be better.",Product Quality,Neutral,2024-06-02
8679241.0,1221099013.0,35156679.0,4.0,"Nothing to complain about, but nothing exceptional.",Customer Service,Neutral,2023-07-23
7512781.0,6771166303.0,87718744.0,3.0,The order was incorrect.,Product Quality,Negative,2023-07-24
5356601.0,7111337755.0,10524732.0,4.0,"Average experience, could improve.",Customer Service,Neutral,2023-05-06
9043273.0,5562922993.0,62416456.0,4.0,"Nothing to complain about, but nothing exceptional.",Product Quality,Neutral,2023-12-06
3470106.0,5630957897.0,69925688.0,4.0,"Delivery was fine, but the product could be better.",Delivery,Neutral,2024-06-18
5957700.0,1787380558.0,5140660.0,4.0,"Nothing to complain about, but nothing exceptional.",App Experience,Neutral,2023-11-08
8956798.0,32613017.0,82594354.0,5.0,"Excellent quality, will buy again!",Delivery,Positive,2023-03-17
4843776.0,2039041670.0,88324928.0,4.0,"Average experience, could improve.",Product Quality,Neutral,2024-11-01
8241448.0,210693801.0,71235336.0,3.0,Product was damaged during delivery.,Customer Service,Negative,2024-08-21
1664531.0,8120002258.0,57833505.0,3.0,"Nothing to complain about, but nothing exceptional.",Delivery,Neutral,2024-01-01
4940244.0,2177917034.0,12402437.0,5.0,Will definitely order again.,App Experience,Positive,2024-02-08
7165598.0,4254814926.0,59890331.0,3.0,The packaging was poor.,App Experience,Negative,2024-04-21
4424806.0,6074172790.0,14944819.0,4.0,Good selection of products.,Customer Service,Positive,2023-07-26
2074845.0,3381573131.0,67386193.0,1.0,Delivery was late and I was unhappy.,Delivery,Negative,2024-07-16
417728.0,3773745777.0,67701771.0,4.0,"It was okay, nothing special.",Customer Service,Neutral,2024-05-02
5642561.0,9251939156.0,89910157.0,4.0,"Overall good experience, thank you!",App Experience,Positive,2023-12-30
261554.0,3872982303.0,15484407.0,4.0,"It was okay, nothing special.",Delivery,Neutral,2024-02-03
1822011.0,2625987757.0,10769994.0,3.0,"It was okay, nothing special.",Delivery,Neutral,2023-08-01
4763044.0,3162249401.0,85519349.0,4.0,"Excellent quality, will buy again!",Delivery,Positive,2024-05-03
5621837.0,3108986741.0,49241309.0,3.0,Product was damaged during delivery.,Product Quality,Negative,2023-10-17
4571579.0,1851474741.0,23348269.0,2.0,The order was incorrect.,Product Quality,Negative,2023-11-01
3853657.0,2425099132.0,85016568.0,4.0,"Delivery was fine, but the product could be better.",Product Quality,Neutral,2023-08-15
7245923.0,6706793332.0,6247821.0,2.0,I had a bad experience.,Delivery,Negative,2024-10-09
2338813.0,2149289255.0,57579640.0,3.0,Delivery was late and I was unhappy.,Product Quality,Negative,2024-11-01
2222062.0,1971008155.0,2457734.0,1.0,Items were missing from my order.,App Experience,Negative,2023-10-23
6813661.0,2087093460.0,59329145.0,4.0,"Delivery was fine, but the product could be better.",Delivery,Neutral,2024-07-11
4065309.0,2116712588.0,24043135.0,3.0,"It was okay, nothing special.",Delivery,Neutral,2023-11-11
3025076.0,6054358790.0,59216664.0,3.0,"Average experience, could improve.",Product Quality,Neutral,2024-01-26
9329920.0,532660797.0,41008070.0,3.0,"Delivery was fine, but the product could be better.",Delivery,Neutral,2024-05-20
1307363.0,1491991005.0,52215833.0,3.0,Very disappointed with the quality.,Product Quality,Negative,2024-03-04
1930153.0,4136019599.0,74179536.0,4.0,"Excellent quality, will buy again!",App Experience,Positive,2024-03-23
5614682.0,2122832513.0,55028958.0,1.0,Customer service was not helpful.,Customer Service,Negative,2024-02-17
6784407.0,3717703595.0,88965399.0,4.0,"Excellent quality, will buy again!",Delivery,Positive,2023-04-24
2013422.0,3194733693.0,21866852.0,4.0,The product met my expectations.,Product Quality,Neutral,2023-07-05
344048.0,4471162437.0,27971619.0,4.0,"It was okay, nothing special.",App Experience,Neutral,2024-02-06
3089818.0,1609331948.0,8791577.0,3.0,"It was okay, nothing special.",Product Quality,Neutral,2024-01-04
5340615.0,6920030794.0,70372270.0,3.0,The packaging was poor.,Customer Service,Negative,2024-06-24
8229982.0,5127172657.0,32293017.0,4.0,"Overall good experience, thank you!",Product Quality,Positive,2024-06-11
2195625.0,8607115856.0,15931134.0,4.0,The product met my expectations.,Customer Service,Neutral,2023-10-09
4371570.0,7154957395.0,60700850.0,3.0,"It was okay, nothing special.",App Experience,Neutral,2023-04-09
7289033.0,2070762702.0,34761418.0,4.0,"Excellent quality, will buy again!",Product Quality,Positive,2023-10-04
2978291.0,3697242439.0,99361865.0,3.0,"Delivery was fine, but the product could be better.",Customer Service,Neutral,2024-10-15
9074696.0,3063427913.0,75984768.0,4.0,"Excellent quality, will buy again!",Customer Service,Positive,2023-09-21
4994827.0,2060061337.0,29272253.0,1.0,Customer service was not helpful.,App Experience,Negative,2023-04-15
1932712.0,4625892678.0,80371626.0,1.0,The packaging was poor.,Delivery,Negative,2023-06-18
5568145.0,6045698170.0,666589.0,5.0,Great prices and fast delivery!,Delivery,Positive,2024-01-24
8266029.0,7876289647.0,98858383.0,4.0,The product met my expectations.,Delivery,Neutral,2024-08-07
7621707.0,3434084714.0,46836361.0,4.0,Highly recommended!,Product Quality,Positive,2024-02-02
545267.0,9031695663.0,94730288.0,2.0,The packaging was poor.,App Experience,Negative,2024-01-17
2056599.0,1955989715.0,77862447.0,4.0,"Nothing to complain about, but nothing exceptional.",Product Quality,Neutral,2023-12-27
2265740.0,3459500455.0,16379942.0,4.0,Great prices and fast delivery!,Customer Service,Positive,2023-12-18
2438008.0,5953376503.0,79169760.0,5.0,Customer service was very helpful.,Customer Service,Positive,2024-05-25
7517891.0,121874867.0,94529626.0,5.0,"Overall good experience, thank you!",Delivery,Positive,2023-03-28
5506466.0,2460545397.0,42872865.0,3.0,The product met my expectations.,Product Quality,Neutral,2024-10-27
9785308.0,9690050839.0,55803572.0,4.0,The product met my expectations.,App Experience,Neutral,2024-01-13
3562195.0,2574349065.0,51547198.0,4.0,"Nothing to complain about, but nothing exceptional.",Customer Service,Neutral,2024-04-17
1736546.0,2461936988.0,14428954.0,5.0,"Overall good experience, thank you!",App Experience,Positive,2023-07-20
8067827.0,6447596416.0,76987910.0,4.0,Good selection of products.,Customer Service,Positive,2023-10-08
5597699.0,7228452275.0,42262168.0,2.0,Product was damaged during delivery.,App Experience,Negative,2023-05-13
7041781.0,6696750742.0,5277675.0,5.0,"Overall good experience, thank you!",App Experience,Positive,2023-04-02
2333633.0,822235931.0,44410149.0,4.0,"Delivery was fine, but the product could be better.",Customer Service,Neutral,2023-08-09
8661092.0,7678251499.0,17805991.0,2.0,Taste was not as expected.,Product Quality,Negative,2023-04-23
6765334.0,2497341976.0,9097480.0,1.0,Not worth the price I paid.,App Experience,Negative,2023-09-21
1452437.0,9107314128.0,79591237.0,2.0,I had a bad experience.,App Experience,Negative,2024-05-20
1280305.0,9855726256.0,8651281.0,4.0,"Excellent quality, will buy again!",App Experience,Positive,2023-05-17
2395160.0,9398719862.0,14991661.0,1.0,Customer service was not helpful.,Delivery,Negative,2024-07-19
5664217.0,379494532.0,9650263.0,5.0,Very happy with the service!,Customer Service,Positive,2024-07-07
9261384.0,1048784963.0,58942207.0,4.0,"Nothing to complain about, but nothing exceptional.",Product Quality,Neutral,2023-09-07
2930893.0,4386246924.0,69632084.0,3.0,Very disappointed with the quality.,Delivery,Negative,2024-08-27
7046969.0,2050362692.0,79991320.0,3.0,The product met my expectations.,Customer Service,Neutral,2024-10-30
29533.0,4142963293.0,34567918.0,4.0,"Nothing to complain about, but nothing exceptional.",Product Quality,Neutral,2024-11-03
5840376.0,9753528654.0,61522288.0,3.0,The product met my expectations.,Product Quality,Neutral,2024-07-26
1755551.0,8126970833.0,14161586.0,4.0,"Average experience, could improve.",Delivery,Neutral,2024-09-14
6078718.0,9747814712.0,16359370.0,5.0,"Overall good experience, thank you!",Product Quality,Positive,2023-12-16
6559425.0,6281619403.0,77921718.0,5.0,"Overall good experience, thank you!",Customer Service,Positive,2023-04-09
4075651.0,436184281.0,78614729.0,2.0,Taste was not as expected.,App Experience,Negative,2023-11-20
4329893.0,9799231260.0,22077605.0,4.0,"Nothing to complain about, but nothing exceptional.",Customer Service,Neutral,2024-03-07
6376860.0,4071811527.0,66023110.0,4.0,Will definitely order again.,Customer Service,Positive,2023-07-26
4848501.0,5645359563.0,87160527.0,2.0,Delivery was late and I was unhappy.,App Experience,Negative,2024-08-08
3953251.0,9411813703.0,62600289.0,3.0,Items were missing from my order.,Delivery,Negative,2023-09-25
9293552.0,4270217473.0,54580166.0,4.0,The product met my expectations.,Customer Service,Neutral,2024-02-01
9483364.0,279851011.0,12967305.0,3.0,"Average experience, could improve.",Delivery,Neutral,2023-04-11
5154122.0,6260524887.0,57081917.0,5.0,Great prices and fast delivery!,Delivery,Positive,2024-06-01
1883777.0,5853998391.0,94453274.0,3.0,Very disappointed with the quality.,Delivery,Negative,2023-09-08
4156770.0,9931976872.0,8955057.0,2.0,Delivery was late and I was unhappy.,Delivery,Negative,2024-06-24
6999355.0,8432209832.0,90346920.0,4.0,"Delivery was fine, but the product could be better.",Delivery,Neutral,2024-03-20
8680329.0,6023721507.0,8791577.0,4.0,"Nothing to complain about, but nothing exceptional.",Customer Service,Neutral,2024-04-07
3483069.0,3042338919.0,76212152.0,3.0,"It was okay, nothing special.",Delivery,Neutral,2023-05-17
3662619.0,233646065.0,16379942.0,4.0,"Average experience, could improve.",Delivery,Neutral,2023-09-19
4364701.0,9870610018.0,94033330.0,2.0,Customer service was not helpful.,Product Quality,Negative,2024-02-08
4844693.0,1398230967.0,46876240.0,1.0,The packaging was poor.,App Experience,Negative,2024-04-22
1300567.0,8615488922.0,92209869.0,4.0,Very fresh and well-packaged.,Product Quality,Positive,2023-11-04
5430155.0,2748841057.0,33544355.0,3.0,The product met my expectations.,Delivery,Neutral,2023-12-30
3233069.0,1375867721.0,4862761.0,1.0,Customer service was not helpful.,Delivery,Negative,2024-07-15
3246894.0,8595141097.0,96511007.0,4.0,Will definitely order again.,Product Quality,Positive,2024-03-31
6084184.0,4673382071.0,21784094.0,3.0,"Average experience, could improve.",Delivery,Neutral,2024-01-16
8458237.0,2948696008.0,51872499.0,2.0,Customer service was not helpful.,Customer Service,Negative,2024-04-10
5909067.0,6839692624.0,64497538.0,1.0,I had a bad experience.,Delivery,Negative,2023-11-19
929702.0,5770951298.0,75510747.0,5.0,Items were in perfect condition.,Delivery,Positive,2023-10-02
6892019.0,5084771819.0,6344345.0,4.0,The product met my expectations.,App Experience,Neutral,2024-08-29
6001815.0,422403644.0,56548063.0,2.0,The packaging was poor.,App Experience,Negative,2023-05-27
3856968.0,7176758896.0,18394558.0,4.0,"It was okay, nothing special.",Delivery,Neutral,2023-07-13
7342761.0,8252905093.0,42589311.0,5.0,Great prices and fast delivery!,Customer Service,Positive,2024-04-21
6301325.0,1488561572.0,75928073.0,4.0,"Delivery was fine, but the product could be better.",App Experience,Neutral,2024-08-27
175550.0,6212984517.0,72702075.0,4.0,Will definitely order again.,Customer Service,Positive,2024-03-16
3584525.0,6309784337.0,26250082.0,2.0,Delivery was late and I was unhappy.,Delivery,Negative,2024-05-06
4434255.0,4613890018.0,53538932.0,4.0,"Nothing to complain about, but nothing exceptional.",Delivery,Neutral,2023-10-24
2332501.0,3429728472.0,64017365.0,3.0,"Delivery was fine, but the product could be better.",Delivery,Neutral,2023-03-31
529507.0,267738904.0,63368244.0,5.0,"Overall good experience, thank you!",Product Quality,Positive,2023-10-24
3049810.0,3850416839.0,57081917.0,4.0,"Average experience, could improve.",App Experience,Neutral,2024-07-01
5808553.0,3412702479.0,86479284.0,4.0,"Overall good experience, thank you!",App Experience,Positive,2023-12-24
2917013.0,2016183232.0,44928499.0,4.0,"Excellent quality, will buy again!",Customer Service,Positive,2023-07-19
1159860.0,3810280204.0,84361534.0,4.0,"Delivery was fine, but the product could be better.",App Experience,Neutral,2023-10-26
8809496.0,2416767295.0,767523.0,3.0,The packaging was poor.,Customer Service,Negative,2024-07-05
2694712.0,2283439407.0,46623192.0,2.0,Delivery was late and I was unhappy.,Delivery,Negative,2023-07-14
7498417.0,4328802292.0,9738801.0,4.0,"Average experience, could improve.",Delivery,Neutral,2023-06-14
3262730.0,7072715691.0,74195536.0,4.0,"Average experience, could improve.",Delivery,Neutral,2023-12-25
6773414.0,5640741373.0,90298394.0,3.0,I had a bad experience.,Delivery,Negative,2024-05-10
7171637.0,6931094066.0,17159117.0,3.0,"Average experience, could improve.",Product Quality,Neutral,2023-11-15
3283932.0,3417088709.0,62629494.0,4.0,Will definitely order again.,Product Quality,Positive,2024-05-30
8199864.0,4424404315.0,9274874.0,4.0,"Overall good experience, thank you!",Product Quality,Positive,2023-07-16
945453.0,2444087306.0,56250563.0,5.0,Items were in perfect condition.,Delivery,Positive,2023-07-28
5730680.0,486085268.0,51040116.0,5.0,Items were in perfect condition.,Customer Service,Positive,2023-12-11
113770.0,1731312620.0,49795571.0,3.0,"Delivery was fine, but the product could be better.",Customer Service,Neutral,2023-05-08
8086727.0,6475582506.0,82529927.0,5.0,Very happy with the service!,Delivery,Positive,2023-09-23
3180619.0,1868581378.0,93198324.0,2.0,Items were missing from my order.,Product Quality,Negative,2024-03-29
5525089.0,8884235937.0,20298398.0,5.0,Very fresh and well-packaged.,Product Quality,Positive,2024-08-09
478239.0,4590662628.0,87200291.0,3.0,Not worth the price I paid.,Customer Service,Negative,2024-01-10
2088092.0,992302540.0,32203588.0,2.0,The packaging was poor.,Delivery,Negative,2023-11-26
4421485.0,7169974633.0,59110513.0,4.0,"Delivery was fine, but the product could be better.",Delivery,Neutral,2024-10-16
3129645.0,6703651257.0,93198324.0,2.0,Delivery was late and I was unhappy.,Delivery,Negative,2024-01-17
8616443.0,7180810221.0,20940403.0,3.0,"It was okay, nothing special.",Delivery,Neutral,2023-09-10
1002741.0,7875587578.0,60967677.0,1.0,Delivery was late and I was unhappy.,Customer Service,Negative,2024-07-15
5232827.0,2578671497.0,76218218.0,4.0,"It was okay, nothing special.",Product Quality,Neutral,2024-01-25
716244.0,6284350691.0,57207678.0,4.0,"Overall good experience, thank you!",Product Quality,Positive,2024-06-20
1801673.0,5383261788.0,34588087.0,4.0,"Delivery was fine, but the product could be better.",Product Quality,Neutral,2023-10-18
4393080.0,6590867973.0,56441247.0,5.0,Items were in perfect condition.,Product Quality,Positive,2023-11-20
9347337.0,8787105023.0,81822935.0,4.0,"Excellent quality, will buy again!",Delivery,Positive,2024-05-07
6585928.0,1402916311.0,14275043.0,5.0,Good selection of products.,Customer Service,Positive,2024-04-23
4929568.0,9715205272.0,52409516.0,2.0,Items were missing from my order.,Product Quality,Negative,2024-10-21
6959173.0,3946852375.0,96253172.0,3.0,Customer service was not helpful.,Product Quality,Negative,2024-07-04
7611885.0,3367039425.0,86050297.0,3.0,"It was okay, nothing special.",App Experience,Neutral,2024-03-10
1795388.0,687711388.0,52757321.0,5.0,Great prices and fast delivery!,App Experience,Positive,2024-02-02
6105898.0,647012431.0,34281470.0,2.0,Not worth the price I paid.,Customer Service,Negative,2024-06-16
2468637.0,7143278295.0,50557979.0,5.0,Great prices and fast delivery!,Product Quality,Positive,2024-02-13
1423073.0,9736844695.0,31978160.0,5.0,Will definitely order again.,Delivery,Positive,2024-04-09
4632185.0,5933289680.0,5751638.0,3.0,Not worth the price I paid.,Product Quality,Negative,2023-12-07
4420247.0,9494303116.0,98858383.0,4.0,Will definitely order again.,Product Quality,Positive,2024-07-21
4072221.0,9337878102.0,9987182.0,3.0,"Average experience, could improve.",Delivery,Neutral,2023-05-16
7824497.0,6872621077.0,77128325.0,3.0,Taste was not as expected.,Customer Service,Negative,2023-09-14
4309566.0,7330237253.0,28428852.0,3.0,"Average experience, could improve.",Product Quality,Neutral,2023-12-07
701482.0,7942616242.0,33685414.0,2.0,Delivery was late and I was unhappy.,Product Quality,Negative,2023-09-30
4755342.0,238520071.0,77320193.0,2.0,Delivery was late and I was unhappy.,Product Quality,Negative,2024-02-20
8051225.0,5812379362.0,46504355.0,4.0,"Delivery was fine, but the product could be better.",Customer Service,Neutral,2023-08-05
7506282.0,2616623847.0,49915498.0,3.0,"It was okay, nothing special.",Delivery,Neutral,2024-01-19
683291.0,2040854480.0,40392019.0,5.0,Will definitely order again.,Delivery,Positive,2023-12-10
7247315.0,5456484560.0,62600289.0,2.0,Taste was not as expected.,Delivery,Negative,2024-09-26
4065348.0,883309006.0,71229024.0,4.0,"It was okay, nothing special.",App Experience,Neutral,2024-04-09
5741563.0,6528341992.0,64497538.0,4.0,"It was okay, nothing special.",Product Quality,Neutral,2024-01-29
6518834.0,3263203775.0,44888581.0,1.0,Not worth the price I paid.,Product Quality,Negative,2024-09-28
9298983.0,3660010934.0,83577942.0,1.0,Not worth the price I paid.,Delivery,Negative,2024-01-31
473292.0,7944885043.0,1683786.0,5.0,Very happy with the service!,Customer Service,Positive,2024-05-26
4246558.0,2506369831.0,1529180.0,4.0,"Average experience, could improve.",Delivery,Neutral,2023-06-16
6116226.0,697061213.0,91196901.0,3.0,The product met my expectations.,Delivery,Neutral,2023-03-25
4431634.0,7079057004.0,1507408.0,3.0,"Nothing to complain about, but nothing exceptional.",Delivery,Neutral,2023-09-30
5379697.0,1556153632.0,67215939.0,4.0,The product met my expectations.,App Experience,Neutral,2024-05-04
8770972.0,2161235338.0,38902882.0,5.0,Good selection of products.,App Experience,Positive,2024-04-12
5156705.0,1247978468.0,97484394.0,1.0,The order was incorrect.,Customer Service,Negative,2024-07-19
7404702.0,5437627061.0,58505903.0,4.0,"Average experience, could improve.",Customer Service,Neutral,2024-08-22
2831845.0,9091960039.0,13455530.0,3.0,Product was damaged during delivery.,Product Quality,Negative,2024-02-11
2332666.0,619198317.0,81906973.0,4.0,"Nothing to complain about, but nothing exceptional.",Delivery,Neutral,2023-11-20
8562721.0,9833179291.0,90372221.0,3.0,Taste was not as expected.,App Experience,Negative,2023-05-04
1943750.0,4148760273.0,93122847.0,5.0,Very happy with the service!,Product Quality,Positive,2024-05-22
207462.0,7206041763.0,74694186.0,4.0,Very fresh and well-packaged.,Product Quality,Positive,2023-05-30
3150233.0,690097648.0,2684440.0,2.0,Taste was not as expected.,App Experience,Negative,2023-12-27
2778967.0,4197061567.0,52757321.0,5.0,Great prices and fast delivery!,Customer Service,Positive,2024-02-04
3748731.0,2009394836.0,55056284.0,5.0,Customer service was very helpful.,App Experience,Positive,2023-10-24
1796172.0,277502363.0,88203688.0,3.0,"Nothing to complain about, but nothing exceptional.",App Experience,Neutral,2023-12-28
6220082.0,4356959622.0,38709137.0,3.0,The order was incorrect.,Delivery,Negative,2024-01-16
8509910.0,174306009.0,87457446.0,4.0,Items were in perfect condition.,Delivery,Positive,2024-08-09
2601837.0,9582674091.0,34237583.0,4.0,"It was okay, nothing special.",Delivery,Neutral,2024-08-16
3182946.0,8675579025.0,44409533.0,4.0,"Average experience, could improve.",Delivery,Neutral,2024-07-06
936864.0,5195999941.0,52757321.0,4.0,"Delivery was fine, but the product could be better.",Customer Service,Neutral,2024-07-19
6375482.0,5210007923.0,97507853.0,3.0,"Delivery was fine, but the product could be better.",Product Quality,Neutral,2024-10-01
5904785.0,6595771960.0,45700473.0,2.0,I had a bad experience.,Delivery,Negative,2023-04-05
8521960.0,4247338382.0,34853377.0,5.0,Very fresh and well-packaged.,Product Quality,Positive,2023-12-05
7041516.0,819143326.0,88324928.0,4.0,The product met my expectations.,App Experience,Neutral,2024-01-10
6157435.0,3830844750.0,23996221.0,2.0,The packaging was poor.,Delivery,Negative,2023-08-06
1247723.0,1687314172.0,82425179.0,4.0,Good selection of products.,App Experience,Positive,2024-03-13
5700999.0,6756007265.0,80850753.0,4.0,"Average experience, could improve.",Product Quality,Neutral,2023-07-27
6222962.0,489762747.0,19482392.0,3.0,Items were missing from my order.,Customer Service,Negative,2024-09-27
3619827.0,7509195875.0,42723554.0,4.0,"Delivery was fine, but the product could be better.",Product Quality,Neutral,2023-11-26
6486974.0,2370917070.0,5763963.0,1.0,I had a bad experience.,App Experience,Negative,2023-07-25
8510571.0,2055388266.0,119099.0,4.0,Good selection of products.,Product Quality,Positive,2023-06-23
7820768.0,8969304162.0,43052303.0,2.0,The packaging was poor.,Customer Service,Negative,2023-10-12
3379880.0,5412674107.0,88111697.0,4.0,"It was okay, nothing special.",Product Quality,Neutral,2024-10-06
7036036.0,1536516619.0,15631726.0,4.0,Items were in perfect condition.,Product Quality,Positive,2023-11-25
7899107.0,3858907413.0,89910157.0,2.0,The packaging was poor.,Customer Service,Negative,2023-07-27
8194084.0,4976389251.0,79478655.0,4.0,Customer service was very helpful.,Product Quality,Positive,2023-09-05
1887717.0,2218319201.0,40587811.0,4.0,"Average experience, could improve.",Customer Service,Neutral,2024-11-01
9010621.0,6729422433.0,68159723.0,3.0,"Delivery was fine, but the product could be better.",Product Quality,Neutral,2023-07-19
4669199.0,1354097448.0,98687927.0,4.0,"Excellent quality, will buy again!",Product Quality,Positive,2023-06-21
5068146.0,8952275304.0,81174361.0,3.0,Very disappointed with the quality.,App Experience,Negative,2024-08-31
5560971.0,436603801.0,54619715.0,5.0,Very fresh and well-packaged.,Product Quality,Positive,2023-12-28
1893053.0,5273875984.0,9278983.0,4.0,Highly recommended!,Customer Service,Positive,2023-05-31
5234515.0,9290203003.0,21573815.0,3.0,"Average experience, could improve.",Delivery,Neutral,2024-04-01
580986.0,6240982373.0,91243571.0,2.0,Taste was not as expected.,App Experience,Negative,2023-04-26
8455467.0,2718348206.0,5763963.0,4.0,"It was okay, nothing special.",Delivery,Neutral,2023-11-08
2007716.0,4903544026.0,57331847.0,4.0,"Delivery was fine, but the product could be better.",Customer Service,Neutral,2024-05-11
9708237.0,2827266949.0,93675757.0,5.0,Very happy with the service!,Delivery,Positive,2024-09-17
4227603.0,4278423074.0,67708491.0,4.0,Highly recommended!,Product Quality,Positive,2023-12-17
654227.0,645916247.0,76857266.0,2.0,Taste was not as expected.,App Experience,Negative,2023-10-10
7114455.0,5816647866.0,81420960.0,4.0,"Average experience, could improve.",Product Quality,Neutral,2024-09-26
3148730.0,7282397914.0,97825663.0,3.0,"Average experience, could improve.",App Experience,Neutral,2024-07-14
4637528.0,3260611473.0,12832151.0,2.0,The packaging was poor.,Customer Service,Negative,2024-02-06
8730252.0,8638163868.0,87718744.0,2.0,Items were missing from my order.,Delivery,Negative,2023-06-07
6060670.0,177850987.0,51174875.0,3.0,"Nothing to complain about, but nothing exceptional.",App Experience,Neutral,2023-11-07
4844650.0,9653859166.0,32987624.0,3.0,Items were missing from my order.,App Experience,Negative,2023-03-16
9745124.0,9991338690.0,98444183.0,1.0,Taste was not as expected.,Delivery,Negative,2024-07-29
7548113.0,1714593246.0,27698051.0,4.0,"Average experience, could improve.",App Experience,Neutral,2024-10-20
5623901.0,9742461226.0,34095555.0,4.0,"It was okay, nothing special.",Customer Service,Neutral,2024-01-01
1033430.0,3314393477.0,55170753.0,3.0,The product met my expectations.,Product Quality,Neutral,2024-10-26
390761.0,4188317986.0,42366724.0,4.0,The product met my expectations.,Customer Service,Neutral,2023-03-20
4859714.0,1646665366.0,51387106.0,2.0,Taste was not as expected.,Delivery,Negative,2024-07-26
7224389.0,9558804585.0,82700270.0,4.0,"Delivery was fine, but the product could be better.",App Experience,Neutral,2024-03-15
2957775.0,9047652469.0,71902700.0,4.0,"Delivery was fine, but the product could be better.",App Experience,Neutral,2024-08-05
1861939.0,2893800377.0,57892837.0,4.0,The product met my expectations.,Delivery,Neutral,2024-03-22
8506288.0,6139157985.0,88517890.0,3.0,Taste was not as expected.,Product Quality,Negative,2024-02-03
6192529.0,6029394789.0,7591711.0,2.0,Taste was not as expected.,Product Quality,Negative,2023-04-30
1618838.0,5874940276.0,38875754.0,3.0,Product was damaged during delivery.,Product Quality,Negative,2024-04-11
4586251.0,5205211911.0,57662767.0,5.0,"Overall good experience, thank you!",Product Quality,Positive,2024-09-27
4350650.0,5314758068.0,48776805.0,4.0,"Delivery was fine, but the product could be better.",Customer Service,Neutral,2024-02-03
8477025.0,484869710.0,6756256.0,3.0,"Delivery was fine, but the product could be better.",App Experience,Neutral,2023-09-09
1952997.0,9957728938.0,25915909.0,4.0,Items were in perfect condition.,Customer Service,Positive,2024-08-05
3708986.0,3136056666.0,57770044.0,3.0,Very disappointed with the quality.,Customer Service,Negative,2024-04-29
5606141.0,4926104391.0,47206881.0,4.0,"Delivery was fine, but the product could be better.",Delivery,Neutral,2023-10-24
9339865.0,1827844756.0,16785724.0,4.0,Highly recommended!,App Experience,Positive,2023-04-07
4858898.0,7032037874.0,57291761.0,3.0,"Delivery was fine, but the product could be better.",App Experience,Neutral,2024-06-13
9230966.0,3779230503.0,46699982.0,5.0,Customer service was very helpful.,App Experience,Positive,2023-07-11
9059940.0,3473012553.0,89669139.0,2.0,Very disappointed with the quality.,Customer Service,Negative,2024-02-16
3954704.0,7988504487.0,8164639.0,4.0,"Nothing to complain about, but nothing exceptional.",App Experience,Neutral,2024-05-14
5651196.0,7193792738.0,84572019.0,4.0,"Excellent quality, will buy again!",Delivery,Positive,2024-06-05
7698385.0,1533583386.0,35912599.0,3.0,Customer service was not helpful.,Product Quality,Negative,2023-08-28
6692319.0,7750989397.0,79672044.0,3.0,"Delivery was fine, but the product could be better.",Delivery,Neutral,2024-01-07
4807430.0,4434816229.0,63292875.0,4.0,"It was okay, nothing special.",Delivery,Neutral,2023-09-14
6541743.0,6896732047.0,62068277.0,4.0,"Nothing to complain about, but nothing exceptional.",Delivery,Neutral,2024-04-18
9853363.0,4740837071.0,64795608.0,4.0,Good selection of products.,Delivery,Positive,2023-11-01
8193270.0,6649631729.0,75640174.0,3.0,"It was okay, nothing special.",Product Quality,Neutral,2024-09-30
327126.0,5351526726.0,75892474.0,5.0,Good selection of products.,Delivery,Positive,2023-03-28
6353752.0,1506082041.0,11446157.0,1.0,Taste was not as expected.,App Experience,Negative,2023-05-04
408309.0,1023260165.0,10683250.0,3.0,The product met my expectations.,Delivery,Neutral,2024-02-16
9691887.0,8257032403.0,17805991.0,3.0,"Average experience, could improve.",App Experience,Neutral,2024-09-18
51560.0,7216524192.0,72605638.0,3.0,Customer service was not helpful.,Customer Service,Negative,2024-09-01
2521458.0,8619795820.0,98687927.0,1.0,Delivery was late and I was unhappy.,Product Quality,Negative,2024-09-04
8390508.0,6494708839.0,25595836.0,5.0,"Excellent quality, will buy again!",App Experience,Positive,2023-06-18
913683.0,9859249765.0,5039883.0,4.0,Highly recommended!,Product Quality,Positive,2024-05-13
1306601.0,3528020011.0,33675108.0,4.0,Good selection of products.,Customer Service,Positive,2023-11-12
1687980.0,5937934264.0,90346920.0,5.0,Highly recommended!,App Experience,Positive,2024-09-11
2866024.0,2976477423.0,57213543.0,3.0,"Delivery was fine, but the product could be better.",Customer Service,Neutral,2023-08-17
5931641.0,1002438039.0,85198177.0,1.0,The packaging was poor.,Customer Service,Negative,2024-02-17
1605595.0,2571163022.0,59345983.0,4.0,The product met my expectations.,Product Quality,Neutral,2024-02-06
25577.0,6850221497.0,21270783.0,4.0,Good selection of products.,Customer Service,Positive,2024-07-21
4258919.0,4706569127.0,68016312.0,5.0,Items were in perfect condition.,Delivery,Positive,2023-07-27
6630006.0,8168261752.0,65903057.0,4.0,Customer service was very helpful.,App Experience,Positive,2024-04-22
9003999.0,5828325906.0,40587811.0,3.0,"Delivery was fine, but the product could be better.",Delivery,Neutral,2023-12-04
9017197.0,5012271549.0,73061709.0,2.0,Product was damaged during delivery.,App Experience,Negative,2024-09-21
8997814.0,8110316958.0,61226835.0,1.0,Very disappointed with the quality.,Delivery,Negative,2024-01-30
116173.0,3190808443.0,77618011.0,4.0,Will definitely order again.,Delivery,Positive,2024-01-10
2204388.0,7175472728.0,9551011.0,3.0,"It was okay, nothing special.",App Experience,Neutral,2023-09-12
7446356.0,6011117738.0,24337950.0,3.0,"Average experience, could improve.",Product Quality,Neutral,2024-01-07
4740952.0,5592928753.0,46875863.0,3.0,"Nothing to complain about, but nothing exceptional.",App Experience,Neutral,2024-08-23
7602818.0,3952040848.0,31156674.0,3.0,Delivery was late and I was unhappy.,Product Quality,Negative,2024-05-09
2703135.0,7026479520.0,81994445.0,3.0,Items were missing from my order.,Customer Service,Negative,2024-07-17
6772284.0,6572695161.0,64197854.0,3.0,The packaging was poor.,Delivery,Negative,2024-03-18
1038308.0,9090769419.0,66485571.0,4.0,Will definitely order again.,Delivery,Positive,2024-09-02
682222.0,5979489110.0,22161071.0,2.0,Items were missing from my order.,Product Quality,Negative,2023-09-07
505569.0,964698323.0,81763298.0,2.0,The packaging was poor.,App Experience,Negative,2024-09-30
2483109.0,2304242664.0,65815155.0,4.0,"Delivery was fine, but the product could be better.",Delivery,Neutral,2024-03-21
9866743.0,2483843748.0,26040510.0,5.0,Items were in perfect condition.,Customer Service,Positive,2023-05-24
1263890.0,2560588609.0,6291143.0,5.0,Very fresh and well-packaged.,App Experience,Positive,2024-06-21
8519341.0,9268920928.0,17805991.0,1.0,Delivery was late and I was unhappy.,Product Quality,Negative,2023-07-05
4189141.0,9554019312.0,6247821.0,4.0,Great prices and fast delivery!,App Experience,Positive,2023-09-08
2457038.0,3749174258.0,38902193.0,4.0,Good selection of products.,Product Quality,Positive,2024-02-13
2423659.0,3947164241.0,95768401.0,4.0,Items were in perfect condition.,App Experience,Positive,2024-11-04
1347681.0,487327038.0,67277562.0,4.0,Highly recommended!,Product Quality,Positive,2023-10-05
5028.0,8830321199.0,93341057.0,5.0,Very fresh and well-packaged.,Product Quality,Positive,2024-08-10
9945845.0,3811318591.0,64940409.0,1.0,Product was damaged during delivery.,App Experience,Negative,2023-07-07
8989443.0,6795601573.0,46629917.0,5.0,Very happy with the service!,Customer Service,Positive,2023-12-13
9829351.0,2348495717.0,86067293.0,5.0,"Excellent quality, will buy again!",Customer Service,Positive,2023-06-27
2545302.0,9505736584.0,63571453.0,5.0,Highly recommended!,Delivery,Positive,2024-06-04
4048113.0,1857227304.0,99301505.0,5.0,Customer service was very helpful.,Product Quality,Positive,2024-03-19
6527098.0,5506485302.0,66655397.0,4.0,Highly recommended!,App Experience,Positive,2023-05-19
330848.0,6074837981.0,61015113.0,5.0,Items were in perfect condition.,Customer Service,Positive,2024-04-20
1599236.0,4150569633.0,2903620.0,3.0,Customer service was not helpful.,App Experience,Negative,2023-10-29
3731240.0,609838437.0,54619715.0,3.0,The product met my expectations.,Delivery,Neutral,2023-12-13
9717024.0,5229657139.0,18889370.0,4.0,"Excellent quality, will buy again!",Product Quality,Positive,2023-10-03
9228480.0,2589639350.0,64141971.0,4.0,Very fresh and well-packaged.,App Experience,Positive,2023-08-01
3178061.0,7656948165.0,44410149.0,4.0,"Nothing to complain about, but nothing exceptional.",Delivery,Neutral,2023-06-07
4690760.0,1806563605.0,25659794.0,2.0,I had a bad experience.,Customer Service,Negative,2023-12-24
5655169.0,359819834.0,12755730.0,3.0,Customer service was not helpful.,App Experience,Negative,2023-12-27
453884.0,1908423841.0,56441247.0,4.0,"Delivery was fine, but the product could be better.",App Experience,Neutral,2023-10-28
2565975.0,299859815.0,2848415.0,1.0,Product was damaged during delivery.,Delivery,Negative,2024-01-16
1321752.0,923659418.0,25081012.0,3.0,"It was okay, nothing special.",Customer Service,Neutral,2023-04-16
7853790.0,3560625119.0,82989313.0,2.0,I had a bad experience.,App Experience,Negative,2023-05-13
9685412.0,7111490680.0,32500305.0,5.0,Great prices and fast delivery!,Customer Service,Positive,2024-01-24
2861565.0,5766981431.0,93675757.0,5.0,Highly recommended!,Delivery,Positive,2024-01-14
7935010.0,8609945311.0,51670882.0,1.0,Very disappointed with the quality.,Customer Service,Negative,2024-05-03
5877818.0,1691260635.0,80796977.0,4.0,The product met my expectations.,Delivery,Neutral,2024-06-17
2674712.0,8742091504.0,78254569.0,2.0,Product was damaged during delivery.,App Experience,Negative,2023-07-03
8635734.0,1997833025.0,72489544.0,1.0,Very disappointed with the quality.,App Experience,Negative,2023-07-28
580890.0,3588296877.0,83404008.0,5.0,Good selection of products.,App Experience,Positive,2024-08-13
6807331.0,2404804990.0,81757554.0,4.0,Very fresh and well-packaged.,Product Quality,Positive,2023-12-24
1500768.0,8091385479.0,16082651.0,5.0,Very happy with the service!,Customer Service,Positive,2024-04-09
289613.0,7133174424.0,8513589.0,5.0,Items were in perfect condition.,App Experience,Positive,2023-06-22
738205.0,6110446321.0,78412820.0,3.0,Items were missing from my order.,App Experience,Negative,2024-10-27
7023379.0,6964586050.0,4597433.0,1.0,Delivery was late and I was unhappy.,Delivery,Negative,2024-08-04
856341.0,2351986014.0,85626346.0,3.0,Product was damaged during delivery.,Customer Service,Negative,2023-04-21
8408157.0,352569720.0,65660660.0,3.0,"Average experience, could improve.",Product Quality,Neutral,2023-06-23
5069961.0,1235280275.0,46875863.0,3.0,"Nothing to complain about, but nothing exceptional.",Product Quality,Neutral,2023-08-09
8816076.0,9399859705.0,57548210.0,5.0,"Overall good experience, thank you!",Delivery,Positive,2023-10-29
511301.0,7530379037.0,99729547.0,4.0,"Nothing to complain about, but nothing exceptional.",Customer Service,Neutral,2024-08-02
7592648.0,5952886441.0,16420489.0,2.0,Very disappointed with the quality.,Delivery,Negative,2024-03-12
455219.0,5815833211.0,31940833.0,5.0,Highly recommended!,App Experience,Positive,2024-02-08
7609889.0,7307394687.0,47043878.0,4.0,Good selection of products.,Customer Service,Positive,2024-05-01
5841416.0,6033014029.0,29525287.0,4.0,"It was okay, nothing special.",App Experience,Neutral,2024-10-21
4412586.0,1409944718.0,39042103.0,3.0,"Nothing to complain about, but nothing exceptional.",Product Quality,Neutral,2023-08-19
277641.0,1811382200.0,37915052.0,4.0,"Average experience, could improve.",Product Quality,Neutral,2023-08-25
682817.0,4485391413.0,11478478.0,4.0,"Average experience, could improve.",Product Quality,Neutral,2023-12-21
895557.0,4076279641.0,89476734.0,2.0,Very disappointed with the quality.,Delivery,Negative,2023-07-12
7869635.0,2965387566.0,47955004.0,4.0,"Excellent quality, will buy again!",App Experience,Positive,2023-08-16
5955416.0,9397774189.0,92245432.0,5.0,"Excellent quality, will buy again!",Delivery,Positive,2023-06-28
7587526.0,1437159967.0,68016312.0,4.0,Customer service was very helpful.,Customer Service,Positive,2024-06-07
4421683.0,8397785448.0,67952740.0,4.0,Highly recommended!,App Experience,Positive,2024-09-04
9822668.0,2778606949.0,33675108.0,4.0,"Nothing to complain about, but nothing exceptional.",Customer Service,Neutral,2024-10-13
4220793.0,1774096863.0,60656482.0,4.0,"Average experience, could improve.",Customer Service,Neutral,2023-06-13
6523110.0,1497256618.0,87220860.0,4.0,Good selection of products.,App Experience,Positive,2023-04-26
2680223.0,734095510.0,56480776.0,4.0,Customer service was very helpful.,App Experience,Positive,2024-06-03
6854268.0,5755859055.0,79592021.0,3.0,"It was okay, nothing special.",Customer Service,Neutral,2024-10-30
2486259.0,5840290569.0,99490786.0,1.0,Delivery was late and I was unhappy.,Product Quality,Negative,2023-09-18
1104081.0,8200985533.0,1855421.0,3.0,I had a bad experience.,Delivery,Negative,2024-01-08
4792486.0,3255590064.0,92642745.0,2.0,The packaging was poor.,Delivery,Negative,2023-04-21
2628222.0,4258404747.0,27692428.0,4.0,Will definitely order again.,Product Quality,Positive,2024-10-11
8893890.0,2455161115.0,27620326.0,3.0,"Delivery was fine, but the product could be better.",Delivery,Neutral,2024-01-29
9666020.0,4448004569.0,47215976.0,5.0,Great prices and fast delivery!,Product Quality,Positive,2024-01-10
3428194.0,5951090793.0,27878182.0,1.0,The order was incorrect.,App Experience,Negative,2024-04-20
7566701.0,7402491996.0,92509376.0,4.0,Items were in perfect condition.,Product Quality,Positive,2024-07-14
2127842.0,8532411923.0,57360162.0,3.0,Very disappointed with the quality.,App Experience,Negative,2024-07-16
7361857.0,7130555385.0,37309023.0,3.0,"Delivery was fine, but the product could be better.",Product Quality,Neutral,2024-01-16
7131756.0,4338197132.0,66310963.0,4.0,Customer service was very helpful.,Customer Service,Positive,2024-10-11
3978480.0,8044366071.0,80833965.0,1.0,Not worth the price I paid.,App Experience,Negative,2023-04-30
775093.0,4135251774.0,77961205.0,1.0,Taste was not as expected.,Product Quality,Negative,2024-10-09
9060771.0,6331483812.0,97411107.0,3.0,"Delivery was fine, but the product could be better.",Product Quality,Neutral,2024-09-06
8948120.0,6705171000.0,52417972.0,4.0,Will definitely order again.,Product Quality,Positive,2023-09-04
9289508.0,7850128898.0,38478423.0,2.0,Items were missing from my order.,Product Quality,Negative,2024-06-28
8188900.0,3602554049.0,65815155.0,4.0,"Nothing to complain about, but nothing exceptional.",Customer Service,Neutral,2023-07-28
5686881.0,1070259187.0,22738465.0,3.0,I had a bad experience.,App Experience,Negative,2023-06-09
3842752.0,8412338399.0,2566268.0,3.0,The product met my expectations.,Product Quality,Neutral,2024-10-28
9551379.0,1478022303.0,69353754.0,3.0,"Delivery was fine, but the product could be better.",Product Quality,Neutral,2023-12-31
3823659.0,2376108199.0,81757554.0,4.0,The product met my expectations.,Product Quality,Neutral,2024-05-13
7258622.0,5243035202.0,10541231.0,2.0,Items were missing from my order.,Product Quality,Negative,2024-10-20
569019.0,3687581971.0,81932548.0,4.0,"Excellent quality, will buy again!",App Experience,Positive,2024-10-05
7101790.0,7008586055.0,96109948.0,3.0,Taste was not as expected.,App Experience,Negative,2023-05-24
8868668.0,5142069216.0,35459748.0,4.0,"Delivery was fine, but the product could be better.",Product Quality,Neutral,2024-02-25
1504712.0,4152441944.0,92636025.0,5.0,"Overall good experience, thank you!",Customer Service,Positive,2023-04-25
6592774.0,5601670348.0,32830199.0,3.0,"Delivery was fine, but the product could be better.",Product Quality,Neutral,2024-10-29
4354820.0,605105099.0,5039883.0,5.0,Great prices and fast delivery!,Customer Service,Positive,2023-12-30
1117265.0,4054936140.0,28286754.0,2.0,The packaging was poor.,Product Quality,Negative,2024-04-19
1162461.0,8741892156.0,66886852.0,5.0,Will definitely order again.,Product Quality,Positive,2023-11-15
4575939.0,9143640828.0,90298394.0,3.0,"Nothing to complain about, but nothing exceptional.",Product Quality,Neutral,2023-07-18
7512447.0,6900876252.0,87984862.0,4.0,Items were in perfect condition.,Product Quality,Positive,2024-02-21
8943085.0,9801174908.0,54347213.0,3.0,"Delivery was fine, but the product could be better.",Product Quality,Neutral,2024-04-27
4229076.0,551343632.0,59840071.0,5.0,Customer service was very helpful.,App Experience,Positive,2024-02-20
6371323.0,7961173808.0,90184276.0,3.0,"Nothing to complain about, but nothing exceptional.",App Experience,Neutral,2023-06-05
998183.0,328909145.0,36146306.0,4.0,"Nothing to complain about, but nothing exceptional.",Delivery,Neutral,2024-09-26
5358574.0,5551173528.0,64151769.0,3.0,The order was incorrect.,Delivery,Negative,2024-11-03
9843205.0,4461788759.0,79895967.0,5.0,Will definitely order again.,Customer Service,Positive,2024-04-23
5635953.0,7256212429.0,28350645.0,4.0,The product met my expectations.,App Experience,Neutral,2024-03-16
3366792.0,9104077642.0,18199057.0,3.0,"Nothing to complain about, but nothing exceptional.",Customer Service,Neutral,2024-10-24
4954894.0,2914056235.0,31456752.0,1.0,The order was incorrect.,Customer Service,Negative,2024-01-02
671223.0,9127632807.0,81528623.0,2.0,Customer service was not helpful.,Delivery,Negative,2023-05-30
7445572.0,6070154414.0,45052594.0,3.0,Very disappointed with the quality.,App Experience,Negative,2023-06-19
2097262.0,2318969828.0,2457734.0,4.0,"Overall good experience, thank you!",Product Quality,Positive,2023-03-26
2683030.0,3813047994.0,60275891.0,4.0,The product met my expectations.,Customer Service,Neutral,2023-12-20
2944984.0,1416102774.0,92245432.0,5.0,"Excellent quality, will buy again!",Customer Service,Positive,2024-04-27
8607255.0,8086834412.0,23286884.0,4.0,Good selection of products.,Delivery,Positive,2024-03-08
597980.0,6193826826.0,85561151.0,4.0,Great prices and fast delivery!,Customer Service,Positive,2023-08-05
2319343.0,8444509148.0,64141971.0,2.0,Taste was not as expected.,Delivery,Negative,2024-02-21
7618966.0,42332130.0,70363568.0,3.0,"Average experience, could improve.",Customer Service,Neutral,2024-10-17
637720.0,6009342120.0,59620534.0,1.0,Not worth the price I paid.,Customer Service,Negative,2024-03-02
2471792.0,4818516411.0,85006599.0,1.0,Customer service was not helpful.,App Experience,Negative,2023-10-09
6340020.0,1039229544.0,93730857.0,4.0,The product met my expectations.,Customer Service,Neutral,2024-08-10
5813945.0,1515943657.0,59436131.0,3.0,The packaging was poor.,Product Quality,Negative,2023-09-07
7398851.0,9183547951.0,19259955.0,3.0,Customer service was not helpful.,Product Quality,Negative,2024-01-20
6797094.0,8478376092.0,91500615.0,2.0,Customer service was not helpful.,Product Quality,Negative,2023-04-17
6016974.0,1454073903.0,89874335.0,1.0,Delivery was late and I was unhappy.,Delivery,Negative,2023-09-16
9506434.0,2855402284.0,33370343.0,3.0,Customer service was not helpful.,Delivery,Negative,2023-07-30
2618604.0,7245730533.0,51670882.0,4.0,Will definitely order again.,App Experience,Positive,2024-05-26
6368426.0,2272892659.0,24308515.0,3.0,The order was incorrect.,App Experience,Negative,2023-07-26
7057209.0,9087377568.0,54038173.0,3.0,The product met my expectations.,App Experience,Neutral,2024-02-21
6030331.0,8443685057.0,19400174.0,3.0,"Average experience, could improve.",Product Quality,Neutral,2023-07-02
3002904.0,1590988730.0,42208242.0,3.0,"Average experience, could improve.",Delivery,Neutral,2023-12-21
5755357.0,7357811417.0,26364643.0,4.0,The product met my expectations.,Product Quality,Neutral,2024-09-29
7932307.0,394951937.0,65406127.0,4.0,Highly recommended!,App Experience,Positive,2024-04-24
4287665.0,3967445448.0,20148223.0,4.0,Great prices and fast delivery!,Delivery,Positive,2023-11-02
8541922.0,6101022928.0,10088428.0,4.0,"Excellent quality, will buy again!",Delivery,Positive,2024-10-02
9786423.0,6322372546.0,43052303.0,1.0,I had a bad experience.,Product Quality,Negative,2024-02-19
3312118.0,9778782281.0,63025744.0,3.0,"Average experience, could improve.",Product Quality,Neutral,2023-04-14
3919034.0,3867563962.0,14940427.0,4.0,"Nothing to complain about, but nothing exceptional.",Delivery,Neutral,2023-12-24
9429214.0,9277710098.0,38969732.0,5.0,Customer service was very helpful.,Product Quality,Positive,2023-04-02
2275542.0,7669322773.0,6081270.0,4.0,"Nothing to complain about, but nothing exceptional.",Customer Service,Neutral,2023-08-29
892549.0,3917427529.0,68159723.0,3.0,"It was okay, nothing special.",Customer Service,Neutral,2024-10-12
8890516.0,1934158144.0,65134271.0,3.0,"Delivery was fine, but the product could be better.",Product Quality,Neutral,2024-04-02
4913600.0,3157338466.0,243838.0,4.0,"Overall good experience, thank you!",Delivery,Positive,2023-08-24
5644836.0,9640662474.0,74761384.0,4.0,"Nothing to complain about, but nothing exceptional.",Delivery,Neutral,2024-04-09
3026456.0,2356272189.0,42432226.0,4.0,Items were in perfect condition.,Delivery,Positive,2024-04-09
7213081.0,1380510406.0,54338574.0,3.0,Not worth the price I paid.,Delivery,Negative,2024-07-27
1082563.0,8008377895.0,23794330.0,5.0,Customer service was very helpful.,Delivery,Positive,2023-06-26
4295130.0,3680678403.0,57537308.0,3.0,"Delivery was fine, but the product could be better.",Customer Service,Neutral,2023-03-31
9721776.0,2847236502.0,6812439.0,5.0,Great prices and fast delivery!,Product Quality,Positive,2024-07-16
9147798.0,5212392063.0,75510747.0,5.0,Highly recommended!,App Experience,Positive,2024-06-17
7555725.0,3804024939.0,91566278.0,4.0,"Nothing to complain about, but nothing exceptional.",Delivery,Neutral,2024-01-27
4191143.0,5395870775.0,18394558.0,4.0,Very happy with the service!,Product Quality,Positive,2024-08-01
5959980.0,511736499.0,38615653.0,3.0,"It was okay, nothing special.",Product Quality,Neutral,2024-10-24
1509068.0,2895886759.0,69863493.0,5.0,Great prices and fast delivery!,Product Quality,Positive,2023-09-07
1223481.0,6638513435.0,32809328.0,4.0,Very happy with the service!,Customer Service,Positive,2024-08-04
2785902.0,4168083780.0,13581527.0,2.0,The order was incorrect.,Product Quality,Negative,2024-06-09
7297221.0,2501516144.0,88252625.0,3.0,"Average experience, could improve.",Customer Service,Neutral,2024-10-01
3448210.0,7141387557.0,98246574.0,3.0,The product met my expectations.,Customer Service,Neutral,2023-08-18
1818906.0,2747350024.0,75860724.0,3.0,I had a bad experience.,Product Quality,Negative,2024-08-16
7622825.0,9503407492.0,29272253.0,4.0,Very happy with the service!,App Experience,Positive,2023-08-25
6184548.0,4845607487.0,78053306.0,1.0,Delivery was late and I was unhappy.,Product Quality,Negative,2023-03-17
2324692.0,2051769691.0,30447453.0,4.0,The product met my expectations.,Product Quality,Neutral,2023-09-06
1415598.0,1092990139.0,85476508.0,3.0,Not worth the price I paid.,App Experience,Negative,2024-10-01
1365646.0,5527612319.0,14632090.0,4.0,Great prices and fast delivery!,Customer Service,Positive,2024-09-12
3525651.0,8852367079.0,22694456.0,3.0,The product met my expectations.,Customer Service,Neutral,2024-04-07
7211256.0,1666202264.0,85474732.0,2.0,Items were missing from my order.,Product Quality,Negative,2023-05-07
5692120.0,8606484804.0,41155125.0,2.0,Items were missing from my order.,Product Quality,Negative,2024-06-18
9823807.0,8905341102.0,80862136.0,5.0,Very fresh and well-packaged.,App Experience,Positive,2024-02-08
2704664.0,5418735913.0,10210309.0,1.0,I had a bad experience.,Customer Service,Negative,2024-07-11
3715026.0,970377475.0,48167795.0,5.0,Will definitely order again.,Delivery,Positive,2024-09-03
9593233.0,7320527109.0,83298567.0,4.0,"It was okay, nothing special.",Product Quality,Neutral,2024-01-18
4367429.0,5120698.0,44174426.0,5.0,Very happy with the service!,Delivery,Positive,2023-06-09
6991198.0,3812396179.0,24496983.0,4.0,Good selection of products.,Customer Service,Positive,2023-07-22
4850003.0,8178951021.0,46208150.0,5.0,"Excellent quality, will buy again!",Delivery,Positive,2024-03-24
9403859.0,2479115586.0,55056284.0,4.0,"Delivery was fine, but the product could be better.",Customer Service,Neutral,2024-03-14
3751165.0,6239453389.0,26285589.0,4.0,Will definitely order again.,Customer Service,Positive,2023-10-08
9884263.0,3136508414.0,13585482.0,4.0,The product met my expectations.,Delivery,Neutral,2024-07-22
8141675.0,5521273487.0,6992801.0,3.0,"Nothing to complain about, but nothing exceptional.",Product Quality,Neutral,2024-05-18
1957263.0,5445047872.0,37802267.0,2.0,Not worth the price I paid.,Customer Service,Negative,2023-10-17
6824174.0,3678525130.0,36428139.0,5.0,Will definitely order again.,Delivery,Positive,2023-03-20
9606913.0,9328056960.0,81229704.0,4.0,Items were in perfect condition.,App Experience,Positive,2024-08-14
1967173.0,2109203997.0,40277444.0,1.0,I had a bad experience.,App Experience,Negative,2024-05-04
9478618.0,556665455.0,32500305.0,4.0,Good selection of products.,Delivery,Positive,2024-02-08
518511.0,6573705785.0,24000329.0,4.0,Customer service was very helpful.,Delivery,Positive,2023-11-23
8677118.0,2609502403.0,2058037.0,3.0,"Delivery was fine, but the product could be better.",App Experience,Neutral,2024-10-31
3263168.0,1463293930.0,85354059.0,4.0,Customer service was very helpful.,App Experience,Positive,2024-06-06
4714369.0,8132887999.0,84456355.0,2.0,The packaging was poor.,Product Quality,Negative,2024-02-25
8859102.0,7178789018.0,46208150.0,3.0,"Average experience, could improve.",Delivery,Neutral,2023-09-12
5063494.0,2295700159.0,83023956.0,4.0,Customer service was very helpful.,App Experience,Positive,2024-03-11
2318001.0,9277089038.0,35988028.0,4.0,The product met my expectations.,Product Quality,Neutral,2023-04-15
8881952.0,145057465.0,54923640.0,2.0,Taste was not as expected.,Delivery,Negative,2024-11-02
2264492.0,9452353274.0,97770901.0,4.0,Very happy with the service!,App Experience,Positive,2024-10-10
6613978.0,5434328922.0,67340606.0,3.0,The order was incorrect.,Delivery,Negative,2024-02-08
1571610.0,3327051807.0,99707100.0,5.0,"Overall good experience, thank you!",Product Quality,Positive,2023-10-02
4015052.0,1461604569.0,25713335.0,2.0,I had a bad experience.,Customer Service,Negative,2024-04-26
1691909.0,606518084.0,78725001.0,4.0,Very fresh and well-packaged.,Delivery,Positive,2023-10-28
3244890.0,7637625389.0,13122744.0,2.0,Customer service was not helpful.,Product Quality,Negative,2023-10-15
2137564.0,7311621328.0,30891209.0,5.0,"Excellent quality, will buy again!",Product Quality,Positive,2024-04-07
3569701.0,8790217194.0,38244021.0,4.0,"Delivery was fine, but the product could be better.",Customer Service,Neutral,2024-03-25
3212356.0,1772445313.0,13071673.0,5.0,Very happy with the service!,Product Quality,Positive,2023-07-21
9072707.0,159394992.0,35358395.0,4.0,Items were in perfect condition.,App Experience,Positive,2024-08-06
405271.0,7992910755.0,76218218.0,5.0,"Excellent quality, will buy again!",App Experience,Positive,2023-07-12
2928147.0,1786931285.0,1719710.0,4.0,Very happy with the service!,Product Quality,Positive,2023-06-29
4081194.0,2225520858.0,95372766.0,4.0,Highly recommended!,Delivery,Positive,2023-11-22
5715020.0,5635738740.0,33034249.0,1.0,I had a bad experience.,Customer Service,Negative,2023-09-28
1472206.0,2230824358.0,41878908.0,2.0,Very disappointed with the quality.,App Experience,Negative,2023-05-24
2790375.0,9217211301.0,52085702.0,2.0,Very disappointed with the quality.,Delivery,Negative,2023-06-15
1193824.0,4501870609.0,16082651.0,4.0,"Delivery was fine, but the product could be better.",Customer Service,Neutral,2024-07-10
4316711.0,838401679.0,89699655.0,3.0,Very disappointed with the quality.,Product Quality,Negative,2023-07-23
6658998.0,9587315528.0,66440188.0,2.0,The order was incorrect.,Delivery,Negative,2024-08-07
3488198.0,3122936945.0,95001589.0,3.0,Items were missing from my order.,Customer Service,Negative,2023-05-06
990612.0,6093390755.0,32054313.0,3.0,The packaging was poor.,Delivery,Negative,2023-11-24
8476626.0,2032956677.0,66932104.0,3.0,The product met my expectations.,Product Quality,Neutral,2024-05-02
7821651.0,1488430001.0,67092149.0,2.0,Items were missing from my order.,Delivery,Negative,2024-08-04
6182560.0,615391848.0,65570302.0,3.0,Very disappointed with the quality.,App Experience,Negative,2024-09-12
6953419.0,8686093533.0,30823988.0,5.0,Will definitely order again.,Customer Service,Positive,2024-02-06
3521174.0,7038758506.0,68714053.0,2.0,Taste was not as expected.,Delivery,Negative,2023-05-08
642616.0,2385966456.0,12184293.0,1.0,Very disappointed with the quality.,Customer Service,Negative,2023-08-22
593670.0,259622674.0,61002154.0,4.0,Very happy with the service!,Product Quality,Positive,2023-05-05
7065647.0,2580381935.0,4394659.0,4.0,Highly recommended!,App Experience,Positive,2024-05-05
1833585.0,5035471587.0,18140588.0,3.0,"It was okay, nothing special.",Customer Service,Neutral,2024-01-05
7873851.0,9421270813.0,26844216.0,3.0,Items were missing from my order.,Product Quality,Negative,2024-04-22
1617109.0,1831516625.0,46629917.0,3.0,"Nothing to complain about, but nothing exceptional.",Product Quality,Neutral,2024-03-29
6502843.0,1918841793.0,95334407.0,3.0,"It was okay, nothing special.",Customer Service,Neutral,2024-06-17
6630115.0,1757159071.0,59094034.0,1.0,The packaging was poor.,App Experience,Negative,2024-03-13
673112.0,7589464630.0,91196901.0,5.0,Good selection of products.,Delivery,Positive,2024-07-12
1678914.0,1577085460.0,74682740.0,1.0,Customer service was not helpful.,Delivery,Negative,2023-09-22
804834.0,2279018877.0,40305293.0,4.0,"Average experience, could improve.",Customer Service,Neutral,2024-06-10
212051.0,7431412128.0,96989204.0,4.0,"Average experience, could improve.",Customer Service,Neutral,2023-05-29
1731482.0,8781520615.0,85519349.0,4.0,The product met my expectations.,Delivery,Neutral,2024-04-14
7773519.0,1276192882.0,97678578.0,5.0,Good selection of products.,Product Quality,Positive,2024-01-08
8808555.0,4065794921.0,85518832.0,5.0,"Excellent quality, will buy again!",Customer Service,Positive,2024-03-21
6907960.0,1690800946.0,79764458.0,5.0,Highly recommended!,Product Quality,Positive,2023-03-29
6984944.0,877883470.0,1200365.0,3.0,"It was okay, nothing special.",App Experience,Neutral,2023-06-07
2712264.0,7322044533.0,48730063.0,3.0,The product met my expectations.,Customer Service,Neutral,2023-10-14
3963629.0,5243163885.0,19275474.0,3.0,The product met my expectations.,Delivery,Neutral,2023-05-19
4619026.0,4360255357.0,15529446.0,2.0,Taste was not as expected.,App Experience,Negative,2023-05-14
6662523.0,9623306038.0,51669263.0,5.0,Very happy with the service!,Delivery,Positive,2023-11-10
6484963.0,6282385286.0,6150721.0,4.0,"It was okay, nothing special.",Customer Service,Neutral,2023-10-28
2421781.0,1001900652.0,30367559.0,5.0,Very happy with the service!,Product Quality,Positive,2024-09-08
8007377.0,5161988291.0,65618148.0,1.0,Not worth the price I paid.,Delivery,Negative,2024-07-01
7614687.0,3597752998.0,37759707.0,1.0,I had a bad experience.,Delivery,Negative,2024-04-03
2818195.0,9074325310.0,35435896.0,2.0,Very disappointed with the quality.,Customer Service,Negative,2024-04-23
5353483.0,8875965392.0,41395224.0,4.0,Customer service was very helpful.,Delivery,Positive,2024-01-22
8492311.0,971081962.0,73428596.0,4.0,Good selection of products.,Customer Service,Positive,2024-08-29
7851227.0,1948332638.0,62323608.0,3.0,"Nothing to complain about, but nothing exceptional.",Delivery,Neutral,2024-06-08
7389650.0,1785558780.0,18986315.0,3.0,Customer service was not helpful.,Delivery,Negative,2024-06-28
3902686.0,7590462053.0,18326028.0,4.0,Customer service was very helpful.,Delivery,Positive,2024-06-26
1670386.0,2135743860.0,73392739.0,3.0,The order was incorrect.,Customer Service,Negative,2024-03-22
6315217.0,9851365751.0,12832151.0,1.0,I had a bad experience.,App Experience,Negative,2023-10-03
6079538.0,9243090480.0,13760839.0,3.0,"Nothing to complain about, but nothing exceptional.",Customer Service,Neutral,2023-03-21
8716014.0,7168596454.0,35690581.0,4.0,Will definitely order again.,Product Quality,Positive,2023-03-22
5220732.0,2483565595.0,21701991.0,5.0,"Overall good experience, thank you!",Delivery,Positive,2023-03-24
6903103.0,2484470052.0,84848018.0,1.0,I had a bad experience.,Delivery,Negative,2024-01-09
9534772.0,7702588270.0,55094848.0,4.0,Will definitely order again.,Customer Service,Positive,2024-04-26
9734476.0,5992338333.0,9738801.0,5.0,Items were in perfect condition.,Delivery,Positive,2023-04-03
3476741.0,9196796718.0,68941950.0,3.0,Very disappointed with the quality.,App Experience,Negative,2023-07-06
5456993.0,3291765954.0,57523973.0,3.0,Product was damaged during delivery.,App Experience,Negative,2023-08-30
4090243.0,652616858.0,10663246.0,3.0,The order was incorrect.,App Experience,Negative,2023-05-22
8423384.0,2613508245.0,45028365.0,5.0,Items were in perfect condition.,Delivery,Positive,2023-12-28
4019989.0,8169361928.0,8241122.0,5.0,Very fresh and well-packaged.,Delivery,Positive,2024-01-10
9879756.0,9395982132.0,58170168.0,2.0,The order was incorrect.,Delivery,Negative,2023-07-05
7954510.0,1914701538.0,64722323.0,5.0,Highly recommended!,Product Quality,Positive,2023-07-09
7223265.0,6236279358.0,97141762.0,1.0,The order was incorrect.,Product Quality,Negative,2024-05-26
6344475.0,2288561509.0,11047835.0,4.0,"Average experience, could improve.",App Experience,Neutral,2023-12-04
9332236.0,2010415757.0,43295656.0,3.0,Delivery was late and I was unhappy.,Customer Service,Negative,2024-06-20
9187416.0,7164827734.0,9195970.0,3.0,"Delivery was fine, but the product could be better.",App Experience,Neutral,2023-03-16
8178959.0,7971819985.0,48511124.0,5.0,Good selection of products.,Customer Service,Positive,2024-04-15
6694483.0,8234021674.0,41073776.0,4.0,"It was okay, nothing special.",Customer Service,Neutral,2024-01-29
7297081.0,4274404843.0,48418662.0,1.0,Not worth the price I paid.,Delivery,Negative,2024-09-30
2780635.0,7353519273.0,80761521.0,3.0,Taste was not as expected.,Delivery,Negative,2023-09-22
8885288.0,8539612501.0,22846435.0,4.0,Customer service was very helpful.,Product Quality,Positive,2024-09-20
6961258.0,5894327065.0,35133191.0,4.0,The product met my expectations.,App Experience,Neutral,2024-03-15
2164847.0,77053363.0,74172010.0,4.0,The product met my expectations.,App Experience,Neutral,2023-05-04
5219253.0,4467084478.0,30447453.0,4.0,Customer service was very helpful.,Customer Service,Positive,2024-03-03
7608543.0,3514036230.0,84937877.0,2.0,The order was incorrect.,Customer Service,Negative,2023-07-11
6738377.0,4720421794.0,72089140.0,4.0,"Nothing to complain about, but nothing exceptional.",App Experience,Neutral,2024-01-16
4078784.0,3202903413.0,12507907.0,1.0,Taste was not as expected.,Customer Service,Negative,2023-08-04
4540343.0,6938082428.0,19741509.0,3.0,"Delivery was fine, but the product could be better.",Delivery,Neutral,2024-03-08
4973137.0,9202941711.0,59240916.0,3.0,The product met my expectations.,Customer Service,Neutral,2024-03-24
893979.0,8963522960.0,11143197.0,4.0,"Nothing to complain about, but nothing exceptional.",Product Quality,Neutral,2023-11-02
9275465.0,9266835891.0,14207332.0,3.0,Customer service was not helpful.,Customer Service,Negative,2024-06-13
7961669.0,5265722064.0,52032226.0,3.0,Delivery was late and I was unhappy.,Customer Service,Negative,2023-07-16
8462266.0,5514326011.0,95364457.0,1.0,Very disappointed with the quality.,Delivery,Negative,2024-02-04
492696.0,9578652103.0,34839913.0,5.0,Very fresh and well-packaged.,App Experience,Positive,2024-03-13
2078050.0,3559061334.0,79991320.0,3.0,The product met my expectations.,Customer Service,Neutral,2023-06-09
871537.0,637944734.0,60698094.0,4.0,"It was okay, nothing special.",Customer Service,Neutral,2023-04-01
1773233.0,7454643275.0,18229949.0,3.0,"Nothing to complain about, but nothing exceptional.",Customer Service,Neutral,2024-07-14
2701343.0,4319342350.0,99160348.0,4.0,Will definitely order again.,App Experience,Positive,2024-08-27
9605309.0,7568450733.0,59518795.0,3.0,"Delivery was fine, but the product could be better.",Customer Service,Neutral,2023-04-09
3469284.0,734744305.0,60698094.0,4.0,Great prices and fast delivery!,Customer Service,Positive,2024-06-08
9538852.0,5233331050.0,85561151.0,3.0,The packaging was poor.,Customer Service,Negative,2023-05-01
733284.0,8326867788.0,17939362.0,4.0,"Nothing to complain about, but nothing exceptional.",Product Quality,Neutral,2023-09-20
2822882.0,8368819094.0,42432226.0,2.0,Not worth the price I paid.,App Experience,Negative,2024-08-15
1828748.0,8700151605.0,19275474.0,3.0,"Average experience, could improve.",Customer Service,Neutral,2023-08-04
318076.0,6269179048.0,469006.0,4.0,The product met my expectations.,Product Quality,Neutral,2023-11-11
5959696.0,1265254177.0,46378942.0,5.0,Very fresh and well-packaged.,App Experience,Positive,2023-09-24
7955410.0,9858963919.0,40858753.0,5.0,Very happy with the service!,App Experience,Positive,2023-07-02
400719.0,7279564594.0,91566278.0,4.0,"Average experience, could improve.",Customer Service,Neutral,2024-01-19
4253376.0,6983253839.0,62629494.0,4.0,Items were in perfect condition.,App Experience,Positive,2024-04-03
893900.0,9479808024.0,62679120.0,1.0,Not worth the price I paid.,App Experience,Negative,2023-10-16
7889291.0,3583522679.0,6668498.0,4.0,Good selection of products.,Delivery,Positive,2023-09-06
4541842.0,1923226423.0,39042103.0,3.0,"It was okay, nothing special.",Product Quality,Neutral,2024-07-28
1858937.0,664198080.0,89036169.0,5.0,Items were in perfect condition.,Product Quality,Positive,2023-08-12
2821305.0,4224700084.0,11478478.0,4.0,"Nothing to complain about, but nothing exceptional.",Delivery,Neutral,2024-08-28
2918812.0,969621016.0,13465850.0,4.0,Very fresh and well-packaged.,Delivery,Positive,2024-01-23
3919018.0,8178275820.0,55060796.0,4.0,"Nothing to complain about, but nothing exceptional.",Delivery,Neutral,2024-04-05
811082.0,4949766982.0,99734256.0,1.0,Very disappointed with the quality.,Product Quality,Negative,2024-09-11
3987894.0,5258344385.0,12867472.0,4.0,"Delivery was fine, but the product could be better.",App Experience,Neutral,2023-10-14
1037126.0,8101930640.0,92306841.0,2.0,Items were missing from my order.,Customer Service,Negative,2023-06-12
6662080.0,6703316563.0,89669139.0,3.0,"Delivery was fine, but the product could be better.",Customer Service,Neutral,2024-01-25
666838.0,7680297690.0,1705969.0,5.0,Very fresh and well-packaged.,App Experience,Positive,2024-02-12
3384233.0,7256340388.0,30042971.0,5.0,"Excellent quality, will buy again!",Delivery,Positive,2023-10-08
1396423.0,2538269668.0,48778633.0,3.0,The product met my expectations.,Product Quality,Neutral,2023-06-23
2670139.0,7506762237.0,98225598.0,4.0,"Nothing to complain about, but nothing exceptional.",Customer Service,Neutral,2023-06-10
249410.0,6585436114.0,65895091.0,3.0,"Delivery was fine, but the product could be better.",App Experience,Neutral,2024-03-13
2283550.0,9852996866.0,19145354.0,3.0,I had a bad experience.,Product Quality,Negative,2024-06-26
1186611.0,1991135167.0,46699982.0,1.0,Items were missing from my order.,Delivery,Negative,2023-12-19
5655176.0,7765110772.0,33871107.0,5.0,Very fresh and well-packaged.,Customer Service,Positive,2024-06-01
7557234.0,3520718052.0,6856445.0,3.0,Taste was not as expected.,App Experience,Negative,2023-07-07
9297487.0,5388573375.0,77128325.0,4.0,"Average experience, could improve.",Delivery,Neutral,2024-03-07
6618208.0,8977771682.0,30979436.0,1.0,The order was incorrect.,App Experience,Negative,2023-04-29
2304442.0,3596900942.0,63349378.0,2.0,Product was damaged during delivery.,App Experience,Negative,2023-11-03
3413974.0,155295996.0,24517523.0,4.0,"Average experience, could improve.",Delivery,Neutral,2024-06-29
6698770.0,1945536198.0,44557943.0,4.0,The product met my expectations.,Customer Service,Neutral,2023-05-03
1790421.0,2550246555.0,38671747.0,4.0,Good selection of products.,Product Quality,Positive,2023-04-06
6707041.0,4287631655.0,6867315.0,3.0,I had a bad experience.,Delivery,Negative,2023-11-15
2990320.0,2033683703.0,42989999.0,4.0,The product met my expectations.,Product Quality,Neutral,2024-01-24
6026246.0,9453583714.0,82854537.0,5.0,Very fresh and well-packaged.,Delivery,Positive,2023-09-01
1524623.0,852886125.0,44562310.0,4.0,Great prices and fast delivery!,Delivery,Positive,2023-07-14
384936.0,5705899665.0,4378755.0,3.0,"Nothing to complain about, but nothing exceptional.",Customer Service,Neutral,2024-05-27
9463247.0,5706043483.0,63360864.0,4.0,Will definitely order again.,Delivery,Positive,2024-07-17
232145.0,5190422833.0,3410758.0,3.0,"It was okay, nothing special.",Customer Service,Neutral,2023-03-27
662031.0,7178188501.0,3786105.0,3.0,Not worth the price I paid.,App Experience,Negative,2024-04-18
6325282.0,2864819888.0,9419030.0,2.0,Items were missing from my order.,Delivery,Negative,2024-04-19
5123205.0,7107216633.0,10857389.0,4.0,"It was okay, nothing special.",Product Quality,Neutral,2024-06-27
8671993.0,1685382357.0,6579892.0,4.0,"It was okay, nothing special.",Product Quality,Neutral,2023-05-04
3901928.0,7562902958.0,81808190.0,2.0,Very disappointed with the quality.,App Experience,Negative,2023-06-08
4500081.0,2819953077.0,25128143.0,3.0,"It was okay, nothing special.",Product Quality,Neutral,2023-11-22
7629553.0,8453462258.0,2875442.0,3.0,"It was okay, nothing special.",Product Quality,Neutral,2024-02-10
2027892.0,4605056279.0,23976957.0,4.0,"Average experience, could improve.",Customer Service,Neutral,2024-05-04
1208750.0,5998035939.0,88324928.0,5.0,Highly recommended!,App Experience,Positive,2024-02-22
8404079.0,2311501690.0,27698051.0,1.0,The packaging was poor.,Product Quality,Negative,2024-03-26
5785508.0,356495722.0,91312072.0,3.0,"Average experience, could improve.",Delivery,Neutral,2024-06-02
9688416.0,2695448838.0,47274329.0,1.0,Items were missing from my order.,Customer Service,Negative,2023-06-11
6606588.0,6986791144.0,27692428.0,3.0,The order was incorrect.,Product Quality,Negative,2023-09-08
5744159.0,8619571588.0,31456752.0,3.0,Taste was not as expected.,Customer Service,Negative,2024-01-17
1290444.0,4088553674.0,52913011.0,5.0,Will definitely order again.,Product Quality,Positive,2023-08-25
5071299.0,8177907004.0,60757351.0,3.0,"It was okay, nothing special.",Product Quality,Neutral,2024-01-08
2012001.0,8533749006.0,91590001.0,4.0,"Delivery was fine, but the product could be better.",App Experience,Neutral,2024-10-30
7516762.0,8694014791.0,48778633.0,3.0,"Delivery was fine, but the product could be better.",Delivery,Neutral,2023-08-06
8452294.0,6311012195.0,10857389.0,4.0,"Average experience, could improve.",Delivery,Neutral,2023-07-27
5386596.0,1312767771.0,26412689.0,3.0,I had a bad experience.,Delivery,Negative,2024-09-17
3046652.0,214919848.0,47125914.0,4.0,"Delivery was fine, but the product could be better.",App Experience,Neutral,2024-01-06
902714.0,5521682945.0,26303194.0,4.0,Very fresh and well-packaged.,Product Quality,Positive,2024-07-24
3623958.0,5305770811.0,92642745.0,4.0,"Average experience, could improve.",Delivery,Neutral,2024-10-31
3376281.0,5842420654.0,43307488.0,1.0,Customer service was not helpful.,Product Quality,Negative,2024-05-06
8057785.0,4566893863.0,88739922.0,1.0,The order was incorrect.,Product Quality,Negative,2023-10-28
9951202.0,1523729855.0,54730270.0,3.0,The packaging was poor.,Product Quality,Negative,2024-09-03
3155305.0,2899786983.0,31456752.0,3.0,Not worth the price I paid.,App Experience,Negative,2023-10-24
8959147.0,9202528884.0,64940409.0,3.0,The product met my expectations.,Delivery,Neutral,2024-05-27
5068589.0,4338327693.0,93617659.0,3.0,"It was okay, nothing special.",Delivery,Neutral,2024-05-19
9415572.0,6295686357.0,76533277.0,3.0,"It was okay, nothing special.",Customer Service,Neutral,2024-01-10
419428.0,6396194687.0,61406908.0,5.0,Good selection of products.,Customer Service,Positive,2024-01-20
5638774.0,5662786245.0,21409946.0,3.0,"Average experience, could improve.",Product Quality,Neutral,2023-04-21
7773683.0,4868150114.0,69761993.0,4.0,Great prices and fast delivery!,Product Quality,Positive,2024-01-08
7266707.0,502764834.0,96903782.0,4.0,"Excellent quality, will buy again!",App Experience,Positive,2024-08-02
9467403.0,5056125341.0,26040510.0,5.0,Very fresh and well-packaged.,App Experience,Positive,2023-05-23
5752697.0,6388618916.0,96511007.0,4.0,"Nothing to complain about, but nothing exceptional.",Delivery,Neutral,2024-01-26
4816923.0,3508668494.0,75836905.0,4.0,"It was okay, nothing special.",Product Quality,Neutral,2024-01-25
2238576.0,5289436093.0,98211325.0,5.0,"Excellent quality, will buy again!",Delivery,Positive,2024-04-18
8802816.0,7596333614.0,88684966.0,3.0,"Average experience, could improve.",App Experience,Neutral,2023-03-30
635640.0,6284076508.0,74179536.0,1.0,Very disappointed with the quality.,Delivery,Negative,2024-07-19
3246815.0,340050407.0,68941950.0,5.0,Customer service was very helpful.,Customer Service,Positive,2024-10-15
5824130.0,5927472701.0,93563435.0,5.0,"Excellent quality, will buy again!",App Experience,Positive,2024-01-12
5232585.0,9216536492.0,58979427.0,2.0,Taste was not as expected.,Delivery,Negative,2024-10-04
6997740.0,3742662928.0,63971358.0,2.0,Not worth the price I paid.,Delivery,Negative,2023-06-03
2878840.0,4797768073.0,35782051.0,1.0,Taste was not as expected.,App Experience,Negative,2023-07-06
3232027.0,6767935470.0,70372270.0,3.0,The order was incorrect.,App Experience,Negative,2024-04-17
8676901.0,1963703928.0,77007315.0,3.0,"Average experience, could improve.",Delivery,Neutral,2024-07-06
7147494.0,552470423.0,4394659.0,3.0,I had a bad experience.,Customer Service,Negative,2024-02-27
6455947.0,739434870.0,1603358.0,3.0,"Nothing to complain about, but nothing exceptional.",Delivery,Neutral,2023-09-05
2146818.0,7930373606.0,13494314.0,4.0,Highly recommended!,App Experience,Positive,2023-08-09
5918905.0,5374978054.0,64932019.0,4.0,Great prices and fast delivery!,App Experience,Positive,2024-07-08
1790853.0,4361797433.0,1603358.0,5.0,Items were in perfect condition.,Customer Service,Positive,2023-08-05
5333878.0,2002067527.0,45166203.0,5.0,Customer service was very helpful.,Customer Service,Positive,2023-11-06
4408352.0,4228110436.0,701493.0,3.0,"It was okay, nothing special.",Delivery,Neutral,2023-07-23
8806220.0,1251118825.0,79592021.0,5.0,Very happy with the service!,Delivery,Positive,2023-05-04
9260645.0,7165265639.0,29265216.0,4.0,"Delivery was fine, but the product could be better.",App Experience,Neutral,2023-08-20
7871902.0,1255323701.0,51669263.0,2.0,Delivery was late and I was unhappy.,Delivery,Negative,2024-03-06
7106648.0,807934194.0,69925688.0,5.0,Very happy with the service!,App Experience,Positive,2024-01-13
679157.0,7968718292.0,54730270.0,4.0,Items were in perfect condition.,Customer Service,Positive,2023-10-30
4993673.0,2620531979.0,8651281.0,3.0,The order was incorrect.,Customer Service,Negative,2024-02-24
6888989.0,6943430459.0,53636086.0,1.0,The order was incorrect.,Product Quality,Negative,2024-10-05
7072577.0,5607355353.0,47625855.0,3.0,"Nothing to complain about, but nothing exceptional.",Delivery,Neutral,2023-06-23
1802954.0,6696352636.0,54730270.0,5.0,"Excellent quality, will buy again!",Product Quality,Positive,2023-06-18
2730040.0,9325920156.0,59110513.0,3.0,Not worth the price I paid.,Product Quality,Negative,2024-10-12
6547569.0,2286477025.0,59436131.0,1.0,Items were missing from my order.,Delivery,Negative,2023-06-02
2561468.0,6704773223.0,81420960.0,3.0,The product met my expectations.,Product Quality,Neutral,2024-07-22
8667253.0,1435353007.0,48281892.0,3.0,The product met my expectations.,Product Quality,Neutral,2024-01-19
4244460.0,8080970647.0,1855421.0,3.0,"It was okay, nothing special.",Product Quality,Neutral,2023-11-25
7073627.0,5881633926.0,32293017.0,4.0,"Nothing to complain about, but nothing exceptional.",App Experience,Neutral,2023-04-21
8693785.0,4435459085.0,76830090.0,4.0,The product met my expectations.,Customer Service,Neutral,2023-08-19
5942135.0,6172529406.0,48409448.0,4.0,"Average experience, could improve.",Delivery,Neutral,2024-05-21
3589571.0,9127879048.0,75490147.0,3.0,Very disappointed with the quality.,Product Quality,Negative,2024-08-27
1694264.0,3806545110.0,1200365.0,3.0,The order was incorrect.,Product Quality,Negative,2024-08-17
2192927.0,6919395718.0,91550885.0,3.0,"Delivery was fine, but the product could be better.",Delivery,Neutral,2024-02-16
1600751.0,5277462976.0,98858383.0,4.0,"Nothing to complain about, but nothing exceptional.",App Experience,Neutral,2024-10-19
9323797.0,3606274277.0,98225598.0,3.0,"Average experience, could improve.",Product Quality,Neutral,2023-08-08
5005753.0,2065203676.0,36146306.0,2.0,I had a bad experience.,App Experience,Negative,2024-01-15
7240917.0,4042066387.0,90743791.0,2.0,Customer service was not helpful.,Product Quality,Negative,2024-01-03
6053670.0,3604982656.0,59207798.0,5.0,Good selection of products.,Product Quality,Positive,2024-09-19
9714963.0,1149676745.0,6247821.0,4.0,"Delivery was fine, but the product could be better.",Delivery,Neutral,2023-10-20
7759744.0,3895011687.0,47043878.0,5.0,Will definitely order again.,Delivery,Positive,2024-03-23
6925008.0,772505056.0,81822494.0,2.0,Not worth the price I paid.,App Experience,Negative,2023-07-13
9337137.0,5574765914.0,89619421.0,5.0,Items were in perfect condition.,Delivery,Positive,2024-10-25
7351543.0,8812616740.0,61982521.0,4.0,Customer service was very helpful.,Delivery,Positive,2023-06-26
9045201.0,1486655525.0,74572121.0,1.0,The packaging was poor.,Delivery,Negative,2024-04-21
8541275.0,8423025639.0,6344345.0,3.0,"It was okay, nothing special.",App Experience,Neutral,2024-06-06
9300914.0,9020705185.0,1562083.0,3.0,The product met my expectations.,Product Quality,Neutral,2023-12-29
5320169.0,7719808698.0,93938425.0,5.0,"Overall good experience, thank you!",Product Quality,Positive,2023-08-18
3594486.0,3414036630.0,32809328.0,4.0,The product met my expectations.,Product Quality,Neutral,2024-04-05
2083582.0,4157869967.0,49617892.0,3.0,Product was damaged during delivery.,Product Quality,Negative,2023-05-05
6235727.0,4873887251.0,20951294.0,3.0,Items were missing from my order.,Customer Service,Negative,2023-09-20
2389284.0,8031946454.0,31923338.0,5.0,Highly recommended!,App Experience,Positive,2023-08-29
5345306.0,8168056170.0,45700473.0,4.0,"Average experience, could improve.",Delivery,Neutral,2023-08-28
5949534.0,3108512811.0,15417130.0,4.0,The product met my expectations.,Customer Service,Neutral,2024-02-10
9556418.0,1680591951.0,7288562.0,2.0,Product was damaged during delivery.,Delivery,Negative,2024-03-11
8987424.0,559245731.0,68941950.0,4.0,"Delivery was fine, but the product could be better.",Delivery,Neutral,2024-09-08
733011.0,8655600303.0,12867472.0,3.0,"Nothing to complain about, but nothing exceptional.",App Experience,Neutral,2024-04-27
3526374.0,8247327365.0,30065862.0,3.0,The packaging was poor.,Delivery,Negative,2024-09-25
8534096.0,9153347285.0,54222320.0,5.0,Very fresh and well-packaged.,Delivery,Positive,2023-06-22
6232893.0,1977533409.0,17521263.0,5.0,Great prices and fast delivery!,App Experience,Positive,2023-12-18
4147602.0,2433646621.0,82770142.0,5.0,Items were in perfect condition.,Customer Service,Positive,2024-11-03
5451267.0,22830983.0,92404798.0,3.0,Product was damaged during delivery.,Product Quality,Negative,2023-06-04
3344920.0,1143763031.0,52075070.0,5.0,"Overall good experience, thank you!",App Experience,Positive,2024-08-09
4604935.0,8524056436.0,35434373.0,4.0,Highly recommended!,App Experience,Positive,2023-09-06
1348186.0,4262338791.0,72089140.0,4.0,Highly recommended!,App Experience,Positive,2024-10-17
9353224.0,187728451.0,63262519.0,3.0,Customer service was not helpful.,App Experience,Negative,2023-11-27
3269724.0,6754346312.0,3897936.0,1.0,Items were missing from my order.,Delivery,Negative,2023-06-19
6750176.0,5790622967.0,81091233.0,4.0,"Delivery was fine, but the product could be better.",Customer Service,Neutral,2024-02-27
362314.0,4305348838.0,63630649.0,1.0,Not worth the price I paid.,Delivery,Negative,2024-03-03
320914.0,2902411553.0,93122847.0,3.0,The product met my expectations.,Product Quality,Neutral,2023-11-01
8954689.0,3691199770.0,30788486.0,1.0,Not worth the price I paid.,Customer Service,Negative,2024-05-13
2670882.0,775709102.0,80517784.0,1.0,The order was incorrect.,Customer Service,Negative,2023-08-26
4791684.0,5262508570.0,42781544.0,3.0,Taste was not as expected.,Customer Service,Negative,2024-07-06
2335450.0,192109127.0,82854537.0,4.0,Customer service was very helpful.,Delivery,Positive,2024-09-16
7202647.0,1108215973.0,2928026.0,3.0,"Average experience, could improve.",Delivery,Neutral,2023-12-17
8823743.0,1719134546.0,25665997.0,2.0,Items were missing from my order.,Delivery,Negative,2024-07-10
1322099.0,5280263316.0,77035814.0,3.0,The product met my expectations.,Customer Service,Neutral,2024-06-28
263631.0,9448306266.0,74038361.0,1.0,The packaging was poor.,App Experience,Negative,2024-04-16
8947730.0,8023626961.0,68307253.0,4.0,Will definitely order again.,Delivery,Positive,2023-09-26
6595802.0,1118405605.0,15599514.0,3.0,"It was okay, nothing special.",Customer Service,Neutral,2023-06-26
4911170.0,8226034341.0,26040510.0,4.0,Highly recommended!,Product Quality,Positive,2023-11-25
6314356.0,6976835753.0,29973346.0,4.0,Good selection of products.,Customer Service,Positive,2024-02-22
4908971.0,9171564499.0,24896263.0,5.0,"Overall good experience, thank you!",Delivery,Positive,2023-12-04
5005913.0,5393607402.0,14272050.0,3.0,"Average experience, could improve.",Customer Service,Neutral,2023-12-17
5688851.0,5670040592.0,80571942.0,1.0,Product was damaged during delivery.,Delivery,Negative,2024-05-25
1349809.0,6736891890.0,15661901.0,3.0,"Delivery was fine, but the product could be better.",Delivery,Neutral,2024-10-21
376869.0,1223255075.0,71321741.0,2.0,The order was incorrect.,Delivery,Negative,2023-08-18
9510291.0,8158413630.0,15066187.0,4.0,"Delivery was fine, but the product could be better.",Customer Service,Neutral,2024-08-30
3995828.0,7867573412.0,61226563.0,3.0,The product met my expectations.,App Experience,Neutral,2023-09-14
249804.0,1624690598.0,52048413.0,3.0,The product met my expectations.,App Experience,Neutral,2024-03-23
6198579.0,8968945932.0,67386193.0,5.0,Items were in perfect condition.,Product Quality,Positive,2024-09-07
7750774.0,1645212433.0,67918495.0,4.0,Customer service was very helpful.,Delivery,Positive,2024-08-07
175547.0,9187046038.0,75860724.0,2.0,Taste was not as expected.,Customer Service,Negative,2023-06-13
6866045.0,9305357757.0,76212152.0,3.0,"It was okay, nothing special.",Customer Service,Neutral,2023-05-12
3637250.0,8312320295.0,31076002.0,4.0,The product met my expectations.,Delivery,Neutral,2024-06-29
7044524.0,3256941332.0,43599910.0,4.0,"Average experience, could improve.",Customer Service,Neutral,2023-11-22
9174249.0,8980502814.0,45708879.0,3.0,Customer service was not helpful.,Delivery,Negative,2024-10-15
9317439.0,9270396838.0,63376126.0,3.0,Not worth the price I paid.,Delivery,Negative,2023-07-06
8740185.0,2892588628.0,54797119.0,4.0,Good selection of products.,Delivery,Positive,2024-04-19
2809205.0,8774158800.0,19216141.0,3.0,Items were missing from my order.,Delivery,Negative,2023-12-12
3694797.0,2056131802.0,16448993.0,1.0,Taste was not as expected.,Customer Service,Negative,2023-09-02
1718861.0,3528007192.0,52279849.0,3.0,"Average experience, could improve.",Product Quality,Neutral,2023-07-11
6372332.0,2845333894.0,4192351.0,4.0,"Nothing to complain about, but nothing exceptional.",Product Quality,Neutral,2024-04-28
5677952.0,6602340187.0,38875754.0,3.0,"It was okay, nothing special.",Delivery,Neutral,2024-03-11
2157251.0,721004875.0,75913572.0,4.0,The product met my expectations.,Customer Service,Neutral,2023-10-09
654537.0,7435895360.0,77217240.0,4.0,The product met my expectations.,Delivery,Neutral,2024-09-04
1661271.0,4217659083.0,31846190.0,2.0,Product was damaged during delivery.,Customer Service,Negative,2024-01-18
5678000.0,9710865146.0,21282544.0,3.0,"Average experience, could improve.",Customer Service,Neutral,2023-05-11
8191768.0,5375295409.0,17843667.0,2.0,I had a bad experience.,Product Quality,Negative,2024-10-05
7180714.0,6286044248.0,38902193.0,4.0,The product met my expectations.,Product Quality,Neutral,2023-05-05
5440957.0,1708282193.0,79895967.0,2.0,Product was damaged during delivery.,Customer Service,Negative,2024-01-25
4716904.0,5746303677.0,20148223.0,3.0,"Average experience, could improve.",App Experience,Neutral,2024-06-08
8086906.0,3271726381.0,44050697.0,5.0,Highly recommended!,Product Quality,Positive,2024-03-15
918353.0,9802569856.0,33741801.0,4.0,The product met my expectations.,Delivery,Neutral,2024-04-07
2209877.0,662460037.0,98144693.0,5.0,Will definitely order again.,Delivery,Positive,2024-10-11
8549500.0,8664447334.0,25829710.0,4.0,"Nothing to complain about, but nothing exceptional.",Product Quality,Neutral,2024-03-08
4276242.0,3886370975.0,96903782.0,4.0,"Excellent quality, will buy again!",Delivery,Positive,2024-05-08
8150049.0,3547006553.0,56572297.0,4.0,"Average experience, could improve.",App Experience,Neutral,2024-05-29
443278.0,2575965518.0,38496400.0,4.0,"Delivery was fine, but the product could be better.",Product Quality,Neutral,2024-10-25
6003978.0,1529363954.0,13251137.0,2.0,I had a bad experience.,Delivery,Negative,2024-03-27
9545368.0,8463856241.0,87463923.0,3.0,"Average experience, could improve.",Customer Service,Neutral,2023-04-10
4483011.0,2485242479.0,25526479.0,4.0,Customer service was very helpful.,Delivery,Positive,2023-04-11
6488994.0,9850673433.0,93826036.0,5.0,"Excellent quality, will buy again!",Delivery,Positive,2023-05-06
814679.0,2558680592.0,68475914.0,5.0,Great prices and fast delivery!,Delivery,Positive,2023-05-31
3948164.0,2859167116.0,40626729.0,3.0,"Nothing to complain about, but nothing exceptional.",Product Quality,Neutral,2024-10-15
426070.0,1222236371.0,88517890.0,2.0,The packaging was poor.,Customer Service,Negative,2024-08-15
5260029.0,344177904.0,44589829.0,4.0,Great prices and fast delivery!,Customer Service,Positive,2023-08-18
7557691.0,6126334783.0,6150721.0,3.0,Very disappointed with the quality.,Customer Service,Negative,2024-07-03
5527183.0,3742575364.0,42723554.0,5.0,Items were in perfect condition.,Delivery,Positive,2023-05-08
2193982.0,9272166174.0,53292177.0,5.0,Customer service was very helpful.,Delivery,Positive,2023-07-27
1509526.0,9416522701.0,7551173.0,1.0,Items were missing from my order.,Delivery,Negative,2024-01-22
5945755.0,7305871805.0,96629034.0,4.0,"Overall good experience, thank you!",App Experience,Positive,2024-09-11
9939985.0,80296810.0,21677923.0,1.0,Very disappointed with the quality.,Delivery,Negative,2024-06-05
5767393.0,2806868282.0,67952740.0,3.0,The packaging was poor.,Delivery,Negative,2024-09-26
1550225.0,707033578.0,14839726.0,4.0,Highly recommended!,Delivery,Positive,2024-01-30
4508722.0,9026783092.0,60385293.0,1.0,The packaging was poor.,App Experience,Negative,2023-10-09
5339952.0,6229466619.0,81533356.0,5.0,Items were in perfect condition.,App Experience,Positive,2023-06-05
3148654.0,408720270.0,37245065.0,3.0,"It was okay, nothing special.",Customer Service,Neutral,2024-06-26
3747033.0,8870165072.0,80517784.0,5.0,Great prices and fast delivery!,Delivery,Positive,2023-11-03
2734765.0,1979319490.0,5238055.0,4.0,Very fresh and well-packaged.,App Experience,Positive,2024-01-14
7343647.0,840761323.0,83262890.0,5.0,"Excellent quality, will buy again!",Customer Service,Positive,2024-03-09
6003407.0,744721438.0,67092149.0,3.0,The product met my expectations.,Product Quality,Neutral,2024-02-25
2897915.0,7421707488.0,80315623.0,1.0,I had a bad experience.,Delivery,Negative,2023-11-03
2041938.0,1212718824.0,73393269.0,4.0,"Delivery was fine, but the product could be better.",Customer Service,Neutral,2024-01-01
382551.0,9603256001.0,8791577.0,5.0,Very fresh and well-packaged.,Delivery,Positive,2023-05-08
7458232.0,5626888972.0,24323106.0,4.0,Will definitely order again.,App Experience,Positive,2024-04-13
9759215.0,2300753276.0,92306841.0,3.0,"Average experience, could improve.",Customer Service,Neutral,2023-12-07
108019.0,869629562.0,31831843.0,4.0,"Average experience, could improve.",Product Quality,Neutral,2023-05-05
4667239.0,3429137520.0,51048402.0,5.0,Highly recommended!,Product Quality,Positive,2024-03-16
4159065.0,9957927297.0,35349582.0,2.0,The order was incorrect.,App Experience,Negative,2023-06-07
3056720.0,202466684.0,74840437.0,4.0,"It was okay, nothing special.",Customer Service,Neutral,2023-08-08
9058195.0,8465721207.0,30192942.0,4.0,"Average experience, could improve.",Customer Service,Neutral,2024-06-21
3613143.0,6194827199.0,41494867.0,5.0,Good selection of products.,Customer Service,Positive,2023-12-20
6592934.0,3942174431.0,84257716.0,5.0,Will definitely order again.,App Experience,Positive,2024-02-17
2475333.0,3189863462.0,6756256.0,3.0,Items were missing from my order.,Delivery,Negative,2024-06-17
5347347.0,5923573134.0,22800586.0,3.0,The packaging was poor.,Customer Service,Negative,2024-02-17
8415081.0,6659747528.0,43034188.0,3.0,Items were missing from my order.,Delivery,Negative,2024-09-28
4810574.0,6037541687.0,86067293.0,4.0,"Average experience, could improve.",Customer Service,Neutral,2023-12-10
5650852.0,2585438297.0,50632192.0,4.0,Will definitely order again.,Customer Service,Positive,2023-08-20
6004196.0,8065774615.0,35705377.0,3.0,"It was okay, nothing special.",Delivery,Neutral,2023-12-12
1558301.0,1816814476.0,85198177.0,1.0,I had a bad experience.,Delivery,Negative,2024-11-04
6704730.0,5278014717.0,31776996.0,5.0,Highly recommended!,Product Quality,Positive,2024-04-15
6835200.0,4265447949.0,6150721.0,4.0,"Average experience, could improve.",Delivery,Neutral,2024-08-16
8930912.0,6752221435.0,64197854.0,4.0,"Overall good experience, thank you!",Product Quality,Positive,2024-02-10
4688417.0,8943989258.0,36675827.0,3.0,Very disappointed with the quality.,Product Quality,Negative,2023-12-10
4500281.0,4068367936.0,78678612.0,3.0,Not worth the price I paid.,App Experience,Negative,2024-09-21
6583382.0,5735156904.0,78841932.0,3.0,Taste was not as expected.,Customer Service,Negative,2023-04-01
2642662.0,2405929115.0,14940427.0,1.0,I had a bad experience.,Customer Service,Negative,2024-09-09
7251343.0,7913167260.0,98307019.0,4.0,"It was okay, nothing special.",Product Quality,Neutral,2023-04-19
1688296.0,1989751369.0,7333934.0,3.0,Product was damaged during delivery.,Customer Service,Negative,2023-05-18
5039279.0,7338050095.0,3292927.0,4.0,Will definitely order again.,Delivery,Positive,2024-10-15
7048609.0,9950986048.0,69863493.0,3.0,"Nothing to complain about, but nothing exceptional.",Delivery,Neutral,2023-09-09
5557021.0,5098703807.0,13760839.0,4.0,Very happy with the service!,Customer Service,Positive,2024-06-10
7099930.0,6937485392.0,30285217.0,5.0,Good selection of products.,App Experience,Positive,2023-05-23
8683552.0,1266440097.0,88739922.0,4.0,"Delivery was fine, but the product could be better.",App Experience,Neutral,2024-01-01
5039264.0,7415490509.0,61015113.0,4.0,Will definitely order again.,Delivery,Positive,2023-07-08
8843871.0,7284991749.0,65559853.0,3.0,Very disappointed with the quality.,Delivery,Negative,2023-12-10
974086.0,4645792703.0,24043135.0,3.0,"Nothing to complain about, but nothing exceptional.",App Experience,Neutral,2023-12-04
2401835.0,3174938939.0,95736310.0,3.0,Very disappointed with the quality.,Product Quality,Negative,2023-03-27
8223518.0,1752712049.0,56195475.0,4.0,"Delivery was fine, but the product could be better.",App Experience,Neutral,2024-08-31
9824318.0,8187201830.0,82529927.0,4.0,"Overall good experience, thank you!",Product Quality,Positive,2024-04-30
155823.0,6900896329.0,65903057.0,4.0,Very happy with the service!,Customer Service,Positive,2024-02-01
8929126.0,3793977529.0,21425168.0,4.0,"Overall good experience, thank you!",Product Quality,Positive,2023-09-02
4246063.0,194459698.0,88553721.0,3.0,The packaging was poor.,Product Quality,Negative,2023-06-15
3868817.0,9330447952.0,37362180.0,4.0,"Excellent quality, will buy again!",App Experience,Positive,2024-03-30
4803949.0,2097372277.0,14693393.0,5.0,"Excellent quality, will buy again!",Product Quality,Positive,2024-01-25
3503829.0,7060954153.0,91130614.0,4.0,Highly recommended!,Customer Service,Positive,2023-11-01
5317931.0,2921310646.0,40117357.0,1.0,Not worth the price I paid.,Product Quality,Negative,2024-07-08
9867595.0,3983082555.0,51670882.0,3.0,"It was okay, nothing special.",Product Quality,Neutral,2023-06-05
8397738.0,4867298468.0,13492411.0,3.0,Taste was not as expected.,App Experience,Negative,2024-04-23
5957084.0,3402631472.0,52032226.0,3.0,"Average experience, could improve.",Customer Service,Neutral,2024-05-03
7055438.0,1648146562.0,95364457.0,3.0,"Nothing to complain about, but nothing exceptional.",Customer Service,Neutral,2023-05-14
1541416.0,5907766010.0,12272282.0,3.0,"Nothing to complain about, but nothing exceptional.",Delivery,Neutral,2024-10-07
6026642.0,9233577456.0,96853930.0,3.0,Product was damaged during delivery.,Product Quality,Negative,2023-12-30
9374067.0,4084808075.0,65815155.0,5.0,Good selection of products.,App Experience,Positive,2024-10-11
2882544.0,7217049550.0,24137201.0,3.0,"Nothing to complain about, but nothing exceptional.",Product Quality,Neutral,2024-07-11
204656.0,1831943568.0,69863493.0,4.0,Customer service was very helpful.,Product Quality,Positive,2024-05-23
2967054.0,8707473624.0,22524981.0,2.0,The order was incorrect.,Delivery,Negative,2023-12-20
3845089.0,7075868285.0,5226128.0,3.0,Not worth the price I paid.,Delivery,Negative,2024-03-01
1340997.0,5164162918.0,96903782.0,5.0,Very fresh and well-packaged.,Product Quality,Positive,2023-11-18
3398355.0,2175298644.0,72132838.0,5.0,"Excellent quality, will buy again!",Delivery,Positive,2024-05-11
6947439.0,5882568464.0,49258916.0,5.0,"Excellent quality, will buy again!",App Experience,Positive,2023-04-13
9014950.0,7847708619.0,35402531.0,2.0,Items were missing from my order.,Delivery,Negative,2023-10-23
2078359.0,6366048116.0,78732957.0,5.0,Will definitely order again.,Product Quality,Positive,2024-08-05
3932357.0,4926287333.0,31233120.0,4.0,Good selection of products.,Delivery,Positive,2023-08-08
5741711.0,5532838325.0,6982488.0,4.0,"It was okay, nothing special.",App Experience,Neutral,2024-07-24
4442615.0,2567996236.0,81584486.0,5.0,Very fresh and well-packaged.,Customer Service,Positive,2023-10-31
4723875.0,2655613624.0,46623192.0,5.0,"Excellent quality, will buy again!",Product Quality,Positive,2024-06-26
5656291.0,7706089549.0,44562310.0,5.0,Will definitely order again.,Customer Service,Positive,2023-10-08
8321966.0,8257370396.0,25221501.0,4.0,Highly recommended!,Customer Service,Positive,2023-12-24
8155170.0,8623808984.0,37551429.0,3.0,"Nothing to complain about, but nothing exceptional.",Product Quality,Neutral,2024-04-13
5872422.0,7579506101.0,72366758.0,5.0,Customer service was very helpful.,Product Quality,Positive,2023-04-06
9359651.0,8861024199.0,29902416.0,1.0,The packaging was poor.,Customer Service,Negative,2023-11-29
1401798.0,7666131311.0,84456355.0,3.0,Items were missing from my order.,Delivery,Negative,2023-05-01
548051.0,103589925.0,65406127.0,2.0,The packaging was poor.,Delivery,Negative,2024-05-17
3289239.0,7346858138.0,16785724.0,4.0,"Delivery was fine, but the product could be better.",Delivery,Neutral,2023-11-22
5311374.0,4963962664.0,80935110.0,2.0,I had a bad experience.,Delivery,Negative,2023-09-28
4087466.0,9069936094.0,90696847.0,4.0,"It was okay, nothing special.",App Experience,Neutral,2024-06-23
6929749.0,4665363191.0,73660582.0,5.0,"Overall good experience, thank you!",App Experience,Positive,2024-10-13
4628311.0,888510905.0,27824078.0,3.0,"It was okay, nothing special.",App Experience,Neutral,2024-06-27
2039982.0,6876091286.0,49136375.0,5.0,Will definitely order again.,Delivery,Positive,2024-10-05
9983423.0,2592923105.0,78806824.0,3.0,The packaging was poor.,Customer Service,Negative,2023-04-23
124895.0,2468550508.0,59620534.0,5.0,"Excellent quality, will buy again!",Customer Service,Positive,2024-08-21
7726560.0,5302956276.0,97111069.0,4.0,Very fresh and well-packaged.,Delivery,Positive,2024-01-22
2785472.0,9409714182.0,59110513.0,3.0,Product was damaged during delivery.,Product Quality,Negative,2023-05-25
4702181.0,1446221570.0,59216664.0,5.0,Highly recommended!,Customer Service,Positive,2024-09-26
2086599.0,8250036360.0,88203688.0,5.0,Good selection of products.,App Experience,Positive,2024-06-21
6731871.0,447464341.0,89669139.0,3.0,The packaging was poor.,Customer Service,Negative,2024-03-03
4823203.0,15642223.0,85020453.0,4.0,Items were in perfect condition.,Customer Service,Positive,2023-11-06
5634256.0,3285378238.0,66943324.0,4.0,"Average experience, could improve.",App Experience,Neutral,2024-08-15
4497966.0,2356483296.0,49529811.0,4.0,Great prices and fast delivery!,Product Quality,Positive,2023-07-25
4511231.0,3382911339.0,23380116.0,3.0,I had a bad experience.,Delivery,Negative,2023-12-12
6640423.0,3690872026.0,1152215.0,4.0,"Average experience, could improve.",App Experience,Neutral,2023-07-09
4598422.0,6755367585.0,54057428.0,4.0,"Nothing to complain about, but nothing exceptional.",Customer Service,Neutral,2024-09-03
2863015.0,6835850079.0,68965787.0,4.0,"Nothing to complain about, but nothing exceptional.",Delivery,Neutral,2023-08-13
6819603.0,9345418784.0,58644651.0,2.0,Delivery was late and I was unhappy.,Customer Service,Negative,2024-02-22
452916.0,7185243614.0,51994597.0,3.0,"Delivery was fine, but the product could be better.",Customer Service,Neutral,2024-01-10
656526.0,2319044818.0,82425179.0,5.0,"Excellent quality, will buy again!",Delivery,Positive,2024-04-06
5638985.0,931834374.0,17392512.0,1.0,I had a bad experience.,Product Quality,Negative,2024-09-30
4877018.0,8485398781.0,40593638.0,3.0,"It was okay, nothing special.",App Experience,Neutral,2024-04-20
7936833.0,9806464912.0,31981068.0,4.0,Great prices and fast delivery!,App Experience,Positive,2024-08-21
8490631.0,8214365128.0,42012717.0,4.0,Items were in perfect condition.,App Experience,Positive,2024-07-10
2227649.0,137089318.0,6637282.0,3.0,Very disappointed with the quality.,Customer Service,Negative,2024-05-23
3701423.0,7615602420.0,63402854.0,3.0,Not worth the price I paid.,App Experience,Negative,2024-05-30
984672.0,3995348964.0,44828791.0,5.0,Great prices and fast delivery!,App Experience,Positive,2024-06-03
9159442.0,3816542830.0,81822935.0,3.0,The product met my expectations.,Customer Service,Neutral,2023-08-18
9759244.0,9665004924.0,90184276.0,4.0,"Excellent quality, will buy again!",Product Quality,Positive,2023-07-29
1368053.0,1728547597.0,98444183.0,3.0,"Nothing to complain about, but nothing exceptional.",Delivery,Neutral,2024-06-09
9615162.0,5311190131.0,19482392.0,2.0,Taste was not as expected.,Product Quality,Negative,2024-03-04
2387908.0,9581592141.0,64562786.0,3.0,The order was incorrect.,Customer Service,Negative,2024-01-22
5412085.0,4848863693.0,63217390.0,1.0,Product was damaged during delivery.,Customer Service,Negative,2024-09-12
8181854.0,6374883107.0,23126657.0,5.0,Customer service was very helpful.,Customer Service,Positive,2023-08-19
7769298.0,3270131216.0,56604077.0,1.0,Product was damaged during delivery.,Delivery,Negative,2024-02-10
7117861.0,2643382562.0,54338574.0,3.0,"Nothing to complain about, but nothing exceptional.",App Experience,Neutral,2023-07-24
1195641.0,5212524996.0,45071436.0,4.0,The product met my expectations.,App Experience,Neutral,2023-12-10
2453413.0,9594095277.0,27604184.0,5.0,Great prices and fast delivery!,Delivery,Positive,2024-03-10
5230626.0,8375863419.0,76971644.0,4.0,"Excellent quality, will buy again!",Customer Service,Positive,2024-08-26
8819767.0,7523880783.0,21481338.0,4.0,"It was okay, nothing special.",App Experience,Neutral,2024-10-13
7097350.0,9670158103.0,63262519.0,3.0,"It was okay, nothing special.",App Experience,Neutral,2024-03-11
5898681.0,4344108631.0,45804389.0,3.0,Not worth the price I paid.,Product Quality,Negative,2023-03-29
342939.0,2237858.0,48281892.0,3.0,"Nothing to complain about, but nothing exceptional.",Delivery,Neutral,2023-04-02
8696239.0,3217791988.0,92642745.0,3.0,"It was okay, nothing special.",Customer Service,Neutral,2023-08-10
3354195.0,3355718103.0,91196901.0,1.0,The packaging was poor.,Product Quality,Negative,2023-09-10
7941313.0,9590518103.0,62323608.0,4.0,Very fresh and well-packaged.,App Experience,Positive,2024-03-01
4319900.0,6610120274.0,89910157.0,3.0,"It was okay, nothing special.",App Experience,Neutral,2024-07-19
2998003.0,1180899898.0,16420489.0,4.0,Items were in perfect condition.,Customer Service,Positive,2023-04-17
5415775.0,8758992688.0,11616535.0,5.0,Items were in perfect condition.,App Experience,Positive,2024-06-22
2249681.0,6965716176.0,12851610.0,4.0,"Nothing to complain about, but nothing exceptional.",Product Quality,Neutral,2023-04-13
884092.0,5527742274.0,57956497.0,3.0,"Delivery was fine, but the product could be better.",Delivery,Neutral,2023-12-16
2669997.0,826610039.0,29431960.0,3.0,"It was okay, nothing special.",Product Quality,Neutral,2023-08-17
6147300.0,3303891913.0,84361534.0,3.0,"Average experience, could improve.",App Experience,Neutral,2024-01-15
1133033.0,2489292878.0,59240916.0,3.0,"Average experience, could improve.",Delivery,Neutral,2023-10-01
6280990.0,8589851630.0,5386246.0,4.0,"Nothing to complain about, but nothing exceptional.",App Experience,Neutral,2024-05-28
6220409.0,4598897781.0,77625089.0,4.0,"Nothing to complain about, but nothing exceptional.",Customer Service,Neutral,2023-07-12
1362938.0,6932356214.0,58942207.0,3.0,Product was damaged during delivery.,Customer Service,Negative,2023-04-04
6479101.0,3499004322.0,70363568.0,3.0,"Nothing to complain about, but nothing exceptional.",Delivery,Neutral,2023-05-04
7009664.0,7517620171.0,25128143.0,3.0,"Average experience, could improve.",Customer Service,Neutral,2023-04-16
7539811.0,172987148.0,71607166.0,3.0,Taste was not as expected.,Product Quality,Negative,2024-11-03
2158528.0,8347207794.0,34853377.0,4.0,"It was okay, nothing special.",Customer Service,Neutral,2024-08-17
9276057.0,9472355181.0,81462774.0,4.0,"Overall good experience, thank you!",Customer Service,Positive,2024-01-23
5624036.0,1315064289.0,74735607.0,4.0,"Nothing to complain about, but nothing exceptional.",Product Quality,Neutral,2024-07-27
311559.0,9371869941.0,53076417.0,3.0,Product was damaged during delivery.,Customer Service,Negative,2023-10-12
4017146.0,5184568404.0,93507573.0,2.0,Delivery was late and I was unhappy.,Customer Service,Negative,2024-03-27
3065772.0,5891002534.0,41494517.0,3.0,I had a bad experience.,Customer Service,Negative,2023-09-29
5629046.0,1479730711.0,90647204.0,4.0,"Average experience, could improve.",Product Quality,Neutral,2024-09-02
8946499.0,7651037338.0,31576845.0,4.0,"Nothing to complain about, but nothing exceptional.",App Experience,Neutral,2023-11-21
5974536.0,8763754537.0,97873848.0,3.0,"Nothing to complain about, but nothing exceptional.",Customer Service,Neutral,2024-10-07
2970671.0,7683813608.0,99707100.0,3.0,"Average experience, could improve.",Delivery,Neutral,2023-06-06
8603661.0,6722955128.0,8351747.0,4.0,Will definitely order again.,Delivery,Positive,2023-03-19
2821634.0,8259274680.0,60379302.0,5.0,"Excellent quality, will buy again!",App Experience,Positive,2023-04-11
1458528.0,4620484274.0,58111297.0,3.0,"Average experience, could improve.",Customer Service,Neutral,2024-09-10
7108665.0,8260569466.0,59323931.0,4.0,The product met my expectations.,Customer Service,Neutral,2023-12-15
1780260.0,8498916204.0,47625855.0,3.0,The packaging was poor.,Product Quality,Negative,2024-03-22
8972017.0,3209538967.0,41874489.0,3.0,"Delivery was fine, but the product could be better.",App Experience,Neutral,2024-05-07
2696658.0,2570640420.0,10418604.0,2.0,Items were missing from my order.,Product Quality,Negative,2023-04-28
7209690.0,2066843639.0,69516494.0,3.0,Taste was not as expected.,Product Quality,Negative,2024-05-25
620534.0,7402125753.0,12500465.0,5.0,Good selection of products.,Delivery,Positive,2023-11-01
5723757.0,9171089443.0,46185579.0,1.0,Product was damaged during delivery.,Customer Service,Negative,2024-09-10
4764529.0,3272079644.0,51592174.0,1.0,Items were missing from my order.,Product Quality,Negative,2023-06-06
2328761.0,438111050.0,74174956.0,3.0,"Nothing to complain about, but nothing exceptional.",App Experience,Neutral,2024-05-03
7125541.0,7416160835.0,29324437.0,3.0,"It was okay, nothing special.",App Experience,Neutral,2023-04-30
6647694.0,4075074492.0,12778027.0,4.0,"Delivery was fine, but the product could be better.",App Experience,Neutral,2023-12-13
3834361.0,5536024334.0,15661674.0,3.0,The product met my expectations.,Customer Service,Neutral,2023-04-30
8246307.0,2013140214.0,39674723.0,3.0,The order was incorrect.,Customer Service,Negative,2024-05-14
368868.0,1113582397.0,53292177.0,5.0,Good selection of products.,Delivery,Positive,2023-12-17
8644322.0,1083928258.0,14705462.0,4.0,"It was okay, nothing special.",Product Quality,Neutral,2023-12-21
431770.0,4906957374.0,30029998.0,4.0,"Excellent quality, will buy again!",App Experience,Positive,2023-09-16
4301590.0,1876614122.0,97678578.0,3.0,The product met my expectations.,Delivery,Neutral,2023-08-23
4858394.0,6556180328.0,10562528.0,2.0,Product was damaged during delivery.,Delivery,Negative,2024-06-03
664713.0,7960553477.0,4356173.0,4.0,"It was okay, nothing special.",Customer Service,Neutral,2024-02-24
3359106.0,6335972517.0,18256339.0,4.0,"Overall good experience, thank you!",App Experience,Positive,2023-07-08
9101724.0,6254948159.0,42615134.0,4.0,"Nothing to complain about, but nothing exceptional.",App Experience,Neutral,2023-10-16
1527070.0,7527936057.0,63971358.0,2.0,I had a bad experience.,App Experience,Negative,2023-12-10
7488100.0,6257851675.0,65488134.0,4.0,Very happy with the service!,Delivery,Positive,2024-04-23
9371226.0,6832610950.0,77811864.0,1.0,Delivery was late and I was unhappy.,Customer Service,Negative,2023-09-01
5360361.0,5085005195.0,2684440.0,4.0,Items were in perfect condition.,Delivery,Positive,2024-03-05
3907325.0,2177207547.0,92245432.0,4.0,Customer service was very helpful.,Product Quality,Positive,2024-02-09
3539036.0,3043364543.0,21597477.0,4.0,"It was okay, nothing special.",Delivery,Neutral,2023-07-25
4050948.0,2823404098.0,81377917.0,3.0,"It was okay, nothing special.",Delivery,Neutral,2024-03-03
1482144.0,646676955.0,93018527.0,4.0,Customer service was very helpful.,Customer Service,Positive,2023-11-09
5410910.0,5756607486.0,27709218.0,4.0,Items were in perfect condition.,Delivery,Positive,2023-10-22
8712624.0,9373691795.0,87463923.0,3.0,Taste was not as expected.,Customer Service,Negative,2024-03-23
152857.0,2611601543.0,61753272.0,5.0,Will definitely order again.,Product Quality,Positive,2023-07-23
8810490.0,1491360686.0,90649019.0,5.0,Will definitely order again.,App Experience,Positive,2023-03-21
5996564.0,1824533423.0,2233446.0,4.0,Very happy with the service!,Delivery,Positive,2023-05-21
5200721.0,2913841018.0,46675763.0,3.0,"Delivery was fine, but the product could be better.",App Experience,Neutral,2023-11-26
6206688.0,3141803761.0,34787383.0,1.0,Delivery was late and I was unhappy.,App Experience,Negative,2023-10-09
5893926.0,6184484468.0,40275138.0,4.0,Very fresh and well-packaged.,Delivery,Positive,2024-10-14
1951970.0,4599327740.0,77862447.0,2.0,The packaging was poor.,App Experience,Negative,2023-08-25
6417467.0,7479207574.0,64846124.0,5.0,Items were in perfect condition.,Customer Service,Positive,2024-04-03
6344921.0,2996133401.0,83964902.0,4.0,"It was okay, nothing special.",Customer Service,Neutral,2024-04-14
9105016.0,5972410040.0,19179897.0,3.0,"Nothing to complain about, but nothing exceptional.",App Experience,Neutral,2024-08-11
8394978.0,4007593324.0,68703613.0,2.0,I had a bad experience.,Customer Service,Negative,2024-06-21
7503786.0,3428454405.0,93018527.0,2.0,The packaging was poor.,Customer Service,Negative,2023-08-13
5294166.0,1160646195.0,5700842.0,2.0,Customer service was not helpful.,Customer Service,Negative,2023-04-24
4933025.0,4376524554.0,72576730.0,3.0,"Nothing to complain about, but nothing exceptional.",Customer Service,Neutral,2023-03-16
8666461.0,1519072771.0,70615775.0,4.0,"It was okay, nothing special.",Delivery,Neutral,2024-08-01
4411189.0,8203685394.0,40192266.0,5.0,Great prices and fast delivery!,Customer Service,Positive,2024-02-23
8338096.0,7906789850.0,32006907.0,1.0,Product was damaged during delivery.,Customer Service,Negative,2024-10-08
2576772.0,8073770046.0,87943214.0,5.0,Very fresh and well-packaged.,App Experience,Positive,2024-05-14
9783357.0,5190202949.0,40727086.0,4.0,"Nothing to complain about, but nothing exceptional.",App Experience,Neutral,2023-09-09
3189037.0,8542325207.0,9573071.0,1.0,I had a bad experience.,Product Quality,Negative,2024-07-17
1014933.0,7566730050.0,39153585.0,4.0,Will definitely order again.,Delivery,Positive,2023-05-14
7831309.0,176509722.0,65221572.0,3.0,"Average experience, could improve.",App Experience,Neutral,2023-10-16
2930645.0,1894603222.0,21697638.0,3.0,"It was okay, nothing special.",Customer Service,Neutral,2023-10-16
3295542.0,2694800415.0,36675827.0,1.0,Items were missing from my order.,Delivery,Negative,2024-04-04
3697985.0,5879390688.0,77869660.0,4.0,"Excellent quality, will buy again!",Delivery,Positive,2023-09-07
5094022.0,1197715978.0,625395.0,4.0,Great prices and fast delivery!,App Experience,Positive,2023-11-12
2244526.0,7790696031.0,34580200.0,4.0,Customer service was very helpful.,Delivery,Positive,2023-05-12
2554640.0,2189360099.0,68714053.0,3.0,The order was incorrect.,App Experience,Negative,2023-08-19
8388648.0,3542041943.0,55007963.0,5.0,Items were in perfect condition.,App Experience,Positive,2024-09-06
4530836.0,9202469009.0,37362180.0,5.0,Very fresh and well-packaged.,Delivery,Positive,2023-11-13
9766944.0,3985829990.0,81808190.0,4.0,Items were in perfect condition.,Customer Service,Positive,2024-07-19
2379314.0,4341872315.0,71755645.0,1.0,I had a bad experience.,Delivery,Negative,2023-11-03
4321551.0,4748123248.0,24144240.0,4.0,"Nothing to complain about, but nothing exceptional.",Delivery,Neutral,2023-08-01
3859387.0,99905061.0,47590944.0,3.0,The order was incorrect.,Product Quality,Negative,2023-11-16
9394914.0,9118004489.0,37288781.0,3.0,"Nothing to complain about, but nothing exceptional.",App Experience,Neutral,2024-02-02
7557581.0,1696936610.0,25795941.0,5.0,Good selection of products.,Customer Service,Positive,2023-09-13
4338034.0,155669553.0,88779806.0,4.0,"Excellent quality, will buy again!",Delivery,Positive,2023-04-06
6405074.0,2885541999.0,40275138.0,3.0,"Delivery was fine, but the product could be better.",Delivery,Neutral,2023-09-13
5118869.0,2846340681.0,77085443.0,3.0,I had a bad experience.,App Experience,Negative,2023-06-08
2302167.0,963715332.0,21948041.0,4.0,"Nothing to complain about, but nothing exceptional.",Customer Service,Neutral,2024-07-18
3929456.0,2807634451.0,84986716.0,3.0,The product met my expectations.,App Experience,Neutral,2024-03-15
2836853.0,3046341241.0,82286725.0,4.0,Great prices and fast delivery!,Product Quality,Positive,2023-10-03
2093186.0,485687952.0,8228843.0,3.0,Delivery was late and I was unhappy.,Product Quality,Negative,2023-03-26
5189587.0,7660904370.0,30455484.0,4.0,Very happy with the service!,App Experience,Positive,2024-05-09
6073546.0,9753033954.0,83577942.0,5.0,Items were in perfect condition.,Customer Service,Positive,2023-07-02
6258873.0,9509887699.0,23448955.0,5.0,Customer service was very helpful.,Delivery,Positive,2024-01-13
1858190.0,1054122071.0,97557157.0,2.0,Very disappointed with the quality.,Delivery,Negative,2023-11-22
9033997.0,9135272808.0,21701991.0,3.0,"Delivery was fine, but the product could be better.",App Experience,Neutral,2024-03-01
5390765.0,597447215.0,39957741.0,4.0,"Nothing to complain about, but nothing exceptional.",Customer Service,Neutral,2024-09-04
7518371.0,5562099656.0,3872421.0,1.0,The order was incorrect.,App Experience,Negative,2024-06-12
7693641.0,4122736828.0,47590944.0,3.0,The product met my expectations.,Delivery,Neutral,2024-07-02
9979648.0,7238138072.0,32929817.0,1.0,I had a bad experience.,Product Quality,Negative,2024-08-26
6642426.0,6244736404.0,8791577.0,4.0,Great prices and fast delivery!,App Experience,Positive,2024-08-19
1322588.0,1297341963.0,70230254.0,3.0,"Delivery was fine, but the product could be better.",Product Quality,Neutral,2024-07-28
4704197.0,3842442278.0,89223620.0,2.0,I had a bad experience.,App Experience,Negative,2024-10-27
3164637.0,9576684860.0,9347990.0,5.0,Great prices and fast delivery!,Delivery,Positive,2023-04-28
5393889.0,1592757566.0,78903046.0,4.0,The product met my expectations.,App Experience,Neutral,2024-07-17
7087910.0,5060677329.0,68219091.0,3.0,Not worth the price I paid.,Delivery,Negative,2024-03-29
7638910.0,2241930006.0,66943324.0,1.0,The order was incorrect.,Customer Service,Negative,2023-11-05
8014010.0,3246505078.0,45481936.0,4.0,Good selection of products.,Customer Service,Positive,2024-08-15
4506732.0,5870152806.0,376144.0,4.0,"Overall good experience, thank you!",Product Quality,Positive,2024-03-23
2676781.0,8919999754.0,8395610.0,4.0,"It was okay, nothing special.",Customer Service,Neutral,2023-12-07
707024.0,1080338783.0,1601161.0,5.0,Very happy with the service!,App Experience,Positive,2023-07-21
100920.0,4641905606.0,40667183.0,3.0,The order was incorrect.,Delivery,Negative,2024-09-18
3267226.0,9456413999.0,32019725.0,4.0,Customer service was very helpful.,Customer Service,Positive,2023-08-26
1280415.0,4764056827.0,8025622.0,5.0,Will definitely order again.,Delivery,Positive,2024-07-19
7534424.0,5168057633.0,45477575.0,5.0,Good selection of products.,App Experience,Positive,2024-07-11
9465640.0,1442559656.0,85074810.0,1.0,Not worth the price I paid.,Product Quality,Negative,2023-05-10
208094.0,6590257283.0,2058037.0,3.0,"It was okay, nothing special.",Product Quality,Neutral,2023-10-02
1712363.0,3429671763.0,21481338.0,4.0,"Nothing to complain about, but nothing exceptional.",Delivery,Neutral,2024-03-26
4533038.0,4750086089.0,97259564.0,3.0,"Nothing to complain about, but nothing exceptional.",Product Quality,Neutral,2023-08-16
6503213.0,3204128006.0,62323608.0,5.0,Highly recommended!,Product Quality,Positive,2023-11-22
3773206.0,3171917027.0,55936462.0,1.0,The packaging was poor.,App Experience,Negative,2024-03-31
7239225.0,8814047085.0,68475914.0,1.0,Very disappointed with the quality.,App Experience,Negative,2023-04-10
3992027.0,1889723479.0,5754255.0,3.0,"Average experience, could improve.",Product Quality,Neutral,2024-06-24
8608633.0,942025494.0,62679120.0,4.0,Very happy with the service!,Customer Service,Positive,2024-03-02
8499058.0,4104444500.0,57526322.0,5.0,Very happy with the service!,App Experience,Positive,2024-10-13
7695538.0,7562260313.0,13871547.0,2.0,Not worth the price I paid.,Delivery,Negative,2024-03-23
6848727.0,7140244766.0,86067293.0,4.0,Customer service was very helpful.,App Experience,Positive,2023-08-06
7874507.0,7967974077.0,45066676.0,4.0,"It was okay, nothing special.",Customer Service,Neutral,2024-07-06
7897801.0,7456822422.0,81822935.0,4.0,"Average experience, could improve.",Customer Service,Neutral,2023-12-08
3955477.0,4813468096.0,34668988.0,3.0,"It was okay, nothing special.",Customer Service,Neutral,2024-02-10
8361895.0,8618576020.0,15484407.0,5.0,Great prices and fast delivery!,Product Quality,Positive,2024-01-18
8998981.0,3727646442.0,12077371.0,2.0,Product was damaged during delivery.,App Experience,Negative,2023-07-21
8658242.0,9208156337.0,39959491.0,2.0,Delivery was late and I was unhappy.,Customer Service,Negative,2024-09-23
6830287.0,8328118787.0,14839726.0,5.0,Customer service was very helpful.,App Experience,Positive,2023-05-14
3971008.0,580528836.0,91550885.0,4.0,The product met my expectations.,Product Quality,Neutral,2023-10-20
2149421.0,3350662630.0,60620291.0,1.0,Taste was not as expected.,Product Quality,Negative,2023-07-03
7486824.0,6716381725.0,19682060.0,4.0,"It was okay, nothing special.",Product Quality,Neutral,2023-05-05
5794134.0,2249567137.0,20298398.0,2.0,Customer service was not helpful.,Customer Service,Negative,2024-04-06
428746.0,7484465509.0,73393269.0,1.0,The packaging was poor.,Customer Service,Negative,2024-09-27
9959366.0,2577208156.0,86995126.0,3.0,Product was damaged during delivery.,Product Quality,Negative,2024-10-08
1047169.0,3321905621.0,37759707.0,2.0,Taste was not as expected.,Product Quality,Negative,2024-10-19
3666835.0,6686839282.0,71615827.0,3.0,Delivery was late and I was unhappy.,Customer Service,Negative,2023-07-24
4528424.0,5095558661.0,70220141.0,1.0,Delivery was late and I was unhappy.,Product Quality,Negative,2023-05-06
1661576.0,112658009.0,35144658.0,3.0,"Nothing to complain about, but nothing exceptional.",App Experience,Neutral,2023-07-11
3214742.0,1343610513.0,18113428.0,1.0,Items were missing from my order.,Customer Service,Negative,2023-07-17
9348855.0,7190610535.0,59094034.0,3.0,"It was okay, nothing special.",Delivery,Neutral,2024-03-22
1880170.0,5069426001.0,31940833.0,3.0,"Average experience, could improve.",Delivery,Neutral,2024-01-13
4822708.0,5655369002.0,19091057.0,2.0,Product was damaged during delivery.,Delivery,Negative,2023-08-25
2640301.0,5761530160.0,84824280.0,3.0,"Delivery was fine, but the product could be better.",Delivery,Neutral,2024-02-23
5886463.0,4772519706.0,17106161.0,4.0,"Excellent quality, will buy again!",Product Quality,Positive,2023-03-28
198798.0,8209051735.0,69416782.0,3.0,"Delivery was fine, but the product could be better.",Customer Service,Neutral,2024-02-13
6189650.0,4870391666.0,80935110.0,4.0,Very happy with the service!,App Experience,Positive,2024-03-23
6113964.0,7777975083.0,92098757.0,4.0,Very fresh and well-packaged.,Delivery,Positive,2024-06-24
990607.0,8713948756.0,65514005.0,4.0,"Average experience, could improve.",Product Quality,Neutral,2023-11-16
3349831.0,6191050157.0,90021871.0,4.0,"Average experience, could improve.",Product Quality,Neutral,2023-05-11
4202073.0,4060449266.0,1771249.0,5.0,Good selection of products.,Customer Service,Positive,2024-03-09
4356181.0,5657605506.0,63402854.0,3.0,The packaging was poor.,Product Quality,Negative,2024-05-30
5935254.0,8851743592.0,70608515.0,4.0,"Average experience, could improve.",Product Quality,Neutral,2024-02-13
7700843.0,4689717606.0,91791128.0,4.0,"Average experience, could improve.",Delivery,Neutral,2023-07-05
1919314.0,2860246948.0,8791577.0,3.0,"It was okay, nothing special.",Product Quality,Neutral,2024-09-25
4463843.0,2875550803.0,40387944.0,1.0,Delivery was late and I was unhappy.,App Experience,Negative,2024-02-28
5430121.0,5340575011.0,77015367.0,5.0,Will definitely order again.,Delivery,Positive,2023-09-28
2057194.0,7717156533.0,18791381.0,4.0,Items were in perfect condition.,App Experience,Positive,2023-04-04
4780931.0,8297255359.0,56764791.0,4.0,Very happy with the service!,Product Quality,Positive,2023-06-26
5723232.0,7873234939.0,31923338.0,3.0,Product was damaged during delivery.,Delivery,Negative,2024-09-10
6433218.0,3668515922.0,22321208.0,3.0,"Delivery was fine, but the product could be better.",App Experience,Neutral,2023-08-23
7072403.0,8356690330.0,88324928.0,4.0,"Delivery was fine, but the product could be better.",App Experience,Neutral,2023-07-15
118938.0,3508620293.0,40277444.0,1.0,The order was incorrect.,Product Quality,Negative,2023-08-03
1423397.0,9998297778.0,7728406.0,3.0,"It was okay, nothing special.",Customer Service,Neutral,2023-09-22
5419897.0,3898421710.0,78750264.0,3.0,Items were missing from my order.,Product Quality,Negative,2023-08-31
1233739.0,3960980694.0,52417972.0,5.0,Good selection of products.,Customer Service,Positive,2024-06-21
5454727.0,5008395294.0,1108176.0,3.0,Delivery was late and I was unhappy.,Customer Service,Negative,2023-12-22
7321410.0,3722869004.0,66140659.0,4.0,The product met my expectations.,Product Quality,Neutral,2023-07-20
1535389.0,8391555591.0,14006996.0,5.0,"Overall good experience, thank you!",Product Quality,Positive,2023-08-25
1932105.0,8063730776.0,95912198.0,1.0,I had a bad experience.,Product Quality,Negative,2024-09-21
2485712.0,9052752169.0,62510499.0,1.0,Delivery was late and I was unhappy.,Customer Service,Negative,2024-01-11
7095114.0,7471416647.0,75566105.0,4.0,"It was okay, nothing special.",Product Quality,Neutral,2023-03-29
8754801.0,848332407.0,376144.0,4.0,"Average experience, could improve.",Delivery,Neutral,2024-04-22
708906.0,4062701987.0,8383197.0,4.0,Items were in perfect condition.,Product Quality,Positive,2023-12-18
6114451.0,8723912832.0,94552818.0,5.0,"Excellent quality, will buy again!",Product Quality,Positive,2024-01-19
3904154.0,9099298435.0,2233446.0,4.0,"Nothing to complain about, but nothing exceptional.",App Experience,Neutral,2024-02-22
6331158.0,5645691241.0,3786105.0,2.0,Not worth the price I paid.,Delivery,Negative,2023-12-10
5337672.0,8258019846.0,61024977.0,2.0,Items were missing from my order.,Product Quality,Negative,2024-01-24
6075585.0,2732162016.0,99361865.0,3.0,Customer service was not helpful.,Customer Service,Negative,2023-05-27
9148692.0,1561902412.0,91448742.0,3.0,Not worth the price I paid.,Customer Service,Negative,2023-06-08
2620357.0,8979476889.0,49970560.0,4.0,"It was okay, nothing special.",Customer Service,Neutral,2023-06-06
2110118.0,8373953053.0,46515922.0,3.0,Not worth the price I paid.,Customer Service,Negative,2024-10-25
3923366.0,7021309133.0,59353207.0,3.0,"Average experience, could improve.",App Experience,Neutral,2024-08-06
4219934.0,3447085029.0,188838.0,3.0,"It was okay, nothing special.",App Experience,Neutral,2023-04-25
7017828.0,9284767341.0,82160592.0,4.0,Great prices and fast delivery!,Customer Service,Positive,2024-03-04
3124544.0,9770431940.0,86715467.0,3.0,"It was okay, nothing special.",Customer Service,Neutral,2024-06-06
4248541.0,9650124390.0,46717997.0,4.0,"Nothing to complain about, but nothing exceptional.",Customer Service,Neutral,2024-04-24
6816809.0,9826894858.0,67386193.0,3.0,The product met my expectations.,Delivery,Neutral,2024-06-21
6782753.0,4466839873.0,8361353.0,4.0,"Excellent quality, will buy again!",Customer Service,Positive,2023-12-09
6472024.0,4331471900.0,59094034.0,2.0,The order was incorrect.,Product Quality,Negative,2024-07-20
3791212.0,5777824005.0,73428596.0,4.0,"Average experience, could improve.",Product Quality,Neutral,2023-03-22
3707264.0,8795242622.0,90246977.0,3.0,"Nothing to complain about, but nothing exceptional.",Product Quality,Neutral,2023-03-26
5712937.0,8561878376.0,12272282.0,4.0,The product met my expectations.,App Experience,Neutral,2024-01-29
1999063.0,2113243643.0,66269844.0,4.0,"Average experience, could improve.",App Experience,Neutral,2023-12-17
4759404.0,8497820340.0,90586029.0,4.0,"It was okay, nothing special.",App Experience,Neutral,2023-11-16
2811358.0,3167184563.0,43860025.0,3.0,The product met my expectations.,App Experience,Neutral,2023-09-07
316860.0,9997121955.0,46623192.0,5.0,"Excellent quality, will buy again!",App Experience,Positive,2024-04-21
9479999.0,2954397481.0,93318833.0,1.0,Items were missing from my order.,Product Quality,Negative,2024-01-31
8778008.0,8125884987.0,31718565.0,3.0,I had a bad experience.,Product Quality,Negative,2024-05-03
7865973.0,3765873352.0,48418662.0,4.0,Good selection of products.,App Experience,Positive,2024-10-16
6378864.0,7733310993.0,10562528.0,3.0,Not worth the price I paid.,App Experience,Negative,2023-03-31
721269.0,738093341.0,30823988.0,4.0,"Nothing to complain about, but nothing exceptional.",Delivery,Neutral,2024-03-17
1943305.0,1837574319.0,24821281.0,4.0,"Overall good experience, thank you!",Delivery,Positive,2024-06-19
4321323.0,2468420564.0,92027021.0,1.0,The packaging was poor.,Product Quality,Negative,2023-06-30
8770514.0,5368005763.0,84824280.0,3.0,The order was incorrect.,App Experience,Negative,2024-07-30
4021637.0,3823949592.0,1683786.0,3.0,Items were missing from my order.,Customer Service,Negative,2023-04-13
8963005.0,6298008063.0,24104630.0,4.0,"Nothing to complain about, but nothing exceptional.",Customer Service,Neutral,2023-07-19
1079217.0,2499190829.0,17159117.0,3.0,"Average experience, could improve.",Delivery,Neutral,2023-10-31
2559841.0,491116137.0,71615827.0,3.0,The product met my expectations.,Product Quality,Neutral,2024-01-19
3146820.0,2206269404.0,96009692.0,5.0,Highly recommended!,App Experience,Positive,2024-05-16
5129748.0,1330806043.0,29415527.0,5.0,Very fresh and well-packaged.,Customer Service,Positive,2024-04-03
3324824.0,6770858376.0,39957741.0,5.0,Will definitely order again.,App Experience,Positive,2024-01-11
3538390.0,4466716432.0,29689766.0,5.0,Highly recommended!,Product Quality,Positive,2023-06-09
9243996.0,8292554686.0,80833965.0,2.0,Very disappointed with the quality.,App Experience,Negative,2024-03-27
6981223.0,4204069161.0,31576845.0,5.0,Customer service was very helpful.,Customer Service,Positive,2023-08-16
9234407.0,2163079658.0,74833221.0,3.0,I had a bad experience.,Customer Service,Negative,2023-12-28
4644037.0,6971561757.0,64940409.0,4.0,Great prices and fast delivery!,Customer Service,Positive,2023-12-15
1323945.0,7965253060.0,95912198.0,5.0,Good selection of products.,Customer Service,Positive,2024-02-13
8197033.0,8939040193.0,59141605.0,3.0,Items were missing from my order.,Product Quality,Negative,2024-09-17
6928781.0,8322028211.0,54952806.0,3.0,The product met my expectations.,Customer Service,Neutral,2023-11-04
9727313.0,6865922682.0,14255231.0,5.0,"Excellent quality, will buy again!",App Experience,Positive,2024-06-16
6572292.0,5912729079.0,90919603.0,4.0,"It was okay, nothing special.",Customer Service,Neutral,2024-08-10
8486730.0,8764776130.0,32054313.0,1.0,I had a bad experience.,Product Quality,Negative,2023-12-14
1380291.0,7769965629.0,65815155.0,5.0,Very fresh and well-packaged.,Delivery,Positive,2023-04-21
2798148.0,2166463032.0,98930670.0,4.0,"Average experience, could improve.",App Experience,Neutral,2023-10-30
1338602.0,7035343259.0,63310076.0,5.0,Items were in perfect condition.,Delivery,Positive,2024-07-11
1199866.0,8914775994.0,68985290.0,4.0,"Overall good experience, thank you!",Product Quality,Positive,2024-02-13
4877828.0,7565647347.0,15808945.0,3.0,"Average experience, could improve.",Customer Service,Neutral,2024-10-24
2978050.0,6172215120.0,87823209.0,3.0,Product was damaged during delivery.,App Experience,Negative,2024-06-03
6330069.0,4043585691.0,61121421.0,4.0,"Overall good experience, thank you!",Delivery,Positive,2024-02-21
9323104.0,3735186180.0,98709982.0,5.0,Items were in perfect condition.,App Experience,Positive,2024-03-16
7074464.0,5281459433.0,85519349.0,3.0,"It was okay, nothing special.",Product Quality,Neutral,2024-10-10
9615396.0,424087401.0,90753712.0,1.0,I had a bad experience.,Delivery,Negative,2024-04-19
8636120.0,884327245.0,24337950.0,4.0,Very fresh and well-packaged.,Product Quality,Positive,2023-09-25
9072122.0,6318008970.0,30265929.0,4.0,Highly recommended!,Delivery,Positive,2024-05-11
6779760.0,3792751421.0,2414265.0,2.0,Very disappointed with the quality.,Product Quality,Negative,2024-08-11
7834463.0,5471255539.0,15391556.0,5.0,Great prices and fast delivery!,Customer Service,Positive,2023-05-31
5270693.0,9917290378.0,6245778.0,3.0,The product met my expectations.,Customer Service,Neutral,2024-01-05
6489502.0,208989475.0,94713625.0,5.0,Items were in perfect condition.,Delivery,Positive,2023-03-16
6445544.0,7672827556.0,70589930.0,4.0,The product met my expectations.,Customer Service,Neutral,2023-07-01
610781.0,3792912325.0,39153585.0,5.0,Great prices and fast delivery!,Product Quality,Positive,2024-06-03
7850415.0,2478533601.0,9097480.0,4.0,Customer service was very helpful.,Product Quality,Positive,2024-11-01
946859.0,2255745327.0,58974323.0,3.0,Product was damaged during delivery.,Product Quality,Negative,2023-05-01
8497609.0,8612261848.0,46208150.0,4.0,"Delivery was fine, but the product could be better.",Customer Service,Neutral,2024-06-18
1479097.0,6949810049.0,87463923.0,3.0,"It was okay, nothing special.",Customer Service,Neutral,2023-09-25
8915207.0,2399456941.0,47625855.0,4.0,"Nothing to complain about, but nothing exceptional.",Delivery,Neutral,2024-10-16
960721.0,6292969164.0,45477575.0,5.0,Good selection of products.,Delivery,Positive,2024-07-09
2966033.0,2929485756.0,30979436.0,4.0,"Excellent quality, will buy again!",Customer Service,Positive,2024-10-13
7025995.0,8757869416.0,85518832.0,1.0,The order was incorrect.,Delivery,Negative,2024-05-03
7716158.0,2653966619.0,52428250.0,5.0,Great prices and fast delivery!,Product Quality,Positive,2024-07-12
3761883.0,336103625.0,28663279.0,5.0,Very happy with the service!,Delivery,Positive,2024-05-16
1228177.0,3727289407.0,10225164.0,3.0,"Average experience, could improve.",Customer Service,Neutral,2024-06-17
7485105.0,701250513.0,10240052.0,2.0,Customer service was not helpful.,App Experience,Negative,2024-09-03
1700955.0,101816977.0,26903313.0,5.0,Great prices and fast delivery!,Delivery,Positive,2024-02-20
5249664.0,7838223552.0,85854265.0,3.0,"It was okay, nothing special.",Delivery,Neutral,2023-12-07
3834078.0,4123140013.0,80759416.0,3.0,Product was damaged during delivery.,Product Quality,Negative,2024-11-03
3026460.0,9821008306.0,49433260.0,2.0,Product was damaged during delivery.,Product Quality,Negative,2023-04-05
8411117.0,5414882934.0,44223796.0,5.0,Great prices and fast delivery!,Product Quality,Positive,2023-12-28
5879083.0,9257313140.0,24337950.0,3.0,"Average experience, could improve.",App Experience,Neutral,2024-06-16
8820500.0,3857021231.0,91973128.0,4.0,Customer service was very helpful.,Delivery,Positive,2023-09-28
9689536.0,1606381345.0,31940833.0,4.0,The product met my expectations.,Delivery,Neutral,2023-03-22
2324970.0,239830094.0,99627097.0,4.0,"Average experience, could improve.",Customer Service,Neutral,2023-08-17
8997357.0,580582858.0,59398136.0,4.0,Very happy with the service!,Customer Service,Positive,2023-09-11
2167745.0,4191340899.0,90649019.0,5.0,Very happy with the service!,App Experience,Positive,2023-05-26
4994524.0,1013630716.0,85763665.0,1.0,Delivery was late and I was unhappy.,Product Quality,Negative,2024-05-19
7633938.0,8220017366.0,91550885.0,2.0,Taste was not as expected.,Delivery,Negative,2023-05-28
6208391.0,4353485612.0,77007315.0,3.0,Customer service was not helpful.,Customer Service,Negative,2024-08-31
4852214.0,8682172393.0,97141762.0,3.0,"Average experience, could improve.",Delivery,Neutral,2024-10-15
2090936.0,4085089017.0,50899600.0,3.0,"Average experience, could improve.",Delivery,Neutral,2024-06-11
6943792.0,1287686307.0,79076101.0,4.0,Will definitely order again.,Customer Service,Positive,2024-01-18
3001571.0,4425450216.0,40192266.0,5.0,Very fresh and well-packaged.,Product Quality,Positive,2023-06-11
3362804.0,7799346570.0,37947202.0,4.0,Items were in perfect condition.,Delivery,Positive,2023-10-04
5222661.0,5917975686.0,37054866.0,5.0,Customer service was very helpful.,App Experience,Positive,2024-06-04
8408734.0,9588500388.0,84448310.0,3.0,"Delivery was fine, but the product could be better.",Customer Service,Neutral,2024-07-05
2865376.0,3963207709.0,99893898.0,3.0,"Nothing to complain about, but nothing exceptional.",Delivery,Neutral,2024-01-04
3485907.0,2217466286.0,9278983.0,1.0,The order was incorrect.,Product Quality,Negative,2023-04-08
3564429.0,7130088913.0,86444757.0,1.0,Not worth the price I paid.,Customer Service,Negative,2023-06-29
2354061.0,9064682961.0,17597449.0,4.0,The product met my expectations.,Customer Service,Neutral,2024-07-04
5143392.0,6060156146.0,92404798.0,1.0,Delivery was late and I was unhappy.,Customer Service,Negative,2023-05-25
6081659.0,3106610673.0,74762653.0,1.0,The packaging was poor.,Product Quality,Negative,2024-06-10
9081242.0,442408751.0,56780331.0,4.0,"Average experience, could improve.",Customer Service,Neutral,2023-10-19
7676494.0,353571238.0,60561655.0,4.0,Good selection of products.,Product Quality,Positive,2024-01-01
3372274.0,4670530333.0,42723554.0,5.0,Items were in perfect condition.,Product Quality,Positive,2024-05-30
2668183.0,4961370923.0,61020.0,4.0,"Average experience, could improve.",Delivery,Neutral,2024-02-04
9017576.0,8946821991.0,31582950.0,3.0,"Nothing to complain about, but nothing exceptional.",App Experience,Neutral,2024-04-29
9615817.0,5720622852.0,66130660.0,3.0,The product met my expectations.,Customer Service,Neutral,2023-04-16
2674022.0,7305353953.0,42012717.0,4.0,"Delivery was fine, but the product could be better.",Delivery,Neutral,2024-01-04
3483103.0,1402723627.0,85006599.0,3.0,"Average experience, could improve.",Delivery,Neutral,2024-05-16
5247856.0,9820620357.0,243838.0,1.0,Customer service was not helpful.,Customer Service,Negative,2023-12-05
1347300.0,1930286155.0,51034600.0,4.0,"It was okay, nothing special.",Customer Service,Neutral,2024-09-02
8833557.0,6759029950.0,83577942.0,1.0,Items were missing from my order.,Delivery,Negative,2023-12-03
9418089.0,9032188284.0,59427862.0,1.0,Taste was not as expected.,Customer Service,Negative,2023-08-24
8553394.0,9490161602.0,28663279.0,1.0,Very disappointed with the quality.,Customer Service,Negative,2023-04-26
2206753.0,8565257085.0,33034249.0,1.0,Not worth the price I paid.,App Experience,Negative,2023-09-24
7654661.0,4884845960.0,34156884.0,4.0,"Delivery was fine, but the product could be better.",App Experience,Neutral,2023-09-05
3134670.0,6181604084.0,4200802.0,4.0,The product met my expectations.,Customer Service,Neutral,2023-10-22
8208192.0,2718508408.0,20360447.0,5.0,Customer service was very helpful.,App Experience,Positive,2023-08-04
2274190.0,8354866000.0,80696046.0,2.0,The order was incorrect.,Product Quality,Negative,2024-02-15
5575749.0,8025728977.0,26912171.0,4.0,Very happy with the service!,Customer Service,Positive,2024-08-15
9532989.0,6531356394.0,85561151.0,3.0,The product met my expectations.,App Experience,Neutral,2023-05-09
4159082.0,5489184758.0,49529811.0,3.0,I had a bad experience.,Product Quality,Negative,2024-03-15
9149279.0,1377599881.0,48481702.0,2.0,Not worth the price I paid.,Product Quality,Negative,2024-08-17
2894327.0,227162938.0,28111842.0,4.0,"It was okay, nothing special.",Customer Service,Neutral,2024-04-18
6593393.0,3449083612.0,91382237.0,4.0,Great prices and fast delivery!,Delivery,Positive,2023-11-10
775096.0,5662514948.0,30455484.0,3.0,Items were missing from my order.,Customer Service,Negative,2023-05-20
7053125.0,2034571482.0,86167288.0,4.0,"Nothing to complain about, but nothing exceptional.",Delivery,Neutral,2024-02-20
6542722.0,348782569.0,72415263.0,2.0,The order was incorrect.,App Experience,Negative,2023-09-23
4136901.0,8697396531.0,21282544.0,4.0,Highly recommended!,App Experience,Positive,2023-10-23
5898159.0,3538455450.0,77345018.0,4.0,"Delivery was fine, but the product could be better.",App Experience,Neutral,2024-09-05
2993223.0,7513290139.0,26285589.0,2.0,Delivery was late and I was unhappy.,Delivery,Negative,2023-05-21
3630731.0,8320461939.0,83298567.0,4.0,"Average experience, could improve.",App Experience,Neutral,2024-04-17
553172.0,8217899522.0,18465047.0,4.0,"Average experience, could improve.",App Experience,Neutral,2024-10-08
1138430.0,4217056877.0,2903620.0,4.0,"Nothing to complain about, but nothing exceptional.",App Experience,Neutral,2024-03-26
6829824.0,3684167813.0,46563355.0,4.0,"Nothing to complain about, but nothing exceptional.",Customer Service,Neutral,2024-09-13
6312641.0,5351904164.0,97411107.0,4.0,The product met my expectations.,Delivery,Neutral,2024-08-06
1415437.0,2731829604.0,46615831.0,3.0,"It was okay, nothing special.",Product Quality,Neutral,2024-02-12
6968296.0,7162485958.0,75081265.0,4.0,Highly recommended!,Customer Service,Positive,2023-12-06
6819722.0,4830502113.0,89867195.0,3.0,"Average experience, could improve.",App Experience,Neutral,2024-01-26
8560926.0,9797013595.0,80571942.0,4.0,Very happy with the service!,App Experience,Positive,2024-05-16
2904408.0,9487843345.0,23794330.0,4.0,The product met my expectations.,Customer Service,Neutral,2024-06-11
6260794.0,2148242015.0,39093069.0,3.0,The order was incorrect.,Customer Service,Negative,2023-05-01
3449473.0,7465258008.0,51503088.0,4.0,Very happy with the service!,Delivery,Positive,2023-10-25
9676654.0,8875274470.0,57102800.0,5.0,Great prices and fast delivery!,Product Quality,Positive,2024-04-20
5646360.0,7049717910.0,44410149.0,5.0,Customer service was very helpful.,Customer Service,Positive,2024-05-11
5287611.0,4829897426.0,25587553.0,3.0,The product met my expectations.,Product Quality,Neutral,2023-06-05
9208286.0,3532186218.0,24456825.0,2.0,The order was incorrect.,App Experience,Negative,2023-08-08
5501470.0,6897674900.0,79592021.0,2.0,Product was damaged during delivery.,Delivery,Negative,2024-05-13
2201588.0,163895717.0,61982521.0,5.0,Good selection of products.,Product Quality,Positive,2023-11-02
4995551.0,9857592403.0,84275450.0,2.0,I had a bad experience.,Product Quality,Negative,2023-10-24
3365462.0,2521197661.0,13251137.0,4.0,"Overall good experience, thank you!",Delivery,Positive,2024-02-20
528097.0,488314125.0,5716817.0,4.0,Good selection of products.,Delivery,Positive,2023-04-05
8894946.0,5073549838.0,75082508.0,4.0,"Average experience, could improve.",Product Quality,Neutral,2024-04-28
7585061.0,6399568661.0,82594354.0,5.0,"Excellent quality, will buy again!",App Experience,Positive,2023-12-17
2095888.0,3672658084.0,48228547.0,4.0,"Overall good experience, thank you!",Delivery,Positive,2024-05-10
324284.0,8273236145.0,85763665.0,3.0,"Average experience, could improve.",Delivery,Neutral,2024-09-02
4804085.0,3411233779.0,79991320.0,4.0,Items were in perfect condition.,App Experience,Positive,2024-04-13
1117369.0,8024667539.0,31622158.0,2.0,Product was damaged during delivery.,Product Quality,Negative,2024-07-22
8230467.0,6112199794.0,77086539.0,5.0,"Overall good experience, thank you!",App Experience,Positive,2024-09-21
3317785.0,9484473160.0,21456226.0,3.0,Delivery was late and I was unhappy.,Product Quality,Negative,2023-04-25
1657911.0,9729709418.0,45323391.0,3.0,"It was okay, nothing special.",Product Quality,Neutral,2023-03-30
9323347.0,7900224799.0,68692574.0,3.0,Items were missing from my order.,App Experience,Negative,2024-07-03
1001453.0,1821414490.0,75632045.0,5.0,Great prices and fast delivery!,Delivery,Positive,2024-10-21
6467390.0,5813507399.0,76019750.0,4.0,Good selection of products.,App Experience,Positive,2024-04-15
7156357.0,3928003125.0,53636086.0,3.0,Not worth the price I paid.,App Experience,Negative,2023-12-07
7151992.0,5271866987.0,10562528.0,3.0,"Nothing to complain about, but nothing exceptional.",Product Quality,Neutral,2024-08-27
8681897.0,9794537731.0,85869195.0,4.0,"Excellent quality, will buy again!",Customer Service,Positive,2023-05-27
6852774.0,4852718488.0,71902700.0,5.0,Will definitely order again.,Product Quality,Positive,2024-04-29
569515.0,8300546273.0,13796199.0,4.0,Great prices and fast delivery!,Delivery,Positive,2023-09-05
9525031.0,976104194.0,6061349.0,2.0,The packaging was poor.,Product Quality,Negative,2024-05-07
9695621.0,5373961125.0,57081917.0,3.0,Not worth the price I paid.,App Experience,Negative,2024-11-01
8141929.0,6056126973.0,48765625.0,3.0,Delivery was late and I was unhappy.,App Experience,Negative,2024-07-02
5776932.0,6352881332.0,80517784.0,4.0,Will definitely order again.,Customer Service,Positive,2024-01-22
5434624.0,1643234106.0,37691544.0,2.0,Customer service was not helpful.,Product Quality,Negative,2024-09-12
5453100.0,8697966993.0,85869195.0,4.0,Good selection of products.,Customer Service,Positive,2024-03-02
8057176.0,2276061263.0,83701325.0,3.0,I had a bad experience.,Customer Service,Negative,2024-10-06
6846846.0,4045613782.0,61763552.0,3.0,"Delivery was fine, but the product could be better.",Customer Service,Neutral,2023-08-09
5208877.0,2959828441.0,9987182.0,4.0,Will definitely order again.,Customer Service,Positive,2024-03-15
2410464.0,3514589876.0,59620534.0,4.0,"Average experience, could improve.",App Experience,Neutral,2023-10-17
9081630.0,9444081952.0,72576730.0,2.0,Items were missing from my order.,Product Quality,Negative,2023-11-27
6598543.0,8183959589.0,26752630.0,1.0,Product was damaged during delivery.,App Experience,Negative,2023-12-16
450610.0,1712832927.0,5228136.0,4.0,Customer service was very helpful.,Delivery,Positive,2024-03-16
8349571.0,8162867215.0,25713335.0,1.0,Customer service was not helpful.,App Experience,Negative,2024-08-24
4285730.0,4160230443.0,87889031.0,4.0,"Average experience, could improve.",Product Quality,Neutral,2024-04-15
4809263.0,9787535949.0,57340963.0,4.0,Good selection of products.,App Experience,Positive,2023-04-02
28432.0,3423995261.0,75928073.0,3.0,"Nothing to complain about, but nothing exceptional.",Customer Service,Neutral,2023-05-06
3839071.0,1523343168.0,80862136.0,4.0,Very happy with the service!,Customer Service,Positive,2024-07-21
4319977.0,1948066291.0,61320989.0,4.0,"Overall good experience, thank you!",Customer Service,Positive,2024-10-02
5463524.0,2021361582.0,99695529.0,3.0,"Nothing to complain about, but nothing exceptional.",Delivery,Neutral,2024-05-20
4356872.0,7491420331.0,27504517.0,3.0,I had a bad experience.,Delivery,Negative,2024-05-22
7878663.0,994840771.0,85088479.0,4.0,Customer service was very helpful.,Product Quality,Positive,2023-10-15
4857169.0,6277344634.0,11202130.0,2.0,Customer service was not helpful.,Customer Service,Negative,2024-07-23
1942072.0,4092653338.0,13604883.0,1.0,Delivery was late and I was unhappy.,Customer Service,Negative,2024-04-24
6124518.0,7213712604.0,49433260.0,1.0,The order was incorrect.,Delivery,Negative,2023-11-17
7931562.0,7326709115.0,22800586.0,4.0,Will definitely order again.,Product Quality,Positive,2023-11-26
2043914.0,9419789569.0,8733344.0,3.0,"Nothing to complain about, but nothing exceptional.",App Experience,Neutral,2024-07-17
2626791.0,5388191488.0,74735607.0,4.0,"Average experience, could improve.",Delivery,Neutral,2024-03-31
4501779.0,9065873433.0,32635818.0,4.0,"Delivery was fine, but the product could be better.",App Experience,Neutral,2023-10-23
8855501.0,4627342297.0,88843865.0,3.0,"Delivery was fine, but the product could be better.",Delivery,Neutral,2023-08-28
7639568.0,4286971111.0,469006.0,3.0,Customer service was not helpful.,App Experience,Negative,2024-05-27
5453353.0,645282074.0,13265605.0,3.0,"Average experience, could improve.",Delivery,Neutral,2023-05-25
5467505.0,7260939789.0,39999278.0,4.0,"It was okay, nothing special.",App Experience,Neutral,2023-10-28
8701014.0,1716322448.0,95873651.0,2.0,Delivery was late and I was unhappy.,Delivery,Negative,2023-09-06
5336879.0,4293959647.0,820740.0,2.0,The order was incorrect.,Product Quality,Negative,2023-10-03
6453103.0,3331935300.0,29095552.0,1.0,Items were missing from my order.,Delivery,Negative,2023-06-15
3958853.0,1775389576.0,15830066.0,4.0,"Delivery was fine, but the product could be better.",Product Quality,Neutral,2024-03-10
9085939.0,8194774262.0,46836361.0,4.0,"Delivery was fine, but the product could be better.",App Experience,Neutral,2024-10-06
2480674.0,3615279775.0,61618079.0,3.0,"Average experience, could improve.",Customer Service,Neutral,2023-11-01
9215137.0,11467999.0,78267238.0,5.0,Very happy with the service!,Customer Service,Positive,2023-04-23
6081427.0,3971267196.0,8536503.0,4.0,Customer service was very helpful.,Customer Service,Positive,2024-01-14
5150934.0,1584863963.0,61877649.0,4.0,"Average experience, could improve.",Customer Service,Neutral,2024-07-21
761648.0,1557893814.0,75244116.0,2.0,Product was damaged during delivery.,Delivery,Negative,2024-04-02
2681578.0,8172695964.0,45323391.0,3.0,"Average experience, could improve.",Customer Service,Neutral,2024-07-07
9942145.0,7462800868.0,93127511.0,4.0,Very fresh and well-packaged.,Customer Service,Positive,2023-10-19
7353695.0,5438961669.0,37245065.0,5.0,Very fresh and well-packaged.,App Experience,Positive,2024-09-10
4236291.0,4904849001.0,93563435.0,2.0,The order was incorrect.,Product Quality,Negative,2023-11-30
4219382.0,4816980820.0,52613657.0,4.0,Great prices and fast delivery!,Product Quality,Positive,2023-03-27
8580133.0,9004078716.0,55552600.0,1.0,Taste was not as expected.,Product Quality,Negative,2023-08-21
2841833.0,8350353728.0,25585013.0,1.0,Taste was not as expected.,Customer Service,Negative,2024-01-25
9049506.0,1204084245.0,1342184.0,3.0,Customer service was not helpful.,Product Quality,Negative,2023-09-26
3239235.0,4142209897.0,44557943.0,3.0,Not worth the price I paid.,Delivery,Negative,2023-09-07
49570.0,125551624.0,14693393.0,5.0,Good selection of products.,Customer Service,Positive,2024-08-12
2719090.0,9970545044.0,22931642.0,1.0,Not worth the price I paid.,App Experience,Negative,2023-08-08
3002219.0,7976032064.0,72946405.0,2.0,Taste was not as expected.,Customer Service,Negative,2024-05-03
2801569.0,8691567542.0,41640262.0,2.0,The packaging was poor.,Customer Service,Negative,2024-06-27
1302585.0,3592747590.0,12755730.0,2.0,I had a bad experience.,Customer Service,Negative,2024-04-24
8597123.0,7495753437.0,4758426.0,3.0,"Nothing to complain about, but nothing exceptional.",Delivery,Neutral,2023-06-02
5871103.0,3965847120.0,80761521.0,4.0,Highly recommended!,App Experience,Positive,2023-05-05
4879303.0,9365984533.0,89704218.0,5.0,Very happy with the service!,Product Quality,Positive,2024-06-25
5549223.0,2948242102.0,13189939.0,5.0,Good selection of products.,Customer Service,Positive,2023-10-12
695372.0,6161193691.0,55693909.0,4.0,Good selection of products.,App Experience,Positive,2023-05-30
3768358.0,5964122835.0,14006996.0,5.0,"Overall good experience, thank you!",App Experience,Positive,2024-03-29
2548472.0,8879377902.0,61320989.0,3.0,The product met my expectations.,Customer Service,Neutral,2024-03-09
3624049.0,8158068874.0,64403005.0,5.0,Highly recommended!,Customer Service,Positive,2024-07-25
4172409.0,7039570964.0,68941950.0,5.0,Highly recommended!,Customer Service,Positive,2024-04-13
4523289.0,5482913265.0,88324928.0,4.0,"Average experience, could improve.",App Experience,Neutral,2024-08-08
5363730.0,1018255782.0,2219590.0,4.0,"It was okay, nothing special.",Product Quality,Neutral,2024-09-08
1479616.0,8441505853.0,48409448.0,5.0,Very fresh and well-packaged.,App Experience,Positive,2023-11-10
9028098.0,3850018395.0,57674875.0,3.0,"It was okay, nothing special.",App Experience,Neutral,2023-06-09
3226423.0,4884197611.0,28173165.0,3.0,The order was incorrect.,Product Quality,Negative,2023-04-19
2894458.0,5321849748.0,84468124.0,4.0,Items were in perfect condition.,Customer Service,Positive,2024-03-01
2454880.0,9808738347.0,7728406.0,4.0,Very happy with the service!,Product Quality,Positive,2024-03-28
8629527.0,8727249149.0,35826539.0,3.0,The product met my expectations.,App Experience,Neutral,2023-06-27
270589.0,2772154780.0,50899600.0,5.0,"Excellent quality, will buy again!",Customer Service,Positive,2024-07-18
7304927.0,9128056381.0,98691989.0,1.0,Very disappointed with the quality.,Delivery,Negative,2024-06-10
7791478.0,4461463308.0,81352781.0,3.0,The product met my expectations.,App Experience,Neutral,2023-06-16
7477228.0,5636483988.0,34095555.0,4.0,"Nothing to complain about, but nothing exceptional.",App Experience,Neutral,2024-01-29
1944212.0,1532065529.0,75464725.0,1.0,Not worth the price I paid.,Customer Service,Negative,2023-12-07
8458096.0,9933994647.0,83304571.0,1.0,Items were missing from my order.,Delivery,Negative,2024-02-27
1253043.0,4823026749.0,34835738.0,2.0,Items were missing from my order.,Product Quality,Negative,2024-08-08
9403741.0,7453442245.0,77869660.0,3.0,Product was damaged during delivery.,Product Quality,Negative,2024-09-08
7465998.0,6519941559.0,29902416.0,5.0,Will definitely order again.,App Experience,Positive,2024-05-10
8662941.0,3798769654.0,75913572.0,5.0,"Overall good experience, thank you!",Product Quality,Positive,2024-09-28
7152198.0,5034289521.0,21201299.0,3.0,"It was okay, nothing special.",Delivery,Neutral,2024-05-15
1093536.0,6971088688.0,11389698.0,4.0,The product met my expectations.,Customer Service,Neutral,2023-07-18
7243157.0,5650184107.0,19771128.0,3.0,"Average experience, could improve.",Product Quality,Neutral,2023-06-21
9922332.0,5770410311.0,20956158.0,5.0,Great prices and fast delivery!,Delivery,Positive,2023-12-31
1675649.0,274530126.0,35278126.0,3.0,Not worth the price I paid.,App Experience,Negative,2023-04-08
2025024.0,4819831152.0,66886852.0,5.0,"Excellent quality, will buy again!",Product Quality,Positive,2024-09-22
7517863.0,6977688323.0,56780331.0,4.0,"Average experience, could improve.",App Experience,Neutral,2023-06-07
1699913.0,2035952734.0,63360864.0,3.0,Customer service was not helpful.,Product Quality,Negative,2023-04-17
7483634.0,3665334102.0,51476157.0,3.0,"It was okay, nothing special.",Delivery,Neutral,2024-11-04
6057729.0,1862413314.0,48150243.0,5.0,Customer service was very helpful.,Delivery,Positive,2024-05-31
3051987.0,4466643926.0,82989313.0,4.0,The product met my expectations.,Product Quality,Neutral,2024-04-08
3311244.0,4470717835.0,76008165.0,2.0,Customer service was not helpful.,Delivery,Negative,2023-07-08
5836719.0,3018086191.0,76359458.0,1.0,Items were missing from my order.,App Experience,Negative,2024-02-07
4020070.0,2447983559.0,99772709.0,3.0,"Nothing to complain about, but nothing exceptional.",App Experience,Neutral,2024-10-03
4636707.0,5116322704.0,63360864.0,4.0,Items were in perfect condition.,App Experience,Positive,2024-06-20
187542.0,8941550852.0,54145987.0,4.0,Will definitely order again.,Delivery,Positive,2024-04-20
4396650.0,8026773850.0,94730288.0,3.0,The product met my expectations.,Product Quality,Neutral,2023-10-23
542263.0,2102402075.0,30317733.0,4.0,Good selection of products.,Delivery,Positive,2024-07-14
4776792.0,989844439.0,30468930.0,4.0,"It was okay, nothing special.",Customer Service,Neutral,2023-07-23
3599242.0,8426805628.0,11636968.0,5.0,"Excellent quality, will buy again!",Product Quality,Positive,2023-04-17
1985991.0,7662188403.0,35554129.0,4.0,The product met my expectations.,Product Quality,Neutral,2023-05-09
2330293.0,9141654140.0,77811864.0,3.0,"Nothing to complain about, but nothing exceptional.",Product Quality,Neutral,2023-07-14
6166248.0,5696947751.0,90745023.0,4.0,The product met my expectations.,Customer Service,Neutral,2023-11-06
7387379.0,8953871540.0,1601161.0,1.0,Customer service was not helpful.,App Experience,Negative,2023-11-14
711303.0,1767778760.0,67729191.0,1.0,Not worth the price I paid.,Delivery,Negative,2023-04-14
505660.0,5516201271.0,73661993.0,1.0,Product was damaged during delivery.,Delivery,Negative,2024-07-10
6098728.0,9358248664.0,75213636.0,4.0,Great prices and fast delivery!,Customer Service,Positive,2023-12-20
2091055.0,1530424665.0,45700739.0,5.0,Very fresh and well-packaged.,Delivery,Positive,2023-04-21
4562866.0,7816293360.0,87669943.0,2.0,I had a bad experience.,App Experience,Negative,2023-07-27
1917447.0,1602396548.0,11063505.0,3.0,Not worth the price I paid.,Delivery,Negative,2024-09-10
8056653.0,7938126128.0,26199489.0,2.0,The packaging was poor.,Product Quality,Negative,2023-06-16
4731537.0,271744331.0,47274329.0,3.0,"It was okay, nothing special.",App Experience,Neutral,2023-08-21
8258208.0,387311360.0,70221073.0,4.0,"Average experience, could improve.",Delivery,Neutral,2023-08-07
1816046.0,1286123100.0,45659330.0,3.0,The product met my expectations.,App Experience,Neutral,2023-12-31
5082750.0,4832392771.0,10038382.0,3.0,Customer service was not helpful.,Product Quality,Negative,2023-11-02
9757843.0,4800106448.0,49970560.0,4.0,Very happy with the service!,Product Quality,Positive,2023-12-10
2111693.0,5500008514.0,31371112.0,5.0,"Excellent quality, will buy again!",Product Quality,Positive,2024-05-03
7539747.0,7879575037.0,7228206.0,4.0,"Nothing to complain about, but nothing exceptional.",Delivery,Neutral,2024-01-07
7312687.0,50845914.0,54893418.0,3.0,Delivery was late and I was unhappy.,Customer Service,Negative,2023-04-09
578260.0,9766990467.0,48358028.0,1.0,Product was damaged during delivery.,App Experience,Negative,2023-06-30
4088993.0,4215602937.0,66499992.0,5.0,"Overall good experience, thank you!",Delivery,Positive,2023-10-04
4049457.0,238484255.0,73869823.0,2.0,Product was damaged during delivery.,App Experience,Negative,2024-04-11
4894139.0,3293988248.0,89986926.0,1.0,I had a bad experience.,App Experience,Negative,2024-09-29
6973629.0,5296157775.0,99231937.0,5.0,Items were in perfect condition.,Delivery,Positive,2024-07-27
7645524.0,1143489067.0,21432404.0,3.0,The packaging was poor.,Customer Service,Negative,2023-09-14
551355.0,8524452029.0,40986000.0,3.0,The product met my expectations.,Delivery,Neutral,2023-11-07
6753827.0,4256779885.0,88745052.0,5.0,"Overall good experience, thank you!",App Experience,Positive,2023-06-01
795431.0,7744686996.0,72946405.0,2.0,Delivery was late and I was unhappy.,App Experience,Negative,2023-09-27
7042439.0,5427462399.0,41647393.0,5.0,Great prices and fast delivery!,App Experience,Positive,2024-06-21
693454.0,8596751747.0,66359719.0,1.0,Product was damaged during delivery.,Product Quality,Negative,2024-03-09
562006.0,4746468643.0,15144290.0,4.0,"Average experience, could improve.",App Experience,Neutral,2023-08-17
4366924.0,3010047327.0,5716817.0,1.0,Items were missing from my order.,Customer Service,Negative,2023-12-15
991290.0,1236959246.0,94033330.0,5.0,Will definitely order again.,Product Quality,Positive,2024-10-06
7004363.0,6600422315.0,79726146.0,4.0,Very happy with the service!,Customer Service,Positive,2023-09-19
7464077.0,3227252410.0,83023956.0,4.0,The product met my expectations.,App Experience,Neutral,2024-02-16
8769084.0,6972292408.0,19682060.0,4.0,"It was okay, nothing special.",Delivery,Neutral,2023-11-16
1551406.0,7562754470.0,10700664.0,3.0,I had a bad experience.,Customer Service,Negative,2024-02-15
3064209.0,7361971676.0,27504517.0,4.0,"Excellent quality, will buy again!",Customer Service,Positive,2023-08-23
947.0,8875605037.0,93867669.0,1.0,Customer service was not helpful.,App Experience,Negative,2023-09-27
2267899.0,8508253527.0,31233120.0,2.0,Delivery was late and I was unhappy.,App Experience,Negative,2024-09-05
2954942.0,6798775600.0,24845814.0,4.0,Items were in perfect condition.,Customer Service,Positive,2023-10-09
9775764.0,3624810422.0,42366724.0,2.0,The packaging was poor.,Customer Service,Negative,2024-08-10
7391471.0,4740213452.0,84066402.0,2.0,Very disappointed with the quality.,Customer Service,Negative,2024-02-22
4497261.0,3825468344.0,81337068.0,4.0,The product met my expectations.,Product Quality,Neutral,2023-04-09
6122779.0,902245665.0,44828791.0,5.0,Good selection of products.,Customer Service,Positive,2024-08-08
7576416.0,6874299189.0,24633671.0,3.0,"It was okay, nothing special.",App Experience,Neutral,2023-08-14
4697247.0,1127125313.0,91312072.0,2.0,Product was damaged during delivery.,Customer Service,Negative,2023-12-15
691219.0,3606548818.0,85354059.0,4.0,"Delivery was fine, but the product could be better.",App Experience,Neutral,2023-05-12
5166281.0,5750044154.0,11636968.0,3.0,"Nothing to complain about, but nothing exceptional.",App Experience,Neutral,2024-09-16
1382377.0,3872847781.0,27727819.0,3.0,Customer service was not helpful.,Customer Service,Negative,2023-09-16
97811.0,5939554684.0,3875480.0,3.0,"Nothing to complain about, but nothing exceptional.",Delivery,Neutral,2023-06-11
5621884.0,676412814.0,57291761.0,4.0,"Delivery was fine, but the product could be better.",Customer Service,Neutral,2024-07-26
3808119.0,4248390724.0,6390687.0,2.0,Not worth the price I paid.,Product Quality,Negative,2023-08-22
2046453.0,8938687150.0,97664747.0,2.0,Delivery was late and I was unhappy.,Product Quality,Negative,2023-04-25
8438675.0,7898867047.0,899941.0,2.0,Delivery was late and I was unhappy.,Delivery,Negative,2023-05-03
6032503.0,2142065357.0,469006.0,4.0,Great prices and fast delivery!,Delivery,Positive,2024-01-27
4480675.0,9024719693.0,21597477.0,5.0,Very fresh and well-packaged.,Delivery,Positive,2024-06-06
4809948.0,8976616698.0,90346920.0,1.0,Product was damaged during delivery.,Customer Service,Negative,2023-08-23
4863117.0,8792586840.0,91566278.0,3.0,The product met my expectations.,Customer Service,Neutral,2023-06-14
2044654.0,5375387413.0,66768157.0,1.0,Taste was not as expected.,App Experience,Negative,2023-04-04
2287698.0,4252164097.0,72366758.0,5.0,Will definitely order again.,App Experience,Positive,2023-09-28
5142344.0,8423273411.0,5418547.0,1.0,The packaging was poor.,Delivery,Negative,2023-05-23
2440501.0,2551179741.0,18791381.0,2.0,Items were missing from my order.,Customer Service,Negative,2024-04-10
8368694.0,227511348.0,11775073.0,4.0,"Average experience, could improve.",Product Quality,Neutral,2024-08-01
3759920.0,4434464045.0,7591711.0,3.0,The order was incorrect.,Customer Service,Negative,2023-09-22
4041388.0,7041011843.0,35705377.0,3.0,Very disappointed with the quality.,App Experience,Negative,2024-02-06
2902698.0,6510283268.0,67383024.0,3.0,Very disappointed with the quality.,Customer Service,Negative,2024-06-12
3980335.0,6853654698.0,85198177.0,4.0,Customer service was very helpful.,App Experience,Positive,2023-08-06
7570854.0,9338996795.0,2219590.0,4.0,"Nothing to complain about, but nothing exceptional.",Customer Service,Neutral,2024-01-09
3514343.0,7346145952.0,96629258.0,4.0,"Nothing to complain about, but nothing exceptional.",Customer Service,Neutral,2024-03-12
998290.0,6497069610.0,52672659.0,3.0,The product met my expectations.,Delivery,Neutral,2024-04-10
3367308.0,1741402363.0,87200291.0,1.0,The order was incorrect.,Product Quality,Negative,2024-06-12
7059559.0,4825878367.0,46717997.0,2.0,Product was damaged during delivery.,Delivery,Negative,2024-10-07
5924784.0,7019011442.0,41640262.0,4.0,Will definitely order again.,Customer Service,Positive,2023-06-30
8946524.0,1674463798.0,52085702.0,4.0,The product met my expectations.,App Experience,Neutral,2024-09-21
6399504.0,305684588.0,46876240.0,1.0,I had a bad experience.,Customer Service,Negative,2024-08-25
2714845.0,5967495442.0,77086074.0,3.0,"Average experience, could improve.",Product Quality,Neutral,2024-07-18
6673711.0,2571047526.0,90665975.0,2.0,Not worth the price I paid.,Delivery,Negative,2023-06-19
2934013.0,7784811086.0,53332493.0,4.0,"Excellent quality, will buy again!",Product Quality,Positive,2024-09-07
1368168.0,7942005230.0,78614729.0,4.0,The product met my expectations.,Delivery,Neutral,2023-03-25
6113742.0,6653543195.0,95334407.0,4.0,"Overall good experience, thank you!",App Experience,Positive,2023-09-15
3227569.0,397928918.0,71902700.0,4.0,"Average experience, could improve.",Customer Service,Neutral,2024-09-14
5227689.0,776120140.0,25128143.0,3.0,"Nothing to complain about, but nothing exceptional.",Product Quality,Neutral,2023-11-12
9554223.0,8293188779.0,28991365.0,1.0,Delivery was late and I was unhappy.,Product Quality,Negative,2024-10-16
5832996.0,178737268.0,2164524.0,3.0,"Delivery was fine, but the product could be better.",Customer Service,Neutral,2023-06-18
1975368.0,5246598523.0,90665975.0,5.0,Great prices and fast delivery!,Customer Service,Positive,2023-11-22
9396068.0,1172544737.0,30188374.0,4.0,"Excellent quality, will buy again!",App Experience,Positive,2023-11-24
6962998.0,6419533291.0,92404798.0,3.0,"Nothing to complain about, but nothing exceptional.",Delivery,Neutral,2023-07-28
918874.0,882083749.0,51833636.0,4.0,Very happy with the service!,Customer Service,Positive,2023-06-18
6190918.0,3185510401.0,43990799.0,4.0,Highly recommended!,Delivery,Positive,2024-10-14
5351111.0,7760767006.0,93018527.0,3.0,"It was okay, nothing special.",Product Quality,Neutral,2023-08-19
1629735.0,3833878150.0,644189.0,3.0,"It was okay, nothing special.",Delivery,Neutral,2024-06-23
2948051.0,369899578.0,44198187.0,3.0,The packaging was poor.,App Experience,Negative,2023-08-19
3052466.0,1944466212.0,70798876.0,4.0,Good selection of products.,Product Quality,Positive,2024-09-09
7144855.0,4064447117.0,6061349.0,3.0,"Nothing to complain about, but nothing exceptional.",Delivery,Neutral,2024-02-25
505283.0,1553685597.0,22822088.0,3.0,"Average experience, could improve.",App Experience,Neutral,2024-10-28
1436132.0,3682284811.0,96009692.0,3.0,"Average experience, could improve.",Delivery,Neutral,2024-07-18
9095544.0,291439357.0,62679120.0,4.0,Items were in perfect condition.,Customer Service,Positive,2023-04-11
1029897.0,8285784194.0,17390673.0,2.0,Delivery was late and I was unhappy.,Customer Service,Negative,2024-09-30
2986134.0,5058742647.0,29562254.0,5.0,Very fresh and well-packaged.,Delivery,Positive,2024-09-17
42109.0,6917020296.0,34655710.0,1.0,I had a bad experience.,App Experience,Negative,2024-07-10
4450869.0,6671181961.0,50968312.0,5.0,Very fresh and well-packaged.,Customer Service,Positive,2023-10-13
9318477.0,5123439997.0,89886179.0,4.0,"Average experience, could improve.",Delivery,Neutral,2024-02-15
7777479.0,8510183245.0,3897936.0,4.0,"It was okay, nothing special.",App Experience,Neutral,2024-10-01
9857802.0,6081384585.0,94529626.0,4.0,"Nothing to complain about, but nothing exceptional.",Delivery,Neutral,2024-03-04
592339.0,4423613746.0,98088303.0,1.0,Items were missing from my order.,Delivery,Negative,2023-08-27
8142511.0,1530472691.0,82169898.0,3.0,"It was okay, nothing special.",Product Quality,Neutral,2024-08-09
7016969.0,7009303199.0,85519349.0,3.0,"It was okay, nothing special.",App Experience,Neutral,2024-02-25
1695867.0,5386652055.0,71252391.0,5.0,Good selection of products.,Delivery,Positive,2024-04-16
7234307.0,4413239746.0,22915611.0,5.0,Good selection of products.,App Experience,Positive,2023-04-10
9206189.0,4988875078.0,65514005.0,4.0,"Overall good experience, thank you!",App Experience,Positive,2023-07-23
952999.0,1617565217.0,43518622.0,3.0,Product was damaged during delivery.,Product Quality,Negative,2024-06-01
3486386.0,392038758.0,24144240.0,4.0,Will definitely order again.,Product Quality,Positive,2024-07-23
4564815.0,1828727552.0,12455156.0,4.0,Very fresh and well-packaged.,Product Quality,Positive,2024-03-26
5714605.0,7119397338.0,25850478.0,3.0,The packaging was poor.,App Experience,Negative,2024-10-28
193776.0,2611271708.0,11446157.0,3.0,Items were missing from my order.,Delivery,Negative,2024-04-26
8589341.0,7162509481.0,1174162.0,1.0,Customer service was not helpful.,App Experience,Negative,2024-10-17
5473397.0,131913576.0,48228547.0,2.0,Taste was not as expected.,Delivery,Negative,2023-10-17
8112535.0,6627201490.0,28991365.0,1.0,Taste was not as expected.,Delivery,Negative,2023-12-10
7876022.0,4644950813.0,81655250.0,4.0,"Overall good experience, thank you!",Product Quality,Positive,2023-08-21
2479913.0,9434934993.0,92027021.0,2.0,Product was damaged during delivery.,Customer Service,Negative,2024-08-09
8109035.0,2556317798.0,29562072.0,5.0,"Excellent quality, will buy again!",Customer Service,Positive,2023-09-14
1602501.0,2826150539.0,24456825.0,3.0,"Nothing to complain about, but nothing exceptional.",Delivery,Neutral,2023-11-05
441802.0,4283803308.0,4543215.0,3.0,"Delivery was fine, but the product could be better.",Delivery,Neutral,2023-12-08
4407642.0,6873424093.0,35705377.0,5.0,"Overall good experience, thank you!",Customer Service,Positive,2024-02-10
2957464.0,4741294126.0,66354642.0,4.0,Very happy with the service!,App Experience,Positive,2024-09-05
9315691.0,4967241271.0,45708879.0,4.0,Great prices and fast delivery!,Product Quality,Positive,2023-05-03
6038221.0,9554079946.0,69516494.0,5.0,"Excellent quality, will buy again!",App Experience,Positive,2023-12-23
718730.0,4601205399.0,97111069.0,4.0,Highly recommended!,App Experience,Positive,2023-07-14
8701762.0,5633967304.0,72605638.0,3.0,I had a bad experience.,Delivery,Negative,2024-01-30
2858606.0,4168163237.0,47503133.0,4.0,Highly recommended!,Delivery,Positive,2023-07-06
378316.0,5924297360.0,59197894.0,3.0,"It was okay, nothing special.",Product Quality,Neutral,2024-09-09
7303951.0,2120299901.0,28499191.0,4.0,"Average experience, could improve.",Delivery,Neutral,2024-06-12
5282550.0,1070876534.0,59329145.0,4.0,"Delivery was fine, but the product could be better.",App Experience,Neutral,2024-02-21
2040171.0,7032280048.0,18567760.0,2.0,Delivery was late and I was unhappy.,Customer Service,Negative,2023-09-15
2222935.0,156346853.0,57331847.0,5.0,"Excellent quality, will buy again!",Customer Service,Positive,2023-03-30
5733557.0,6873267326.0,45546750.0,4.0,"It was okay, nothing special.",App Experience,Neutral,2024-02-10
7842448.0,1370661468.0,64795608.0,5.0,Customer service was very helpful.,App Experience,Positive,2023-09-27
8133334.0,3612128358.0,8513589.0,3.0,The packaging was poor.,App Experience,Negative,2024-04-24
4645106.0,1736953222.0,86704661.0,5.0,Highly recommended!,Delivery,Positive,2024-02-18
3931686.0,9107923488.0,85354059.0,4.0,Very happy with the service!,Delivery,Positive,2023-11-20
6793875.0,4378877600.0,46989310.0,1.0,Very disappointed with the quality.,Product Quality,Negative,2023-11-27
6512144.0,3232762361.0,22613559.0,5.0,"Excellent quality, will buy again!",Delivery,Positive,2023-07-24
3075998.0,1831641377.0,76971644.0,3.0,The product met my expectations.,Product Quality,Neutral,2024-03-19
3417089.0,562428866.0,57833505.0,3.0,"Average experience, could improve.",Delivery,Neutral,2023-04-17
4901338.0,4607715908.0,59095971.0,3.0,"Average experience, could improve.",Customer Service,Neutral,2024-08-24
5959915.0,4804575203.0,53974737.0,3.0,Items were missing from my order.,Product Quality,Negative,2023-05-23
983440.0,8287234948.0,47939657.0,5.0,Customer service was very helpful.,Customer Service,Positive,2024-10-07
5178395.0,6074452586.0,78806824.0,3.0,The order was incorrect.,Product Quality,Negative,2023-09-01
4017037.0,6821790656.0,66710182.0,3.0,I had a bad experience.,App Experience,Negative,2024-08-03
8996588.0,7821942520.0,84468124.0,3.0,"Delivery was fine, but the product could be better.",Delivery,Neutral,2024-02-13
1207954.0,3012496270.0,27604184.0,4.0,The product met my expectations.,Customer Service,Neutral,2023-04-06
7547714.0,8980370750.0,76971644.0,1.0,Product was damaged during delivery.,Product Quality,Negative,2023-09-15
3548365.0,6535672015.0,4758426.0,3.0,Taste was not as expected.,App Experience,Negative,2023-05-05
2434820.0,6999060704.0,15534747.0,5.0,Customer service was very helpful.,Product Quality,Positive,2023-04-28
7040880.0,9403732731.0,73393269.0,5.0,Highly recommended!,Product Quality,Positive,2024-05-26
906286.0,5649255352.0,84119685.0,4.0,"Overall good experience, thank you!",Delivery,Positive,2024-10-30
7109416.0,5034409841.0,46629917.0,3.0,"Average experience, could improve.",Product Quality,Neutral,2023-08-15
521542.0,9072111617.0,49985597.0,2.0,The packaging was poor.,App Experience,Negative,2024-09-15
5863363.0,9556880451.0,48778633.0,4.0,"Average experience, could improve.",Delivery,Neutral,2023-10-08
5950845.0,4602796463.0,22047134.0,2.0,Items were missing from my order.,Delivery,Negative,2024-09-12
6268912.0,6061353924.0,49241309.0,5.0,Great prices and fast delivery!,App Experience,Positive,2024-03-03
5564520.0,4366519080.0,63339001.0,5.0,Items were in perfect condition.,Customer Service,Positive,2023-05-29
1885638.0,1324817141.0,71694275.0,4.0,Very fresh and well-packaged.,App Experience,Positive,2023-08-17
6933855.0,5419080144.0,55404382.0,3.0,"Nothing to complain about, but nothing exceptional.",Product Quality,Neutral,2024-11-01
1882628.0,8813470284.0,57537308.0,5.0,Highly recommended!,Delivery,Positive,2024-01-04
6472516.0,3182992799.0,81906973.0,3.0,I had a bad experience.,Delivery,Negative,2023-10-18
1780948.0,7792996715.0,22081691.0,3.0,"Average experience, could improve.",App Experience,Neutral,2024-01-03
8600331.0,6962624734.0,88866835.0,4.0,"Excellent quality, will buy again!",App Experience,Positive,2023-04-27
6278165.0,5948662456.0,35988028.0,3.0,"Delivery was fine, but the product could be better.",Customer Service,Neutral,2023-06-29
5974448.0,3395675979.0,88202341.0,4.0,"Average experience, could improve.",App Experience,Neutral,2023-06-10
7720023.0,7550368787.0,51592174.0,4.0,Items were in perfect condition.,Product Quality,Positive,2023-12-30
4357427.0,8357671697.0,97388817.0,3.0,Taste was not as expected.,Customer Service,Negative,2024-04-14
7209600.0,9600704922.0,90372221.0,3.0,Very disappointed with the quality.,Product Quality,Negative,2023-11-13
4521726.0,9915229426.0,12832151.0,2.0,Customer service was not helpful.,Product Quality,Negative,2024-02-03
6861653.0,9927474026.0,94137242.0,4.0,The product met my expectations.,Product Quality,Neutral,2023-03-28
6134638.0,6310535397.0,21461764.0,1.0,Taste was not as expected.,Customer Service,Negative,2023-05-26
3123642.0,8045941430.0,67829645.0,3.0,"Nothing to complain about, but nothing exceptional.",Delivery,Neutral,2023-05-24
1070868.0,4390394582.0,49795571.0,3.0,Very disappointed with the quality.,Delivery,Negative,2024-11-02
4075027.0,5062545226.0,84275450.0,4.0,"Average experience, could improve.",Product Quality,Neutral,2023-11-28
6131863.0,2836701831.0,62323608.0,2.0,Taste was not as expected.,App Experience,Negative,2024-06-13
696872.0,4115492281.0,32540616.0,3.0,"Nothing to complain about, but nothing exceptional.",Customer Service,Neutral,2024-01-07
6204921.0,3554645781.0,26227445.0,3.0,"Average experience, could improve.",Customer Service,Neutral,2024-04-25
6056192.0,3983605701.0,19067680.0,1.0,Customer service was not helpful.,Delivery,Negative,2024-01-27
9231567.0,8581516385.0,8241122.0,4.0,"Average experience, could improve.",Product Quality,Neutral,2023-12-14
4960526.0,8290229112.0,88923048.0,4.0,The product met my expectations.,Delivery,Neutral,2024-03-09
9621239.0,1195560119.0,83039559.0,4.0,Very happy with the service!,App Experience,Positive,2023-04-03
6030761.0,5077327994.0,243838.0,4.0,"Nothing to complain about, but nothing exceptional.",App Experience,Neutral,2023-08-01
6983952.0,2945185661.0,81102955.0,4.0,Will definitely order again.,Delivery,Positive,2023-07-09
7128156.0,3951005873.0,52085702.0,1.0,I had a bad experience.,Delivery,Negative,2024-10-03
9989662.0,3490816523.0,25128143.0,2.0,Product was damaged during delivery.,Delivery,Negative,2024-01-27
3510523.0,6739114301.0,51544662.0,4.0,Items were in perfect condition.,Delivery,Positive,2023-03-26
4229013.0,5728818155.0,31000129.0,3.0,Taste was not as expected.,Product Quality,Negative,2023-11-03
2091825.0,7713651693.0,8351747.0,5.0,Items were in perfect condition.,Delivery,Positive,2023-08-07
5009643.0,5452048621.0,22483684.0,3.0,"It was okay, nothing special.",Product Quality,Neutral,2024-10-22
473283.0,2297027645.0,36578947.0,3.0,Not worth the price I paid.,App Experience,Negative,2024-04-17
6005487.0,2438302298.0,77862447.0,3.0,"Delivery was fine, but the product could be better.",Delivery,Neutral,2023-04-24
3232752.0,578811216.0,75739462.0,3.0,Delivery was late and I was unhappy.,Product Quality,Negative,2024-06-18
7299954.0,8684710720.0,74172010.0,4.0,"It was okay, nothing special.",App Experience,Neutral,2023-09-12
2467868.0,1249797614.0,54797119.0,2.0,Not worth the price I paid.,Customer Service,Negative,2024-06-27
1459705.0,8013026217.0,52337289.0,4.0,Highly recommended!,Delivery,Positive,2023-03-21
8571174.0,5421697986.0,95971469.0,4.0,Great prices and fast delivery!,Delivery,Positive,2023-05-26
4603850.0,8922741261.0,22133362.0,4.0,Customer service was very helpful.,Delivery,Positive,2024-08-11
2769312.0,3441102335.0,12077371.0,3.0,"Delivery was fine, but the product could be better.",Product Quality,Neutral,2023-11-04
8679133.0,6065607924.0,91868185.0,4.0,Will definitely order again.,Product Quality,Positive,2024-05-08
8080342.0,5153395650.0,94033330.0,3.0,The order was incorrect.,Product Quality,Negative,2023-03-23
6743516.0,2215235447.0,88215615.0,4.0,"Nothing to complain about, but nothing exceptional.",Delivery,Neutral,2024-09-16
9343709.0,5678676134.0,76917159.0,4.0,"Delivery was fine, but the product could be better.",Delivery,Neutral,2024-09-21
1083982.0,5045588926.0,67092149.0,5.0,Items were in perfect condition.,Product Quality,Positive,2023-07-04
8458335.0,1677502866.0,24644542.0,2.0,Product was damaged during delivery.,Product Quality,Negative,2024-01-18
2913652.0,4777610024.0,81808190.0,5.0,Highly recommended!,App Experience,Positive,2024-05-25
1425264.0,477350788.0,3638834.0,4.0,"Excellent quality, will buy again!",Customer Service,Positive,2023-10-12
4789313.0,4616699342.0,11446157.0,4.0,"Nothing to complain about, but nothing exceptional.",App Experience,Neutral,2023-04-16
6897186.0,8849914077.0,32527479.0,4.0,"Delivery was fine, but the product could be better.",Delivery,Neutral,2024-01-30
8795566.0,9183435457.0,25722990.0,3.0,The order was incorrect.,Customer Service,Negative,2024-10-22
1790467.0,6922646336.0,92416428.0,4.0,Good selection of products.,App Experience,Positive,2023-06-24
5112150.0,3228806806.0,70543108.0,1.0,Very disappointed with the quality.,Product Quality,Negative,2023-06-29
2751709.0,4893095476.0,21409946.0,4.0,"Delivery was fine, but the product could be better.",Product Quality,Neutral,2024-10-04
3005599.0,7773468233.0,22210238.0,3.0,"Nothing to complain about, but nothing exceptional.",Product Quality,Neutral,2023-10-05
3939292.0,5928657526.0,22076522.0,3.0,Delivery was late and I was unhappy.,App Experience,Negative,2023-10-14
4480394.0,4435936422.0,47206881.0,4.0,Good selection of products.,Customer Service,Positive,2023-12-01
2566002.0,6031122324.0,28603182.0,1.0,Customer service was not helpful.,Customer Service,Negative,2024-06-25
2014440.0,7286969496.0,75913572.0,5.0,Very happy with the service!,App Experience,Positive,2023-06-21
5023875.0,4665508413.0,77035814.0,4.0,Will definitely order again.,Delivery,Positive,2023-11-02
3915365.0,9224598372.0,50015282.0,5.0,Highly recommended!,Delivery,Positive,2024-03-31
1899061.0,842020543.0,99231937.0,4.0,The product met my expectations.,Product Quality,Neutral,2024-08-14
1516907.0,7237143327.0,96253172.0,3.0,"Delivery was fine, but the product could be better.",Product Quality,Neutral,2023-06-09
5985753.0,5095141954.0,1469696.0,1.0,Taste was not as expected.,Product Quality,Negative,2023-08-05
3045217.0,6229535077.0,77869660.0,2.0,Not worth the price I paid.,Customer Service,Negative,2024-04-01
1757691.0,2984879441.0,16379942.0,3.0,"Delivery was fine, but the product could be better.",Product Quality,Neutral,2024-04-22
7612535.0,785895477.0,11389698.0,4.0,"Average experience, could improve.",Product Quality,Neutral,2023-03-19
1919455.0,6220343481.0,79895967.0,4.0,Highly recommended!,App Experience,Positive,2023-06-02
9757714.0,5897343054.0,52815265.0,3.0,The product met my expectations.,Customer Service,Neutral,2023-03-21
4344466.0,60465.0,15808945.0,4.0,The product met my expectations.,Product Quality,Neutral,2024-10-23
3533710.0,2245476104.0,8628482.0,5.0,Will definitely order again.,App Experience,Positive,2023-06-01
5974172.0,6347292505.0,83597876.0,4.0,"Average experience, could improve.",Customer Service,Neutral,2024-06-24
1872177.0,8321900643.0,1655637.0,4.0,Customer service was very helpful.,Product Quality,Positive,2023-10-31
8019607.0,9639033064.0,20314691.0,4.0,Customer service was very helpful.,Product Quality,Positive,2024-08-15
3352610.0,2748368258.0,92404798.0,4.0,Very fresh and well-packaged.,Product Quality,Positive,2023-08-04
6463680.0,1444371693.0,9274874.0,4.0,Good selection of products.,Customer Service,Positive,2023-05-06
3004769.0,7111342746.0,35459748.0,4.0,"It was okay, nothing special.",App Experience,Neutral,2024-10-19
3961292.0,9457576236.0,80800079.0,3.0,"Delivery was fine, but the product could be better.",Customer Service,Neutral,2023-11-29
3142549.0,4167252733.0,70589930.0,1.0,Delivery was late and I was unhappy.,Delivery,Negative,2023-11-27
3620788.0,4304875010.0,89995124.0,4.0,Will definitely order again.,Product Quality,Positive,2024-01-27
263845.0,4870910859.0,88532418.0,5.0,Very happy with the service!,Product Quality,Positive,2023-07-04
2306581.0,3674118222.0,32868927.0,4.0,Will definitely order again.,Customer Service,Positive,2024-07-25
9318489.0,38408517.0,39674723.0,3.0,"It was okay, nothing special.",Customer Service,Neutral,2023-11-26
7919112.0,3081609596.0,7076456.0,1.0,Very disappointed with the quality.,Customer Service,Negative,2023-04-09
8817684.0,1390229631.0,67952740.0,5.0,"Excellent quality, will buy again!",Customer Service,Positive,2023-08-07
8346180.0,7498092418.0,50968312.0,2.0,Very disappointed with the quality.,App Experience,Negative,2023-10-12
2243553.0,3334055527.0,79298972.0,4.0,Items were in perfect condition.,App Experience,Positive,2023-04-18
9105154.0,8729426842.0,37904682.0,4.0,"Nothing to complain about, but nothing exceptional.",Product Quality,Neutral,2023-06-07
3559125.0,1722808791.0,51014003.0,2.0,Items were missing from my order.,Customer Service,Negative,2023-05-16
16923.0,9775070757.0,55042740.0,4.0,Will definitely order again.,Product Quality,Positive,2024-03-15
330892.0,4737779056.0,43980719.0,5.0,Very happy with the service!,Delivery,Positive,2024-08-09
4614205.0,2047483376.0,11493380.0,3.0,Product was damaged during delivery.,Delivery,Negative,2023-10-15
4276956.0,4758632331.0,34853377.0,4.0,Very happy with the service!,App Experience,Positive,2023-09-06
9496117.0,4741574337.0,40841791.0,4.0,"Overall good experience, thank you!",Customer Service,Positive,2024-02-09
142997.0,5805120939.0,12277039.0,5.0,"Excellent quality, will buy again!",Customer Service,Positive,2024-07-10
3138657.0,7550508.0,93127511.0,5.0,Items were in perfect condition.,Delivery,Positive,2023-10-20
4847758.0,1966056265.0,63802820.0,3.0,Taste was not as expected.,Product Quality,Negative,2024-08-11
2656395.0,6363072906.0,29095552.0,4.0,"It was okay, nothing special.",Product Quality,Neutral,2024-07-08
265156.0,7389054351.0,25585013.0,5.0,Very happy with the service!,Customer Service,Positive,2023-12-22
6014791.0,7146572423.0,80954112.0,1.0,I had a bad experience.,Product Quality,Negative,2023-06-01
8850683.0,4590810848.0,20298398.0,2.0,I had a bad experience.,App Experience,Negative,2023-05-24
1452552.0,9226364404.0,29858395.0,4.0,"Delivery was fine, but the product could be better.",Delivery,Neutral,2023-11-23
6655277.0,6687792641.0,93924203.0,5.0,Highly recommended!,App Experience,Positive,2024-05-20
9712922.0,5183577434.0,2134827.0,1.0,Not worth the price I paid.,Customer Service,Negative,2024-01-03
6383340.0,7440785414.0,72132838.0,5.0,Good selection of products.,App Experience,Positive,2023-11-01
5779371.0,7932057095.0,73363613.0,4.0,"Nothing to complain about, but nothing exceptional.",Product Quality,Neutral,2023-09-20
3088210.0,6126906924.0,33675108.0,5.0,Very happy with the service!,Product Quality,Positive,2023-12-01
4267888.0,8997788831.0,72495274.0,1.0,The packaging was poor.,Delivery,Negative,2023-03-23
7138726.0,3480516243.0,23567263.0,4.0,Highly recommended!,Product Quality,Positive,2024-08-06
5257765.0,1234692850.0,76971644.0,5.0,Great prices and fast delivery!,App Experience,Positive,2024-03-19
1456324.0,4954911880.0,82359623.0,4.0,The product met my expectations.,Customer Service,Neutral,2023-04-09
4712295.0,504060154.0,55060796.0,3.0,Product was damaged during delivery.,Product Quality,Negative,2023-07-18
3029243.0,8723752267.0,13494314.0,2.0,Very disappointed with the quality.,Delivery,Negative,2024-07-09
9918278.0,5724116944.0,93938425.0,4.0,"Average experience, could improve.",Customer Service,Neutral,2024-06-20
7390259.0,8161349145.0,19080489.0,3.0,Product was damaged during delivery.,Customer Service,Negative,2024-03-12
364879.0,2985254380.0,73377004.0,1.0,Product was damaged during delivery.,Product Quality,Negative,2023-11-04
9365010.0,9837170359.0,42723554.0,5.0,Will definitely order again.,Customer Service,Positive,2023-04-12
5595938.0,3915323515.0,32987624.0,3.0,"Average experience, could improve.",Customer Service,Neutral,2024-09-11
7470294.0,8829163586.0,11387110.0,1.0,Taste was not as expected.,Product Quality,Negative,2024-01-16
4767092.0,961526405.0,63083547.0,4.0,"Delivery was fine, but the product could be better.",App Experience,Neutral,2024-10-10
2440958.0,5792721465.0,49617892.0,1.0,I had a bad experience.,Delivery,Negative,2024-10-18
2249584.0,8094117960.0,95018817.0,4.0,Very happy with the service!,Delivery,Positive,2023-04-04
8008163.0,9318325652.0,89986926.0,3.0,"Average experience, could improve.",Customer Service,Neutral,2024-04-12
6171781.0,852676412.0,65570302.0,4.0,"Excellent quality, will buy again!",App Experience,Positive,2024-08-11
2840947.0,6487883093.0,37309023.0,3.0,"Average experience, could improve.",Product Quality,Neutral,2024-10-19
6067366.0,5398965602.0,99412119.0,3.0,The packaging was poor.,App Experience,Negative,2024-06-09
1866592.0,6149664144.0,52678787.0,3.0,"Delivery was fine, but the product could be better.",App Experience,Neutral,2024-10-21
8194534.0,6231586256.0,12755730.0,2.0,Customer service was not helpful.,Customer Service,Negative,2023-05-03
2002448.0,4598622116.0,85518832.0,2.0,Customer service was not helpful.,Product Quality,Negative,2024-03-19
9370393.0,8971796779.0,21786873.0,3.0,"Delivery was fine, but the product could be better.",Delivery,Neutral,2024-07-03
7099942.0,2148246883.0,93563435.0,3.0,Not worth the price I paid.,Product Quality,Negative,2023-09-21
9066926.0,4357632507.0,6150721.0,1.0,I had a bad experience.,Customer Service,Negative,2024-09-13
7223334.0,3323576462.0,20163931.0,4.0,Very fresh and well-packaged.,App Experience,Positive,2023-12-10
3711361.0,4220834107.0,74682740.0,5.0,Will definitely order again.,Product Quality,Positive,2023-09-29
2759035.0,4409513224.0,12814732.0,2.0,Very disappointed with the quality.,App Experience,Negative,2024-10-26
7031350.0,5610159677.0,90184276.0,5.0,Good selection of products.,Delivery,Positive,2023-08-31
9979278.0,6259219127.0,21577948.0,3.0,Not worth the price I paid.,Product Quality,Negative,2023-05-12
4476377.0,5628497118.0,50229203.0,4.0,"It was okay, nothing special.",App Experience,Neutral,2024-10-24
3229379.0,1508576390.0,81541985.0,4.0,The product met my expectations.,App Experience,Neutral,2023-07-27
2676559.0,5922953060.0,96628029.0,5.0,Very fresh and well-packaged.,Product Quality,Positive,2024-09-13
8149792.0,5130838561.0,10524732.0,4.0,"Average experience, could improve.",Delivery,Neutral,2023-07-26
4210815.0,3217749279.0,40643232.0,1.0,Very disappointed with the quality.,Customer Service,Negative,2023-09-29
4265897.0,9279422297.0,15043066.0,4.0,The product met my expectations.,Product Quality,Neutral,2023-04-07
5483280.0,222955546.0,51661209.0,1.0,Customer service was not helpful.,App Experience,Negative,2023-09-27
3663130.0,8290493339.0,69340015.0,1.0,I had a bad experience.,App Experience,Negative,2024-01-29
7678119.0,6418952352.0,34381941.0,4.0,"Excellent quality, will buy again!",Delivery,Positive,2023-08-31
4005842.0,8978231928.0,73799927.0,4.0,Great prices and fast delivery!,App Experience,Positive,2024-10-30
6594277.0,3746306403.0,47625855.0,4.0,Items were in perfect condition.,Product Quality,Positive,2023-07-03
1570085.0,3157198428.0,61753272.0,4.0,"Average experience, could improve.",App Experience,Neutral,2024-10-30
4779387.0,981939883.0,51119088.0,3.0,Not worth the price I paid.,Product Quality,Negative,2023-05-03
8639376.0,6569836274.0,5228136.0,4.0,The product met my expectations.,Customer Service,Neutral,2024-06-24
5915648.0,5695124358.0,90144978.0,5.0,Good selection of products.,App Experience,Positive,2024-05-16
3743726.0,773335066.0,26935187.0,4.0,Items were in perfect condition.,App Experience,Positive,2023-07-24
9138721.0,3618712852.0,27049432.0,3.0,The product met my expectations.,Customer Service,Neutral,2023-10-14
982797.0,6009732867.0,6982488.0,4.0,"It was okay, nothing special.",App Experience,Neutral,2024-08-02
656832.0,7269785858.0,47939657.0,4.0,"Nothing to complain about, but nothing exceptional.",Product Quality,Neutral,2024-08-04
686445.0,5798831066.0,42102289.0,4.0,"It was okay, nothing special.",Customer Service,Neutral,2024-04-16
9422113.0,5330654120.0,90299101.0,4.0,The product met my expectations.,Product Quality,Neutral,2024-11-03
4873604.0,462189338.0,34755436.0,4.0,Will definitely order again.,Product Quality,Positive,2023-09-04
6555494.0,7536187765.0,19091057.0,4.0,"Delivery was fine, but the product could be better.",Product Quality,Neutral,2024-04-15
4463877.0,9938820107.0,27304727.0,4.0,"Nothing to complain about, but nothing exceptional.",Delivery,Neutral,2023-11-07
2738650.0,9410751894.0,44859592.0,4.0,The product met my expectations.,Product Quality,Neutral,2024-07-25
4341712.0,9172888683.0,71956734.0,1.0,The order was incorrect.,App Experience,Negative,2024-06-18
756153.0,8018695018.0,68419593.0,4.0,"Excellent quality, will buy again!",Delivery,Positive,2023-05-04
5387189.0,7456610316.0,74231111.0,2.0,Items were missing from my order.,Customer Service,Negative,2024-07-03
1364832.0,5627902734.0,69415494.0,4.0,The product met my expectations.,App Experience,Neutral,2023-03-16
1540943.0,5189768940.0,50045027.0,4.0,"Average experience, could improve.",App Experience,Neutral,2023-10-05
3383383.0,173709007.0,43034188.0,3.0,The product met my expectations.,Product Quality,Neutral,2023-10-09
9435263.0,1485229334.0,17132416.0,2.0,Delivery was late and I was unhappy.,Product Quality,Negative,2023-07-19
4820453.0,9334479603.0,49147776.0,3.0,Delivery was late and I was unhappy.,Product Quality,Negative,2023-04-16
3294952.0,8674211510.0,10562528.0,3.0,The product met my expectations.,Customer Service,Neutral,2023-09-01
9405496.0,390257855.0,5228136.0,3.0,"Average experience, could improve.",Customer Service,Neutral,2023-04-22
4202428.0,6642374542.0,32019725.0,5.0,Great prices and fast delivery!,Customer Service,Positive,2024-08-30
8775819.0,6585999443.0,93730857.0,3.0,Delivery was late and I was unhappy.,Delivery,Negative,2023-06-10
8494396.0,622705569.0,93723634.0,5.0,Great prices and fast delivery!,Customer Service,Positive,2024-07-07
66658.0,1635083835.0,79135318.0,2.0,Delivery was late and I was unhappy.,Product Quality,Negative,2023-09-27
5852690.0,7359512417.0,96511007.0,3.0,Very disappointed with the quality.,App Experience,Negative,2024-08-30
1774624.0,9237698013.0,79895967.0,1.0,Not worth the price I paid.,Product Quality,Negative,2024-08-15
4435315.0,3492935177.0,3660263.0,5.0,Very fresh and well-packaged.,Customer Service,Positive,2024-03-24
7249025.0,4324086468.0,68486301.0,1.0,The order was incorrect.,Customer Service,Negative,2024-02-25
8477173.0,9171218505.0,89968482.0,2.0,The packaging was poor.,Delivery,Negative,2024-05-31
7178089.0,5068157547.0,46741896.0,1.0,Product was damaged during delivery.,Delivery,Negative,2023-10-10
5469312.0,8558710948.0,70459847.0,5.0,Items were in perfect condition.,Product Quality,Positive,2024-06-21
279599.0,3184669775.0,71643758.0,4.0,"Average experience, could improve.",Product Quality,Neutral,2024-05-13
8292239.0,7079324691.0,38902193.0,4.0,Items were in perfect condition.,Product Quality,Positive,2023-04-04
3033136.0,4210311922.0,56195475.0,4.0,Great prices and fast delivery!,Product Quality,Positive,2023-05-17
3992498.0,7660037070.0,82585664.0,3.0,"Delivery was fine, but the product could be better.",App Experience,Neutral,2024-02-16
6281860.0,9410025634.0,59643062.0,3.0,Customer service was not helpful.,Delivery,Negative,2024-01-28
9827150.0,6798589010.0,18035010.0,4.0,"Excellent quality, will buy again!",Customer Service,Positive,2023-09-27
5417463.0,5401466202.0,12305040.0,4.0,Will definitely order again.,Product Quality,Positive,2024-09-26
3977347.0,9102648124.0,81533356.0,4.0,"Average experience, could improve.",Delivery,Neutral,2024-01-06
9447774.0,1969956670.0,32203588.0,5.0,Very happy with the service!,Customer Service,Positive,2024-10-24
202063.0,1194228460.0,61516967.0,5.0,Highly recommended!,Customer Service,Positive,2024-03-11
5606625.0,9628463148.0,12814732.0,5.0,"Excellent quality, will buy again!",Product Quality,Positive,2024-08-25
7619898.0,7745364283.0,25585013.0,4.0,"Average experience, could improve.",App Experience,Neutral,2023-06-18
8608395.0,9892343037.0,55472026.0,1.0,Not worth the price I paid.,App Experience,Negative,2024-07-31
377799.0,1588828749.0,11540364.0,3.0,Taste was not as expected.,Customer Service,Negative,2023-11-17
5215859.0,4037647778.0,63802820.0,4.0,Very happy with the service!,Customer Service,Positive,2023-03-17
7828080.0,6664301655.0,57474553.0,1.0,The order was incorrect.,Product Quality,Negative,2023-07-31
2912120.0,7096225581.0,6319646.0,4.0,The product met my expectations.,Customer Service,Neutral,2024-06-27
141849.0,79029185.0,39645619.0,2.0,Product was damaged during delivery.,App Experience,Negative,2024-06-06
6048344.0,7831967187.0,81528623.0,4.0,Items were in perfect condition.,Delivery,Positive,2023-06-06
8567193.0,482214790.0,31156674.0,4.0,The product met my expectations.,Customer Service,Neutral,2023-04-10
5889075.0,5931307224.0,2361575.0,3.0,"It was okay, nothing special.",App Experience,Neutral,2023-11-27
7153564.0,6410432854.0,28995786.0,4.0,"Delivery was fine, but the product could be better.",Customer Service,Neutral,2023-11-23
5791997.0,6124624375.0,26844216.0,4.0,The product met my expectations.,Delivery,Neutral,2024-09-12
6151959.0,8992870838.0,46504355.0,3.0,"It was okay, nothing special.",App Experience,Neutral,2023-09-17
7592490.0,8377146126.0,33331259.0,5.0,Highly recommended!,Customer Service,Positive,2024-02-27
5013175.0,7852428533.0,9246851.0,4.0,Highly recommended!,Product Quality,Positive,2023-06-05
2853591.0,9258876870.0,26303194.0,3.0,Very disappointed with the quality.,Delivery,Negative,2024-03-14
5924590.0,6810940082.0,84953008.0,4.0,"It was okay, nothing special.",Customer Service,Neutral,2023-11-02
9803651.0,3330538479.0,98246574.0,2.0,Items were missing from my order.,Delivery,Negative,2024-01-23
5059034.0,7270469981.0,22210238.0,2.0,Customer service was not helpful.,App Experience,Negative,2023-07-28
70270.0,5636241570.0,94281220.0,1.0,Not worth the price I paid.,Product Quality,Negative,2024-06-21
5954202.0,4467471002.0,74179536.0,5.0,Items were in perfect condition.,Customer Service,Positive,2023-11-27
142652.0,6201821502.0,45166203.0,4.0,"Overall good experience, thank you!",Product Quality,Positive,2024-05-03
3713340.0,6144140039.0,66233704.0,4.0,"Average experience, could improve.",Delivery,Neutral,2024-03-22
2667509.0,3310749597.0,95372766.0,5.0,Very fresh and well-packaged.,Delivery,Positive,2023-07-05
4551114.0,5085488484.0,67215939.0,2.0,Customer service was not helpful.,Customer Service,Negative,2023-12-09
3853096.0,587498345.0,69863493.0,1.0,Not worth the price I paid.,Delivery,Negative,2024-06-28
9834259.0,5136205193.0,82804543.0,1.0,Product was damaged during delivery.,Customer Service,Negative,2023-08-22
3577097.0,9321319130.0,48943848.0,4.0,Very happy with the service!,Delivery,Positive,2023-12-31
719655.0,9113393578.0,82359623.0,3.0,The product met my expectations.,Customer Service,Neutral,2023-12-09
7530168.0,3860678807.0,65488134.0,3.0,Taste was not as expected.,Product Quality,Negative,2023-04-19
7380675.0,3603683788.0,31026200.0,2.0,Not worth the price I paid.,App Experience,Negative,2023-08-18
7811951.0,4472082279.0,41181125.0,1.0,Very disappointed with the quality.,Customer Service,Negative,2023-10-15
5026119.0,4104732514.0,35156679.0,2.0,Very disappointed with the quality.,Delivery,Negative,2024-06-13
4561073.0,9050314096.0,75510747.0,4.0,The product met my expectations.,Delivery,Neutral,2023-05-26
3872293.0,9296105870.0,77614510.0,5.0,Very happy with the service!,App Experience,Positive,2024-02-21
8563881.0,4678456188.0,21701991.0,4.0,"Average experience, could improve.",Product Quality,Neutral,2023-12-12
3130596.0,812386333.0,72605638.0,1.0,Not worth the price I paid.,Customer Service,Negative,2024-09-18
7843030.0,8100314462.0,15345667.0,4.0,Very happy with the service!,App Experience,Positive,2024-02-10
1901103.0,781509952.0,41878908.0,4.0,Very fresh and well-packaged.,Product Quality,Positive,2023-04-02
1658451.0,1918416669.0,99695529.0,4.0,"Delivery was fine, but the product could be better.",Product Quality,Neutral,2023-05-08
8298665.0,1152165724.0,90448312.0,4.0,"Delivery was fine, but the product could be better.",Customer Service,Neutral,2024-01-04
8638304.0,9664390656.0,16420489.0,1.0,Delivery was late and I was unhappy.,Product Quality,Negative,2023-08-09
5156455.0,2686950796.0,22081691.0,3.0,The order was incorrect.,Product Quality,Negative,2023-05-15
2116433.0,7332801173.0,89472859.0,4.0,"It was okay, nothing special.",Delivery,Neutral,2023-06-12
389061.0,3503438244.0,24745800.0,2.0,Very disappointed with the quality.,App Experience,Negative,2024-02-14
5368561.0,4044591373.0,65782437.0,4.0,"It was okay, nothing special.",Product Quality,Neutral,2024-04-19
7366021.0,7817195618.0,40703374.0,4.0,Very fresh and well-packaged.,App Experience,Positive,2023-05-17
5745866.0,8974710941.0,96109948.0,5.0,Will definitely order again.,Delivery,Positive,2024-09-03
9229673.0,2811268404.0,98691989.0,4.0,"Excellent quality, will buy again!",App Experience,Positive,2023-07-21
5527888.0,7251548462.0,8955057.0,3.0,"Nothing to complain about, but nothing exceptional.",Product Quality,Neutral,2024-07-07
4375030.0,352037003.0,47955004.0,3.0,Customer service was not helpful.,Customer Service,Negative,2024-01-28
1368414.0,8510312737.0,89361574.0,4.0,Customer service was very helpful.,App Experience,Positive,2024-03-06
8551149.0,3242700095.0,84468124.0,1.0,Taste was not as expected.,Customer Service,Negative,2024-10-14
6020689.0,5833898647.0,18256339.0,4.0,"Average experience, could improve.",Product Quality,Neutral,2023-10-09
7972447.0,7212771842.0,80315623.0,4.0,The product met my expectations.,App Experience,Neutral,2023-04-29
7921775.0,7799757050.0,19556566.0,3.0,The packaging was poor.,Product Quality,Negative,2024-05-31
468811.0,9593303695.0,22054087.0,3.0,"Nothing to complain about, but nothing exceptional.",Product Quality,Neutral,2023-07-05
9627690.0,7709693536.0,59353207.0,5.0,Items were in perfect condition.,Product Quality,Positive,2023-09-05
6398538.0,5092922964.0,92123198.0,3.0,"It was okay, nothing special.",Customer Service,Neutral,2023-11-22
8655854.0,8318806722.0,67696145.0,1.0,The packaging was poor.,Delivery,Negative,2024-07-25
7089200.0,4352870279.0,60620291.0,4.0,"Average experience, could improve.",App Experience,Neutral,2024-07-23
4151824.0,6722040962.0,83412446.0,4.0,Will definitely order again.,Product Quality,Positive,2023-11-14
3496086.0,1690831615.0,20625627.0,4.0,Items were in perfect condition.,Product Quality,Positive,2023-05-25
9644547.0,6475689021.0,16341776.0,3.0,Delivery was late and I was unhappy.,Product Quality,Negative,2023-05-20
4666307.0,8361280131.0,28280172.0,5.0,Highly recommended!,App Experience,Positive,2024-09-21
4612938.0,2664549359.0,90586443.0,4.0,The product met my expectations.,App Experience,Neutral,2024-06-17
4641545.0,9510912773.0,9274874.0,4.0,"It was okay, nothing special.",Delivery,Neutral,2023-05-07
3524865.0,3654462337.0,35826539.0,3.0,"Nothing to complain about, but nothing exceptional.",Customer Service,Neutral,2023-09-23
4001289.0,2308652017.0,54877984.0,3.0,"Delivery was fine, but the product could be better.",Product Quality,Neutral,2023-08-08
2023749.0,8300200841.0,58214883.0,5.0,"Excellent quality, will buy again!",Delivery,Positive,2024-03-15
692930.0,5027243163.0,85072416.0,4.0,Great prices and fast delivery!,Customer Service,Positive,2024-03-19
3700214.0,713290065.0,42227189.0,3.0,The product met my expectations.,Product Quality,Neutral,2023-11-05
6873205.0,2006434350.0,20956158.0,1.0,The order was incorrect.,Customer Service,Negative,2023-06-24
2801282.0,6587221270.0,20496835.0,4.0,"Delivery was fine, but the product could be better.",Customer Service,Neutral,2023-12-23
2922682.0,969705468.0,25447967.0,3.0,"Average experience, could improve.",Customer Service,Neutral,2024-01-06
9254576.0,4492000627.0,63262519.0,2.0,Not worth the price I paid.,Delivery,Negative,2023-05-30
9500538.0,977290328.0,14428954.0,4.0,Items were in perfect condition.,App Experience,Positive,2023-12-14
6167610.0,8735245723.0,33331259.0,3.0,The packaging was poor.,Delivery,Negative,2023-07-04
8006370.0,6299539090.0,80796977.0,3.0,"Nothing to complain about, but nothing exceptional.",Product Quality,Neutral,2024-08-30
6053522.0,2177211652.0,15808945.0,4.0,Will definitely order again.,Customer Service,Positive,2023-06-29
1785493.0,8972569491.0,72366758.0,5.0,"Excellent quality, will buy again!",Product Quality,Positive,2023-11-26
464677.0,7658414712.0,54216497.0,4.0,Will definitely order again.,Product Quality,Positive,2023-09-14
1918439.0,2069355540.0,98540377.0,3.0,The product met my expectations.,Delivery,Neutral,2024-07-27
8802412.0,4084790776.0,75674671.0,4.0,"Overall good experience, thank you!",Customer Service,Positive,2024-09-09
5176427.0,8716008121.0,38613642.0,5.0,Will definitely order again.,Customer Service,Positive,2023-12-21
1239498.0,9781965606.0,8164639.0,4.0,"It was okay, nothing special.",Delivery,Neutral,2023-07-12
7800873.0,8380133046.0,40392019.0,5.0,Customer service was very helpful.,Customer Service,Positive,2024-02-05
6796400.0,691827543.0,6637282.0,4.0,The product met my expectations.,Delivery,Neutral,2023-04-15
354518.0,5750245858.0,41146001.0,3.0,"Nothing to complain about, but nothing exceptional.",App Experience,Neutral,2023-04-07
5554126.0,1578150657.0,32054313.0,2.0,The order was incorrect.,Delivery,Negative,2024-10-16
3128991.0,9069556587.0,41811800.0,3.0,Delivery was late and I was unhappy.,Customer Service,Negative,2024-02-29
9903239.0,8396347551.0,36737539.0,4.0,"It was okay, nothing special.",App Experience,Neutral,2023-09-30
370245.0,6083487488.0,11143197.0,5.0,"Excellent quality, will buy again!",Delivery,Positive,2024-03-11
1546968.0,3191281184.0,67538982.0,3.0,"Delivery was fine, but the product could be better.",Delivery,Neutral,2023-07-01
9781923.0,6397409024.0,12059049.0,2.0,The packaging was poor.,App Experience,Negative,2024-01-03
8630714.0,9021529086.0,12272282.0,5.0,Customer service was very helpful.,Delivery,Positive,2024-03-16
504583.0,8214544415.0,56780331.0,4.0,Customer service was very helpful.,App Experience,Positive,2023-12-28
8466799.0,8569302709.0,7378768.0,3.0,"Nothing to complain about, but nothing exceptional.",Delivery,Neutral,2023-10-07
3041233.0,2219192870.0,41155125.0,3.0,"It was okay, nothing special.",App Experience,Neutral,2024-01-18
6743481.0,8537081061.0,57956497.0,2.0,Delivery was late and I was unhappy.,App Experience,Negative,2023-08-16
3148056.0,9284683425.0,30755306.0,3.0,"Nothing to complain about, but nothing exceptional.",Product Quality,Neutral,2024-05-16
4099835.0,9774193601.0,19523014.0,4.0,"Overall good experience, thank you!",Customer Service,Positive,2023-05-30
5037560.0,7496826261.0,21658322.0,4.0,"Average experience, could improve.",Customer Service,Neutral,2023-11-17
4292385.0,1058749075.0,51592174.0,4.0,Will definitely order again.,Delivery,Positive,2023-08-26
2753841.0,7128038799.0,6724509.0,3.0,"Delivery was fine, but the product could be better.",Product Quality,Neutral,2024-03-10
7657807.0,3596318350.0,59398136.0,3.0,The product met my expectations.,Customer Service,Neutral,2024-10-13
3303179.0,3187042843.0,8651281.0,1.0,Delivery was late and I was unhappy.,Product Quality,Negative,2024-01-01
9863955.0,4673500573.0,59620534.0,4.0,"Nothing to complain about, but nothing exceptional.",App Experience,Neutral,2023-10-15
7174582.0,881900445.0,34567918.0,1.0,Taste was not as expected.,Customer Service,Negative,2024-08-06
3361006.0,9874112459.0,12799092.0,4.0,"Delivery was fine, but the product could be better.",Delivery,Neutral,2024-09-26
1916401.0,4531430634.0,32585389.0,4.0,Highly recommended!,App Experience,Positive,2023-05-17
6334835.0,6715699166.0,76987910.0,4.0,"Delivery was fine, but the product could be better.",Customer Service,Neutral,2023-08-01
594056.0,4171748538.0,63083547.0,3.0,The product met my expectations.,App Experience,Neutral,2023-07-06
9923099.0,4093115982.0,10508763.0,3.0,Customer service was not helpful.,Delivery,Negative,2023-05-24
1115275.0,2515279840.0,21573815.0,2.0,Customer service was not helpful.,Customer Service,Negative,2023-12-24
6514172.0,4981424948.0,79628054.0,4.0,Items were in perfect condition.,App Experience,Positive,2024-10-13
300180.0,1911064507.0,40055711.0,2.0,The packaging was poor.,App Experience,Negative,2024-02-27
9205336.0,6438392384.0,29562072.0,5.0,Customer service was very helpful.,Delivery,Positive,2024-09-14
6844442.0,5859840400.0,5754255.0,2.0,Delivery was late and I was unhappy.,Product Quality,Negative,2023-10-21
1911500.0,7640576778.0,83236183.0,2.0,Product was damaged during delivery.,Product Quality,Negative,2024-02-13
8415630.0,5453475937.0,1719710.0,2.0,Delivery was late and I was unhappy.,App Experience,Negative,2023-09-18
8056248.0,653610300.0,78394303.0,5.0,Very fresh and well-packaged.,Product Quality,Positive,2023-04-24
4063738.0,730299055.0,16400639.0,5.0,"Overall good experience, thank you!",Delivery,Positive,2024-10-21
1291061.0,8396250231.0,46088132.0,3.0,"Nothing to complain about, but nothing exceptional.",App Experience,Neutral,2024-02-26
1731468.0,8556969682.0,48228547.0,3.0,The product met my expectations.,Delivery,Neutral,2023-05-21
1138089.0,7159670875.0,37691544.0,3.0,Very disappointed with the quality.,Product Quality,Negative,2024-06-22
4648412.0,4922278509.0,76533277.0,2.0,Product was damaged during delivery.,Delivery,Negative,2023-05-31
3659354.0,8151274002.0,91550885.0,4.0,"Excellent quality, will buy again!",Customer Service,Positive,2024-06-15
9976933.0,5373978100.0,82179338.0,3.0,The product met my expectations.,Product Quality,Neutral,2024-01-16
448415.0,6210207010.0,1601161.0,3.0,Not worth the price I paid.,App Experience,Negative,2023-06-27
8117237.0,1837403174.0,84993732.0,4.0,Very fresh and well-packaged.,Delivery,Positive,2023-05-03
8075991.0,1148265823.0,21809858.0,2.0,Not worth the price I paid.,Product Quality,Negative,2024-10-29
9421301.0,8472487149.0,74761384.0,2.0,Not worth the price I paid.,Product Quality,Negative,2024-02-12
6447756.0,9111535172.0,9274874.0,2.0,Delivery was late and I was unhappy.,Delivery,Negative,2024-05-08
5072671.0,6558001978.0,88520326.0,3.0,Taste was not as expected.,Product Quality,Negative,2024-02-19
4685732.0,2762095386.0,84066402.0,4.0,The product met my expectations.,Customer Service,Neutral,2024-08-11
7056145.0,2406325099.0,31718565.0,3.0,Not worth the price I paid.,Product Quality,Negative,2023-11-13
213014.0,4274182127.0,22020776.0,2.0,The packaging was poor.,Customer Service,Negative,2024-09-26
1258811.0,7271609994.0,11616535.0,4.0,"Average experience, could improve.",Product Quality,Neutral,2023-04-25
159506.0,9182539734.0,66359719.0,4.0,Will definitely order again.,App Experience,Positive,2023-07-06
3252378.0,7891517071.0,78412820.0,3.0,I had a bad experience.,Customer Service,Negative,2024-01-31
366447.0,3666182849.0,63793401.0,2.0,The order was incorrect.,App Experience,Negative,2024-11-03
6505330.0,8724590445.0,10729474.0,5.0,Great prices and fast delivery!,Delivery,Positive,2023-06-02
8235376.0,7919863938.0,4378755.0,3.0,"It was okay, nothing special.",Delivery,Neutral,2024-08-29
6827705.0,3545539999.0,49449238.0,2.0,The packaging was poor.,Delivery,Negative,2024-01-08
4991618.0,7463392603.0,46684081.0,3.0,"Delivery was fine, but the product could be better.",Delivery,Neutral,2024-02-11
3704966.0,7296733293.0,86715467.0,2.0,The packaging was poor.,Delivery,Negative,2024-02-09
1237573.0,7118924734.0,66310963.0,3.0,Delivery was late and I was unhappy.,Product Quality,Negative,2023-10-10
2527674.0,2529809156.0,71905368.0,5.0,"Excellent quality, will buy again!",Customer Service,Positive,2024-05-21
9973525.0,2216699744.0,5540556.0,4.0,"Average experience, could improve.",Product Quality,Neutral,2024-06-14
8129369.0,8257221712.0,5277675.0,5.0,Very fresh and well-packaged.,Product Quality,Positive,2023-10-07
3962544.0,1357352531.0,9246851.0,4.0,"Average experience, could improve.",App Experience,Neutral,2023-06-07
6722799.0,2108138590.0,67918495.0,4.0,Customer service was very helpful.,App Experience,Positive,2023-11-08
34461.0,5648212121.0,37633848.0,5.0,Very fresh and well-packaged.,Customer Service,Positive,2023-12-28
4859911.0,3951878528.0,28458746.0,1.0,Product was damaged during delivery.,Product Quality,Negative,2023-12-23
9992700.0,8310385249.0,97315135.0,1.0,Delivery was late and I was unhappy.,App Experience,Negative,2023-07-29
690686.0,7513562596.0,88130777.0,4.0,Items were in perfect condition.,App Experience,Positive,2024-07-05
3778250.0,6304586678.0,38496400.0,1.0,The packaging was poor.,Delivery,Negative,2023-09-25
7209678.0,5222812863.0,65294340.0,4.0,"Average experience, could improve.",Product Quality,Neutral,2024-04-11
7388719.0,5393039591.0,40419593.0,5.0,Great prices and fast delivery!,Delivery,Positive,2024-10-04
4160534.0,6708586922.0,91072336.0,3.0,I had a bad experience.,Customer Service,Negative,2024-05-23
7152755.0,3177552965.0,99231937.0,5.0,Will definitely order again.,Delivery,Positive,2024-05-17
9649271.0,607125614.0,55425478.0,4.0,"Nothing to complain about, but nothing exceptional.",Product Quality,Neutral,2024-05-06
742663.0,139417019.0,75566105.0,3.0,"Nothing to complain about, but nothing exceptional.",Product Quality,Neutral,2023-07-09
4662364.0,1893231742.0,51661209.0,4.0,Customer service was very helpful.,Product Quality,Positive,2024-10-19
8255141.0,3580010065.0,95590889.0,4.0,"It was okay, nothing special.",App Experience,Neutral,2023-05-09
4983782.0,962319394.0,44723662.0,4.0,Good selection of products.,Product Quality,Positive,2023-08-22
575544.0,8321726382.0,82918668.0,4.0,"Delivery was fine, but the product could be better.",Delivery,Neutral,2023-04-15
8960609.0,1485682761.0,70363568.0,5.0,"Excellent quality, will buy again!",App Experience,Positive,2023-10-03
5558165.0,5008756947.0,73661993.0,2.0,Items were missing from my order.,Customer Service,Negative,2023-08-26
1048884.0,1334996274.0,11493380.0,5.0,Very happy with the service!,Customer Service,Positive,2023-07-10
7067800.0,2914506024.0,31940833.0,2.0,Not worth the price I paid.,App Experience,Negative,2024-02-27
761117.0,8811831663.0,74682740.0,1.0,Very disappointed with the quality.,Product Quality,Negative,2023-04-11
5244358.0,875427533.0,10686446.0,2.0,I had a bad experience.,Product Quality,Negative,2024-03-27
8137045.0,5865390748.0,30042971.0,4.0,Customer service was very helpful.,Customer Service,Positive,2024-10-01
6435438.0,4054828941.0,99893898.0,4.0,Great prices and fast delivery!,Delivery,Positive,2023-12-15
8875864.0,1257568604.0,9981089.0,3.0,Items were missing from my order.,Customer Service,Negative,2023-09-28
1412833.0,2738862626.0,56572297.0,3.0,Not worth the price I paid.,Product Quality,Negative,2024-01-21
2758940.0,7352532839.0,9738801.0,5.0,Highly recommended!,Customer Service,Positive,2024-02-28
3304191.0,520221662.0,53025962.0,3.0,The product met my expectations.,Customer Service,Neutral,2023-07-20
1712978.0,7818925535.0,45477575.0,1.0,Delivery was late and I was unhappy.,Product Quality,Negative,2023-11-02
8125071.0,3476023750.0,43990799.0,4.0,"Overall good experience, thank you!",Delivery,Positive,2023-06-02
845334.0,8945838922.0,13415362.0,1.0,Taste was not as expected.,Product Quality,Negative,2023-05-22
3701717.0,2233053313.0,15830066.0,3.0,"It was okay, nothing special.",Customer Service,Neutral,2023-10-14
757618.0,1844073851.0,38808614.0,2.0,The order was incorrect.,App Experience,Negative,2024-02-06
4257584.0,8348125769.0,29584848.0,4.0,Very fresh and well-packaged.,Product Quality,Positive,2023-12-08
7052070.0,8475818223.0,12832151.0,3.0,"Average experience, could improve.",App Experience,Neutral,2023-11-16
6870274.0,4270941188.0,47274329.0,2.0,The order was incorrect.,Product Quality,Negative,2024-01-13
3727954.0,2611200126.0,91448742.0,2.0,Very disappointed with the quality.,App Experience,Negative,2024-05-12
3997315.0,8573833987.0,12988801.0,4.0,Highly recommended!,App Experience,Positive,2024-02-11
5337734.0,2979246068.0,61763552.0,3.0,"Average experience, could improve.",Delivery,Neutral,2024-02-23
6363264.0,6779895105.0,64535602.0,5.0,Items were in perfect condition.,Delivery,Positive,2024-09-10
8520319.0,1731478314.0,67215939.0,1.0,Taste was not as expected.,App Experience,Negative,2024-07-30
4262892.0,3692405872.0,41878908.0,3.0,The product met my expectations.,App Experience,Neutral,2023-07-31
3747956.0,8853713324.0,58505903.0,4.0,"Delivery was fine, but the product could be better.",App Experience,Neutral,2023-08-07
7296724.0,979766779.0,57081917.0,1.0,Items were missing from my order.,Product Quality,Negative,2024-04-23
1074209.0,5709672475.0,16543242.0,2.0,Delivery was late and I was unhappy.,Delivery,Negative,2023-08-14
893849.0,3855709201.0,13651980.0,4.0,Customer service was very helpful.,Product Quality,Positive,2024-04-23
4802760.0,6861065282.0,57523973.0,4.0,"It was okay, nothing special.",Customer Service,Neutral,2023-08-18
3009937.0,7919724613.0,81200164.0,4.0,"It was okay, nothing special.",Delivery,Neutral,2023-03-21
9788368.0,7882742057.0,32293017.0,4.0,Will definitely order again.,Delivery,Positive,2024-07-26
5305725.0,1929002406.0,67538982.0,3.0,Customer service was not helpful.,Delivery,Negative,2023-12-25
7451512.0,2458349464.0,99714944.0,2.0,Product was damaged during delivery.,Product Quality,Negative,2023-04-06
9854529.0,6608328221.0,76020843.0,4.0,"Overall good experience, thank you!",Product Quality,Positive,2023-07-04
3346882.0,7736615348.0,84161531.0,1.0,Items were missing from my order.,Product Quality,Negative,2023-12-06
3891353.0,2591738507.0,14705462.0,3.0,"It was okay, nothing special.",Product Quality,Neutral,2024-10-31
9391824.0,6751537971.0,98444183.0,4.0,Great prices and fast delivery!,Customer Service,Positive,2024-07-19
4726161.0,9768154003.0,88045094.0,5.0,Great prices and fast delivery!,Delivery,Positive,2024-01-23
2605479.0,5887288860.0,40587811.0,4.0,"Nothing to complain about, but nothing exceptional.",Delivery,Neutral,2024-03-01
11775.0,3559865135.0,66310963.0,3.0,Not worth the price I paid.,Product Quality,Negative,2024-01-07
3315280.0,209044447.0,2058037.0,4.0,Highly recommended!,Delivery,Positive,2024-10-05
2659782.0,9643668734.0,34835738.0,5.0,Will definitely order again.,Delivery,Positive,2024-05-18
6577644.0,6115465612.0,12338529.0,3.0,The product met my expectations.,App Experience,Neutral,2023-09-28
4754761.0,8493723088.0,20238921.0,3.0,"Average experience, could improve.",App Experience,Neutral,2023-12-30
4599227.0,6392024503.0,75640174.0,4.0,Great prices and fast delivery!,Product Quality,Positive,2023-09-05
9877538.0,9863468109.0,73363613.0,4.0,Items were in perfect condition.,Delivery,Positive,2024-01-28
2263184.0,5448628635.0,21658322.0,4.0,Great prices and fast delivery!,Customer Service,Positive,2023-05-07
1837680.0,3329455953.0,31371112.0,1.0,The order was incorrect.,Delivery,Negative,2024-03-01
6245342.0,3584190892.0,60974181.0,4.0,The product met my expectations.,Product Quality,Neutral,2023-10-17
8788075.0,9097056321.0,16424635.0,5.0,Very fresh and well-packaged.,Product Quality,Positive,2024-04-08
3308874.0,525741957.0,88866835.0,4.0,"Overall good experience, thank you!",Customer Service,Positive,2023-05-03
8957885.0,5387395051.0,37095171.0,3.0,"Average experience, could improve.",Delivery,Neutral,2024-09-18
3914733.0,6799246060.0,6245778.0,1.0,Delivery was late and I was unhappy.,Delivery,Negative,2023-11-06
3661083.0,8986314607.0,11047835.0,4.0,Very happy with the service!,Customer Service,Positive,2024-08-30
6955323.0,1085912198.0,93198324.0,3.0,"Delivery was fine, but the product could be better.",Delivery,Neutral,2023-03-21
7227618.0,3423328091.0,18935489.0,5.0,Very happy with the service!,Customer Service,Positive,2023-09-24
5610048.0,9848366909.0,34281470.0,3.0,Delivery was late and I was unhappy.,App Experience,Negative,2023-11-06
9868870.0,936021770.0,79960955.0,4.0,"Overall good experience, thank you!",Product Quality,Positive,2024-02-02
4636716.0,8916215165.0,49806393.0,5.0,Items were in perfect condition.,App Experience,Positive,2023-08-08
8687194.0,389558867.0,8375298.0,4.0,Good selection of products.,Delivery,Positive,2023-09-12
3369873.0,7616883530.0,16410155.0,4.0,"Delivery was fine, but the product could be better.",Customer Service,Neutral,2023-09-05
420964.0,3851744248.0,61763552.0,4.0,"Average experience, could improve.",Product Quality,Neutral,2023-04-30
928265.0,4953665655.0,14428954.0,2.0,I had a bad experience.,Product Quality,Negative,2024-01-16
868833.0,962864152.0,24357425.0,4.0,"Nothing to complain about, but nothing exceptional.",Customer Service,Neutral,2024-07-19
6176674.0,923668833.0,47125914.0,3.0,Very disappointed with the quality.,Customer Service,Negative,2023-05-12
1682591.0,4022122330.0,33871107.0,3.0,The product met my expectations.,App Experience,Neutral,2023-12-04
2530174.0,4564846800.0,79764458.0,2.0,Very disappointed with the quality.,App Experience,Negative,2023-08-10
7393708.0,690652905.0,75289676.0,5.0,Will definitely order again.,Product Quality,Positive,2024-04-24
167681.0,716741661.0,43052303.0,1.0,Very disappointed with the quality.,Customer Service,Negative,2024-10-15
1179714.0,6575532281.0,44149982.0,2.0,I had a bad experience.,Product Quality,Negative,2024-03-25
3503160.0,7486807731.0,71189232.0,4.0,"It was okay, nothing special.",Product Quality,Neutral,2023-12-13
4831768.0,9721870982.0,79919160.0,2.0,The order was incorrect.,Delivery,Negative,2023-11-12
2183083.0,8105823343.0,16400639.0,5.0,Great prices and fast delivery!,App Experience,Positive,2023-10-15
3862964.0,7113554979.0,19180962.0,4.0,"Nothing to complain about, but nothing exceptional.",Delivery,Neutral,2023-11-27
4843196.0,507373134.0,95269737.0,2.0,I had a bad experience.,App Experience,Negative,2024-10-23
3289580.0,4674132573.0,98444183.0,5.0,Items were in perfect condition.,Delivery,Positive,2024-10-21
575033.0,487395969.0,93924203.0,4.0,"Delivery was fine, but the product could be better.",Product Quality,Neutral,2023-12-13
5246542.0,3962007460.0,93458307.0,3.0,Not worth the price I paid.,Delivery,Negative,2024-07-31
6616924.0,2272882287.0,25641500.0,5.0,"Overall good experience, thank you!",Product Quality,Positive,2024-07-12
8269913.0,4426246696.0,88923048.0,5.0,Very fresh and well-packaged.,Customer Service,Positive,2023-11-22
3734391.0,1714709914.0,86067293.0,4.0,Very fresh and well-packaged.,Customer Service,Positive,2024-09-10
1014391.0,3159133564.0,81541985.0,4.0,"It was okay, nothing special.",Delivery,Neutral,2023-08-05
2564356.0,4531739740.0,98088303.0,5.0,Good selection of products.,Product Quality,Positive,2024-06-24
7763704.0,3158981349.0,92038780.0,3.0,Taste was not as expected.,Customer Service,Negative,2023-10-25
2919734.0,1789010378.0,81533356.0,1.0,Very disappointed with the quality.,Customer Service,Negative,2023-07-28
3780969.0,705203916.0,58929595.0,4.0,"It was okay, nothing special.",Product Quality,Neutral,2024-08-04
6408703.0,7255510932.0,62526813.0,1.0,I had a bad experience.,App Experience,Negative,2024-08-06
2935962.0,1991167685.0,37309023.0,5.0,Very fresh and well-packaged.,Product Quality,Positive,2024-03-02
1549671.0,5103721089.0,5135207.0,4.0,"Delivery was fine, but the product could be better.",App Experience,Neutral,2023-08-21
2388405.0,9674006557.0,60561655.0,3.0,The product met my expectations.,Customer Service,Neutral,2023-05-02
1793007.0,1073466441.0,42465414.0,4.0,Customer service was very helpful.,Delivery,Positive,2023-05-30
923237.0,5407006470.0,95364457.0,5.0,Highly recommended!,Delivery,Positive,2024-05-24
7369154.0,747347782.0,6398761.0,4.0,The product met my expectations.,App Experience,Neutral,2023-04-25
6114974.0,8554063149.0,5039883.0,4.0,Good selection of products.,Delivery,Positive,2024-06-09
5490153.0,4855215470.0,21573815.0,4.0,"Excellent quality, will buy again!",Product Quality,Positive,2024-03-31
1456894.0,5008998072.0,26245432.0,5.0,Will definitely order again.,Delivery,Positive,2024-01-05
9461028.0,9696466906.0,40434527.0,4.0,Highly recommended!,Customer Service,Positive,2024-05-01
2773115.0,7189534591.0,6291143.0,5.0,Will definitely order again.,Delivery,Positive,2023-08-18
4650840.0,9965941354.0,82286725.0,4.0,Very fresh and well-packaged.,App Experience,Positive,2023-11-13
3169183.0,1275232752.0,83304571.0,2.0,Not worth the price I paid.,Product Quality,Negative,2023-08-24
11897.0,343479370.0,5043760.0,4.0,"Overall good experience, thank you!",Delivery,Positive,2024-05-03
461007.0,2485933387.0,21573815.0,3.0,Product was damaged during delivery.,Product Quality,Negative,2024-07-10
8972406.0,6735843326.0,52085702.0,4.0,"Delivery was fine, but the product could be better.",Delivery,Neutral,2024-10-24
1091412.0,6384313098.0,47295676.0,2.0,Items were missing from my order.,Delivery,Negative,2023-12-07
334378.0,1022032613.0,59436131.0,4.0,"Overall good experience, thank you!",Customer Service,Positive,2023-12-10
4627394.0,8026892264.0,93341057.0,3.0,"It was okay, nothing special.",Customer Service,Neutral,2023-09-24
4238083.0,7158825499.0,63571453.0,4.0,"Overall good experience, thank you!",Product Quality,Positive,2024-04-14
7763140.0,5327013494.0,89418072.0,5.0,Items were in perfect condition.,Product Quality,Positive,2024-04-18
7546504.0,1002526452.0,97475543.0,4.0,"Average experience, could improve.",Delivery,Neutral,2023-07-31
4674903.0,4650525854.0,71694275.0,2.0,Items were missing from my order.,Delivery,Negative,2024-01-17
1777784.0,6260291784.0,75038062.0,4.0,"Delivery was fine, but the product could be better.",Customer Service,Neutral,2024-07-08
8011393.0,1884314278.0,15534747.0,1.0,The packaging was poor.,Product Quality,Negative,2023-09-16
3534065.0,7074219396.0,36737539.0,2.0,The order was incorrect.,Customer Service,Negative,2024-05-04
5328212.0,807183459.0,76212152.0,3.0,Not worth the price I paid.,Product Quality,Negative,2023-09-05
859913.0,598539940.0,76970363.0,4.0,Customer service was very helpful.,App Experience,Positive,2023-07-28
5970320.0,427702490.0,71607166.0,3.0,The product met my expectations.,Customer Service,Neutral,2024-01-20
5596356.0,955844536.0,4597433.0,4.0,"Average experience, could improve.",Customer Service,Neutral,2023-03-29
8361916.0,5397640599.0,2684440.0,4.0,"Average experience, could improve.",Delivery,Neutral,2024-05-24
5412614.0,3451246886.0,36774480.0,3.0,Items were missing from my order.,Delivery,Negative,2024-05-22
3170339.0,8487733248.0,12500465.0,4.0,Very fresh and well-packaged.,Product Quality,Positive,2023-04-26
5452763.0,2921621434.0,41194825.0,3.0,"Average experience, could improve.",Product Quality,Neutral,2023-08-17
6568431.0,4757133884.0,34655710.0,4.0,"Average experience, could improve.",App Experience,Neutral,2024-08-03
2361738.0,1793847102.0,93563435.0,3.0,Delivery was late and I was unhappy.,Customer Service,Negative,2024-09-09
1940763.0,6197760573.0,5763963.0,3.0,Customer service was not helpful.,App Experience,Negative,2023-03-27
7379069.0,6818660907.0,38420886.0,5.0,"Excellent quality, will buy again!",Product Quality,Positive,2024-07-10
359951.0,7807587130.0,74174956.0,3.0,Delivery was late and I was unhappy.,Customer Service,Negative,2023-12-11
6152739.0,4540563647.0,79257353.0,3.0,The order was incorrect.,Customer Service,Negative,2023-05-14
4863022.0,2480913332.0,95912198.0,4.0,"Average experience, could improve.",Customer Service,Neutral,2023-10-16
2747752.0,5735481292.0,85907588.0,3.0,"Average experience, could improve.",Customer Service,Neutral,2024-06-18
7554516.0,7112326373.0,46848302.0,3.0,"It was okay, nothing special.",Product Quality,Neutral,2023-05-13
3096885.0,614274161.0,10240052.0,5.0,"Overall good experience, thank you!",Delivery,Positive,2023-09-27
3813104.0,5512258335.0,1469696.0,4.0,"Delivery was fine, but the product could be better.",Customer Service,Neutral,2024-03-23
1298809.0,1214757247.0,46675763.0,3.0,The product met my expectations.,Delivery,Neutral,2023-09-06
9701998.0,4211686231.0,66354642.0,2.0,Items were missing from my order.,Product Quality,Negative,2023-06-09
1907446.0,5288088590.0,9314637.0,5.0,Very fresh and well-packaged.,Customer Service,Positive,2023-12-22
4032465.0,1193525681.0,60399360.0,3.0,"Delivery was fine, but the product could be better.",Product Quality,Neutral,2024-09-17
7866548.0,5132095929.0,96373206.0,4.0,Great prices and fast delivery!,Delivery,Positive,2024-06-29
4846712.0,7703144556.0,31328762.0,4.0,"Nothing to complain about, but nothing exceptional.",App Experience,Neutral,2023-12-21
2144837.0,6786199145.0,21701991.0,5.0,Will definitely order again.,Delivery,Positive,2024-09-04
4529790.0,2463627380.0,24644542.0,3.0,"Nothing to complain about, but nothing exceptional.",Delivery,Neutral,2024-08-03
9050289.0,6331115638.0,99729547.0,4.0,"Nothing to complain about, but nothing exceptional.",Customer Service,Neutral,2023-07-15
7477218.0,9212312136.0,6959437.0,1.0,Customer service was not helpful.,App Experience,Negative,2023-12-06
1878165.0,6788500162.0,48033969.0,4.0,"Nothing to complain about, but nothing exceptional.",Delivery,Neutral,2024-07-10
6191989.0,2166421384.0,85218071.0,4.0,"It was okay, nothing special.",App Experience,Neutral,2024-05-18
3252509.0,2744509800.0,69276352.0,2.0,The packaging was poor.,Delivery,Negative,2023-08-31
3096809.0,8806260669.0,15631726.0,3.0,"It was okay, nothing special.",Product Quality,Neutral,2023-10-17
5564277.0,7773287963.0,93563435.0,4.0,Highly recommended!,Delivery,Positive,2023-03-22
129950.0,8153845667.0,30192942.0,1.0,Product was damaged during delivery.,Customer Service,Negative,2024-08-09
4300963.0,8345887091.0,54145987.0,4.0,"It was okay, nothing special.",Product Quality,Neutral,2024-10-13
6140938.0,6638429050.0,75739462.0,1.0,Taste was not as expected.,Product Quality,Negative,2024-09-18
6124739.0,4132900691.0,42262168.0,4.0,"It was okay, nothing special.",Product Quality,Neutral,2024-09-11
4610920.0,2119346062.0,18259715.0,4.0,"Average experience, could improve.",Customer Service,Neutral,2023-07-03
1176001.0,689310626.0,69416782.0,2.0,Very disappointed with the quality.,Delivery,Negative,2024-10-01
5094948.0,9246993674.0,21701991.0,5.0,Good selection of products.,Product Quality,Positive,2023-11-10
5116156.0,2282234185.0,94706375.0,3.0,Taste was not as expected.,Product Quality,Negative,2024-07-14
2136690.0,9697170386.0,48776805.0,1.0,Items were missing from my order.,Customer Service,Negative,2024-10-07
2224152.0,6376147802.0,60495351.0,4.0,"Nothing to complain about, but nothing exceptional.",Customer Service,Neutral,2024-07-16
4732060.0,7415158732.0,30192942.0,2.0,I had a bad experience.,Delivery,Negative,2024-01-05
1782995.0,343300311.0,37095171.0,4.0,"Overall good experience, thank you!",Product Quality,Positive,2024-08-04
6817054.0,3922539531.0,10048910.0,4.0,"Delivery was fine, but the product could be better.",Delivery,Neutral,2024-09-24
7585732.0,7634516705.0,2058037.0,3.0,"It was okay, nothing special.",Customer Service,Neutral,2023-10-15
8858288.0,8731122718.0,50572914.0,4.0,"Nothing to complain about, but nothing exceptional.",Product Quality,Neutral,2023-04-23
1024170.0,9471236505.0,5540556.0,4.0,Items were in perfect condition.,Customer Service,Positive,2024-10-05
855787.0,9497014025.0,79764458.0,4.0,"Delivery was fine, but the product could be better.",Customer Service,Neutral,2024-11-03
1158659.0,592358946.0,54952806.0,1.0,The order was incorrect.,Delivery,Negative,2024-08-22
9277195.0,9680783354.0,20517871.0,3.0,The product met my expectations.,Product Quality,Neutral,2023-04-09
6123876.0,6109792602.0,20148223.0,1.0,Delivery was late and I was unhappy.,Delivery,Negative,2023-09-13
1035924.0,2734817654.0,6184558.0,3.0,The product met my expectations.,Delivery,Neutral,2023-04-12
8794154.0,6380542008.0,76917159.0,5.0,Very happy with the service!,App Experience,Positive,2023-06-08
5709899.0,4784760589.0,97111069.0,3.0,Very disappointed with the quality.,Customer Service,Negative,2024-03-21
8273824.0,1577703194.0,25641500.0,1.0,Not worth the price I paid.,Delivery,Negative,2024-04-28
3489528.0,6758737749.0,70363568.0,3.0,Very disappointed with the quality.,Product Quality,Negative,2023-10-26
2031091.0,4081640450.0,97557157.0,5.0,"Excellent quality, will buy again!",Product Quality,Positive,2024-03-16
6544224.0,9258266990.0,76512976.0,3.0,Items were missing from my order.,Delivery,Negative,2024-03-31
5359859.0,2109410707.0,19741509.0,5.0,"Overall good experience, thank you!",App Experience,Positive,2024-08-07
3219602.0,576022547.0,31681710.0,4.0,Items were in perfect condition.,Product Quality,Positive,2024-04-07
9033033.0,2106943908.0,27604184.0,4.0,"Average experience, could improve.",App Experience,Neutral,2024-01-28
3598465.0,6541281594.0,51812283.0,4.0,"Nothing to complain about, but nothing exceptional.",Product Quality,Neutral,2023-11-18
176838.0,2664220988.0,92091019.0,2.0,Delivery was late and I was unhappy.,Delivery,Negative,2023-05-05
5873248.0,493514666.0,12141418.0,3.0,I had a bad experience.,Customer Service,Negative,2023-11-20
9701188.0,9658669384.0,29664214.0,3.0,"Delivery was fine, but the product could be better.",Delivery,Neutral,2023-09-06
5545179.0,8765283513.0,21461764.0,5.0,Good selection of products.,App Experience,Positive,2024-02-23
9165530.0,6421427812.0,21948041.0,4.0,"It was okay, nothing special.",Product Quality,Neutral,2023-10-05
6954818.0,4467093205.0,8025622.0,3.0,Very disappointed with the quality.,App Experience,Negative,2023-10-24
4365257.0,7560862152.0,34755436.0,4.0,Very happy with the service!,Customer Service,Positive,2023-04-15
4081612.0,8218080678.0,53538932.0,4.0,Very happy with the service!,Customer Service,Positive,2024-05-04
8701560.0,8196173573.0,59110513.0,3.0,"Nothing to complain about, but nothing exceptional.",Product Quality,Neutral,2024-07-17
8391214.0,1174856327.0,10855630.0,1.0,Not worth the price I paid.,Delivery,Negative,2024-06-16
8430998.0,9754365788.0,17805991.0,5.0,Items were in perfect condition.,Customer Service,Positive,2023-12-02
3924102.0,8398774908.0,90448312.0,3.0,Delivery was late and I was unhappy.,Product Quality,Negative,2024-02-26
4886279.0,626433439.0,41640262.0,1.0,Delivery was late and I was unhappy.,Product Quality,Negative,2024-02-17
5569401.0,3097299525.0,80862136.0,3.0,The product met my expectations.,Customer Service,Neutral,2023-10-12
9118685.0,5367488413.0,18113428.0,1.0,Product was damaged during delivery.,Delivery,Negative,2023-12-12
7430182.0,3700795655.0,47515046.0,5.0,Very fresh and well-packaged.,Customer Service,Positive,2023-06-10
8716075.0,3161904185.0,82374625.0,3.0,I had a bad experience.,Product Quality,Negative,2024-01-13
4337801.0,8149944548.0,16436359.0,4.0,"It was okay, nothing special.",Delivery,Neutral,2024-07-24
5921423.0,4961830447.0,3408982.0,3.0,"Nothing to complain about, but nothing exceptional.",App Experience,Neutral,2024-09-06
2311904.0,613578154.0,53974737.0,2.0,Delivery was late and I was unhappy.,Customer Service,Negative,2024-08-03
3758874.0,2582466700.0,65368179.0,4.0,Very fresh and well-packaged.,Customer Service,Positive,2024-09-10
5095918.0,3840910839.0,77869660.0,5.0,Very happy with the service!,App Experience,Positive,2023-09-10
569959.0,399559401.0,84456355.0,3.0,The product met my expectations.,Product Quality,Neutral,2023-11-01
7024084.0,4037817241.0,48716374.0,2.0,Product was damaged during delivery.,App Experience,Negative,2023-12-19
9103306.0,582598096.0,75213636.0,5.0,Items were in perfect condition.,Customer Service,Positive,2023-10-27
8996085.0,9218060399.0,80286283.0,3.0,"It was okay, nothing special.",Product Quality,Neutral,2024-10-25
234571.0,6650174202.0,14255231.0,2.0,Customer service was not helpful.,App Experience,Negative,2023-07-10
7669334.0,2715902884.0,67711384.0,1.0,Not worth the price I paid.,Delivery,Negative,2024-08-27
2518165.0,7957986242.0,69761993.0,3.0,Product was damaged during delivery.,Product Quality,Negative,2023-12-10
340860.0,7148568995.0,30447453.0,3.0,"Nothing to complain about, but nothing exceptional.",Delivery,Neutral,2023-04-06
3125805.0,670358911.0,20834589.0,4.0,"Delivery was fine, but the product could be better.",App Experience,Neutral,2023-12-21
7161886.0,6098277214.0,46876240.0,3.0,"It was okay, nothing special.",Customer Service,Neutral,2023-03-22
1012515.0,4621664126.0,5386246.0,1.0,Product was damaged during delivery.,Customer Service,Negative,2024-07-17
5583324.0,6336460663.0,95018817.0,4.0,"Average experience, could improve.",Product Quality,Neutral,2023-08-28
3294648.0,909027635.0,77214094.0,4.0,The product met my expectations.,Delivery,Neutral,2023-06-24
943208.0,2854202683.0,23081177.0,2.0,Very disappointed with the quality.,Customer Service,Negative,2023-10-18
9549702.0,7936387697.0,36998375.0,1.0,Items were missing from my order.,App Experience,Negative,2023-03-29
2285851.0,8337736091.0,66768157.0,3.0,"Average experience, could improve.",Delivery,Neutral,2024-04-04
4343192.0,4404350734.0,57892837.0,5.0,Will definitely order again.,Customer Service,Positive,2024-01-16
8224533.0,6565246127.0,12455156.0,5.0,Great prices and fast delivery!,Delivery,Positive,2024-05-18
6545946.0,3494650073.0,49806393.0,4.0,"Excellent quality, will buy again!",Customer Service,Positive,2024-03-03
4686285.0,1920923798.0,71189232.0,4.0,"Delivery was fine, but the product could be better.",App Experience,Neutral,2024-05-01
1024022.0,5069524975.0,90246977.0,3.0,Product was damaged during delivery.,Product Quality,Negative,2024-07-24
1758877.0,3873368520.0,53392567.0,5.0,Very fresh and well-packaged.,Customer Service,Positive,2023-10-04
9488724.0,3111414152.0,56195475.0,5.0,Great prices and fast delivery!,App Experience,Positive,2024-08-01
4425750.0,7104489974.0,47618810.0,3.0,The product met my expectations.,Product Quality,Neutral,2023-06-28
6335439.0,3211566084.0,45383958.0,2.0,Delivery was late and I was unhappy.,Customer Service,Negative,2024-02-24
8837678.0,2416717644.0,11493300.0,5.0,Good selection of products.,Product Quality,Positive,2023-09-12
7132626.0,4535670244.0,22210238.0,1.0,Taste was not as expected.,App Experience,Negative,2024-05-17
2072967.0,7309958460.0,3282647.0,5.0,Good selection of products.,Delivery,Positive,2024-01-20
1377902.0,9996182478.0,39976965.0,3.0,"It was okay, nothing special.",Customer Service,Neutral,2023-04-18
5762971.0,2231942521.0,15931134.0,3.0,Delivery was late and I was unhappy.,Customer Service,Negative,2023-12-24
9315043.0,554028972.0,3421258.0,3.0,"Average experience, could improve.",Product Quality,Neutral,2023-09-26
3968312.0,8756001290.0,85340038.0,4.0,Will definitely order again.,Product Quality,Positive,2023-05-06
7776543.0,8047899303.0,11254582.0,2.0,Not worth the price I paid.,Product Quality,Negative,2023-09-28
2560910.0,9720683332.0,87641623.0,5.0,"Excellent quality, will buy again!",Product Quality,Positive,2024-06-23
5176983.0,218670241.0,70220141.0,5.0,Very happy with the service!,App Experience,Positive,2023-06-07
206603.0,1382880255.0,94078407.0,2.0,The order was incorrect.,Product Quality,Negative,2024-08-11
1305586.0,332975964.0,99824171.0,5.0,Very fresh and well-packaged.,Delivery,Positive,2023-09-21
157996.0,2638683222.0,2457734.0,2.0,Very disappointed with the quality.,Product Quality,Negative,2024-10-30
1076549.0,9150146711.0,54923640.0,5.0,Will definitely order again.,Product Quality,Positive,2024-04-29
8817304.0,1553626879.0,6579892.0,3.0,Items were missing from my order.,Product Quality,Negative,2024-10-26
6201.0,9271384187.0,67749649.0,1.0,The packaging was poor.,Delivery,Negative,2023-11-28
8711449.0,1409544327.0,86444757.0,3.0,Not worth the price I paid.,Customer Service,Negative,2024-07-13
203415.0,637100019.0,62868582.0,4.0,"Excellent quality, will buy again!",Delivery,Positive,2023-10-23
5523244.0,186083059.0,67829645.0,5.0,Items were in perfect condition.,Delivery,Positive,2024-07-01
1356014.0,1804073530.0,10048910.0,4.0,Highly recommended!,Product Quality,Positive,2024-06-19
1211127.0,5291430311.0,75081265.0,4.0,The product met my expectations.,App Experience,Neutral,2023-10-19
8726995.0,6947225582.0,89051578.0,4.0,Items were in perfect condition.,Customer Service,Positive,2024-04-03
7470170.0,5710643134.0,38420886.0,2.0,Delivery was late and I was unhappy.,App Experience,Negative,2023-04-16
8144657.0,8329733630.0,46717997.0,2.0,Product was damaged during delivery.,Delivery,Negative,2024-03-04
2138749.0,6772651293.0,27049432.0,4.0,Very happy with the service!,App Experience,Positive,2023-12-15
4326983.0,581212790.0,21461764.0,4.0,"Delivery was fine, but the product could be better.",Customer Service,Neutral,2024-06-29
618104.0,4766571706.0,71176678.0,1.0,Taste was not as expected.,Delivery,Negative,2023-05-05
9588052.0,9961298199.0,37926207.0,5.0,Items were in perfect condition.,Product Quality,Positive,2023-11-27
2547480.0,8102675591.0,51119088.0,5.0,Highly recommended!,Customer Service,Positive,2024-02-03
9295609.0,604050223.0,29689766.0,5.0,"Excellent quality, will buy again!",App Experience,Positive,2024-04-18
9520673.0,782327552.0,45586151.0,4.0,Will definitely order again.,Delivery,Positive,2023-07-07
5701029.0,6156638188.0,70589930.0,2.0,The packaging was poor.,Customer Service,Negative,2023-03-17
9015050.0,6475299855.0,5238055.0,5.0,Good selection of products.,App Experience,Positive,2023-10-13
2438647.0,689110145.0,84161531.0,5.0,"Excellent quality, will buy again!",Product Quality,Positive,2023-05-03
3827516.0,2785467351.0,59009727.0,4.0,Good selection of products.,Delivery,Positive,2024-05-12
9104541.0,7188270379.0,86487478.0,3.0,Items were missing from my order.,Customer Service,Negative,2024-04-15
6724114.0,9209192342.0,42227189.0,1.0,Items were missing from my order.,Customer Service,Negative,2024-03-05
9604625.0,3193016310.0,58115779.0,2.0,Taste was not as expected.,Customer Service,Negative,2023-12-02
8086499.0,9743228131.0,34839913.0,1.0,Not worth the price I paid.,Customer Service,Negative,2024-07-09
265991.0,4417542973.0,84937877.0,5.0,Good selection of products.,Product Quality,Positive,2024-08-23
2824821.0,3065857200.0,82359623.0,3.0,"It was okay, nothing special.",Customer Service,Neutral,2024-06-26
9247574.0,6994732191.0,35278126.0,3.0,"Nothing to complain about, but nothing exceptional.",Product Quality,Neutral,2023-07-24
7299671.0,7663189769.0,85006599.0,4.0,"Nothing to complain about, but nothing exceptional.",App Experience,Neutral,2023-08-01
1050921.0,5012619147.0,66130660.0,3.0,The product met my expectations.,Delivery,Neutral,2023-05-03
6701233.0,7456088789.0,36737539.0,4.0,Very happy with the service!,Delivery,Positive,2023-04-09
165649.0,3270559373.0,13604883.0,4.0,Items were in perfect condition.,Product Quality,Positive,2023-03-19
7813343.0,4703798183.0,21597477.0,3.0,The product met my expectations.,App Experience,Neutral,2023-12-23
8673081.0,3968840556.0,93723634.0,4.0,Great prices and fast delivery!,App Experience,Positive,2024-09-09
9249938.0,2331647373.0,84848018.0,5.0,Customer service was very helpful.,App Experience,Positive,2023-08-11
3369095.0,6683347454.0,34697768.0,3.0,Product was damaged during delivery.,Delivery,Negative,2023-05-25
534802.0,5710259220.0,17287733.0,2.0,The order was incorrect.,Customer Service,Negative,2023-04-15
59148.0,9871546057.0,39418109.0,1.0,Delivery was late and I was unhappy.,Product Quality,Negative,2024-05-12
9992189.0,5459704311.0,47295676.0,4.0,The product met my expectations.,Customer Service,Neutral,2023-12-01
1908816.0,3426702134.0,50229203.0,4.0,"Nothing to complain about, but nothing exceptional.",Delivery,Neutral,2024-08-23
5259898.0,7671357353.0,16420489.0,4.0,The product met my expectations.,Product Quality,Neutral,2024-02-18
8293964.0,9656230693.0,40305293.0,5.0,Good selection of products.,Delivery,Positive,2023-04-16
6949693.0,3315369956.0,9105829.0,4.0,Will definitely order again.,App Experience,Positive,2023-04-21
1672142.0,1762287720.0,94404245.0,4.0,Very happy with the service!,Customer Service,Positive,2024-08-30
8229594.0,4816206081.0,36142455.0,1.0,Taste was not as expected.,Delivery,Negative,2023-05-12
502262.0,2808133351.0,11071601.0,4.0,"Average experience, could improve.",Product Quality,Neutral,2023-12-03
3579072.0,3444569396.0,57967753.0,5.0,Customer service was very helpful.,Customer Service,Positive,2024-09-25
1154241.0,9704671447.0,25977417.0,3.0,Taste was not as expected.,Product Quality,Negative,2023-12-05
328822.0,6454001692.0,2136830.0,2.0,Customer service was not helpful.,Delivery,Negative,2023-09-09
4861693.0,2624508626.0,63262519.0,3.0,"Nothing to complain about, but nothing exceptional.",Product Quality,Neutral,2024-02-28
8766510.0,932273820.0,17287733.0,3.0,The product met my expectations.,App Experience,Neutral,2024-05-06
4472332.0,7908614088.0,12622901.0,3.0,"Nothing to complain about, but nothing exceptional.",Delivery,Neutral,2023-05-14
5486644.0,9730765358.0,82708090.0,2.0,Taste was not as expected.,Product Quality,Negative,2023-08-20
2558717.0,4748284156.0,38969732.0,3.0,Customer service was not helpful.,Delivery,Negative,2023-09-18
170752.0,1829286278.0,45052594.0,4.0,The product met my expectations.,Delivery,Neutral,2023-09-27
5959972.0,3180415318.0,22076522.0,3.0,"It was okay, nothing special.",Delivery,Neutral,2024-07-07
4399563.0,1008158736.0,62971413.0,5.0,Highly recommended!,Customer Service,Positive,2024-06-10
4465018.0,5092816701.0,89531595.0,4.0,"Delivery was fine, but the product could be better.",Customer Service,Neutral,2024-06-03
2920138.0,4339850858.0,16230299.0,5.0,"Overall good experience, thank you!",Delivery,Positive,2023-10-25
2996435.0,1564040362.0,93924203.0,4.0,Very happy with the service!,Customer Service,Positive,2023-08-01
8469697.0,4856827800.0,43784632.0,4.0,"Nothing to complain about, but nothing exceptional.",Product Quality,Neutral,2024-08-20
4776111.0,2465711187.0,48511124.0,4.0,"Average experience, could improve.",Product Quality,Neutral,2023-03-30
8997243.0,7741314063.0,32054313.0,2.0,Items were missing from my order.,Customer Service,Negative,2024-09-13
5706530.0,6973696848.0,21779155.0,3.0,"Nothing to complain about, but nothing exceptional.",Customer Service,Neutral,2023-04-23
5458271.0,443178123.0,56248757.0,3.0,Delivery was late and I was unhappy.,Customer Service,Negative,2024-08-29
4526565.0,2155491764.0,77869660.0,1.0,Items were missing from my order.,Product Quality,Negative,2024-08-29
294116.0,282887897.0,97492493.0,2.0,I had a bad experience.,App Experience,Negative,2023-09-19
6665325.0,1014190951.0,70798876.0,2.0,Customer service was not helpful.,Product Quality,Negative,2023-04-25
3277902.0,4632027192.0,64162093.0,4.0,The product met my expectations.,Customer Service,Neutral,2024-07-09
1239916.0,9196809062.0,58979427.0,3.0,"It was okay, nothing special.",Product Quality,Neutral,2024-05-19
3999276.0,3802671506.0,55028958.0,3.0,"Delivery was fine, but the product could be better.",Product Quality,Neutral,2023-07-30
1136751.0,931138604.0,38133873.0,3.0,The product met my expectations.,Customer Service,Neutral,2023-08-24
9870408.0,6507222211.0,46623192.0,5.0,Will definitely order again.,Customer Service,Positive,2024-01-15
7943730.0,9091185978.0,4606533.0,3.0,"Average experience, could improve.",App Experience,Neutral,2023-07-22
8504990.0,6314310505.0,42272393.0,3.0,"Average experience, could improve.",Delivery,Neutral,2024-02-16
129491.0,2711467206.0,21658322.0,2.0,Product was damaged during delivery.,Customer Service,Negative,2023-04-07
2534781.0,1359318731.0,72675976.0,3.0,"Delivery was fine, but the product could be better.",App Experience,Neutral,2024-08-27
7984701.0,4521042050.0,99734256.0,5.0,Very happy with the service!,App Experience,Positive,2024-04-25
5425735.0,1317016672.0,87256913.0,1.0,Customer service was not helpful.,App Experience,Negative,2024-09-21
5815158.0,7624598493.0,69516494.0,2.0,I had a bad experience.,Customer Service,Negative,2024-04-18
9192897.0,1753431230.0,9048817.0,5.0,Items were in perfect condition.,Customer Service,Positive,2024-03-24
382533.0,8650539199.0,41640262.0,3.0,"Delivery was fine, but the product could be better.",Delivery,Neutral,2023-12-04
4200126.0,3276478503.0,10048910.0,4.0,"Average experience, could improve.",App Experience,Neutral,2024-04-03
102511.0,5080943123.0,2164524.0,3.0,"Average experience, could improve.",Delivery,Neutral,2023-09-21
9546144.0,6158083683.0,78158536.0,5.0,"Overall good experience, thank you!",Customer Service,Positive,2024-03-08
8183319.0,9228072842.0,93370787.0,4.0,"Nothing to complain about, but nothing exceptional.",Product Quality,Neutral,2023-07-25
5359166.0,4028432722.0,77397957.0,4.0,"Average experience, could improve.",Customer Service,Neutral,2024-05-21
8218399.0,3679730192.0,83404008.0,5.0,Customer service was very helpful.,Delivery,Positive,2023-07-05
5570618.0,71793937.0,13189939.0,5.0,Customer service was very helpful.,Product Quality,Positive,2024-04-21
460889.0,47467466.0,55693909.0,5.0,Great prices and fast delivery!,App Experience,Positive,2023-09-05
8208589.0,4538136436.0,18170800.0,3.0,"Average experience, could improve.",Product Quality,Neutral,2023-05-23
8671275.0,8750169461.0,96989204.0,2.0,I had a bad experience.,Delivery,Negative,2024-09-07
4339875.0,9371021811.0,76850859.0,2.0,Taste was not as expected.,Product Quality,Negative,2024-10-24
2415813.0,679274212.0,91243571.0,3.0,"It was okay, nothing special.",Delivery,Neutral,2024-10-19
8858420.0,6601671674.0,49136375.0,3.0,"Delivery was fine, but the product could be better.",Delivery,Neutral,2023-07-09
7754881.0,2708441500.0,23286884.0,3.0,"Average experience, could improve.",App Experience,Neutral,2024-01-12
194572.0,9548480220.0,82594354.0,4.0,Very fresh and well-packaged.,App Experience,Positive,2023-09-08
5830086.0,5440864021.0,44409533.0,1.0,Customer service was not helpful.,Delivery,Negative,2023-09-15
7220230.0,5705224767.0,3897936.0,4.0,The product met my expectations.,Product Quality,Neutral,2023-06-02
2849428.0,9945458771.0,8733344.0,1.0,I had a bad experience.,Customer Service,Negative,2024-08-27
4956264.0,336832815.0,10769994.0,5.0,Items were in perfect condition.,Customer Service,Positive,2023-12-09
5522580.0,9543126726.0,24308515.0,4.0,"Nothing to complain about, but nothing exceptional.",Delivery,Neutral,2024-05-01
697306.0,5134666123.0,38613642.0,3.0,The product met my expectations.,Customer Service,Neutral,2024-05-02
7479682.0,5663657880.0,69632084.0,3.0,I had a bad experience.,Product Quality,Negative,2024-05-06
5372251.0,5352647396.0,49756591.0,5.0,Highly recommended!,App Experience,Positive,2023-10-11
354715.0,7995172779.0,40703374.0,5.0,Good selection of products.,Delivery,Positive,2023-06-15
4404688.0,605779703.0,8881320.0,4.0,Highly recommended!,Customer Service,Positive,2024-03-07
6980950.0,685688121.0,60371334.0,3.0,"Nothing to complain about, but nothing exceptional.",App Experience,Neutral,2023-10-27
8887300.0,5966726971.0,57833505.0,4.0,"Average experience, could improve.",Product Quality,Neutral,2023-09-06
5445599.0,6763510083.0,4055790.0,2.0,The packaging was poor.,Product Quality,Negative,2023-06-07
4587901.0,6735813139.0,90448312.0,2.0,The packaging was poor.,Customer Service,Negative,2023-04-04
8057129.0,8361205778.0,47274329.0,1.0,Not worth the price I paid.,App Experience,Negative,2023-06-20
7787113.0,3640952655.0,50105174.0,5.0,Highly recommended!,Delivery,Positive,2023-06-01
3902606.0,6395279829.0,34588087.0,4.0,"Delivery was fine, but the product could be better.",Delivery,Neutral,2023-10-26
9342925.0,339410846.0,61618079.0,4.0,Good selection of products.,App Experience,Positive,2023-05-06
5998210.0,8924056486.0,74172010.0,3.0,"Delivery was fine, but the product could be better.",Customer Service,Neutral,2024-04-08
4467516.0,6616322616.0,61763552.0,4.0,Good selection of products.,Delivery,Positive,2023-12-03
9781975.0,4178578583.0,69340015.0,1.0,Delivery was late and I was unhappy.,App Experience,Negative,2024-09-29
515450.0,7558107764.0,50968312.0,4.0,Great prices and fast delivery!,Customer Service,Positive,2024-03-13
1187780.0,7894708851.0,78678612.0,3.0,The product met my expectations.,Product Quality,Neutral,2024-04-12
6200903.0,1916638346.0,20163931.0,1.0,I had a bad experience.,App Experience,Negative,2023-06-28
1891343.0,4973943462.0,68341636.0,3.0,"It was okay, nothing special.",Delivery,Neutral,2024-10-29
6863831.0,6567129123.0,66135710.0,3.0,Very disappointed with the quality.,Product Quality,Negative,2023-09-09
6995063.0,8702642032.0,23676689.0,4.0,"Nothing to complain about, but nothing exceptional.",Product Quality,Neutral,2023-08-22
9548486.0,7857954356.0,76864442.0,4.0,The product met my expectations.,Delivery,Neutral,2024-01-20
9487600.0,5376218500.0,24644542.0,4.0,"Delivery was fine, but the product could be better.",Customer Service,Neutral,2023-11-16
5327406.0,3452449295.0,71252391.0,2.0,Delivery was late and I was unhappy.,Product Quality,Negative,2023-10-09
3664180.0,1694826296.0,12277039.0,5.0,Very fresh and well-packaged.,Customer Service,Positive,2023-05-09
8711086.0,9449954611.0,97111119.0,4.0,Great prices and fast delivery!,Product Quality,Positive,2023-08-12
5841843.0,7722059222.0,63630649.0,3.0,I had a bad experience.,Product Quality,Negative,2023-11-16
1934781.0,2871448124.0,81091233.0,3.0,Items were missing from my order.,Product Quality,Negative,2024-05-28
3884291.0,4158839033.0,38969732.0,3.0,Taste was not as expected.,App Experience,Negative,2024-09-22
1841197.0,9936118648.0,54885705.0,2.0,I had a bad experience.,App Experience,Negative,2024-03-04
8292947.0,6804747901.0,89619421.0,3.0,"It was okay, nothing special.",App Experience,Neutral,2024-01-31
9587255.0,7579444448.0,53354003.0,1.0,Items were missing from my order.,Product Quality,Negative,2024-06-06
9067286.0,4379043082.0,88167544.0,4.0,"Delivery was fine, but the product could be better.",Product Quality,Neutral,2023-05-12
5390862.0,4212894712.0,20310720.0,3.0,"Nothing to complain about, but nothing exceptional.",Product Quality,Neutral,2024-06-09
5556530.0,7962511808.0,60371334.0,5.0,Highly recommended!,App Experience,Positive,2024-02-11
5762414.0,6478815087.0,22293666.0,2.0,The order was incorrect.,Product Quality,Negative,2024-07-18
1024838.0,6239166986.0,6724509.0,4.0,"Overall good experience, thank you!",Customer Service,Positive,2024-05-23
7060639.0,9894863460.0,35826539.0,3.0,Taste was not as expected.,Delivery,Negative,2023-03-25
9938985.0,2982638677.0,48554440.0,3.0,Customer service was not helpful.,App Experience,Negative,2024-01-13
160530.0,3284797515.0,13164195.0,5.0,Great prices and fast delivery!,Product Quality,Positive,2024-09-10
7500804.0,8895501673.0,15066187.0,4.0,"Nothing to complain about, but nothing exceptional.",App Experience,Neutral,2023-07-11
9649572.0,914992221.0,90882023.0,4.0,"Delivery was fine, but the product could be better.",Delivery,Neutral,2023-07-27
9424407.0,2067729457.0,79916464.0,4.0,"It was okay, nothing special.",Delivery,Neutral,2023-09-23
9463798.0,5389250154.0,94179692.0,4.0,"Delivery was fine, but the product could be better.",App Experience,Neutral,2024-09-15
3942032.0,4352973016.0,35912599.0,4.0,The product met my expectations.,App Experience,Neutral,2024-10-07
600642.0,7667555396.0,13796199.0,4.0,"It was okay, nothing special.",Customer Service,Neutral,2024-02-03
2685179.0,168804744.0,25128143.0,4.0,"Excellent quality, will buy again!",Delivery,Positive,2023-10-28
5719693.0,854218304.0,84377964.0,5.0,Great prices and fast delivery!,Customer Service,Positive,2023-11-04
5503916.0,2616618240.0,12402437.0,4.0,Items were in perfect condition.,Delivery,Positive,2024-03-14
349310.0,8891144024.0,47590944.0,3.0,The product met my expectations.,App Experience,Neutral,2023-04-06
7076780.0,4606856320.0,57102800.0,4.0,The product met my expectations.,Delivery,Neutral,2024-08-03
4278457.0,1876194333.0,51945420.0,2.0,Not worth the price I paid.,Delivery,Negative,2024-03-27
5037114.0,1471186096.0,51503088.0,4.0,"Nothing to complain about, but nothing exceptional.",App Experience,Neutral,2023-11-21
2334318.0,4763556417.0,91602727.0,2.0,The order was incorrect.,Product Quality,Negative,2023-04-01
8874752.0,5961097387.0,75474920.0,4.0,"Overall good experience, thank you!",Product Quality,Positive,2023-08-27
9178763.0,1509646137.0,31456752.0,4.0,"Average experience, could improve.",App Experience,Neutral,2024-04-12
1204524.0,7533431274.0,23984022.0,3.0,"Nothing to complain about, but nothing exceptional.",Product Quality,Neutral,2023-08-11
9351661.0,3598818329.0,22293666.0,1.0,Delivery was late and I was unhappy.,Customer Service,Negative,2023-07-29
4607232.0,2561337790.0,30823988.0,2.0,I had a bad experience.,Delivery,Negative,2024-10-09
3397646.0,2359692348.0,5418547.0,4.0,Very fresh and well-packaged.,App Experience,Positive,2024-08-31
9465380.0,3146098826.0,12799092.0,4.0,Highly recommended!,App Experience,Positive,2024-06-20
2355944.0,8638050442.0,52770036.0,4.0,"Delivery was fine, but the product could be better.",Delivery,Neutral,2023-11-16
5703770.0,1833854180.0,60062501.0,3.0,Items were missing from my order.,Delivery,Negative,2023-03-23
4106245.0,5687148136.0,32527479.0,4.0,Items were in perfect condition.,App Experience,Positive,2023-06-24
4878540.0,7133253616.0,14940427.0,5.0,"Overall good experience, thank you!",App Experience,Positive,2024-08-14
1366943.0,7899569162.0,90745023.0,1.0,The packaging was poor.,Product Quality,Negative,2023-08-15
9674092.0,6119637917.0,77961205.0,3.0,"Average experience, could improve.",Customer Service,Neutral,2024-06-28
1665939.0,4924477011.0,7333934.0,4.0,"Nothing to complain about, but nothing exceptional.",App Experience,Neutral,2024-01-13
4749029.0,577458306.0,94165062.0,4.0,"It was okay, nothing special.",Product Quality,Neutral,2023-10-03
6070927.0,1605287230.0,7076456.0,3.0,"It was okay, nothing special.",Delivery,Neutral,2023-08-08
1797913.0,5743074720.0,44828791.0,4.0,Good selection of products.,Product Quality,Positive,2024-02-08
3639693.0,1645477578.0,47625855.0,1.0,Taste was not as expected.,Delivery,Negative,2023-07-20
4954836.0,6231311270.0,91144803.0,5.0,Good selection of products.,Product Quality,Positive,2023-12-07
5219677.0,4629648516.0,93507573.0,2.0,Items were missing from my order.,Product Quality,Negative,2023-08-21
4029981.0,2706229594.0,81337068.0,4.0,Highly recommended!,Product Quality,Positive,2024-10-04
802000.0,6814009039.0,10605484.0,3.0,"Average experience, could improve.",Delivery,Neutral,2023-11-03
4668145.0,5604135912.0,11478478.0,2.0,Product was damaged during delivery.,Customer Service,Negative,2024-08-19
4744641.0,766789724.0,60446619.0,3.0,"Average experience, could improve.",Delivery,Neutral,2024-08-20
3897394.0,2727595593.0,80875034.0,1.0,Customer service was not helpful.,Delivery,Negative,2023-11-17
1268072.0,9887978407.0,43256928.0,5.0,Very happy with the service!,Delivery,Positive,2023-07-16
9305973.0,6825742544.0,29689766.0,4.0,The product met my expectations.,Product Quality,Neutral,2024-02-04
9413424.0,7081192087.0,15529446.0,4.0,"Overall good experience, thank you!",App Experience,Positive,2023-07-29
3941200.0,3185620074.0,57526322.0,3.0,"Average experience, could improve.",Product Quality,Neutral,2023-08-14
3048823.0,7162086351.0,74231111.0,4.0,The product met my expectations.,Delivery,Neutral,2023-11-15
5252017.0,5504768409.0,84850688.0,3.0,I had a bad experience.,App Experience,Negative,2023-08-07
9027609.0,6721093047.0,22054087.0,3.0,"It was okay, nothing special.",App Experience,Neutral,2024-03-10
9388876.0,1134990529.0,63971358.0,5.0,Customer service was very helpful.,App Experience,Positive,2024-07-24
1847636.0,4632975114.0,92409489.0,5.0,Very fresh and well-packaged.,App Experience,Positive,2023-05-15
5699115.0,1471897083.0,78439088.0,4.0,The product met my expectations.,Product Quality,Neutral,2023-12-06
1318827.0,6081974624.0,79764458.0,3.0,"Nothing to complain about, but nothing exceptional.",Delivery,Neutral,2024-03-19
4342611.0,806680874.0,14632090.0,3.0,"Delivery was fine, but the product could be better.",Delivery,Neutral,2023-11-15
9176018.0,8213018419.0,16640907.0,3.0,"Delivery was fine, but the product could be better.",App Experience,Neutral,2023-04-10
690010.0,4610876894.0,59485034.0,1.0,Not worth the price I paid.,Delivery,Negative,2023-08-14
1724246.0,9116180240.0,17696094.0,3.0,"It was okay, nothing special.",App Experience,Neutral,2023-05-23
775467.0,8916648395.0,8138417.0,4.0,The product met my expectations.,Delivery,Neutral,2023-07-15
6271953.0,3626990751.0,81940369.0,5.0,Customer service was very helpful.,Delivery,Positive,2023-05-10
6629918.0,2544173358.0,43295656.0,4.0,The product met my expectations.,Customer Service,Neutral,2024-11-03
1011746.0,3654075570.0,81906973.0,1.0,Taste was not as expected.,App Experience,Negative,2023-06-25
6978013.0,9846277624.0,78732957.0,5.0,Great prices and fast delivery!,Product Quality,Positive,2024-09-17
5197207.0,8600159148.0,64748953.0,1.0,Not worth the price I paid.,Customer Service,Negative,2023-08-15
6815745.0,9184012674.0,54139038.0,3.0,"Average experience, could improve.",Delivery,Neutral,2024-07-20
1442291.0,5842678913.0,6756256.0,5.0,Great prices and fast delivery!,Product Quality,Positive,2024-06-02
7622162.0,6284066457.0,68341636.0,4.0,Very happy with the service!,Customer Service,Positive,2023-03-19
5734896.0,957188879.0,88067569.0,3.0,Not worth the price I paid.,Delivery,Negative,2024-01-12
5201172.0,2027766693.0,91024604.0,5.0,Very happy with the service!,Delivery,Positive,2023-07-17
6818847.0,5201172375.0,18199057.0,2.0,Taste was not as expected.,Product Quality,Negative,2024-01-07
4739077.0,5211206337.0,84824280.0,5.0,Good selection of products.,Delivery,Positive,2024-03-04
6414925.0,519985157.0,35455991.0,2.0,Customer service was not helpful.,Customer Service,Negative,2023-06-07
4820370.0,2599819074.0,66310963.0,3.0,"It was okay, nothing special.",Delivery,Neutral,2023-05-08
1224951.0,6564176767.0,28221067.0,3.0,"Average experience, could improve.",Product Quality,Neutral,2024-04-11
5919040.0,5969684091.0,13604883.0,1.0,I had a bad experience.,Customer Service,Negative,2023-12-02
4982482.0,8152246475.0,46989310.0,1.0,Taste was not as expected.,Customer Service,Negative,2023-04-07
9531448.0,1954493018.0,41612464.0,4.0,"Average experience, could improve.",App Experience,Neutral,2024-08-25
653696.0,3695589383.0,91868185.0,3.0,"Average experience, could improve.",Customer Service,Neutral,2024-01-13
9128606.0,6340807810.0,57537308.0,4.0,The product met my expectations.,Product Quality,Neutral,2024-07-12
7612300.0,8029845822.0,90621147.0,5.0,Items were in perfect condition.,Product Quality,Positive,2023-07-06
8711940.0,8208755570.0,46564935.0,1.0,Product was damaged during delivery.,Delivery,Negative,2023-12-12
6367818.0,9622488249.0,96629258.0,2.0,I had a bad experience.,App Experience,Negative,2024-06-26
1767978.0,5410788959.0,40055711.0,3.0,The packaging was poor.,Delivery,Negative,2024-06-12
1687361.0,7087374685.0,48268435.0,4.0,Good selection of products.,Customer Service,Positive,2024-09-21
7878255.0,1469556300.0,65514005.0,5.0,Great prices and fast delivery!,App Experience,Positive,2023-09-26
6614535.0,864290652.0,57392064.0,3.0,"It was okay, nothing special.",Customer Service,Neutral,2023-10-30
4382991.0,3052167498.0,92636025.0,5.0,Will definitely order again.,Product Quality,Positive,2023-07-24
7479284.0,8370088792.0,9107360.0,2.0,Delivery was late and I was unhappy.,Delivery,Negative,2023-05-16
8015584.0,8955500595.0,58415368.0,1.0,Product was damaged during delivery.,Product Quality,Negative,2023-05-07
2442565.0,6946637946.0,70372270.0,4.0,"Nothing to complain about, but nothing exceptional.",Customer Service,Neutral,2024-02-18
8446406.0,5461546808.0,21948041.0,5.0,Good selection of products.,App Experience,Positive,2023-12-21
2067494.0,9921425481.0,29653387.0,4.0,"Overall good experience, thank you!",Delivery,Positive,2023-05-17
8208481.0,3583323379.0,10418604.0,1.0,Taste was not as expected.,Customer Service,Negative,2024-04-03
3164222.0,3427534518.0,73807097.0,4.0,"It was okay, nothing special.",Product Quality,Neutral,2024-10-12
7671091.0,9997994965.0,13796199.0,5.0,Very happy with the service!,Customer Service,Positive,2023-12-27
3857869.0,5015358514.0,4057678.0,3.0,"Average experience, could improve.",Customer Service,Neutral,2024-08-12
9514499.0,5769065545.0,1108176.0,5.0,Will definitely order again.,App Experience,Positive,2024-01-28
1074882.0,4062815570.0,98152679.0,3.0,"Nothing to complain about, but nothing exceptional.",Delivery,Neutral,2024-02-24
2977989.0,39405769.0,24621386.0,4.0,Highly recommended!,Product Quality,Positive,2023-04-07
9205838.0,9553518696.0,83304462.0,3.0,"Average experience, could improve.",Customer Service,Neutral,2023-07-11
3500001.0,8023712979.0,83701325.0,5.0,Very happy with the service!,Delivery,Positive,2023-05-12
6210024.0,1111747100.0,83236183.0,3.0,The product met my expectations.,App Experience,Neutral,2023-07-19
8983814.0,3598180305.0,75836905.0,3.0,"Average experience, could improve.",App Experience,Neutral,2023-08-31
8461435.0,8171660349.0,79628054.0,5.0,"Overall good experience, thank you!",Product Quality,Positive,2024-05-09
9617089.0,3644704128.0,39717448.0,5.0,Highly recommended!,App Experience,Positive,2024-06-01
6317946.0,1254907139.0,94854830.0,4.0,Will definitely order again.,Delivery,Positive,2023-07-13
8280400.0,9810593187.0,46313756.0,3.0,"Nothing to complain about, but nothing exceptional.",Product Quality,Neutral,2023-05-19
6853621.0,3205629870.0,95001589.0,3.0,"Average experience, could improve.",Customer Service,Neutral,2024-05-27
3360056.0,8608459871.0,14472401.0,3.0,I had a bad experience.,Delivery,Negative,2023-09-21
3911487.0,2730458449.0,13383642.0,4.0,Customer service was very helpful.,Delivery,Positive,2024-02-10
5385673.0,2807397566.0,28663279.0,4.0,Very happy with the service!,App Experience,Positive,2024-05-19
4652530.0,7217535512.0,81541985.0,2.0,The packaging was poor.,App Experience,Negative,2023-11-11
4078939.0,3321951407.0,40305293.0,5.0,"Overall good experience, thank you!",Customer Service,Positive,2023-09-13
5100133.0,7189146676.0,10789681.0,3.0,The product met my expectations.,Delivery,Neutral,2024-05-20
3686405.0,5601251774.0,96629258.0,1.0,Delivery was late and I was unhappy.,Delivery,Negative,2024-10-10
1424986.0,8884350133.0,55425478.0,1.0,Delivery was late and I was unhappy.,Delivery,Negative,2024-09-22
1423259.0,8168306307.0,98152679.0,3.0,"Delivery was fine, but the product could be better.",Delivery,Neutral,2023-12-17
4950490.0,7689275881.0,54580166.0,3.0,"Average experience, could improve.",Delivery,Neutral,2024-02-03
6415109.0,6593510732.0,87266831.0,2.0,Product was damaged during delivery.,Delivery,Negative,2023-09-10
3468323.0,3066405445.0,53354003.0,4.0,Very happy with the service!,Customer Service,Positive,2023-06-14
6528921.0,5319633841.0,95364457.0,2.0,Delivery was late and I was unhappy.,Delivery,Negative,2024-05-05
5256809.0,1113665104.0,83034412.0,5.0,Highly recommended!,Delivery,Positive,2024-06-11
905658.0,8436983782.0,98896871.0,4.0,Very fresh and well-packaged.,Delivery,Positive,2024-10-22
1642213.0,1958942711.0,30643619.0,5.0,Good selection of products.,Delivery,Positive,2024-05-12
7065122.0,6485627928.0,59769142.0,3.0,"It was okay, nothing special.",Delivery,Neutral,2024-09-13
4245262.0,8147959428.0,31000129.0,5.0,Good selection of products.,App Experience,Positive,2024-07-23
6549194.0,3697060283.0,57642258.0,3.0,"It was okay, nothing special.",Delivery,Neutral,2024-08-25
1301309.0,2039437258.0,20298398.0,4.0,Good selection of products.,Customer Service,Positive,2023-12-12
6878301.0,7655293952.0,23348269.0,4.0,"Nothing to complain about, but nothing exceptional.",Delivery,Neutral,2024-02-16
4996036.0,39791095.0,625395.0,4.0,"It was okay, nothing special.",Delivery,Neutral,2024-04-06
5161924.0,8071046067.0,33651554.0,2.0,The packaging was poor.,Product Quality,Negative,2024-09-28
1473618.0,2656326203.0,92356639.0,4.0,Great prices and fast delivery!,App Experience,Positive,2023-11-16
4927084.0,2366866840.0,99772709.0,4.0,Very fresh and well-packaged.,App Experience,Positive,2023-04-22
4052932.0,8227348656.0,25977417.0,3.0,"Delivery was fine, but the product could be better.",Product Quality,Neutral,2023-12-01
4738483.0,3917024194.0,53640286.0,5.0,Good selection of products.,Product Quality,Positive,2024-09-30
5317004.0,3101265.0,89617089.0,1.0,Customer service was not helpful.,Customer Service,Negative,2024-05-23
1051131.0,9907835880.0,67340606.0,1.0,I had a bad experience.,Delivery,Negative,2024-10-15
1442543.0,3396210655.0,52075070.0,3.0,Product was damaged during delivery.,App Experience,Negative,2023-10-24
2891765.0,3000018472.0,24104630.0,2.0,Not worth the price I paid.,Customer Service,Negative,2024-08-18
3570162.0,7166339556.0,6319646.0,4.0,"Average experience, could improve.",Customer Service,Neutral,2024-06-22
2291508.0,2194351161.0,22800586.0,1.0,Not worth the price I paid.,Customer Service,Negative,2023-05-09
9094122.0,3224986973.0,66761643.0,5.0,Great prices and fast delivery!,App Experience,Positive,2024-02-16
823044.0,6882280967.0,14472401.0,3.0,"Delivery was fine, but the product could be better.",Product Quality,Neutral,2023-09-15
7199080.0,8556188247.0,46623192.0,4.0,"Nothing to complain about, but nothing exceptional.",App Experience,Neutral,2023-10-05
1105700.0,5236345617.0,61851054.0,5.0,Will definitely order again.,App Experience,Positive,2023-09-28
4852044.0,5153146875.0,31156674.0,4.0,"Average experience, could improve.",App Experience,Neutral,2023-06-06
1556573.0,2011151353.0,67908555.0,1.0,Taste was not as expected.,Customer Service,Negative,2024-05-15
5942451.0,9880145668.0,39317905.0,1.0,Customer service was not helpful.,Product Quality,Negative,2024-02-28
6457571.0,2724264210.0,98687927.0,3.0,Taste was not as expected.,App Experience,Negative,2024-10-24
9674103.0,871734663.0,93321933.0,4.0,The product met my expectations.,App Experience,Neutral,2024-06-03
5074782.0,3883638432.0,6245778.0,5.0,Will definitely order again.,Product Quality,Positive,2023-07-26
5156321.0,1282422181.0,188838.0,3.0,Very disappointed with the quality.,App Experience,Negative,2024-02-19
9670027.0,4500802008.0,41164215.0,4.0,Highly recommended!,Delivery,Positive,2024-06-17
2726436.0,8209715885.0,17597449.0,3.0,Delivery was late and I was unhappy.,Delivery,Negative,2023-05-25
9919641.0,9391482926.0,56352626.0,3.0,Not worth the price I paid.,App Experience,Negative,2023-09-12
1970888.0,7217765772.0,5238055.0,4.0,"Nothing to complain about, but nothing exceptional.",Product Quality,Neutral,2024-07-05
2664164.0,7848556658.0,97191387.0,2.0,The order was incorrect.,Customer Service,Negative,2024-04-27
8577298.0,9000851345.0,81822494.0,4.0,"Overall good experience, thank you!",Product Quality,Positive,2024-03-10
8921243.0,3019634875.0,58170168.0,5.0,"Excellent quality, will buy again!",Product Quality,Positive,2024-10-29
9603606.0,7013612817.0,22036818.0,4.0,Very fresh and well-packaged.,Customer Service,Positive,2023-09-09
1806264.0,59461109.0,67708491.0,1.0,Not worth the price I paid.,App Experience,Negative,2023-05-06
7750286.0,740245864.0,45659330.0,4.0,Good selection of products.,Delivery,Positive,2023-05-18
86769.0,8432648823.0,69364309.0,3.0,"Nothing to complain about, but nothing exceptional.",Delivery,Neutral,2023-05-19
4646533.0,5863164527.0,38671747.0,4.0,Will definitely order again.,App Experience,Positive,2023-11-13
3387790.0,8615999186.0,96001315.0,1.0,Items were missing from my order.,Delivery,Negative,2024-09-08
4054276.0,1743268828.0,53332493.0,4.0,"Average experience, could improve.",Product Quality,Neutral,2024-05-02
1800432.0,5475369740.0,49433260.0,4.0,Items were in perfect condition.,Product Quality,Positive,2024-05-12
6220722.0,6520584496.0,67215939.0,4.0,"Delivery was fine, but the product could be better.",Customer Service,Neutral,2023-10-24
7301568.0,3854394048.0,89531595.0,1.0,Delivery was late and I was unhappy.,App Experience,Negative,2023-10-15
9845439.0,4105779656.0,58644651.0,3.0,"Nothing to complain about, but nothing exceptional.",Product Quality,Neutral,2024-04-02
5395642.0,5960266785.0,97419742.0,4.0,The product met my expectations.,Delivery,Neutral,2023-11-21
9727139.0,7380998329.0,96989204.0,4.0,"Nothing to complain about, but nothing exceptional.",App Experience,Neutral,2023-07-29
9156751.0,460625201.0,26716400.0,3.0,"Nothing to complain about, but nothing exceptional.",Product Quality,Neutral,2024-05-17
2876943.0,5442705208.0,38420886.0,5.0,Very fresh and well-packaged.,App Experience,Positive,2024-08-27
1697983.0,643302284.0,24153726.0,5.0,"Excellent quality, will buy again!",Customer Service,Positive,2024-05-30
992859.0,6141016209.0,20469626.0,3.0,The product met my expectations.,Customer Service,Neutral,2024-04-13
5140466.0,4058658914.0,96001315.0,4.0,"It was okay, nothing special.",Product Quality,Neutral,2024-02-09
9754312.0,4731454539.0,62419778.0,5.0,Good selection of products.,Delivery,Positive,2024-01-05
5118736.0,148408710.0,60565603.0,3.0,The product met my expectations.,Product Quality,Neutral,2024-01-01
5960061.0,3263142674.0,12455156.0,4.0,"It was okay, nothing special.",Delivery,Neutral,2024-01-30
8605594.0,9591201821.0,38478423.0,4.0,The product met my expectations.,Customer Service,Neutral,2023-11-12
9453874.0,2227944524.0,93938425.0,4.0,"Average experience, could improve.",Product Quality,Neutral,2023-06-07
6231474.0,2307375554.0,95768401.0,1.0,Product was damaged during delivery.,Delivery,Negative,2024-01-31
3899333.0,8521887524.0,5961261.0,2.0,Very disappointed with the quality.,Customer Service,Negative,2024-04-13
6146219.0,3298709387.0,22321208.0,4.0,Customer service was very helpful.,Delivery,Positive,2023-07-01
975325.0,8608686211.0,29689766.0,5.0,"Excellent quality, will buy again!",Product Quality,Positive,2023-07-27
5686022.0,5125482761.0,89531595.0,3.0,"Nothing to complain about, but nothing exceptional.",Delivery,Neutral,2023-05-28
1388194.0,7388146343.0,78806824.0,3.0,"Average experience, could improve.",App Experience,Neutral,2023-09-24
2357618.0,7064723322.0,19259955.0,4.0,Will definitely order again.,Customer Service,Positive,2023-10-15
1424791.0,1766291529.0,74682740.0,4.0,"Overall good experience, thank you!",App Experience,Positive,2024-07-12
7402766.0,8183491568.0,85074810.0,1.0,Product was damaged during delivery.,App Experience,Negative,2023-09-15
6352978.0,6419111681.0,19216141.0,5.0,Customer service was very helpful.,App Experience,Positive,2024-01-24
2192142.0,9193945481.0,28277304.0,5.0,"Excellent quality, will buy again!",Delivery,Positive,2024-08-22
4088403.0,3937750618.0,46504355.0,1.0,Very disappointed with the quality.,Customer Service,Negative,2023-08-26
9713941.0,2056682923.0,18940384.0,3.0,Product was damaged during delivery.,Delivery,Negative,2024-05-27
5434712.0,7229998672.0,41194825.0,5.0,Great prices and fast delivery!,Delivery,Positive,2023-09-10
1990660.0,7028582657.0,36578947.0,1.0,Taste was not as expected.,Product Quality,Negative,2024-11-01
2215592.0,1732091066.0,93018527.0,3.0,"It was okay, nothing special.",App Experience,Neutral,2024-05-12
480048.0,9389363975.0,35302195.0,4.0,The product met my expectations.,App Experience,Neutral,2024-01-08
9280509.0,9477050930.0,1449273.0,1.0,Very disappointed with the quality.,App Experience,Negative,2023-09-01
2675938.0,6808771388.0,88739922.0,3.0,Not worth the price I paid.,Customer Service,Negative,2024-04-29
8667318.0,7616458551.0,86294036.0,4.0,The product met my expectations.,Product Quality,Neutral,2023-05-05
394093.0,2784959025.0,59207798.0,3.0,Product was damaged during delivery.,Product Quality,Negative,2023-04-07
3288975.0,2716611235.0,85626346.0,2.0,Delivery was late and I was unhappy.,Delivery,Negative,2024-02-19
5988040.0,3797871396.0,5712468.0,1.0,I had a bad experience.,Delivery,Negative,2023-12-19
8020606.0,5895445193.0,39093069.0,5.0,Very fresh and well-packaged.,Customer Service,Positive,2023-09-18
8669148.0,5281640953.0,65396354.0,4.0,Very fresh and well-packaged.,Delivery,Positive,2024-05-19
5618564.0,9006387145.0,61226563.0,3.0,"It was okay, nothing special.",Product Quality,Neutral,2023-07-16
1884910.0,2015702046.0,46828932.0,4.0,"It was okay, nothing special.",Customer Service,Neutral,2023-05-17
5079562.0,9260334793.0,15487049.0,1.0,I had a bad experience.,Product Quality,Negative,2024-07-10
4717275.0,5912752928.0,29562254.0,1.0,Not worth the price I paid.,App Experience,Negative,2023-12-20
2365660.0,7691723645.0,93675757.0,3.0,The order was incorrect.,Customer Service,Negative,2024-08-04
2283634.0,9166904790.0,57674875.0,1.0,Product was damaged during delivery.,Customer Service,Negative,2024-01-19
5961183.0,1668797251.0,27698051.0,1.0,Customer service was not helpful.,Delivery,Negative,2023-05-18
1817774.0,3350348511.0,2442235.0,2.0,The packaging was poor.,Product Quality,Negative,2023-10-05
9781710.0,2475154947.0,13760839.0,3.0,The product met my expectations.,Product Quality,Neutral,2024-01-14
6386579.0,1348544692.0,72489544.0,5.0,Very fresh and well-packaged.,App Experience,Positive,2024-04-15
1013486.0,6770208707.0,8241122.0,3.0,Delivery was late and I was unhappy.,App Experience,Negative,2024-05-01
3947813.0,9500356395.0,99729547.0,3.0,Not worth the price I paid.,App Experience,Negative,2024-10-29
3620953.0,6280233997.0,1507408.0,3.0,The packaging was poor.,Customer Service,Negative,2023-08-23
5348.0,935645101.0,63368244.0,3.0,Not worth the price I paid.,Product Quality,Negative,2023-09-27
533771.0,3492077995.0,97466783.0,2.0,Customer service was not helpful.,App Experience,Negative,2023-06-24
1524390.0,6971044672.0,68985290.0,3.0,Very disappointed with the quality.,Product Quality,Negative,2024-03-21
9826488.0,9417710958.0,75892474.0,4.0,"Delivery was fine, but the product could be better.",App Experience,Neutral,2023-09-20
5771681.0,114851727.0,46875863.0,3.0,Taste was not as expected.,Delivery,Negative,2024-10-04
1561160.0,7521503340.0,65660660.0,1.0,Customer service was not helpful.,Product Quality,Negative,2024-05-30
3528912.0,7709878408.0,90745023.0,5.0,"Overall good experience, thank you!",Product Quality,Positive,2023-08-09
3762488.0,7941755463.0,19705695.0,3.0,Customer service was not helpful.,Customer Service,Negative,2024-09-30
1347524.0,4540271027.0,23126356.0,4.0,"Nothing to complain about, but nothing exceptional.",Delivery,Neutral,2024-05-14
714006.0,8022168472.0,70230254.0,4.0,"Delivery was fine, but the product could be better.",Delivery,Neutral,2024-02-20
4035590.0,3808358945.0,78014505.0,3.0,"It was okay, nothing special.",Customer Service,Neutral,2023-08-26
8509121.0,5112444865.0,45868300.0,4.0,"Excellent quality, will buy again!",Product Quality,Positive,2024-06-06
2629195.0,9965551056.0,33658749.0,3.0,Very disappointed with the quality.,Delivery,Negative,2023-06-24
4989853.0,7695708103.0,51119088.0,5.0,Will definitely order again.,Customer Service,Positive,2024-05-16
8098875.0,7022728237.0,21677923.0,4.0,Great prices and fast delivery!,Product Quality,Positive,2023-06-03
8667711.0,2062715135.0,13197985.0,1.0,Product was damaged during delivery.,App Experience,Negative,2024-08-20
3285644.0,3287815959.0,73061709.0,4.0,"It was okay, nothing special.",Delivery,Neutral,2024-08-09
5097936.0,9015471552.0,23081177.0,2.0,Very disappointed with the quality.,App Experience,Negative,2024-04-13
2339018.0,1595123446.0,30188374.0,4.0,Will definitely order again.,Customer Service,Positive,2024-02-27
6416336.0,4888577440.0,35237846.0,4.0,Highly recommended!,Product Quality,Positive,2024-05-19
3789341.0,9039053330.0,82425179.0,4.0,"Nothing to complain about, but nothing exceptional.",Customer Service,Neutral,2023-08-16
8064104.0,3091360904.0,59252433.0,4.0,"Overall good experience, thank you!",Delivery,Positive,2024-06-16
1252726.0,6821938492.0,90346920.0,4.0,"Overall good experience, thank you!",Delivery,Positive,2023-09-06
7032053.0,4553785640.0,94486311.0,3.0,"Nothing to complain about, but nothing exceptional.",Product Quality,Neutral,2024-08-13
4351782.0,4005611015.0,5763963.0,3.0,I had a bad experience.,Product Quality,Negative,2024-03-30
2613579.0,8480910658.0,73799927.0,4.0,"Overall good experience, thank you!",Product Quality,Positive,2023-08-28
1438649.0,1922667245.0,66252737.0,5.0,Highly recommended!,Product Quality,Positive,2023-09-24
7888565.0,379758677.0,54139038.0,3.0,Items were missing from my order.,Product Quality,Negative,2023-12-26
8993487.0,4903380842.0,71229024.0,1.0,The packaging was poor.,Delivery,Negative,2024-06-03
7394180.0,9244122658.0,1588560.0,5.0,"Overall good experience, thank you!",App Experience,Positive,2024-03-12
6412617.0,5054410467.0,49147776.0,4.0,The product met my expectations.,Product Quality,Neutral,2023-07-01
6198175.0,9877212995.0,30065862.0,1.0,Customer service was not helpful.,Delivery,Negative,2024-05-04
9766355.0,8375236356.0,22974816.0,3.0,The order was incorrect.,Delivery,Negative,2023-09-22
5492087.0,2652063230.0,24144240.0,4.0,"Average experience, could improve.",Customer Service,Neutral,2023-11-22
7607345.0,7258243894.0,72797175.0,5.0,Items were in perfect condition.,Delivery,Positive,2024-07-14
3115449.0,5980648426.0,23982977.0,2.0,The order was incorrect.,Customer Service,Negative,2023-12-15
2811451.0,365104159.0,19581959.0,3.0,Taste was not as expected.,App Experience,Negative,2023-11-27
8731726.0,7038005775.0,49617531.0,4.0,The product met my expectations.,Product Quality,Neutral,2023-07-02
5710913.0,1456792223.0,80875034.0,3.0,"It was okay, nothing special.",Customer Service,Neutral,2024-08-13
3219052.0,6673964264.0,34526442.0,3.0,The product met my expectations.,Delivery,Neutral,2024-10-18
974795.0,5780280518.0,74230420.0,2.0,Not worth the price I paid.,Customer Service,Negative,2024-08-23
7565756.0,6220137166.0,16485871.0,3.0,"Nothing to complain about, but nothing exceptional.",Customer Service,Neutral,2023-12-09
3219006.0,2615887425.0,18465047.0,5.0,Good selection of products.,Customer Service,Positive,2023-10-28
3005557.0,5610987488.0,85626346.0,5.0,"Overall good experience, thank you!",Product Quality,Positive,2023-08-14
4150095.0,6038240765.0,48002829.0,4.0,"Delivery was fine, but the product could be better.",Delivery,Neutral,2023-05-27
1503251.0,5004974422.0,83660688.0,5.0,Great prices and fast delivery!,Customer Service,Positive,2023-07-03
7376219.0,2349863203.0,20310720.0,4.0,Very happy with the service!,Delivery,Positive,2023-12-20
2313608.0,9487956261.0,62600289.0,5.0,"Excellent quality, will buy again!",Product Quality,Positive,2023-07-25
8268690.0,7169945062.0,32830199.0,3.0,"Nothing to complain about, but nothing exceptional.",Delivery,Neutral,2023-06-14
2128705.0,5393866026.0,13164195.0,3.0,"Nothing to complain about, but nothing exceptional.",Delivery,Neutral,2023-04-10
445517.0,7266772806.0,79942821.0,1.0,Very disappointed with the quality.,App Experience,Negative,2024-09-06
4055107.0,2411227007.0,46875863.0,2.0,Not worth the price I paid.,Delivery,Negative,2024-06-09
6100772.0,960728650.0,34526570.0,2.0,Delivery was late and I was unhappy.,App Experience,Negative,2023-04-16
5510018.0,2326500581.0,24308515.0,2.0,Customer service was not helpful.,App Experience,Negative,2024-07-21
5001104.0,9489310879.0,42989999.0,5.0,Very fresh and well-packaged.,Customer Service,Positive,2024-10-15
2940619.0,2341242955.0,8228843.0,2.0,Not worth the price I paid.,Customer Service,Negative,2024-01-12
9559017.0,1023485121.0,63310076.0,3.0,The product met my expectations.,Delivery,Neutral,2024-02-11
7129375.0,9742218709.0,83412446.0,3.0,The product met my expectations.,Product Quality,Neutral,2024-09-25
7580961.0,9039933820.0,69219122.0,5.0,"Overall good experience, thank you!",Delivery,Positive,2023-12-09
1278370.0,1391881327.0,50557979.0,1.0,Customer service was not helpful.,Customer Service,Negative,2024-07-01
4795324.0,3360648053.0,2584499.0,3.0,The order was incorrect.,Delivery,Negative,2023-05-15
4483833.0,9758418980.0,69219122.0,3.0,The product met my expectations.,Customer Service,Neutral,2023-07-05
4057033.0,9859459525.0,67952740.0,4.0,The product met my expectations.,Delivery,Neutral,2023-07-13
8698468.0,6924226309.0,62526567.0,4.0,"Delivery was fine, but the product could be better.",Product Quality,Neutral,2024-09-27
1143416.0,7672052920.0,20238921.0,1.0,Items were missing from my order.,App Experience,Negative,2023-12-07
1026588.0,4597359399.0,57967753.0,5.0,Very happy with the service!,App Experience,Positive,2024-09-20
3490538.0,665402174.0,51557673.0,3.0,"Average experience, could improve.",Delivery,Neutral,2024-04-16
8338891.0,3986082657.0,49152878.0,1.0,The packaging was poor.,App Experience,Negative,2024-02-17
3000338.0,4275746826.0,44410149.0,4.0,Customer service was very helpful.,Delivery,Positive,2024-03-05
5292502.0,525864604.0,33651554.0,4.0,"Average experience, could improve.",Delivery,Neutral,2024-03-24
1665925.0,4473658819.0,376144.0,3.0,The packaging was poor.,Customer Service,Negative,2023-12-05
1231699.0,8824559505.0,88553721.0,5.0,Items were in perfect condition.,Product Quality,Positive,2024-08-14
6226960.0,1824646473.0,51670882.0,1.0,Items were missing from my order.,Delivery,Negative,2023-04-02
231413.0,776389097.0,10797688.0,3.0,"Delivery was fine, but the product could be better.",App Experience,Neutral,2024-02-10
4655561.0,4908634706.0,88223261.0,4.0,The product met my expectations.,App Experience,Neutral,2023-10-15
1323031.0,3516204561.0,64562786.0,3.0,The product met my expectations.,Customer Service,Neutral,2023-09-09
191717.0,9510792757.0,625395.0,1.0,Product was damaged during delivery.,Product Quality,Negative,2023-11-04
2977955.0,3504903228.0,31776996.0,4.0,Great prices and fast delivery!,Product Quality,Positive,2023-06-30
4376640.0,3438202422.0,43860025.0,4.0,Very fresh and well-packaged.,Customer Service,Positive,2023-10-08
6011954.0,3007616042.0,77869660.0,2.0,The packaging was poor.,Customer Service,Negative,2024-07-14
633398.0,4656199468.0,13581527.0,1.0,Taste was not as expected.,Delivery,Negative,2023-10-29
7594075.0,6994560237.0,96109948.0,5.0,Very happy with the service!,Customer Service,Positive,2024-07-03
872521.0,8442552565.0,12851610.0,3.0,"Delivery was fine, but the product could be better.",Delivery,Neutral,2023-11-05
3422410.0,414299117.0,41008070.0,4.0,"It was okay, nothing special.",App Experience,Neutral,2023-07-28
1241527.0,8146956033.0,44888581.0,3.0,Very disappointed with the quality.,Customer Service,Negative,2024-08-10
7857610.0,7919748594.0,75213636.0,4.0,Very fresh and well-packaged.,App Experience,Positive,2024-09-20
4005586.0,7834171020.0,52915166.0,1.0,Items were missing from my order.,Product Quality,Negative,2024-01-04
2793107.0,3735968672.0,211163.0,4.0,Will definitely order again.,Customer Service,Positive,2023-12-22
8325609.0,3864051985.0,31776996.0,3.0,The product met my expectations.,Product Quality,Neutral,2024-04-06
4854840.0,8299074079.0,59930550.0,5.0,Good selection of products.,Customer Service,Positive,2024-06-08
9768670.0,891333736.0,96853930.0,5.0,Will definitely order again.,App Experience,Positive,2023-09-24
1808084.0,2874220576.0,99734256.0,2.0,The order was incorrect.,Delivery,Negative,2023-10-04
2521183.0,6375536946.0,94430842.0,3.0,The product met my expectations.,App Experience,Neutral,2024-01-10
1796471.0,1966054573.0,31389750.0,5.0,"Overall good experience, thank you!",App Experience,Positive,2023-05-09
9877604.0,1565942558.0,40858753.0,2.0,The packaging was poor.,App Experience,Negative,2024-08-04
743982.0,4624281313.0,11493380.0,1.0,Not worth the price I paid.,Product Quality,Negative,2024-10-22
4749424.0,6884010758.0,22210238.0,4.0,Items were in perfect condition.,Product Quality,Positive,2024-04-27
2540547.0,4351744653.0,9423628.0,3.0,Customer service was not helpful.,Customer Service,Negative,2023-04-03
6414140.0,8698000932.0,43519553.0,1.0,The order was incorrect.,Customer Service,Negative,2024-05-28
2694037.0,3844380421.0,6344345.0,3.0,"It was okay, nothing special.",Customer Service,Neutral,2023-10-19
7498989.0,7105842598.0,99707100.0,1.0,Not worth the price I paid.,Customer Service,Negative,2023-08-24
8467925.0,8993722297.0,69088723.0,1.0,Very disappointed with the quality.,Customer Service,Negative,2023-07-04
4821323.0,2929439019.0,63858550.0,2.0,Taste was not as expected.,Customer Service,Negative,2023-10-28
6426351.0,1661854320.0,79169760.0,1.0,Items were missing from my order.,Product Quality,Negative,2024-09-28
9119649.0,3082165628.0,49617892.0,1.0,Not worth the price I paid.,App Experience,Negative,2023-05-02
3678115.0,1745045814.0,88532418.0,5.0,Items were in perfect condition.,Product Quality,Positive,2023-11-30
3628101.0,813387880.0,92455970.0,4.0,"Delivery was fine, but the product could be better.",Customer Service,Neutral,2023-07-08
1478542.0,8189879400.0,66427343.0,5.0,Customer service was very helpful.,Customer Service,Positive,2023-11-16
7724959.0,8465045467.0,13604883.0,5.0,Great prices and fast delivery!,Customer Service,Positive,2024-05-01
4273988.0,9232350528.0,4055790.0,4.0,"Excellent quality, will buy again!",App Experience,Positive,2023-10-03
1138993.0,1728666371.0,23126356.0,4.0,The product met my expectations.,App Experience,Neutral,2024-05-12
4577854.0,6131815766.0,65514005.0,4.0,"Delivery was fine, but the product could be better.",Product Quality,Neutral,2023-03-18
1563690.0,6438773635.0,67302239.0,5.0,Customer service was very helpful.,Delivery,Positive,2024-07-19
3085567.0,6912676966.0,29324437.0,4.0,"Average experience, could improve.",Product Quality,Neutral,2023-06-10
9790734.0,2840314717.0,26432512.0,5.0,"Excellent quality, will buy again!",Customer Service,Positive,2023-06-27
268937.0,9508359721.0,3002538.0,4.0,"It was okay, nothing special.",App Experience,Neutral,2024-08-24
4167530.0,2244679313.0,4458329.0,3.0,"It was okay, nothing special.",Customer Service,Neutral,2024-08-05
3948338.0,9407544177.0,66310963.0,4.0,The product met my expectations.,Delivery,Neutral,2024-11-03
540592.0,2528398796.0,87889031.0,3.0,Not worth the price I paid.,Product Quality,Negative,2023-04-07
6686488.0,9464988762.0,13567338.0,3.0,"Nothing to complain about, but nothing exceptional.",Product Quality,Neutral,2023-10-02
5820841.0,6373867899.0,66655397.0,5.0,Great prices and fast delivery!,Delivery,Positive,2023-11-08
382913.0,4028185110.0,4789829.0,4.0,"It was okay, nothing special.",Delivery,Neutral,2023-04-25
6988923.0,9717018638.0,73679086.0,3.0,"Average experience, could improve.",Delivery,Neutral,2024-07-13
2677176.0,4898477588.0,66766629.0,3.0,The order was incorrect.,Product Quality,Negative,2024-02-15
8224785.0,4723165081.0,29562254.0,3.0,"Average experience, could improve.",Product Quality,Neutral,2024-02-02
663206.0,2845954128.0,31324823.0,4.0,"Average experience, could improve.",Product Quality,Neutral,2024-07-04
7508992.0,23158044.0,31681710.0,4.0,"It was okay, nothing special.",Delivery,Neutral,2023-05-19
7693398.0,1486548042.0,13465850.0,1.0,The packaging was poor.,Customer Service,Negative,2023-10-12
833352.0,708351411.0,69762479.0,3.0,Not worth the price I paid.,Customer Service,Negative,2023-10-16
5012056.0,5512110908.0,40192266.0,4.0,"Nothing to complain about, but nothing exceptional.",Customer Service,Neutral,2023-11-22
199155.0,2295441899.0,58644651.0,4.0,Items were in perfect condition.,Delivery,Positive,2024-02-18
3855515.0,4867173151.0,35885052.0,3.0,"Nothing to complain about, but nothing exceptional.",Customer Service,Neutral,2023-10-24
6280160.0,4635037652.0,69925688.0,4.0,"Nothing to complain about, but nothing exceptional.",Customer Service,Neutral,2024-01-23
5005454.0,2209259378.0,86995126.0,4.0,"It was okay, nothing special.",Customer Service,Neutral,2023-12-23
7777342.0,4079286483.0,22227829.0,4.0,Great prices and fast delivery!,App Experience,Positive,2023-05-19
8958720.0,9506078962.0,27336589.0,4.0,"Nothing to complain about, but nothing exceptional.",Customer Service,Neutral,2024-07-05
3276632.0,6894691072.0,83577942.0,1.0,The packaging was poor.,Customer Service,Negative,2024-03-22
6397248.0,4481256065.0,66499992.0,3.0,I had a bad experience.,App Experience,Negative,2024-04-04
6397824.0,5050919809.0,46885873.0,3.0,"Nothing to complain about, but nothing exceptional.",Product Quality,Neutral,2024-05-13
234514.0,1328085383.0,67538982.0,5.0,Very happy with the service!,App Experience,Positive,2023-05-11
5723311.0,5382246981.0,87266309.0,4.0,Good selection of products.,Customer Service,Positive,2023-08-30
1869090.0,5647827263.0,96171594.0,3.0,"Nothing to complain about, but nothing exceptional.",App Experience,Neutral,2024-05-07
9966788.0,9244268951.0,64316806.0,4.0,Items were in perfect condition.,Delivery,Positive,2023-10-30
8905833.0,6217777735.0,12059049.0,4.0,"Average experience, could improve.",Delivery,Neutral,2024-07-22
1411292.0,3682639473.0,99301505.0,4.0,"Overall good experience, thank you!",Delivery,Positive,2023-11-21
2074108.0,3859331666.0,23676689.0,4.0,Highly recommended!,Customer Service,Positive,2023-07-02
6640879.0,7971689217.0,64932019.0,4.0,Very happy with the service!,Product Quality,Positive,2023-10-18
2975338.0,6822492679.0,98540377.0,1.0,Product was damaged during delivery.,Product Quality,Negative,2023-07-28
3776189.0,7211194993.0,16561710.0,3.0,Not worth the price I paid.,Customer Service,Negative,2023-09-04
2800790.0,461485679.0,4594944.0,3.0,The order was incorrect.,Customer Service,Negative,2023-08-08
7514619.0,3209732414.0,87335844.0,3.0,The product met my expectations.,Customer Service,Neutral,2024-04-18
8647784.0,6537694730.0,75490147.0,5.0,Customer service was very helpful.,Customer Service,Positive,2024-08-15
8682044.0,7653097776.0,63184222.0,5.0,Will definitely order again.,Delivery,Positive,2023-07-16
6006567.0,4928556641.0,97475543.0,4.0,Very fresh and well-packaged.,Delivery,Positive,2023-09-19
2218002.0,5905518100.0,86995126.0,2.0,Delivery was late and I was unhappy.,App Experience,Negative,2023-09-25
375376.0,8337948336.0,25706121.0,3.0,"Delivery was fine, but the product could be better.",App Experience,Neutral,2023-07-04
5584189.0,8814435884.0,69908484.0,4.0,Customer service was very helpful.,Delivery,Positive,2024-08-11
4523234.0,6645415772.0,64906311.0,4.0,Will definitely order again.,Delivery,Positive,2024-07-02
20698.0,5274039950.0,87059497.0,4.0,"Nothing to complain about, but nothing exceptional.",App Experience,Neutral,2023-12-14
698204.0,7404052550.0,45166203.0,4.0,Very happy with the service!,Delivery,Positive,2023-09-13
2576444.0,8179058864.0,76970363.0,4.0,Will definitely order again.,App Experience,Positive,2023-05-18
7142181.0,5195997912.0,29562072.0,3.0,The product met my expectations.,Customer Service,Neutral,2024-07-20
5311710.0,3320194259.0,68219091.0,2.0,Customer service was not helpful.,Delivery,Negative,2023-12-07
2841360.0,8185684967.0,46686696.0,4.0,Customer service was very helpful.,Delivery,Positive,2023-05-05
831600.0,2324568019.0,59677346.0,5.0,"Overall good experience, thank you!",Customer Service,Positive,2023-07-06
7346559.0,3522645150.0,22483684.0,4.0,"Excellent quality, will buy again!",Product Quality,Positive,2023-05-16
8973364.0,4510488834.0,90586443.0,5.0,Items were in perfect condition.,Product Quality,Positive,2024-09-08
5334677.0,9433427403.0,46848302.0,3.0,Very disappointed with the quality.,App Experience,Negative,2023-05-17
9285230.0,8065436106.0,5763963.0,4.0,"Delivery was fine, but the product could be better.",Product Quality,Neutral,2024-01-22
5063458.0,846586265.0,10418604.0,4.0,The product met my expectations.,App Experience,Neutral,2023-07-02
1989482.0,4337013612.0,30823988.0,4.0,"Excellent quality, will buy again!",App Experience,Positive,2023-05-15
5965876.0,8916023990.0,3588443.0,2.0,I had a bad experience.,Customer Service,Negative,2024-05-18
3913389.0,6018805430.0,35358395.0,1.0,Very disappointed with the quality.,Delivery,Negative,2023-09-04
6582203.0,2676353168.0,25595836.0,2.0,Customer service was not helpful.,Delivery,Negative,2024-09-10
7118563.0,1069724600.0,10945990.0,5.0,Highly recommended!,Customer Service,Positive,2023-07-26
1691834.0,5503476312.0,36774480.0,4.0,"Delivery was fine, but the product could be better.",App Experience,Neutral,2024-06-16
6646276.0,4439677910.0,91791128.0,2.0,Delivery was late and I was unhappy.,App Experience,Negative,2024-02-26
7399435.0,8045361592.0,16543242.0,4.0,Items were in perfect condition.,Delivery,Positive,2024-10-11
2515393.0,1873731593.0,20209237.0,3.0,"It was okay, nothing special.",App Experience,Neutral,2023-11-24
1130375.0,1126011099.0,53557741.0,4.0,"Overall good experience, thank you!",App Experience,Positive,2024-02-21
7355876.0,4100626744.0,15484407.0,3.0,Items were missing from my order.,Delivery,Negative,2024-10-21
6190656.0,8616880376.0,16256136.0,4.0,Good selection of products.,Delivery,Positive,2024-03-18
4412931.0,1427911940.0,20634789.0,3.0,The product met my expectations.,Delivery,Neutral,2024-02-24
6675115.0,4416398885.0,10945990.0,5.0,"Overall good experience, thank you!",Customer Service,Positive,2024-10-22
2407418.0,2584579895.0,94713625.0,5.0,Highly recommended!,Delivery,Positive,2024-01-12
7066125.0,7770651576.0,87266309.0,5.0,Will definitely order again.,App Experience,Positive,2023-09-04
2322170.0,3705985582.0,34897081.0,2.0,I had a bad experience.,Customer Service,Negative,2023-08-19
7991991.0,5160295213.0,22133362.0,4.0,"Delivery was fine, but the product could be better.",Customer Service,Neutral,2024-01-25
9876858.0,4374285559.0,53399500.0,3.0,"Nothing to complain about, but nothing exceptional.",Product Quality,Neutral,2024-09-02
6182235.0,9096638812.0,70243933.0,1.0,Not worth the price I paid.,App Experience,Negative,2023-12-05
2444490.0,2888179397.0,51341672.0,3.0,"Nothing to complain about, but nothing exceptional.",Delivery,Neutral,2023-08-26
5272684.0,3387165389.0,376144.0,1.0,The order was incorrect.,App Experience,Negative,2024-07-14
3470898.0,1925647539.0,13424885.0,4.0,Items were in perfect condition.,Product Quality,Positive,2023-08-14
9948786.0,6160848562.0,59769142.0,4.0,Will definitely order again.,Delivery,Positive,2023-09-10
1675986.0,2343495895.0,2584499.0,3.0,The product met my expectations.,Delivery,Neutral,2024-08-04
8195141.0,8812220964.0,66742602.0,3.0,Product was damaged during delivery.,Product Quality,Negative,2023-08-29
6557105.0,8640364495.0,51670882.0,1.0,The order was incorrect.,App Experience,Negative,2023-05-13
728842.0,4610687284.0,27698051.0,3.0,Items were missing from my order.,Delivery,Negative,2023-09-26
205642.0,189431942.0,58115779.0,3.0,Product was damaged during delivery.,Customer Service,Negative,2024-01-23
8510700.0,1746826454.0,36462363.0,1.0,Very disappointed with the quality.,App Experience,Negative,2024-01-05
8318822.0,948345459.0,66629497.0,5.0,Great prices and fast delivery!,Product Quality,Positive,2024-03-23
7787531.0,9959881029.0,35782051.0,4.0,"Nothing to complain about, but nothing exceptional.",Delivery,Neutral,2024-09-30
3208756.0,621213006.0,43377076.0,4.0,Good selection of products.,App Experience,Positive,2024-07-22
8332542.0,1772464528.0,66655397.0,3.0,"Nothing to complain about, but nothing exceptional.",Delivery,Neutral,2023-09-07
213163.0,7732863862.0,89476734.0,3.0,I had a bad experience.,Product Quality,Negative,2023-08-02
8800771.0,3064828239.0,6186471.0,4.0,Will definitely order again.,Delivery,Positive,2024-02-18
4984915.0,6363526452.0,53292177.0,3.0,"Nothing to complain about, but nothing exceptional.",Product Quality,Neutral,2023-10-10
4442482.0,6988011282.0,74212242.0,4.0,"Overall good experience, thank you!",Product Quality,Positive,2024-10-30
6634230.0,8523250818.0,77673290.0,4.0,"Overall good experience, thank you!",App Experience,Positive,2024-02-11
2070800.0,5595210484.0,93507573.0,4.0,"Overall good experience, thank you!",Delivery,Positive,2023-05-17
4753532.0,1461081366.0,13604883.0,3.0,"Nothing to complain about, but nothing exceptional.",App Experience,Neutral,2024-08-15
2916512.0,4922364507.0,79628054.0,4.0,Great prices and fast delivery!,Delivery,Positive,2024-07-06
3966870.0,6597871211.0,59815512.0,4.0,"It was okay, nothing special.",Product Quality,Neutral,2024-05-03
3793719.0,2719816862.0,85074810.0,2.0,Not worth the price I paid.,Product Quality,Negative,2024-09-20
5195829.0,9830788650.0,87160527.0,5.0,"Excellent quality, will buy again!",Customer Service,Positive,2023-07-07
3410299.0,140980199.0,27504517.0,3.0,"Average experience, could improve.",Customer Service,Neutral,2024-03-05
8221229.0,7595842583.0,90150193.0,1.0,Very disappointed with the quality.,Product Quality,Negative,2024-02-24
4122440.0,2390228992.0,46699982.0,4.0,Highly recommended!,Customer Service,Positive,2023-07-31
9291890.0,8178738469.0,95873651.0,3.0,"Average experience, could improve.",Delivery,Neutral,2023-06-12
6532844.0,9964671001.0,79591237.0,4.0,"Overall good experience, thank you!",Delivery,Positive,2024-03-14
9854565.0,1258689954.0,89886179.0,4.0,"Delivery was fine, but the product could be better.",Delivery,Neutral,2024-03-31
1918099.0,4647158015.0,13461704.0,4.0,"Nothing to complain about, but nothing exceptional.",Customer Service,Neutral,2023-11-18
3551265.0,2382974038.0,83610315.0,4.0,The product met my expectations.,Customer Service,Neutral,2024-05-16
1279690.0,3663827875.0,28499191.0,4.0,"Average experience, could improve.",Product Quality,Neutral,2023-11-02
9556216.0,6501113916.0,22210238.0,5.0,Customer service was very helpful.,Product Quality,Positive,2024-01-07
5373570.0,3300719369.0,32830199.0,2.0,Delivery was late and I was unhappy.,Product Quality,Negative,2024-05-25
2537624.0,3239722852.0,26935187.0,3.0,The product met my expectations.,Customer Service,Neutral,2023-07-02
9887729.0,6694899030.0,36142455.0,5.0,Very fresh and well-packaged.,App Experience,Positive,2024-09-21
8362169.0,992895707.0,18259715.0,4.0,Will definitely order again.,Customer Service,Positive,2023-05-14
5411652.0,8432150432.0,9650263.0,3.0,"It was okay, nothing special.",Customer Service,Neutral,2024-05-11
1186736.0,6220520171.0,42366724.0,3.0,Very disappointed with the quality.,Delivery,Negative,2023-12-01
2490613.0,735608722.0,3292927.0,4.0,"Average experience, could improve.",Customer Service,Neutral,2024-06-08
5797232.0,7303161073.0,98444183.0,4.0,Good selection of products.,Delivery,Positive,2024-03-15
7489765.0,9783380107.0,70976153.0,5.0,Customer service was very helpful.,Delivery,Positive,2024-06-09
205948.0,3835886077.0,8384106.0,4.0,"Nothing to complain about, but nothing exceptional.",Customer Service,Neutral,2023-11-19
6177173.0,8140652447.0,11705793.0,1.0,Taste was not as expected.,Delivery,Negative,2024-04-15
7037520.0,6412390967.0,66023110.0,3.0,"Nothing to complain about, but nothing exceptional.",App Experience,Neutral,2024-02-03
7693454.0,6688575911.0,48943848.0,3.0,The product met my expectations.,Delivery,Neutral,2023-12-26
5826968.0,3890111511.0,68965787.0,3.0,"Delivery was fine, but the product could be better.",Product Quality,Neutral,2024-09-10
2538635.0,5145256852.0,57770044.0,3.0,"Delivery was fine, but the product could be better.",Customer Service,Neutral,2024-09-10
7143670.0,7375057413.0,12799092.0,2.0,Items were missing from my order.,Delivery,Negative,2023-05-17
6712892.0,3047491006.0,61182897.0,1.0,Taste was not as expected.,Product Quality,Negative,2024-09-21
8344886.0,7715738110.0,81605722.0,3.0,"It was okay, nothing special.",App Experience,Neutral,2023-05-10
7839999.0,6191554160.0,77869660.0,1.0,Delivery was late and I was unhappy.,Delivery,Negative,2023-07-20
9792021.0,896919031.0,42366724.0,4.0,"Average experience, could improve.",Product Quality,Neutral,2024-10-08
4999738.0,1535818185.0,99772709.0,4.0,Very happy with the service!,Product Quality,Positive,2024-05-03
8241950.0,4428830794.0,701493.0,4.0,"It was okay, nothing special.",Delivery,Neutral,2024-06-18
3341226.0,3610035622.0,20956158.0,1.0,The packaging was poor.,App Experience,Negative,2024-04-04
1649092.0,8674445072.0,50080663.0,1.0,The packaging was poor.,Product Quality,Negative,2024-08-04
6661876.0,9623704312.0,38613295.0,3.0,"Nothing to complain about, but nothing exceptional.",Product Quality,Neutral,2024-02-24
3478248.0,7786002894.0,30373140.0,2.0,Not worth the price I paid.,Product Quality,Negative,2023-12-21
2807274.0,3264409553.0,70976153.0,3.0,The packaging was poor.,App Experience,Negative,2023-03-30
2009787.0,7736534043.0,22915611.0,3.0,Taste was not as expected.,Customer Service,Negative,2023-05-28
3375739.0,5936596117.0,67729191.0,5.0,Very happy with the service!,Customer Service,Positive,2024-10-25
9271891.0,1980087245.0,38875754.0,3.0,"Nothing to complain about, but nothing exceptional.",Delivery,Neutral,2023-06-16
1601958.0,8861557989.0,52913011.0,3.0,"Delivery was fine, but the product could be better.",App Experience,Neutral,2024-08-25
9515364.0,6702391437.0,13130974.0,5.0,"Overall good experience, thank you!",Delivery,Positive,2024-01-21
1873791.0,6385452188.0,38875754.0,3.0,"Nothing to complain about, but nothing exceptional.",App Experience,Neutral,2024-06-04
7323771.0,8813216380.0,85177880.0,1.0,Very disappointed with the quality.,App Experience,Negative,2024-10-09
9221474.0,5563712992.0,4597433.0,5.0,"Overall good experience, thank you!",Delivery,Positive,2024-01-11
7806868.0,966468552.0,70459847.0,1.0,The packaging was poor.,App Experience,Negative,2023-06-24
5037523.0,4368529506.0,76327561.0,5.0,Good selection of products.,Delivery,Positive,2024-06-30
7565757.0,3777009463.0,25829710.0,3.0,"Delivery was fine, but the product could be better.",Delivery,Neutral,2024-09-01
6645152.0,3560912801.0,20163931.0,3.0,"It was okay, nothing special.",Product Quality,Neutral,2024-09-09
9536517.0,1741224538.0,90621147.0,4.0,The product met my expectations.,Product Quality,Neutral,2023-03-29
2346852.0,4579251445.0,1507408.0,4.0,"It was okay, nothing special.",Delivery,Neutral,2023-08-28
6487583.0,3438127101.0,59141605.0,4.0,The product met my expectations.,Product Quality,Neutral,2023-11-27
4318185.0,9741958794.0,13164195.0,3.0,Very disappointed with the quality.,Product Quality,Negative,2024-08-20
6749864.0,882082341.0,75828735.0,3.0,Taste was not as expected.,App Experience,Negative,2024-10-10
7977109.0,3629321763.0,79369660.0,4.0,"Delivery was fine, but the product could be better.",App Experience,Neutral,2024-08-06
4035300.0,888938572.0,12695670.0,3.0,The order was incorrect.,Product Quality,Negative,2023-04-02
3416664.0,5263181887.0,90150193.0,5.0,Will definitely order again.,App Experience,Positive,2024-09-28
4994356.0,7071557807.0,19375332.0,1.0,Taste was not as expected.,Product Quality,Negative,2024-04-29
7738248.0,6888804296.0,2442235.0,3.0,"Delivery was fine, but the product could be better.",Delivery,Neutral,2024-10-24
8235897.0,814182718.0,65134271.0,3.0,"Nothing to complain about, but nothing exceptional.",Customer Service,Neutral,2023-11-17
2665736.0,3513524740.0,1301661.0,1.0,Very disappointed with the quality.,Customer Service,Negative,2024-07-03
116275.0,1234169434.0,22112867.0,1.0,The order was incorrect.,Customer Service,Negative,2023-10-17
828944.0,2577990012.0,71902700.0,3.0,Not worth the price I paid.,Delivery,Negative,2023-09-22
3719505.0,8446065263.0,79773912.0,5.0,Good selection of products.,Delivery,Positive,2023-11-15
6904125.0,4220970302.0,90621147.0,2.0,Product was damaged during delivery.,App Experience,Negative,2024-11-01
2563916.0,5712516128.0,11503405.0,1.0,I had a bad experience.,Product Quality,Negative,2023-07-14
5850548.0,807167715.0,26521850.0,2.0,I had a bad experience.,Product Quality,Negative,2024-08-28
5284164.0,213972345.0,71252391.0,4.0,"Nothing to complain about, but nothing exceptional.",Product Quality,Neutral,2024-06-14
3590678.0,1013762407.0,51174875.0,3.0,"Nothing to complain about, but nothing exceptional.",App Experience,Neutral,2024-10-19
1431116.0,5234194751.0,14207332.0,4.0,Very happy with the service!,App Experience,Positive,2024-02-19
4272503.0,1389077693.0,37947202.0,3.0,Items were missing from my order.,Customer Service,Negative,2023-06-27
4186992.0,1895143216.0,43295656.0,3.0,"Delivery was fine, but the product could be better.",Customer Service,Neutral,2023-03-25
3386806.0,3667250123.0,7728406.0,2.0,Very disappointed with the quality.,Product Quality,Negative,2024-03-04
7971835.0,6430529802.0,6459100.0,2.0,Items were missing from my order.,Customer Service,Negative,2023-07-23
1968694.0,4856277700.0,67729191.0,3.0,The product met my expectations.,Delivery,Neutral,2023-08-17
3561233.0,1492403962.0,11389698.0,4.0,Highly recommended!,Delivery,Positive,2023-07-09
8534841.0,4348167632.0,93675757.0,4.0,"Average experience, could improve.",App Experience,Neutral,2023-11-29
7460561.0,3682471195.0,90856813.0,2.0,Taste was not as expected.,Delivery,Negative,2023-12-06
5385199.0,6888837939.0,67708491.0,4.0,"It was okay, nothing special.",Customer Service,Neutral,2024-03-27
9718178.0,2278004109.0,99301505.0,4.0,"Delivery was fine, but the product could be better.",App Experience,Neutral,2024-09-01
5010171.0,7471013149.0,46185579.0,1.0,Delivery was late and I was unhappy.,App Experience,Negative,2024-10-13
2999329.0,755745232.0,3844290.0,4.0,"It was okay, nothing special.",App Experience,Neutral,2024-10-02
6926602.0,2963187161.0,91448742.0,4.0,Good selection of products.,Customer Service,Positive,2024-06-18
2002167.0,3980591844.0,96903782.0,4.0,Very fresh and well-packaged.,Product Quality,Positive,2023-06-20
711431.0,9960808976.0,78748184.0,4.0,"Overall good experience, thank you!",App Experience,Positive,2024-04-08
1393032.0,8740552000.0,34095555.0,5.0,"Excellent quality, will buy again!",Delivery,Positive,2023-05-16
7435143.0,9230099449.0,60319216.0,4.0,The product met my expectations.,Customer Service,Neutral,2023-05-08
4136987.0,4277432248.0,91408854.0,1.0,Delivery was late and I was unhappy.,Product Quality,Negative,2023-05-10
6664050.0,3624765984.0,36400756.0,2.0,Delivery was late and I was unhappy.,App Experience,Negative,2023-12-11
2953364.0,8533110341.0,10524732.0,3.0,The product met my expectations.,Delivery,Neutral,2023-06-14
5687390.0,5036664068.0,2667357.0,3.0,"It was okay, nothing special.",Product Quality,Neutral,2023-11-06
415485.0,9989636336.0,191616.0,3.0,Delivery was late and I was unhappy.,Product Quality,Negative,2024-05-24
575957.0,2843642858.0,46208150.0,4.0,Highly recommended!,Delivery,Positive,2024-03-14
51332.0,7510849424.0,82585664.0,4.0,"Delivery was fine, but the product could be better.",Customer Service,Neutral,2024-03-08
2844579.0,8744806310.0,8395343.0,2.0,Not worth the price I paid.,Delivery,Negative,2023-07-03
1882765.0,7605774154.0,6150721.0,5.0,"Excellent quality, will buy again!",Customer Service,Positive,2024-02-02
206837.0,6904233594.0,65514005.0,3.0,"Nothing to complain about, but nothing exceptional.",Customer Service,Neutral,2024-08-09
6139293.0,6371336060.0,8241122.0,1.0,Customer service was not helpful.,Product Quality,Negative,2024-07-21
8796279.0,8137624530.0,22210238.0,3.0,"Nothing to complain about, but nothing exceptional.",App Experience,Neutral,2023-10-25
5825320.0,9131474241.0,98246574.0,1.0,Delivery was late and I was unhappy.,Product Quality,Negative,2024-10-18
271310.0,7413772322.0,98709982.0,4.0,"Nothing to complain about, but nothing exceptional.",Customer Service,Neutral,2023-06-12
8078398.0,9400852015.0,44149982.0,4.0,The product met my expectations.,Product Quality,Neutral,2024-07-01
1650064.0,4867437863.0,13164195.0,5.0,Great prices and fast delivery!,Delivery,Positive,2024-01-25
9279964.0,4219458877.0,87222820.0,5.0,Very happy with the service!,Product Quality,Positive,2023-12-27
7270078.0,35135941.0,28205701.0,4.0,The product met my expectations.,App Experience,Neutral,2024-07-29
5588336.0,4754258275.0,10019218.0,3.0,Very disappointed with the quality.,Delivery,Negative,2023-09-16
557592.0,9195687538.0,74548003.0,3.0,The packaging was poor.,Delivery,Negative,2024-01-06
3031164.0,344554037.0,78847070.0,4.0,"Excellent quality, will buy again!",Customer Service,Positive,2023-11-10
3346471.0,7503255456.0,82948843.0,4.0,Highly recommended!,Delivery,Positive,2023-08-03
1259964.0,5903638531.0,78209683.0,3.0,Not worth the price I paid.,Customer Service,Negative,2023-05-02
3838759.0,1670694517.0,92356639.0,3.0,"It was okay, nothing special.",Product Quality,Neutral,2024-08-09
8896134.0,2369121788.0,60062501.0,4.0,"Nothing to complain about, but nothing exceptional.",Delivery,Neutral,2024-05-28
5172688.0,6012082951.0,88866835.0,5.0,Items were in perfect condition.,Customer Service,Positive,2023-05-17
7708785.0,3675914158.0,89361574.0,4.0,Highly recommended!,Customer Service,Positive,2024-03-08
3454505.0,1396605672.0,20956158.0,4.0,Customer service was very helpful.,Customer Service,Positive,2024-01-07
9886489.0,4260996213.0,77035814.0,5.0,Good selection of products.,Product Quality,Positive,2023-04-12
7861041.0,4749534376.0,53100521.0,4.0,"Average experience, could improve.",App Experience,Neutral,2024-05-19
4863033.0,6095091385.0,34839913.0,4.0,The product met my expectations.,Customer Service,Neutral,2024-07-11
5285441.0,1131338162.0,21201299.0,4.0,Will definitely order again.,App Experience,Positive,2024-02-03
5590922.0,6100236720.0,83660688.0,1.0,Items were missing from my order.,Delivery,Negative,2023-08-24
3335234.0,3363683548.0,43367112.0,3.0,The product met my expectations.,Delivery,Neutral,2024-02-09
8789199.0,8721540965.0,38902882.0,3.0,Delivery was late and I was unhappy.,Customer Service,Negative,2024-07-05
5146498.0,1712456261.0,90448312.0,3.0,The product met my expectations.,Product Quality,Neutral,2023-10-15
2778397.0,760930025.0,49756591.0,1.0,The order was incorrect.,App Experience,Negative,2023-06-19
3066201.0,5652465358.0,57523973.0,4.0,Highly recommended!,App Experience,Positive,2024-06-17
6078994.0,3580915899.0,87954926.0,2.0,Product was damaged during delivery.,Product Quality,Negative,2023-10-23
6732189.0,1174382816.0,773410.0,3.0,"It was okay, nothing special.",Customer Service,Neutral,2024-08-14
9193816.0,3200474667.0,15631726.0,3.0,Very disappointed with the quality.,App Experience,Negative,2024-09-17
3669283.0,7474651061.0,63238941.0,4.0,Highly recommended!,Delivery,Positive,2023-06-09
9574407.0,1892282465.0,80517784.0,4.0,Very happy with the service!,Product Quality,Positive,2023-08-23
9179536.0,3859828998.0,701493.0,5.0,"Excellent quality, will buy again!",App Experience,Positive,2023-04-14
8328393.0,2554590672.0,19482392.0,3.0,Not worth the price I paid.,Delivery,Negative,2023-12-03
7508312.0,9667675052.0,40871915.0,5.0,Great prices and fast delivery!,App Experience,Positive,2023-09-29
1510834.0,8382437838.0,46185579.0,2.0,Not worth the price I paid.,Customer Service,Negative,2024-05-30
7129887.0,6247090607.0,90038364.0,3.0,"It was okay, nothing special.",Product Quality,Neutral,2023-10-07
2872886.0,5004073261.0,27304827.0,4.0,"Overall good experience, thank you!",Customer Service,Positive,2024-06-16
6765832.0,6595898122.0,67896836.0,3.0,"Delivery was fine, but the product could be better.",Customer Service,Neutral,2024-07-13
6716579.0,9844371682.0,31527100.0,1.0,I had a bad experience.,Product Quality,Negative,2023-06-10
9050152.0,7198169379.0,26844216.0,4.0,Very happy with the service!,App Experience,Positive,2023-07-13
5211244.0,2815855636.0,38808614.0,3.0,Customer service was not helpful.,App Experience,Negative,2023-07-28
5220047.0,6033660622.0,65618148.0,2.0,Product was damaged during delivery.,Product Quality,Negative,2023-04-12
6100124.0,7944056454.0,10729474.0,4.0,"Delivery was fine, but the product could be better.",Product Quality,Neutral,2023-05-22
7205542.0,4354264440.0,25722990.0,5.0,Will definitely order again.,Customer Service,Positive,2023-12-13
9043754.0,5623096090.0,68703613.0,1.0,Product was damaged during delivery.,Customer Service,Negative,2023-08-25
6289100.0,701856661.0,11143197.0,4.0,Great prices and fast delivery!,Product Quality,Positive,2024-06-10
3634267.0,1911276445.0,73799927.0,1.0,The packaging was poor.,App Experience,Negative,2024-10-20
7974792.0,9323909987.0,47990044.0,1.0,The order was incorrect.,App Experience,Negative,2024-05-09
9414859.0,1988898073.0,78157360.0,4.0,The product met my expectations.,App Experience,Neutral,2024-02-21
76698.0,6457671753.0,51048402.0,2.0,Taste was not as expected.,Customer Service,Negative,2024-01-07
959459.0,3556497272.0,9347990.0,5.0,Highly recommended!,Product Quality,Positive,2024-10-18
8434097.0,2182762247.0,54347213.0,5.0,Very fresh and well-packaged.,Customer Service,Positive,2023-09-06
5448415.0,6026842782.0,75928073.0,5.0,Great prices and fast delivery!,Customer Service,Positive,2024-08-27
4470528.0,1227108607.0,69242672.0,3.0,I had a bad experience.,Delivery,Negative,2024-09-18
2629752.0,9362226645.0,28428852.0,4.0,Will definitely order again.,Product Quality,Positive,2024-05-12
958580.0,6313785973.0,28603182.0,4.0,The product met my expectations.,Product Quality,Neutral,2023-03-21
753793.0,1297253359.0,77811864.0,4.0,Customer service was very helpful.,App Experience,Positive,2024-04-24
9406171.0,6138091203.0,41261495.0,3.0,Not worth the price I paid.,App Experience,Negative,2023-09-09
5274905.0,4770739350.0,61753272.0,5.0,"Excellent quality, will buy again!",Delivery,Positive,2024-07-12
4045999.0,6253838449.0,19393135.0,5.0,"Excellent quality, will buy again!",Customer Service,Positive,2024-06-11
8644842.0,1015708455.0,24153726.0,3.0,The product met my expectations.,Delivery,Neutral,2023-09-04
5028805.0,2201201842.0,6398761.0,5.0,Will definitely order again.,Product Quality,Positive,2023-10-02
6766887.0,200000051.0,8632679.0,4.0,Very happy with the service!,Customer Service,Positive,2023-10-04
4711738.0,409570377.0,12574626.0,1.0,Very disappointed with the quality.,Product Quality,Negative,2024-03-27
835953.0,5944464513.0,34095555.0,3.0,Very disappointed with the quality.,Delivery,Negative,2023-03-25
2320395.0,7064377287.0,26716400.0,4.0,Very fresh and well-packaged.,Product Quality,Positive,2024-09-02
8525956.0,7763036477.0,26285589.0,3.0,The product met my expectations.,Product Quality,Neutral,2024-08-14
8087614.0,7494002152.0,91382237.0,2.0,The packaging was poor.,Customer Service,Negative,2024-05-01
8218608.0,692127479.0,67538982.0,1.0,Product was damaged during delivery.,Delivery,Negative,2024-07-09
3801127.0,7544245121.0,87160527.0,5.0,Great prices and fast delivery!,Customer Service,Positive,2024-09-26
4174680.0,4429641190.0,11562458.0,3.0,"It was okay, nothing special.",Customer Service,Neutral,2023-06-18
8635005.0,8093366865.0,29451600.0,1.0,The packaging was poor.,Customer Service,Negative,2024-10-16
7125255.0,6269075067.0,81382213.0,5.0,Items were in perfect condition.,App Experience,Positive,2023-11-16
7305285.0,4056304110.0,211163.0,3.0,Very disappointed with the quality.,Product Quality,Negative,2023-11-25
8488480.0,4447978623.0,31076002.0,5.0,"Overall good experience, thank you!",Delivery,Positive,2024-08-21
9847528.0,5875285677.0,62510499.0,3.0,Items were missing from my order.,Delivery,Negative,2023-05-20
2733106.0,4177774653.0,23844919.0,1.0,Very disappointed with the quality.,App Experience,Negative,2024-05-20
9730829.0,502632296.0,9450435.0,1.0,Product was damaged during delivery.,Customer Service,Negative,2024-05-15
9599937.0,5037688536.0,49756591.0,4.0,Customer service was very helpful.,App Experience,Positive,2024-02-24
8774877.0,6844277478.0,47577193.0,4.0,"Nothing to complain about, but nothing exceptional.",Product Quality,Neutral,2024-08-28
8545346.0,3368317718.0,70867736.0,5.0,Good selection of products.,Customer Service,Positive,2024-06-01
9971179.0,913881994.0,13251137.0,4.0,"Nothing to complain about, but nothing exceptional.",App Experience,Neutral,2024-08-04
7701161.0,6445700839.0,4988545.0,3.0,Very disappointed with the quality.,Customer Service,Negative,2024-03-06
247967.0,101613683.0,43377076.0,4.0,"Average experience, could improve.",App Experience,Neutral,2023-06-29
8538732.0,7094586913.0,82900175.0,3.0,Delivery was late and I was unhappy.,Product Quality,Negative,2023-10-01
3637633.0,2478557609.0,58170168.0,5.0,Customer service was very helpful.,Delivery,Positive,2024-06-15
1418143.0,9516720368.0,97466783.0,5.0,Great prices and fast delivery!,App Experience,Positive,2024-04-04
8315550.0,3808010352.0,23126356.0,5.0,Great prices and fast delivery!,Customer Service,Positive,2024-02-17
9905886.0,7921886899.0,11143197.0,3.0,The packaging was poor.,Customer Service,Negative,2023-07-01
5505533.0,6818712547.0,66655397.0,4.0,Great prices and fast delivery!,Customer Service,Positive,2023-12-27
4170052.0,4538204462.0,35812567.0,1.0,I had a bad experience.,App Experience,Negative,2024-02-26
2618931.0,2008331630.0,36833857.0,4.0,The product met my expectations.,App Experience,Neutral,2023-07-13
9925798.0,3901338038.0,63238941.0,5.0,Will definitely order again.,App Experience,Positive,2024-08-23
7331564.0,1483786406.0,63451391.0,4.0,Good selection of products.,Delivery,Positive,2023-03-25
4308893.0,5022936426.0,73377004.0,5.0,Very fresh and well-packaged.,Delivery,Positive,2023-09-18
6916189.0,5470875365.0,55042740.0,3.0,"Delivery was fine, but the product could be better.",App Experience,Neutral,2024-03-31
7799885.0,7144611408.0,33280073.0,2.0,The order was incorrect.,Customer Service,Negative,2023-08-18
2509633.0,9411421675.0,61226563.0,4.0,"Average experience, could improve.",Delivery,Neutral,2024-01-24
1577470.0,7315949343.0,14458150.0,4.0,"Average experience, could improve.",Delivery,Neutral,2023-09-17
32434.0,9430475133.0,24621386.0,4.0,Good selection of products.,Customer Service,Positive,2023-03-25
459934.0,3062145702.0,24821281.0,1.0,Very disappointed with the quality.,App Experience,Negative,2024-06-21
3360819.0,6500458984.0,35912599.0,3.0,"Average experience, could improve.",Customer Service,Neutral,2023-11-08
3097656.0,7429306851.0,62541176.0,4.0,"Nothing to complain about, but nothing exceptional.",Customer Service,Neutral,2024-04-22
5356218.0,2687236003.0,83588803.0,3.0,The order was incorrect.,Customer Service,Negative,2024-01-10
1795894.0,1885906938.0,13455530.0,4.0,The product met my expectations.,Delivery,Neutral,2023-10-09
292488.0,9949334146.0,73363613.0,4.0,Items were in perfect condition.,Product Quality,Positive,2024-08-05
9608612.0,2555454584.0,19182548.0,5.0,Highly recommended!,Customer Service,Positive,2023-08-12
6397203.0,2503209946.0,26844216.0,1.0,Very disappointed with the quality.,Customer Service,Negative,2024-04-28
2936594.0,2329563439.0,78157360.0,1.0,Product was damaged during delivery.,Customer Service,Negative,2023-11-03
8748002.0,1041536174.0,93018527.0,2.0,Product was damaged during delivery.,Delivery,Negative,2023-06-15
4811909.0,6631188689.0,8361353.0,4.0,"It was okay, nothing special.",Product Quality,Neutral,2024-03-28
8963236.0,9300178512.0,26936578.0,3.0,The product met my expectations.,Customer Service,Neutral,2023-07-25
7875906.0,1086881691.0,77035814.0,4.0,"Nothing to complain about, but nothing exceptional.",Delivery,Neutral,2024-04-10
694806.0,8008880980.0,57505804.0,5.0,Great prices and fast delivery!,Customer Service,Positive,2024-04-18
502958.0,2417680703.0,30823988.0,5.0,"Overall good experience, thank you!",Delivery,Positive,2024-02-11
1401262.0,1117730990.0,96640716.0,4.0,"Nothing to complain about, but nothing exceptional.",Product Quality,Neutral,2024-08-23
9250547.0,1678557345.0,49136375.0,2.0,Delivery was late and I was unhappy.,Customer Service,Negative,2024-05-12
6116789.0,4505129824.0,17341194.0,4.0,Items were in perfect condition.,App Experience,Positive,2023-11-14
9800229.0,8737295686.0,69749541.0,2.0,Delivery was late and I was unhappy.,App Experience,Negative,2023-12-11
7669412.0,7997347191.0,31813.0,3.0,Product was damaged during delivery.,App Experience,Negative,2024-07-11
589797.0,1930645698.0,35554129.0,4.0,"It was okay, nothing special.",Product Quality,Neutral,2024-08-07
8255813.0,5393373590.0,5712468.0,4.0,"It was okay, nothing special.",Customer Service,Neutral,2024-09-27
4669308.0,5851854765.0,82032191.0,4.0,"Delivery was fine, but the product could be better.",Customer Service,Neutral,2023-11-24
9484726.0,3765179520.0,43784632.0,4.0,Highly recommended!,App Experience,Positive,2024-06-23
8982404.0,683969424.0,98225598.0,4.0,Items were in perfect condition.,Product Quality,Positive,2023-08-10
7575305.0,8459624382.0,64489709.0,4.0,"Delivery was fine, but the product could be better.",App Experience,Neutral,2023-08-22
6219685.0,7110044004.0,62807542.0,3.0,"Delivery was fine, but the product could be better.",App Experience,Neutral,2023-04-24
9833616.0,4302375314.0,96253172.0,1.0,Very disappointed with the quality.,Customer Service,Negative,2024-03-03
5572624.0,1245307588.0,13760839.0,3.0,Customer service was not helpful.,Customer Service,Negative,2023-04-24
5112022.0,3876260101.0,70420271.0,2.0,Not worth the price I paid.,App Experience,Negative,2023-09-11
313310.0,3162263618.0,23676689.0,5.0,Very fresh and well-packaged.,Product Quality,Positive,2023-05-27
7581449.0,655792395.0,11254582.0,4.0,Good selection of products.,Customer Service,Positive,2024-04-19
1266740.0,7624743284.0,40392019.0,4.0,Customer service was very helpful.,Customer Service,Positive,2023-08-15
2393336.0,4783962671.0,57765367.0,3.0,"It was okay, nothing special.",App Experience,Neutral,2023-10-09
4433337.0,7166787473.0,97928541.0,3.0,Very disappointed with the quality.,Product Quality,Negative,2024-08-24
9113801.0,9395228070.0,40275138.0,4.0,Good selection of products.,Product Quality,Positive,2024-09-12
2858625.0,902157975.0,80371626.0,3.0,"Nothing to complain about, but nothing exceptional.",Customer Service,Neutral,2023-04-12
910963.0,6947741744.0,49617531.0,4.0,"Overall good experience, thank you!",Product Quality,Positive,2023-07-10
2488096.0,4788498083.0,16420489.0,2.0,Delivery was late and I was unhappy.,Customer Service,Negative,2023-09-17
6159321.0,8070127087.0,27709218.0,2.0,Customer service was not helpful.,Product Quality,Negative,2024-08-22
9620010.0,5191429552.0,14944819.0,4.0,"Nothing to complain about, but nothing exceptional.",App Experience,Neutral,2023-12-23
6821367.0,5220651138.0,91768226.0,2.0,Product was damaged during delivery.,Customer Service,Negative,2024-03-13
4387983.0,2758734705.0,54797119.0,3.0,Not worth the price I paid.,App Experience,Negative,2023-08-02
2119199.0,2907887532.0,85838438.0,2.0,The packaging was poor.,Customer Service,Negative,2023-11-19
3673091.0,7388846009.0,59094034.0,3.0,"Delivery was fine, but the product could be better.",Customer Service,Neutral,2024-02-22
5457849.0,2606843929.0,29415527.0,4.0,"Overall good experience, thank you!",Delivery,Positive,2024-06-14
9538895.0,5637567433.0,91562028.0,4.0,"Delivery was fine, but the product could be better.",Customer Service,Neutral,2024-09-02
218118.0,8838095431.0,41194825.0,1.0,Very disappointed with the quality.,App Experience,Negative,2023-05-06
7506730.0,1564649286.0,77869660.0,3.0,The order was incorrect.,Customer Service,Negative,2023-12-06
2258334.0,4098166849.0,33741801.0,3.0,"Nothing to complain about, but nothing exceptional.",App Experience,Neutral,2023-10-12
9694829.0,8091143423.0,25128143.0,1.0,Not worth the price I paid.,App Experience,Negative,2023-11-23
9266040.0,3024045336.0,54877984.0,4.0,"Average experience, could improve.",Customer Service,Neutral,2024-04-15
4627941.0,6152984028.0,60732869.0,3.0,"Delivery was fine, but the product could be better.",Customer Service,Neutral,2023-08-29
3410468.0,3450790653.0,87266831.0,1.0,Customer service was not helpful.,Product Quality,Negative,2023-08-27
7808003.0,8028917900.0,57340963.0,4.0,"Overall good experience, thank you!",Delivery,Positive,2023-07-18
5396591.0,7781884407.0,90666073.0,4.0,Very fresh and well-packaged.,App Experience,Positive,2024-08-11
8508135.0,3483689828.0,7687234.0,4.0,"It was okay, nothing special.",Product Quality,Neutral,2023-07-28
8893880.0,8341286014.0,31076002.0,1.0,Product was damaged during delivery.,Customer Service,Negative,2024-08-29
9969996.0,7936106887.0,95309983.0,4.0,Customer service was very helpful.,App Experience,Positive,2024-05-07
7347232.0,2247354978.0,6668498.0,5.0,Great prices and fast delivery!,Delivery,Positive,2024-09-26
1826471.0,5347701114.0,22036818.0,4.0,"Average experience, could improve.",Product Quality,Neutral,2023-10-16
1853157.0,7846068436.0,93507573.0,3.0,Delivery was late and I was unhappy.,App Experience,Negative,2023-11-29
2016981.0,9893439302.0,67277562.0,1.0,Very disappointed with the quality.,Delivery,Negative,2023-09-05
1179030.0,4160816433.0,2219590.0,3.0,The product met my expectations.,Customer Service,Neutral,2023-12-09
904561.0,6000890622.0,62828341.0,2.0,Taste was not as expected.,Customer Service,Negative,2024-09-14
6006476.0,7317676958.0,92356639.0,2.0,Delivery was late and I was unhappy.,App Experience,Negative,2023-07-02
1580186.0,8620144614.0,20122449.0,3.0,The order was incorrect.,Product Quality,Negative,2024-07-10
5214493.0,3940758882.0,40085705.0,4.0,Highly recommended!,Delivery,Positive,2024-01-24
9089143.0,5216555041.0,30188374.0,1.0,I had a bad experience.,Delivery,Negative,2024-03-03
3864692.0,5144793312.0,59518795.0,3.0,"Average experience, could improve.",App Experience,Neutral,2024-08-01
6382544.0,7241413847.0,10048910.0,5.0,Very happy with the service!,Product Quality,Positive,2023-04-15
5135582.0,3567610983.0,1816969.0,5.0,Very fresh and well-packaged.,Customer Service,Positive,2023-08-19
5475798.0,16878685.0,37556526.0,4.0,Very fresh and well-packaged.,App Experience,Positive,2024-04-09
7892860.0,951657166.0,63624332.0,1.0,Not worth the price I paid.,Delivery,Negative,2024-04-21
2079618.0,4189022307.0,21597477.0,3.0,Delivery was late and I was unhappy.,Delivery,Negative,2024-05-05
8823012.0,7378521428.0,10857389.0,2.0,Taste was not as expected.,App Experience,Negative,2024-04-24
4208590.0,6266311709.0,67708491.0,4.0,"Nothing to complain about, but nothing exceptional.",Delivery,Neutral,2024-06-25
2535594.0,7985347262.0,22483684.0,4.0,"Overall good experience, thank you!",Customer Service,Positive,2024-07-31
800814.0,992764262.0,69240186.0,5.0,Highly recommended!,Customer Service,Positive,2023-11-14
505293.0,3080291353.0,93937586.0,4.0,Will definitely order again.,Customer Service,Positive,2024-08-16
4267974.0,5532188237.0,211163.0,4.0,Will definitely order again.,Product Quality,Positive,2024-06-09
3189017.0,6814658453.0,55278329.0,3.0,The order was incorrect.,Customer Service,Negative,2023-09-28
8661182.0,4861499558.0,2684440.0,5.0,"Overall good experience, thank you!",Customer Service,Positive,2024-03-20
769039.0,2521042570.0,28394354.0,2.0,The packaging was poor.,Customer Service,Negative,2024-05-17
3948471.0,5217781278.0,85658166.0,3.0,The product met my expectations.,App Experience,Neutral,2023-06-27
9584921.0,8006034379.0,43784632.0,4.0,The product met my expectations.,Customer Service,Neutral,2024-05-03
6051768.0,7380913411.0,49869358.0,3.0,"Nothing to complain about, but nothing exceptional.",App Experience,Neutral,2024-06-07
2240470.0,7706841114.0,68016312.0,4.0,"Delivery was fine, but the product could be better.",Delivery,Neutral,2024-02-27
434327.0,1561779937.0,76359458.0,1.0,Delivery was late and I was unhappy.,Delivery,Negative,2024-03-27
2667736.0,7196559586.0,85658166.0,4.0,The product met my expectations.,App Experience,Neutral,2024-08-19
2722298.0,2359961993.0,28995786.0,3.0,"Nothing to complain about, but nothing exceptional.",Customer Service,Neutral,2024-06-18
2971389.0,243819964.0,98225598.0,2.0,Not worth the price I paid.,Product Quality,Negative,2023-12-03
3645904.0,4806735178.0,8651281.0,4.0,"Nothing to complain about, but nothing exceptional.",App Experience,Neutral,2024-06-12
9558043.0,9198762300.0,46185579.0,3.0,Not worth the price I paid.,Customer Service,Negative,2023-12-02
796848.0,1105231941.0,29600229.0,3.0,The product met my expectations.,App Experience,Neutral,2024-01-20
5396639.0,5533955218.0,38969732.0,3.0,"It was okay, nothing special.",App Experience,Neutral,2024-06-20
7567102.0,5130246751.0,87641623.0,4.0,"It was okay, nothing special.",Customer Service,Neutral,2023-05-08
3048275.0,4528445001.0,20163931.0,4.0,"It was okay, nothing special.",App Experience,Neutral,2024-04-19
1307315.0,9503959018.0,31084686.0,4.0,Good selection of products.,Customer Service,Positive,2024-09-18
8288925.0,4107052604.0,34668988.0,4.0,"It was okay, nothing special.",Product Quality,Neutral,2023-11-21
1028267.0,5578822558.0,8817168.0,3.0,"Nothing to complain about, but nothing exceptional.",Delivery,Neutral,2023-08-06
8867242.0,5506634472.0,6579892.0,4.0,"Overall good experience, thank you!",App Experience,Positive,2024-09-22
5862796.0,4112426763.0,97825663.0,2.0,Very disappointed with the quality.,Product Quality,Negative,2024-09-24
6536852.0,7157334145.0,90021871.0,4.0,Items were in perfect condition.,Customer Service,Positive,2023-10-09
5226763.0,8423458672.0,60698094.0,4.0,"Average experience, could improve.",App Experience,Neutral,2023-03-20
3646915.0,3011683470.0,65121696.0,4.0,Customer service was very helpful.,Customer Service,Positive,2023-03-20
9483867.0,1884947290.0,75244116.0,4.0,"Overall good experience, thank you!",App Experience,Positive,2023-09-09
4838671.0,558163882.0,39317905.0,3.0,Not worth the price I paid.,Product Quality,Negative,2024-07-11
2695814.0,824869105.0,66943324.0,5.0,Highly recommended!,Delivery,Positive,2024-08-27
8075814.0,4193492511.0,10683250.0,5.0,"Overall good experience, thank you!",Delivery,Positive,2023-10-02
4503464.0,120996684.0,92455970.0,3.0,Delivery was late and I was unhappy.,Product Quality,Negative,2023-10-02
5245175.0,2531932780.0,91500615.0,4.0,"Nothing to complain about, but nothing exceptional.",Product Quality,Neutral,2023-07-16
6317302.0,8095547865.0,27620326.0,3.0,The product met my expectations.,Customer Service,Neutral,2023-03-19
3558916.0,6894204435.0,10700664.0,4.0,"Average experience, could improve.",Customer Service,Neutral,2023-06-17
9309562.0,9514917126.0,43599910.0,5.0,Very happy with the service!,Delivery,Positive,2024-07-29
3645749.0,9329665908.0,57102800.0,4.0,Customer service was very helpful.,Product Quality,Positive,2023-07-15
8689857.0,1435406360.0,1174162.0,4.0,"Nothing to complain about, but nothing exceptional.",Customer Service,Neutral,2023-12-11
6810284.0,3460843508.0,32797235.0,1.0,The order was incorrect.,Customer Service,Negative,2023-10-21
4832505.0,4762084133.0,72564495.0,4.0,"It was okay, nothing special.",Customer Service,Neutral,2024-09-29
8573577.0,3884862300.0,51544662.0,4.0,"Nothing to complain about, but nothing exceptional.",Product Quality,Neutral,2024-02-21
9710394.0,1990946411.0,82286725.0,4.0,"Overall good experience, thank you!",Product Quality,Positive,2024-05-16
9115271.0,5054937065.0,9274874.0,1.0,Product was damaged during delivery.,Customer Service,Negative,2024-08-24
7997014.0,9431652023.0,59890331.0,1.0,Customer service was not helpful.,Product Quality,Negative,2024-09-06
9907044.0,2268736598.0,19259955.0,4.0,Items were in perfect condition.,Customer Service,Positive,2023-07-07
8624509.0,2793638565.0,26844216.0,5.0,Will definitely order again.,Product Quality,Positive,2024-02-11
277772.0,4168839407.0,12088552.0,4.0,Good selection of products.,Product Quality,Positive,2023-04-06
4433508.0,7406514357.0,20298398.0,4.0,"Nothing to complain about, but nothing exceptional.",Delivery,Neutral,2024-02-07
2200908.0,6087916798.0,89968482.0,3.0,Product was damaged during delivery.,Product Quality,Negative,2023-11-17
3299950.0,4319962076.0,36146306.0,4.0,Very fresh and well-packaged.,Product Quality,Positive,2024-01-11
7344441.0,3904134741.0,58631874.0,4.0,"Delivery was fine, but the product could be better.",Delivery,Neutral,2024-05-02
9999293.0,3770123374.0,29415527.0,4.0,"Delivery was fine, but the product could be better.",Product Quality,Neutral,2023-11-19
7772418.0,4494390731.0,34768050.0,5.0,Great prices and fast delivery!,Product Quality,Positive,2023-04-28
7069842.0,6109777696.0,89699655.0,3.0,"Average experience, could improve.",App Experience,Neutral,2024-10-17
9554397.0,1401372388.0,71411879.0,3.0,I had a bad experience.,Product Quality,Negative,2023-04-17
3841538.0,4283973398.0,18791381.0,5.0,"Excellent quality, will buy again!",Customer Service,Positive,2023-09-14
9559642.0,3261847147.0,67383024.0,4.0,Customer service was very helpful.,App Experience,Positive,2023-09-16
8001293.0,3153811191.0,87335844.0,4.0,Will definitely order again.,Customer Service,Positive,2024-03-08
4135195.0,2639216409.0,37702698.0,4.0,Great prices and fast delivery!,Customer Service,Positive,2024-03-10
7143754.0,5948575331.0,92038780.0,4.0,Very happy with the service!,Product Quality,Positive,2024-05-09
5339779.0,7792925364.0,59830126.0,4.0,Items were in perfect condition.,Product Quality,Positive,2024-10-23
4459651.0,7286478750.0,91196901.0,3.0,"Delivery was fine, but the product could be better.",Customer Service,Neutral,2023-10-13
9857854.0,9776505630.0,15661674.0,2.0,I had a bad experience.,Delivery,Negative,2023-04-19
9095652.0,4527342708.0,81183415.0,4.0,Very happy with the service!,App Experience,Positive,2023-10-03
42984.0,1124359689.0,97825663.0,3.0,Very disappointed with the quality.,Product Quality,Negative,2024-09-13
3343062.0,3717458742.0,18113428.0,2.0,The order was incorrect.,App Experience,Negative,2023-08-28
1066171.0,283675535.0,20238921.0,4.0,Will definitely order again.,Product Quality,Positive,2023-03-24
7794000.0,6039353394.0,86479284.0,5.0,"Excellent quality, will buy again!",App Experience,Positive,2023-08-08
2600473.0,6735917931.0,47206881.0,3.0,"Average experience, could improve.",Customer Service,Neutral,2023-09-27
8779672.0,5155256671.0,19523856.0,4.0,Good selection of products.,App Experience,Positive,2024-08-14
6190057.0,3984108726.0,31576845.0,2.0,I had a bad experience.,App Experience,Negative,2024-02-27
9083592.0,2491374111.0,2361575.0,4.0,"Nothing to complain about, but nothing exceptional.",Delivery,Neutral,2024-08-10
4151319.0,2043371805.0,45066676.0,3.0,Product was damaged during delivery.,Product Quality,Negative,2024-10-02
3949778.0,9657782153.0,87251489.0,3.0,Delivery was late and I was unhappy.,Customer Service,Negative,2024-02-29
2414365.0,9237289778.0,70168151.0,2.0,The order was incorrect.,App Experience,Negative,2024-05-29
4023586.0,8917116859.0,91562028.0,4.0,"Delivery was fine, but the product could be better.",App Experience,Neutral,2024-07-05
8948916.0,720578658.0,37551429.0,4.0,Customer service was very helpful.,App Experience,Positive,2024-06-02
5866547.0,9122210530.0,15066187.0,4.0,"Excellent quality, will buy again!",Product Quality,Positive,2024-01-18
9310606.0,3540524256.0,28205701.0,4.0,"Average experience, could improve.",App Experience,Neutral,2023-10-22
6325764.0,1909520255.0,71276926.0,5.0,Customer service was very helpful.,Product Quality,Positive,2023-05-23
780998.0,8022279737.0,83058329.0,3.0,Not worth the price I paid.,App Experience,Negative,2024-09-08
1374697.0,7381549355.0,75082508.0,5.0,Great prices and fast delivery!,Customer Service,Positive,2023-09-28
1671005.0,3998829973.0,44149982.0,2.0,Delivery was late and I was unhappy.,Customer Service,Negative,2023-10-10
2897666.0,2895464675.0,94281220.0,4.0,The product met my expectations.,Product Quality,Neutral,2023-04-20
6384262.0,3971098657.0,90919603.0,4.0,Good selection of products.,Customer Service,Positive,2024-05-26
674920.0,5278249111.0,78267238.0,3.0,Product was damaged during delivery.,Product Quality,Negative,2024-03-01
4451870.0,9810576443.0,42723554.0,4.0,The product met my expectations.,Product Quality,Neutral,2023-11-01
1816876.0,4128844410.0,76438648.0,4.0,Highly recommended!,Product Quality,Positive,2023-07-20
3839889.0,6103869123.0,16376189.0,5.0,Very happy with the service!,Product Quality,Positive,2023-06-06
2322560.0,6595041423.0,57291761.0,3.0,"Delivery was fine, but the product could be better.",App Experience,Neutral,2024-07-23
7956230.0,3991011923.0,19182548.0,2.0,Taste was not as expected.,App Experience,Negative,2024-02-07
6215097.0,5275440923.0,67046342.0,3.0,The product met my expectations.,Customer Service,Neutral,2023-03-21
3218067.0,6468633344.0,29324437.0,4.0,Very happy with the service!,Product Quality,Positive,2024-02-23
2261684.0,9992859795.0,4356173.0,4.0,"Average experience, could improve.",Product Quality,Neutral,2023-11-12
2429889.0,7518488485.0,54222320.0,1.0,I had a bad experience.,App Experience,Negative,2023-04-26
6781156.0,9746950023.0,31776996.0,4.0,Highly recommended!,Delivery,Positive,2023-11-02
2304492.0,2721433550.0,58873572.0,4.0,Items were in perfect condition.,Delivery,Positive,2023-06-07
89109.0,6131680348.0,83701325.0,2.0,Very disappointed with the quality.,Delivery,Negative,2024-07-19
9670615.0,2281544500.0,40692378.0,5.0,"Overall good experience, thank you!",Customer Service,Positive,2023-06-09
6210544.0,4283802879.0,61020.0,4.0,Will definitely order again.,Delivery,Positive,2023-05-10
9814043.0,8621732366.0,25722990.0,3.0,Not worth the price I paid.,Product Quality,Negative,2023-09-05
9373392.0,3797679856.0,11562458.0,4.0,Very fresh and well-packaged.,Product Quality,Positive,2023-12-10
6833836.0,8532100929.0,31831843.0,4.0,Items were in perfect condition.,Delivery,Positive,2023-11-06
1330308.0,2973976544.0,96795047.0,4.0,"Overall good experience, thank you!",Product Quality,Positive,2024-09-19
7044768.0,814260962.0,14974554.0,1.0,The packaging was poor.,Product Quality,Negative,2023-09-14
9220874.0,9411848231.0,59545278.0,2.0,Delivery was late and I was unhappy.,Delivery,Negative,2024-05-15
1355657.0,6637284724.0,36517334.0,2.0,Product was damaged during delivery.,Delivery,Negative,2023-09-08
4464188.0,6497594124.0,39150258.0,2.0,Customer service was not helpful.,App Experience,Negative,2024-10-24
4413461.0,7213146086.0,4862761.0,3.0,Taste was not as expected.,Delivery,Negative,2023-03-23
1153173.0,5110274761.0,24821281.0,3.0,The product met my expectations.,Delivery,Neutral,2024-05-23
5807954.0,1112110363.0,98625898.0,5.0,Customer service was very helpful.,Delivery,Positive,2024-01-20
7068080.0,1209202931.0,29451600.0,5.0,Very happy with the service!,Product Quality,Positive,2023-06-27
877092.0,6384745391.0,37095171.0,3.0,"Average experience, could improve.",Product Quality,Neutral,2024-08-17
6378461.0,3367452972.0,61020.0,3.0,"It was okay, nothing special.",App Experience,Neutral,2024-08-31
5360735.0,2317597587.0,68661619.0,3.0,"It was okay, nothing special.",Delivery,Neutral,2024-06-17
6499583.0,2254884198.0,54893418.0,2.0,Not worth the price I paid.,Delivery,Negative,2023-07-01
49225.0,679196318.0,18642306.0,4.0,Items were in perfect condition.,Delivery,Positive,2024-08-19
2020446.0,2185319815.0,19180962.0,3.0,Items were missing from my order.,Delivery,Negative,2024-03-02
5592151.0,5965281449.0,17597449.0,4.0,Great prices and fast delivery!,Delivery,Positive,2023-06-26
6385985.0,8616726869.0,37691544.0,3.0,Not worth the price I paid.,Customer Service,Negative,2024-01-10
6303815.0,4786027510.0,5001749.0,4.0,"It was okay, nothing special.",Delivery,Neutral,2024-09-30
443450.0,4910445344.0,44030130.0,4.0,"It was okay, nothing special.",Product Quality,Neutral,2024-05-18
6316729.0,7629577899.0,23348269.0,4.0,The product met my expectations.,Customer Service,Neutral,2023-12-14
3076332.0,4769055037.0,66742602.0,4.0,Very happy with the service!,Product Quality,Positive,2023-08-10
2825859.0,8476029654.0,77085443.0,2.0,Product was damaged during delivery.,Delivery,Negative,2023-11-17
3300971.0,7809866112.0,3999964.0,1.0,Delivery was late and I was unhappy.,Product Quality,Negative,2024-07-11
2851803.0,5453896364.0,59840071.0,1.0,Customer service was not helpful.,Delivery,Negative,2023-06-24
5284957.0,9080432189.0,50080663.0,2.0,Customer service was not helpful.,Product Quality,Negative,2024-08-27
8848282.0,3079758919.0,16410155.0,3.0,Product was damaged during delivery.,Product Quality,Negative,2024-08-22
1299237.0,4076039325.0,27604184.0,5.0,"Overall good experience, thank you!",Customer Service,Positive,2024-08-12
2354752.0,9239241275.0,57291761.0,2.0,Customer service was not helpful.,Delivery,Negative,2024-02-07
1228688.0,4864829217.0,26521850.0,3.0,Delivery was late and I was unhappy.,Product Quality,Negative,2023-09-19
7092340.0,5108704843.0,10951674.0,2.0,The order was incorrect.,Delivery,Negative,2024-04-04
1259060.0,8049805410.0,23098216.0,2.0,Product was damaged during delivery.,Delivery,Negative,2024-09-27
385418.0,4711642504.0,76850859.0,1.0,Items were missing from my order.,Delivery,Negative,2024-08-15
5504253.0,8952094523.0,85626346.0,4.0,Highly recommended!,Customer Service,Positive,2023-11-14
5228421.0,4285784267.0,82169898.0,5.0,Highly recommended!,App Experience,Positive,2024-04-15
1298762.0,7494670835.0,38728779.0,3.0,"Average experience, could improve.",Delivery,Neutral,2024-01-18
528276.0,7667090453.0,66135710.0,3.0,"Nothing to complain about, but nothing exceptional.",App Experience,Neutral,2023-06-23
7060904.0,2193572534.0,19682060.0,4.0,Will definitely order again.,Product Quality,Positive,2023-03-26
4347700.0,5357089776.0,44223796.0,2.0,The order was incorrect.,Customer Service,Negative,2024-09-30
9399814.0,1191016829.0,51661209.0,4.0,Will definitely order again.,App Experience,Positive,2023-06-27
4219729.0,549484032.0,79206969.0,5.0,Will definitely order again.,Delivery,Positive,2023-04-13
1112419.0,8164076900.0,91408854.0,2.0,Very disappointed with the quality.,Delivery,Negative,2023-06-18
3988891.0,7136165651.0,59485034.0,3.0,Product was damaged during delivery.,App Experience,Negative,2024-09-30
2028970.0,5368349643.0,46504355.0,5.0,Great prices and fast delivery!,Delivery,Positive,2023-05-22
8691039.0,6965901435.0,33741801.0,1.0,I had a bad experience.,Delivery,Negative,2024-10-16
5491124.0,6687307827.0,88532418.0,5.0,Customer service was very helpful.,Delivery,Positive,2023-04-19
3644762.0,475294138.0,31084686.0,1.0,Taste was not as expected.,App Experience,Negative,2023-12-29
3369900.0,9047534059.0,41647393.0,3.0,"It was okay, nothing special.",Product Quality,Neutral,2023-12-08
7725341.0,2807487047.0,90448312.0,4.0,Highly recommended!,Product Quality,Positive,2024-11-03
1821177.0,5840148195.0,66269844.0,4.0,The product met my expectations.,Product Quality,Neutral,2024-01-22
7395665.0,3758135932.0,77007315.0,4.0,"Overall good experience, thank you!",Delivery,Positive,2023-08-25
8442312.0,1978476136.0,97315135.0,4.0,"It was okay, nothing special.",App Experience,Neutral,2024-06-22
3420098.0,423648434.0,82989313.0,3.0,"It was okay, nothing special.",Delivery,Neutral,2024-10-30
4268297.0,7201868330.0,89669139.0,2.0,The order was incorrect.,Product Quality,Negative,2024-02-20
2062790.0,9710106935.0,14458150.0,4.0,The product met my expectations.,Delivery,Neutral,2023-04-17
5063997.0,4432235479.0,9278983.0,2.0,Product was damaged during delivery.,Delivery,Negative,2024-09-27
3440583.0,6951956244.0,60656482.0,5.0,Will definitely order again.,Delivery,Positive,2023-10-30
5898133.0,378485826.0,75739462.0,5.0,Great prices and fast delivery!,Delivery,Positive,2024-03-27
249866.0,8982211913.0,23984022.0,5.0,Very fresh and well-packaged.,App Experience,Positive,2024-09-19
4223677.0,6487868576.0,49136375.0,4.0,Highly recommended!,App Experience,Positive,2023-10-25
292869.0,2973502797.0,74694186.0,4.0,Highly recommended!,App Experience,Positive,2024-06-02
862999.0,4105022903.0,21282544.0,4.0,Highly recommended!,Customer Service,Positive,2023-08-20
6773477.0,3668828731.0,72889295.0,2.0,Very disappointed with the quality.,App Experience,Negative,2024-08-10
9387680.0,8644734267.0,23348269.0,2.0,I had a bad experience.,Delivery,Negative,2023-10-12
8380042.0,3757871565.0,9401406.0,3.0,Delivery was late and I was unhappy.,Product Quality,Negative,2023-08-10
7472189.0,5770510806.0,47955004.0,3.0,"It was okay, nothing special.",Customer Service,Neutral,2024-01-23
2610215.0,4514836077.0,60834500.0,4.0,Very fresh and well-packaged.,Customer Service,Positive,2023-06-10
5711326.0,5927852227.0,37556526.0,3.0,"Delivery was fine, but the product could be better.",Product Quality,Neutral,2024-04-12
7132117.0,350719542.0,18642306.0,3.0,"Nothing to complain about, but nothing exceptional.",Customer Service,Neutral,2024-10-06
5679464.0,868288823.0,65772743.0,4.0,Items were in perfect condition.,App Experience,Positive,2024-03-06
9442728.0,7199670826.0,22694456.0,4.0,"Nothing to complain about, but nothing exceptional.",Product Quality,Neutral,2024-01-17
1136687.0,3091948113.0,77306672.0,4.0,"Overall good experience, thank you!",App Experience,Positive,2024-02-13
5869531.0,5793742966.0,83412446.0,5.0,Customer service was very helpful.,Product Quality,Positive,2024-01-04
8860193.0,7347109009.0,75632045.0,4.0,The product met my expectations.,App Experience,Neutral,2023-09-24
9459732.0,7078912146.0,36142455.0,5.0,Good selection of products.,Delivery,Positive,2023-09-18
4489265.0,2480856222.0,30373140.0,5.0,Highly recommended!,Product Quality,Positive,2023-11-08
7891822.0,281421547.0,88520326.0,3.0,Items were missing from my order.,Product Quality,Negative,2023-05-20
9961760.0,5226963306.0,96628029.0,1.0,Items were missing from my order.,Product Quality,Negative,2024-06-23
2913936.0,7316642056.0,92404798.0,5.0,Very happy with the service!,Customer Service,Positive,2024-02-10
8747347.0,8997415290.0,85490177.0,4.0,"Delivery was fine, but the product could be better.",Customer Service,Neutral,2024-08-14
6158304.0,6737025662.0,44928499.0,4.0,The product met my expectations.,Delivery,Neutral,2023-03-28
3815674.0,8395290763.0,88312515.0,5.0,Items were in perfect condition.,App Experience,Positive,2024-05-31
603426.0,7261119579.0,65903057.0,4.0,"It was okay, nothing special.",App Experience,Neutral,2024-07-06
1682266.0,9938037878.0,9796585.0,4.0,"It was okay, nothing special.",Customer Service,Neutral,2024-10-29
8453251.0,7154987905.0,63802820.0,5.0,Highly recommended!,Product Quality,Positive,2024-10-06
9323563.0,3605534244.0,57526322.0,3.0,The order was incorrect.,Customer Service,Negative,2024-01-17
595801.0,5626601040.0,19091057.0,4.0,Very fresh and well-packaged.,Product Quality,Positive,2024-02-26
772991.0,2577064886.0,63948546.0,3.0,"Delivery was fine, but the product could be better.",Product Quality,Neutral,2024-06-07
7574546.0,2561362173.0,33481252.0,4.0,"It was okay, nothing special.",App Experience,Neutral,2023-05-30
2577485.0,2793120553.0,6622751.0,1.0,The order was incorrect.,App Experience,Negative,2023-06-24
6378668.0,4476563699.0,59222551.0,4.0,"Delivery was fine, but the product could be better.",Delivery,Neutral,2023-09-11
8643386.0,1580021952.0,30317733.0,5.0,Customer service was very helpful.,App Experience,Positive,2024-10-24
8602869.0,7263454149.0,13760839.0,3.0,Customer service was not helpful.,Customer Service,Negative,2023-10-14
1188667.0,4371924002.0,75944533.0,2.0,I had a bad experience.,App Experience,Negative,2024-10-21
7036962.0,2955277471.0,79960955.0,1.0,Delivery was late and I was unhappy.,Product Quality,Negative,2023-12-06
3322510.0,9445490338.0,6812439.0,3.0,"It was okay, nothing special.",Customer Service,Neutral,2023-05-23
6245963.0,2668915104.0,19180962.0,4.0,Will definitely order again.,Customer Service,Positive,2023-12-01
7907633.0,1045621584.0,85340038.0,3.0,"Average experience, could improve.",App Experience,Neutral,2023-12-19
3651259.0,4550545705.0,17805991.0,4.0,"Excellent quality, will buy again!",Delivery,Positive,2024-06-21
3929259.0,3373390154.0,68703613.0,1.0,I had a bad experience.,Product Quality,Negative,2024-07-24
4594226.0,5142985961.0,2457734.0,3.0,Customer service was not helpful.,Delivery,Negative,2024-02-07
7429066.0,649220272.0,67696145.0,3.0,Not worth the price I paid.,Product Quality,Negative,2023-09-23
9807295.0,5023958886.0,12832151.0,5.0,"Excellent quality, will buy again!",Customer Service,Positive,2024-09-24
725007.0,9993542681.0,42589311.0,4.0,"Nothing to complain about, but nothing exceptional.",App Experience,Neutral,2023-05-23
659804.0,4380367305.0,8955057.0,4.0,"It was okay, nothing special.",App Experience,Neutral,2024-04-08
2294333.0,3626113485.0,97286925.0,5.0,Will definitely order again.,Product Quality,Positive,2024-03-26
999440.0,4399099668.0,44050697.0,3.0,"Average experience, could improve.",Delivery,Neutral,2023-06-18
8226687.0,3760880745.0,8791577.0,4.0,"It was okay, nothing special.",Product Quality,Neutral,2024-10-13
4724144.0,1803155516.0,98088303.0,1.0,Customer service was not helpful.,Product Quality,Negative,2023-06-21
2946097.0,4413782983.0,47515046.0,3.0,"It was okay, nothing special.",App Experience,Neutral,2023-06-01
7220721.0,6766424456.0,21866852.0,4.0,"Delivery was fine, but the product could be better.",App Experience,Neutral,2024-04-10
9664520.0,8701531535.0,52613657.0,1.0,Delivery was late and I was unhappy.,Delivery,Negative,2024-09-03
6802786.0,3961971562.0,89811984.0,4.0,"Delivery was fine, but the product could be better.",Product Quality,Neutral,2024-04-19
5581175.0,1337510774.0,80800079.0,4.0,The product met my expectations.,App Experience,Neutral,2024-07-19
5180990.0,8859147707.0,78394303.0,4.0,"Nothing to complain about, but nothing exceptional.",Customer Service,Neutral,2024-03-29
723543.0,5850669672.0,24137201.0,3.0,"Nothing to complain about, but nothing exceptional.",App Experience,Neutral,2023-06-10
9287401.0,1183906926.0,60385293.0,3.0,Customer service was not helpful.,Product Quality,Negative,2023-12-29
7832319.0,6277509652.0,71956734.0,4.0,"Average experience, could improve.",Customer Service,Neutral,2024-10-31
68625.0,72748189.0,82286725.0,4.0,"Nothing to complain about, but nothing exceptional.",Product Quality,Neutral,2023-06-18
9353375.0,3164922639.0,74230420.0,4.0,"It was okay, nothing special.",Customer Service,Neutral,2024-05-05
8443186.0,1768504415.0,20209237.0,4.0,Items were in perfect condition.,App Experience,Positive,2023-09-15
9643753.0,8173155169.0,56441247.0,5.0,Will definitely order again.,App Experience,Positive,2024-01-06
1874247.0,6164820061.0,91789216.0,3.0,"Average experience, could improve.",App Experience,Neutral,2023-05-26
2936081.0,768283559.0,24621386.0,5.0,Highly recommended!,App Experience,Positive,2024-02-09
5441986.0,5091744424.0,53624677.0,4.0,"Delivery was fine, but the product could be better.",Customer Service,Neutral,2023-11-15
6670600.0,932482893.0,81088747.0,4.0,"It was okay, nothing special.",Customer Service,Neutral,2024-07-24
6865531.0,4588148640.0,24137201.0,1.0,The packaging was poor.,Product Quality,Negative,2023-03-19
5535770.0,8120457107.0,97664747.0,5.0,"Excellent quality, will buy again!",Delivery,Positive,2024-01-27
3478785.0,6107471725.0,81940369.0,4.0,Customer service was very helpful.,App Experience,Positive,2023-08-26
1254042.0,7001417958.0,22358567.0,4.0,"It was okay, nothing special.",App Experience,Neutral,2024-03-28
8084167.0,7983443604.0,39717448.0,4.0,"It was okay, nothing special.",App Experience,Neutral,2024-01-18
8042237.0,3057907418.0,81757554.0,1.0,Items were missing from my order.,Product Quality,Negative,2024-04-04
4437518.0,3312147996.0,67711384.0,4.0,"Delivery was fine, but the product could be better.",Product Quality,Neutral,2024-06-06
7071386.0,6822269883.0,69276352.0,4.0,Highly recommended!,Customer Service,Positive,2024-01-15
1889158.0,5004539711.0,73933840.0,3.0,"It was okay, nothing special.",Delivery,Neutral,2023-07-28
8914932.0,2426015858.0,22081691.0,4.0,"It was okay, nothing special.",Delivery,Neutral,2024-06-03
4833861.0,4415332793.0,7333934.0,1.0,Product was damaged during delivery.,Product Quality,Negative,2024-04-25
2778322.0,1256813796.0,12832151.0,5.0,Highly recommended!,App Experience,Positive,2024-05-09
8843597.0,633633688.0,71694275.0,3.0,"Average experience, could improve.",Customer Service,Neutral,2023-09-04
5413332.0,8311814996.0,50953418.0,4.0,"Delivery was fine, but the product could be better.",Product Quality,Neutral,2023-09-09
1870724.0,1441735184.0,41181125.0,3.0,"It was okay, nothing special.",Customer Service,Neutral,2024-10-31
5206838.0,1525742840.0,39042103.0,1.0,Customer service was not helpful.,App Experience,Negative,2024-06-24
4629325.0,1947080315.0,54837637.0,1.0,Customer service was not helpful.,Product Quality,Negative,2023-10-09
9289593.0,5682081545.0,57340963.0,5.0,Very fresh and well-packaged.,Delivery,Positive,2024-07-11
1340060.0,8100817128.0,41494517.0,4.0,"Overall good experience, thank you!",App Experience,Positive,2023-04-01
1447100.0,6051792089.0,68906393.0,3.0,I had a bad experience.,Customer Service,Negative,2024-07-23
6228456.0,1158173915.0,27746432.0,3.0,I had a bad experience.,Delivery,Negative,2023-08-13
983879.0,266072469.0,49529811.0,4.0,"Overall good experience, thank you!",App Experience,Positive,2023-08-02
5482726.0,2529883737.0,94529626.0,1.0,Not worth the price I paid.,Customer Service,Negative,2023-08-10
600446.0,9090089969.0,10951674.0,3.0,Delivery was late and I was unhappy.,Customer Service,Negative,2023-08-02
1175026.0,7102272749.0,10508763.0,1.0,Items were missing from my order.,Product Quality,Negative,2024-04-09
6335870.0,4948925080.0,21201299.0,4.0,"Overall good experience, thank you!",App Experience,Positive,2023-04-27
7225314.0,9463013186.0,11928321.0,5.0,Good selection of products.,App Experience,Positive,2023-06-29
8538209.0,5581013292.0,97557157.0,3.0,Not worth the price I paid.,Product Quality,Negative,2024-09-17
9482081.0,7009619835.0,11063505.0,4.0,"Nothing to complain about, but nothing exceptional.",Customer Service,Neutral,2024-10-28
5603065.0,9177283950.0,33472376.0,3.0,"Average experience, could improve.",Product Quality,Neutral,2023-08-25
4787628.0,9359187866.0,60732869.0,3.0,"Nothing to complain about, but nothing exceptional.",App Experience,Neutral,2023-12-18
6028739.0,1524480475.0,14161586.0,1.0,The packaging was poor.,Customer Service,Negative,2024-06-23
3354327.0,3829990099.0,60379302.0,3.0,I had a bad experience.,Customer Service,Negative,2024-02-05
6206880.0,1058609445.0,51341672.0,4.0,Will definitely order again.,Product Quality,Positive,2024-07-09
3225831.0,1022764286.0,62243869.0,3.0,"Average experience, could improve.",Delivery,Neutral,2024-04-21
8946007.0,1913299658.0,84377964.0,5.0,Will definitely order again.,Product Quality,Positive,2023-12-25
3472006.0,5305443623.0,80476444.0,4.0,"Excellent quality, will buy again!",Product Quality,Positive,2024-01-13
5641400.0,4074369199.0,18259715.0,4.0,Very happy with the service!,App Experience,Positive,2024-06-19
4877749.0,9966404015.0,85072416.0,2.0,Product was damaged during delivery.,Customer Service,Negative,2023-08-10
7575431.0,3192917514.0,16617201.0,4.0,Great prices and fast delivery!,Delivery,Positive,2024-05-10
5476639.0,1256718210.0,6812439.0,4.0,The product met my expectations.,Product Quality,Neutral,2023-05-24
759934.0,6067839426.0,30317733.0,5.0,Very fresh and well-packaged.,Delivery,Positive,2023-08-24
5539145.0,2254923956.0,80696046.0,4.0,"Delivery was fine, but the product could be better.",Product Quality,Neutral,2024-08-19
8357382.0,7367673526.0,97144544.0,5.0,Good selection of products.,Customer Service,Positive,2024-05-01
172813.0,9467422683.0,10562528.0,2.0,I had a bad experience.,Product Quality,Negative,2023-09-21
5709964.0,819853692.0,32656885.0,3.0,The product met my expectations.,App Experience,Neutral,2024-07-04
786461.0,3070834475.0,80269328.0,5.0,Very happy with the service!,App Experience,Positive,2024-10-03
277249.0,3620552357.0,82918668.0,5.0,Customer service was very helpful.,Customer Service,Positive,2024-06-19
9517520.0,5938542755.0,3408982.0,1.0,Delivery was late and I was unhappy.,App Experience,Negative,2023-07-31
29565.0,9315535975.0,70220141.0,3.0,"It was okay, nothing special.",App Experience,Neutral,2023-11-16
7673567.0,3547873471.0,11478478.0,3.0,Product was damaged during delivery.,Product Quality,Negative,2024-10-08
2079367.0,6546999829.0,27381533.0,4.0,"Average experience, could improve.",Delivery,Neutral,2023-10-06
9317864.0,9039495201.0,25770577.0,3.0,"Nothing to complain about, but nothing exceptional.",Customer Service,Neutral,2024-03-27
4410592.0,99708985.0,91130614.0,2.0,Not worth the price I paid.,App Experience,Negative,2023-11-19
1873050.0,6312811061.0,51661209.0,1.0,Product was damaged during delivery.,Delivery,Negative,2024-08-31
5459836.0,3915885220.0,54580166.0,4.0,"Excellent quality, will buy again!",App Experience,Positive,2024-06-21
356447.0,6654736751.0,45804389.0,1.0,Very disappointed with the quality.,Delivery,Negative,2023-04-25
5700319.0,841915361.0,93318833.0,4.0,"It was okay, nothing special.",Customer Service,Neutral,2024-10-31
7013639.0,2543233800.0,46686696.0,3.0,"Average experience, could improve.",Customer Service,Neutral,2023-09-23
1464580.0,5271947935.0,1601161.0,3.0,"It was okay, nothing special.",Customer Service,Neutral,2024-08-26
5512827.0,6339554317.0,17132416.0,4.0,Customer service was very helpful.,Delivery,Positive,2023-06-14
5489330.0,1840475676.0,27971619.0,5.0,"Excellent quality, will buy again!",Customer Service,Positive,2024-05-27
3730382.0,6812031667.0,66023110.0,3.0,Very disappointed with the quality.,Customer Service,Negative,2023-12-12
6718267.0,3031698482.0,75213636.0,2.0,Product was damaged during delivery.,App Experience,Negative,2024-10-11
1020775.0,7902025520.0,78725001.0,2.0,Very disappointed with the quality.,Product Quality,Negative,2024-01-02
4114443.0,1969446314.0,29584848.0,1.0,Items were missing from my order.,Delivery,Negative,2023-09-05
3841707.0,9949497098.0,8881320.0,5.0,Great prices and fast delivery!,Delivery,Positive,2024-10-28
9304078.0,4572338018.0,59141605.0,4.0,"It was okay, nothing special.",Customer Service,Neutral,2023-05-04
5831923.0,2964153358.0,78725001.0,4.0,Very happy with the service!,Delivery,Positive,2023-06-12
2621125.0,7642038633.0,27709218.0,3.0,The order was incorrect.,Delivery,Negative,2024-03-10
3638438.0,8208980848.0,17341194.0,5.0,Very happy with the service!,App Experience,Positive,2024-02-21
8715578.0,3343789681.0,20689141.0,5.0,"Excellent quality, will buy again!",Delivery,Positive,2023-05-27
2424668.0,9478305481.0,92409489.0,3.0,The product met my expectations.,Customer Service,Neutral,2024-02-02
7705557.0,3475260976.0,57291761.0,1.0,The order was incorrect.,Customer Service,Negative,2023-03-26
7510576.0,3665443705.0,14330483.0,2.0,Customer service was not helpful.,Product Quality,Negative,2024-08-09
3435466.0,673592541.0,75213636.0,3.0,The packaging was poor.,Delivery,Negative,2024-04-05
7256577.0,8074949320.0,14472401.0,3.0,"It was okay, nothing special.",Delivery,Neutral,2023-08-17
7431655.0,8056021378.0,95558510.0,3.0,Not worth the price I paid.,App Experience,Negative,2023-11-04
9438059.0,2331582000.0,6637282.0,3.0,"Average experience, could improve.",Product Quality,Neutral,2024-03-16
7977590.0,5844776722.0,10038382.0,2.0,The packaging was poor.,Product Quality,Negative,2024-01-10
3356696.0,8426465860.0,88045094.0,1.0,The order was incorrect.,App Experience,Negative,2024-02-29
6821444.0,9057555029.0,60446619.0,3.0,Delivery was late and I was unhappy.,App Experience,Negative,2024-02-02
8058385.0,2210486526.0,65406127.0,1.0,Product was damaged during delivery.,Customer Service,Negative,2023-12-13
8830299.0,6421432903.0,66766629.0,4.0,"Excellent quality, will buy again!",Delivery,Positive,2024-01-30
4064423.0,3562901354.0,5039883.0,4.0,"It was okay, nothing special.",App Experience,Neutral,2024-05-06
7387709.0,8194268842.0,17929886.0,3.0,"Nothing to complain about, but nothing exceptional.",App Experience,Neutral,2024-08-15
8624078.0,7524467684.0,22321208.0,5.0,Items were in perfect condition.,Customer Service,Positive,2023-04-25
9473991.0,1254195766.0,60399360.0,5.0,Great prices and fast delivery!,Customer Service,Positive,2023-12-21
1687375.0,6476646153.0,60967677.0,3.0,The product met my expectations.,App Experience,Neutral,2024-10-06
4118129.0,8278568103.0,28876580.0,4.0,"Overall good experience, thank you!",App Experience,Positive,2024-08-06
9221056.0,8589621333.0,38420886.0,2.0,The packaging was poor.,Customer Service,Negative,2023-10-01
5058986.0,8531683720.0,85747175.0,3.0,Customer service was not helpful.,Product Quality,Negative,2024-10-25
6203968.0,327291657.0,67729191.0,5.0,Highly recommended!,Delivery,Positive,2024-07-15
9598125.0,6159164139.0,35690581.0,1.0,The packaging was poor.,Delivery,Negative,2024-04-06
7822817.0,8029863164.0,50652909.0,1.0,Items were missing from my order.,Product Quality,Negative,2023-10-22
1345587.0,9387824629.0,96989204.0,3.0,Very disappointed with the quality.,Delivery,Negative,2023-12-30
9585407.0,3289836195.0,18082040.0,5.0,Highly recommended!,Customer Service,Positive,2024-05-29
2004729.0,5001931575.0,23380116.0,5.0,Will definitely order again.,App Experience,Positive,2024-10-28
5997297.0,7258292820.0,20689141.0,3.0,"Nothing to complain about, but nothing exceptional.",Product Quality,Neutral,2023-08-13
4634192.0,4924862857.0,65294340.0,1.0,The order was incorrect.,Delivery,Negative,2023-08-08
5584340.0,8666314034.0,21697638.0,3.0,Customer service was not helpful.,Product Quality,Negative,2023-04-21
1839372.0,6775326324.0,16379942.0,3.0,"Nothing to complain about, but nothing exceptional.",App Experience,Neutral,2023-06-17
6305813.0,6092636899.0,53025962.0,5.0,Very happy with the service!,Product Quality,Positive,2024-10-26
3025053.0,4115558056.0,98088303.0,4.0,The product met my expectations.,App Experience,Neutral,2024-04-17
8970528.0,2352136184.0,75289676.0,3.0,"Average experience, could improve.",App Experience,Neutral,2023-11-21
4748669.0,1706445141.0,93370787.0,3.0,Taste was not as expected.,App Experience,Negative,2024-03-11
9304849.0,9000165912.0,65895091.0,3.0,The product met my expectations.,Product Quality,Neutral,2023-08-20
6525511.0,7457305850.0,76857266.0,5.0,Will definitely order again.,Delivery,Positive,2023-12-08
6348419.0,9685973820.0,34281470.0,4.0,"Delivery was fine, but the product could be better.",Product Quality,Neutral,2024-04-20
4523320.0,168067196.0,11071601.0,3.0,"Average experience, could improve.",App Experience,Neutral,2024-07-16
8562940.0,6105240201.0,53299455.0,5.0,Good selection of products.,Product Quality,Positive,2024-05-22
3797948.0,1888247163.0,79630614.0,1.0,The packaging was poor.,App Experience,Negative,2024-02-09
2228327.0,7145162326.0,35459748.0,5.0,Very fresh and well-packaged.,App Experience,Positive,2023-06-23
3185741.0,7611231659.0,78841932.0,3.0,Product was damaged during delivery.,Customer Service,Negative,2023-09-22
6342987.0,4508784747.0,3483295.0,3.0,The product met my expectations.,Product Quality,Neutral,2024-03-11
3152074.0,2567590825.0,13604883.0,4.0,"It was okay, nothing special.",App Experience,Neutral,2023-10-10
9977924.0,9255982861.0,83867512.0,4.0,"Average experience, could improve.",Customer Service,Neutral,2024-10-17
384929.0,4102063254.0,86067293.0,2.0,Product was damaged during delivery.,App Experience,Negative,2024-01-13
8067240.0,7373931740.0,49117070.0,4.0,"Nothing to complain about, but nothing exceptional.",Product Quality,Neutral,2024-08-27
502705.0,5682816404.0,10830043.0,4.0,Very fresh and well-packaged.,App Experience,Positive,2023-07-10
5955616.0,544018743.0,67310893.0,4.0,Highly recommended!,App Experience,Positive,2024-03-31
4707258.0,3292929952.0,29272253.0,2.0,Product was damaged during delivery.,Delivery,Negative,2024-09-10
3275204.0,9144790321.0,15808945.0,3.0,Product was damaged during delivery.,Delivery,Negative,2023-04-17
3930670.0,9075991438.0,3999964.0,4.0,The product met my expectations.,App Experience,Neutral,2023-06-21
9081467.0,3634813810.0,32527479.0,3.0,The product met my expectations.,Product Quality,Neutral,2024-08-12
8349357.0,8250406975.0,9573071.0,3.0,The product met my expectations.,App Experience,Neutral,2023-12-07
8085505.0,5877618756.0,80571942.0,3.0,The product met my expectations.,App Experience,Neutral,2023-07-07
5010654.0,2419292139.0,79916464.0,2.0,Customer service was not helpful.,App Experience,Negative,2024-05-31
2696681.0,9547123332.0,66485571.0,5.0,Highly recommended!,Product Quality,Positive,2023-06-07
4096289.0,6968636396.0,38902193.0,3.0,Items were missing from my order.,Customer Service,Negative,2024-04-02
5929487.0,5247557644.0,44410149.0,4.0,"Delivery was fine, but the product could be better.",Delivery,Neutral,2023-05-20
4930305.0,7731193394.0,88553721.0,4.0,Great prices and fast delivery!,Customer Service,Positive,2024-10-15
3153160.0,6048321120.0,24357425.0,4.0,"Excellent quality, will buy again!",App Experience,Positive,2024-07-25
4889229.0,8494582006.0,60967677.0,3.0,The product met my expectations.,Product Quality,Neutral,2023-05-04
2002715.0,5600781757.0,67386193.0,3.0,Taste was not as expected.,App Experience,Negative,2023-06-18
7379581.0,495091707.0,56457995.0,5.0,Highly recommended!,App Experience,Positive,2024-09-16
4314327.0,3239613823.0,966247.0,2.0,The packaging was poor.,Customer Service,Negative,2024-04-18
2369256.0,3643352219.0,97928781.0,1.0,Customer service was not helpful.,App Experience,Negative,2023-09-15
5188558.0,2051599638.0,44409533.0,1.0,I had a bad experience.,Product Quality,Negative,2023-04-22
1271185.0,3514859549.0,16561710.0,4.0,"Nothing to complain about, but nothing exceptional.",Customer Service,Neutral,2023-12-21
3914485.0,3907599008.0,31328762.0,4.0,The product met my expectations.,Customer Service,Neutral,2023-12-12
9471210.0,1534993603.0,97507853.0,4.0,"Nothing to complain about, but nothing exceptional.",Customer Service,Neutral,2024-01-07
2743823.0,8980701254.0,1601161.0,4.0,Customer service was very helpful.,Customer Service,Positive,2024-05-12
5003269.0,6695408903.0,38613642.0,4.0,The product met my expectations.,Customer Service,Neutral,2023-05-24
3274280.0,3268455899.0,4439806.0,1.0,Product was damaged during delivery.,Delivery,Negative,2023-09-16
7736053.0,7809161755.0,12778027.0,4.0,Very happy with the service!,Product Quality,Positive,2023-04-10
4647007.0,8873697539.0,91384030.0,4.0,Good selection of products.,Delivery,Positive,2024-02-14
1722620.0,8603941640.0,82948843.0,2.0,Taste was not as expected.,Customer Service,Negative,2024-01-06
426019.0,8308184279.0,57658033.0,5.0,Very fresh and well-packaged.,Delivery,Positive,2023-06-19
8634012.0,7572826287.0,71252391.0,3.0,"Nothing to complain about, but nothing exceptional.",App Experience,Neutral,2023-04-23
6180564.0,7478396641.0,77007315.0,4.0,The product met my expectations.,Product Quality,Neutral,2023-12-05
656135.0,3569283921.0,53636086.0,5.0,Very fresh and well-packaged.,Product Quality,Positive,2023-10-27
9873588.0,9947619677.0,6398761.0,3.0,Delivery was late and I was unhappy.,Product Quality,Negative,2024-08-20
1962583.0,5396237918.0,8228843.0,4.0,"Average experience, could improve.",Delivery,Neutral,2024-01-31
770300.0,455878765.0,55733729.0,2.0,Delivery was late and I was unhappy.,Customer Service,Negative,2024-07-06
7360651.0,2079195080.0,85518832.0,4.0,Very fresh and well-packaged.,App Experience,Positive,2024-03-30
3458028.0,6104211214.0,62816600.0,2.0,Very disappointed with the quality.,Customer Service,Negative,2024-07-21
518878.0,9442939134.0,92245432.0,4.0,The product met my expectations.,App Experience,Neutral,2024-08-24
7800038.0,3317293496.0,76917159.0,1.0,Not worth the price I paid.,Delivery,Negative,2024-02-13
8232663.0,8243326501.0,31681710.0,2.0,Items were missing from my order.,App Experience,Negative,2024-01-21
3569673.0,4109483569.0,92416428.0,1.0,The order was incorrect.,Delivery,Negative,2024-03-10
3522911.0,5390352336.0,13462905.0,4.0,Very fresh and well-packaged.,Delivery,Positive,2024-07-15
4552421.0,2581584982.0,25770577.0,5.0,Customer service was very helpful.,App Experience,Positive,2023-10-20
3829031.0,1668737869.0,69908484.0,5.0,"Excellent quality, will buy again!",Product Quality,Positive,2023-03-23
4125665.0,5046906329.0,65543312.0,1.0,The order was incorrect.,Customer Service,Negative,2023-08-07
5647020.0,2536833157.0,19067680.0,3.0,"It was okay, nothing special.",Delivery,Neutral,2023-05-08
3799517.0,9176170352.0,98444183.0,5.0,"Excellent quality, will buy again!",Product Quality,Positive,2023-11-03
5056957.0,833930925.0,9278983.0,1.0,Very disappointed with the quality.,Product Quality,Negative,2024-01-10
4241626.0,8515226099.0,15661901.0,2.0,The packaging was poor.,Customer Service,Negative,2023-08-21
3796945.0,2023020278.0,44477365.0,1.0,Product was damaged during delivery.,Product Quality,Negative,2023-06-14
1420079.0,2840526544.0,63360864.0,4.0,"Nothing to complain about, but nothing exceptional.",App Experience,Neutral,2023-03-28
516028.0,7267422945.0,49260858.0,4.0,"Nothing to complain about, but nothing exceptional.",Product Quality,Neutral,2023-05-03
2172693.0,9400777426.0,86487478.0,2.0,Items were missing from my order.,App Experience,Negative,2023-11-17
9087201.0,3298603544.0,74515162.0,2.0,Very disappointed with the quality.,App Experience,Negative,2023-06-16
1610547.0,4479973293.0,68965787.0,3.0,"Delivery was fine, but the product could be better.",App Experience,Neutral,2024-09-11
4548300.0,356236208.0,62068277.0,4.0,"It was okay, nothing special.",App Experience,Neutral,2023-08-08
8233641.0,6699845542.0,22851478.0,3.0,"Average experience, could improve.",Delivery,Neutral,2023-12-06
2716119.0,3106057977.0,30455484.0,4.0,Good selection of products.,App Experience,Positive,2024-06-07
3144849.0,1905367587.0,93321933.0,4.0,"Average experience, could improve.",App Experience,Neutral,2023-11-05
9462518.0,169590729.0,10019218.0,4.0,"Overall good experience, thank you!",Product Quality,Positive,2024-05-23
7868447.0,9820743709.0,81822494.0,4.0,"Nothing to complain about, but nothing exceptional.",Product Quality,Neutral,2023-12-03
3141053.0,6605882211.0,33544355.0,2.0,Taste was not as expected.,Customer Service,Negative,2023-12-03
619265.0,9517765444.0,12832151.0,3.0,The product met my expectations.,Product Quality,Neutral,2023-09-28
4863296.0,7766311749.0,74313592.0,4.0,Customer service was very helpful.,Customer Service,Positive,2023-11-28
4582675.0,742238239.0,10605484.0,1.0,Items were missing from my order.,App Experience,Negative,2023-12-21
252254.0,3146141485.0,47625855.0,5.0,Very fresh and well-packaged.,App Experience,Positive,2023-12-27
9314635.0,6633702824.0,20148223.0,3.0,Customer service was not helpful.,Customer Service,Negative,2024-06-19
7807519.0,5033749011.0,41164215.0,4.0,"It was okay, nothing special.",Product Quality,Neutral,2023-10-22
3731630.0,4009496217.0,62416456.0,4.0,"Average experience, could improve.",Customer Service,Neutral,2023-07-22
2184545.0,4284473821.0,87251489.0,3.0,The product met my expectations.,Product Quality,Neutral,2024-03-25
4813092.0,8860588793.0,50781611.0,1.0,Delivery was late and I was unhappy.,App Experience,Negative,2023-08-03
2595784.0,5305428485.0,9796585.0,1.0,Customer service was not helpful.,Customer Service,Negative,2023-05-07
2785226.0,676278878.0,99784559.0,1.0,Not worth the price I paid.,Delivery,Negative,2023-04-08
6952073.0,9459854097.0,40703374.0,1.0,Customer service was not helpful.,Product Quality,Negative,2023-10-28
9351987.0,3895596621.0,91243571.0,1.0,Items were missing from my order.,App Experience,Negative,2023-10-29
4471732.0,7750915110.0,49050014.0,3.0,The product met my expectations.,Product Quality,Neutral,2023-09-18
171231.0,5173951989.0,43990799.0,4.0,"Nothing to complain about, but nothing exceptional.",Product Quality,Neutral,2023-11-11
5478195.0,6388954643.0,80286283.0,4.0,Will definitely order again.,Customer Service,Positive,2024-02-23
4758791.0,5819387689.0,49152878.0,1.0,I had a bad experience.,App Experience,Negative,2023-09-08
1250410.0,4184037584.0,68419593.0,3.0,Items were missing from my order.,Customer Service,Negative,2023-10-15
6039931.0,9525140554.0,91500615.0,4.0,"Nothing to complain about, but nothing exceptional.",App Experience,Neutral,2024-10-15
747049.0,1617927874.0,84993732.0,3.0,"It was okay, nothing special.",Customer Service,Neutral,2024-09-14
5541809.0,1543944105.0,82804543.0,3.0,Taste was not as expected.,Delivery,Negative,2024-10-21
9527175.0,341580530.0,45804389.0,3.0,The product met my expectations.,App Experience,Neutral,2024-07-10
875533.0,5133661902.0,79695653.0,4.0,Great prices and fast delivery!,Customer Service,Positive,2023-11-13
2218595.0,4557328309.0,82854537.0,3.0,"Nothing to complain about, but nothing exceptional.",Delivery,Neutral,2024-06-13
85893.0,4479421205.0,3893903.0,4.0,Very fresh and well-packaged.,Customer Service,Positive,2024-07-02
1605327.0,5740294639.0,67908555.0,4.0,"Nothing to complain about, but nothing exceptional.",Product Quality,Neutral,2023-07-31
9601373.0,8114060961.0,28394354.0,1.0,I had a bad experience.,Delivery,Negative,2023-10-12
1724433.0,5744553133.0,60495351.0,4.0,The product met my expectations.,Customer Service,Neutral,2024-04-19
812703.0,5029893308.0,73799927.0,4.0,"Delivery was fine, but the product could be better.",Product Quality,Neutral,2024-01-26
5640225.0,9663384689.0,89523804.0,5.0,"Excellent quality, will buy again!",Delivery,Positive,2023-03-24
7431157.0,7919240958.0,91614690.0,3.0,Product was damaged during delivery.,Product Quality,Negative,2023-05-19
9816353.0,5211751826.0,77768189.0,1.0,Not worth the price I paid.,Customer Service,Negative,2023-08-31
9879755.0,8713129069.0,13189939.0,4.0,"It was okay, nothing special.",Product Quality,Neutral,2024-10-16
8038970.0,1407304162.0,76970363.0,5.0,Highly recommended!,Product Quality,Positive,2023-03-31
8436677.0,3793875046.0,17675915.0,5.0,Good selection of products.,Product Quality,Positive,2024-01-30
9132203.0,4903700958.0,66866026.0,4.0,"It was okay, nothing special.",Delivery,Neutral,2024-05-30
4442028.0,1989547877.0,60700850.0,1.0,Not worth the price I paid.,Customer Service,Negative,2023-12-14
5883139.0,9584857115.0,25829710.0,3.0,"Nothing to complain about, but nothing exceptional.",Product Quality,Neutral,2023-12-28
4018208.0,7236760938.0,67918495.0,4.0,Very happy with the service!,Delivery,Positive,2024-06-29
5662443.0,4346903287.0,87463923.0,5.0,Customer service was very helpful.,Product Quality,Positive,2024-10-29
4265813.0,6353755071.0,41972994.0,3.0,Items were missing from my order.,Delivery,Negative,2024-02-12
350130.0,89194627.0,37947202.0,2.0,Customer service was not helpful.,Product Quality,Negative,2024-03-06
2085986.0,544919267.0,54923640.0,5.0,Highly recommended!,Product Quality,Positive,2024-09-25
1780287.0,6665075012.0,19067680.0,3.0,"It was okay, nothing special.",Delivery,Neutral,2024-01-14
5074144.0,4461389660.0,27513158.0,1.0,I had a bad experience.,Delivery,Negative,2023-07-30
2954467.0,8789328634.0,53332493.0,4.0,"Excellent quality, will buy again!",Product Quality,Positive,2024-06-01
2432399.0,147066568.0,44149982.0,3.0,The product met my expectations.,Customer Service,Neutral,2024-07-12
1500148.0,6712947216.0,1697604.0,3.0,"Delivery was fine, but the product could be better.",Delivery,Neutral,2023-04-11
6796204.0,4731158560.0,29361038.0,3.0,"Nothing to complain about, but nothing exceptional.",App Experience,Neutral,2024-03-14
4518949.0,6228958238.0,50650215.0,4.0,"Average experience, could improve.",Product Quality,Neutral,2023-08-31
9494172.0,8006440384.0,20625627.0,4.0,Highly recommended!,Customer Service,Positive,2023-06-09
5855840.0,7330672658.0,57474553.0,2.0,The order was incorrect.,Product Quality,Negative,2024-10-25
2100276.0,1766200974.0,60591625.0,3.0,"Delivery was fine, but the product could be better.",Product Quality,Neutral,2024-10-13
2264744.0,2878422829.0,84641682.0,5.0,Very happy with the service!,Delivery,Positive,2024-07-16
626555.0,5862535621.0,76850859.0,4.0,Customer service was very helpful.,Customer Service,Positive,2024-01-03
1298854.0,3781134163.0,61320989.0,3.0,"It was okay, nothing special.",App Experience,Neutral,2024-02-03
6374645.0,7835720444.0,45700473.0,2.0,Items were missing from my order.,Delivery,Negative,2024-01-10
7138661.0,1952343673.0,68965787.0,3.0,Very disappointed with the quality.,Customer Service,Negative,2024-02-24
5165145.0,9406096007.0,67092149.0,4.0,"Delivery was fine, but the product could be better.",Customer Service,Neutral,2023-11-24
9659750.0,1136528533.0,20956158.0,5.0,"Excellent quality, will buy again!",Customer Service,Positive,2023-08-22
7151341.0,9137126466.0,75752515.0,2.0,I had a bad experience.,Product Quality,Negative,2023-08-05
57096.0,1495517558.0,96373206.0,5.0,Items were in perfect condition.,Customer Service,Positive,2024-08-17
8681426.0,1643011737.0,32585389.0,5.0,Items were in perfect condition.,Product Quality,Positive,2024-07-14
3046907.0,4067366774.0,19482392.0,4.0,Great prices and fast delivery!,App Experience,Positive,2024-02-23
871527.0,1683118802.0,92306841.0,4.0,"It was okay, nothing special.",App Experience,Neutral,2023-12-17
8346681.0,5770514189.0,57340963.0,4.0,Very happy with the service!,Delivery,Positive,2023-12-08
153218.0,9612669334.0,49985597.0,4.0,Will definitely order again.,App Experience,Positive,2023-06-24
1727402.0,3262295808.0,15487049.0,2.0,Taste was not as expected.,Product Quality,Negative,2024-04-19
6790063.0,1593291198.0,93122847.0,1.0,Very disappointed with the quality.,Product Quality,Negative,2024-09-30
8412265.0,5327721432.0,13585482.0,4.0,"Average experience, could improve.",Customer Service,Neutral,2024-09-28
7134266.0,4879497185.0,51014003.0,4.0,Customer service was very helpful.,App Experience,Positive,2023-10-17
2060823.0,6883107728.0,97492493.0,3.0,"It was okay, nothing special.",Product Quality,Neutral,2024-02-11
6353852.0,1643246998.0,90649019.0,4.0,"Nothing to complain about, but nothing exceptional.",App Experience,Neutral,2023-10-29
2664759.0,913309291.0,89968482.0,2.0,Delivery was late and I was unhappy.,Delivery,Negative,2024-06-16
7946531.0,8298829689.0,64535602.0,4.0,Good selection of products.,Customer Service,Positive,2023-11-29
1570551.0,7155488252.0,12090436.0,2.0,The order was incorrect.,Customer Service,Negative,2024-09-28
1250175.0,8316192789.0,25706121.0,4.0,"Average experience, could improve.",Product Quality,Neutral,2023-07-07
5761409.0,3589756658.0,17749347.0,2.0,Very disappointed with the quality.,App Experience,Negative,2023-12-18
819181.0,8371900149.0,99893898.0,4.0,Will definitely order again.,App Experience,Positive,2024-08-31
2904387.0,6659686612.0,90919603.0,3.0,"Nothing to complain about, but nothing exceptional.",Customer Service,Neutral,2024-04-20
3066125.0,2937676500.0,11202130.0,3.0,The packaging was poor.,Delivery,Negative,2024-05-25
3249148.0,9908301442.0,57967753.0,3.0,The product met my expectations.,Delivery,Neutral,2023-06-10
9880946.0,3325049330.0,80761521.0,4.0,"Nothing to complain about, but nothing exceptional.",Delivery,Neutral,2023-03-31
8741505.0,2330986566.0,29941225.0,5.0,Good selection of products.,Customer Service,Positive,2023-03-26
7160079.0,1495975802.0,17390673.0,3.0,Taste was not as expected.,Delivery,Negative,2024-01-27
9278024.0,4207249029.0,70529459.0,1.0,Taste was not as expected.,Customer Service,Negative,2023-10-15
4535966.0,1150143976.0,1588560.0,3.0,"Nothing to complain about, but nothing exceptional.",App Experience,Neutral,2023-08-12
7033702.0,8443390148.0,21577948.0,3.0,I had a bad experience.,Delivery,Negative,2023-06-12
7564096.0,8358703267.0,20496835.0,2.0,The packaging was poor.,App Experience,Negative,2023-08-20
9496693.0,1608084881.0,85907588.0,4.0,"Average experience, could improve.",App Experience,Neutral,2024-03-21
6843196.0,2744486953.0,73891999.0,5.0,Highly recommended!,Customer Service,Positive,2024-09-29
5854126.0,3036885153.0,4789829.0,2.0,Items were missing from my order.,App Experience,Negative,2024-02-29
1022517.0,7335148205.0,85435560.0,4.0,"Delivery was fine, but the product could be better.",Delivery,Neutral,2023-06-30
4843887.0,2356580295.0,4597433.0,4.0,The product met my expectations.,Customer Service,Neutral,2023-08-21
2742328.0,8999547266.0,21697638.0,4.0,"Delivery was fine, but the product could be better.",Customer Service,Neutral,2023-12-09
6796349.0,3094439783.0,95873651.0,4.0,The product met my expectations.,Customer Service,Neutral,2023-11-30
8863782.0,2753579193.0,2558646.0,4.0,"Nothing to complain about, but nothing exceptional.",App Experience,Neutral,2023-03-29
6204691.0,7683077217.0,22047134.0,1.0,Very disappointed with the quality.,App Experience,Negative,2024-04-17
7664095.0,2366099898.0,63339001.0,3.0,I had a bad experience.,Customer Service,Negative,2023-05-10
7469474.0,1252810532.0,42102289.0,5.0,"Overall good experience, thank you!",App Experience,Positive,2024-07-03
9699379.0,6493039553.0,90150193.0,3.0,The product met my expectations.,Customer Service,Neutral,2024-08-06
9317307.0,9274842886.0,69761993.0,3.0,"It was okay, nothing special.",Delivery,Neutral,2023-11-15
8176358.0,8255275254.0,46615831.0,3.0,The product met my expectations.,Product Quality,Neutral,2023-12-03
192970.0,2136873695.0,2391900.0,4.0,"Overall good experience, thank you!",Delivery,Positive,2023-07-09
3629147.0,3253225736.0,61753272.0,1.0,Very disappointed with the quality.,Product Quality,Negative,2024-07-19
3518154.0,7712604853.0,10608845.0,4.0,"Nothing to complain about, but nothing exceptional.",Customer Service,Neutral,2023-09-26
950262.0,5698803942.0,31813.0,1.0,Customer service was not helpful.,Delivery,Negative,2024-10-10
4206313.0,4393804577.0,69242672.0,1.0,Very disappointed with the quality.,Delivery,Negative,2023-08-30
6262953.0,9307961643.0,82322028.0,3.0,The order was incorrect.,Delivery,Negative,2024-04-24
4699115.0,14103943.0,9105829.0,3.0,"Delivery was fine, but the product could be better.",Product Quality,Neutral,2023-11-24
9832624.0,4183595096.0,64141971.0,1.0,Very disappointed with the quality.,App Experience,Negative,2024-01-09
2369905.0,9915365099.0,14367270.0,2.0,The order was incorrect.,Product Quality,Negative,2023-05-19
2014466.0,7979108696.0,63368244.0,2.0,Items were missing from my order.,Delivery,Negative,2024-05-20
5796198.0,8756485728.0,97466783.0,3.0,"It was okay, nothing special.",Product Quality,Neutral,2024-02-10
9657059.0,4859441294.0,3468355.0,2.0,Delivery was late and I was unhappy.,App Experience,Negative,2024-05-30
1220602.0,8100291984.0,54885705.0,3.0,Items were missing from my order.,App Experience,Negative,2023-08-21
6561881.0,7825714018.0,56548063.0,3.0,Taste was not as expected.,Delivery,Negative,2024-08-27
4595410.0,1785144322.0,8025622.0,2.0,Very disappointed with the quality.,App Experience,Negative,2024-07-22
6793198.0,242240959.0,64562786.0,5.0,Items were in perfect condition.,Customer Service,Positive,2024-01-26
7313609.0,3527621284.0,86636273.0,4.0,"Nothing to complain about, but nothing exceptional.",App Experience,Neutral,2024-07-21
6598501.0,2254856113.0,29973346.0,2.0,Items were missing from my order.,Delivery,Negative,2023-04-16
5980855.0,4295420935.0,97185284.0,3.0,The product met my expectations.,Product Quality,Neutral,2024-09-04
6440888.0,8739415992.0,55042740.0,4.0,"It was okay, nothing special.",Product Quality,Neutral,2023-06-02
923839.0,2123879653.0,43599910.0,4.0,Will definitely order again.,Customer Service,Positive,2024-10-31
7114804.0,1054974834.0,12272282.0,3.0,"Nothing to complain about, but nothing exceptional.",Product Quality,Neutral,2023-05-14
1755904.0,6660596550.0,48554440.0,2.0,Product was damaged during delivery.,Delivery,Negative,2024-06-21
8739388.0,1633238374.0,26303194.0,3.0,Very disappointed with the quality.,Customer Service,Negative,2023-08-12
619817.0,8133246330.0,34526570.0,3.0,"Average experience, could improve.",Delivery,Neutral,2023-10-08
1518503.0,4696656818.0,28458746.0,2.0,The order was incorrect.,Product Quality,Negative,2023-04-11
7711020.0,7590214417.0,69240186.0,3.0,"It was okay, nothing special.",App Experience,Neutral,2024-05-09
7883212.0,1736212920.0,9401406.0,2.0,Items were missing from my order.,Product Quality,Negative,2024-09-10
1253497.0,4507702369.0,27955158.0,5.0,Good selection of products.,App Experience,Positive,2023-04-24
4532968.0,6458765046.0,83348353.0,1.0,Customer service was not helpful.,Product Quality,Negative,2023-06-29
9238973.0,47953423.0,96806748.0,4.0,The product met my expectations.,Product Quality,Neutral,2024-02-27
7360900.0,1263714922.0,77086539.0,5.0,Very happy with the service!,Delivery,Positive,2023-10-06
5824844.0,2061768860.0,12469338.0,5.0,Customer service was very helpful.,Delivery,Positive,2023-09-19
6538134.0,4264335652.0,71321741.0,4.0,Great prices and fast delivery!,Customer Service,Positive,2023-09-08
8332997.0,3087181728.0,58513300.0,3.0,The product met my expectations.,Product Quality,Neutral,2023-07-05
5267320.0,599772156.0,35358395.0,2.0,Delivery was late and I was unhappy.,Delivery,Negative,2023-03-24
4909828.0,6074313668.0,77614510.0,4.0,Highly recommended!,Customer Service,Positive,2024-09-27
8945284.0,5497551107.0,41647393.0,2.0,Taste was not as expected.,Product Quality,Negative,2024-08-18
5169641.0,9102202025.0,98896871.0,4.0,Items were in perfect condition.,Product Quality,Positive,2024-04-10
8345962.0,8794436743.0,40727086.0,3.0,"Average experience, could improve.",Product Quality,Neutral,2023-07-17
9306000.0,3299603042.0,77614510.0,4.0,The product met my expectations.,Customer Service,Neutral,2024-06-17
3857057.0,243077069.0,46623192.0,3.0,The packaging was poor.,Delivery,Negative,2024-04-25
5996296.0,6749594412.0,16436359.0,4.0,"Delivery was fine, but the product could be better.",Product Quality,Neutral,2023-11-30
6109075.0,5378344982.0,33658749.0,4.0,Customer service was very helpful.,App Experience,Positive,2024-02-17
7601821.0,9103834515.0,61851054.0,1.0,The packaging was poor.,Product Quality,Negative,2024-01-03
8521886.0,6237437720.0,15568831.0,3.0,The order was incorrect.,Product Quality,Negative,2023-08-26
6112415.0,2719670578.0,95382317.0,5.0,Good selection of products.,Delivery,Positive,2024-09-04
6707767.0,2748681349.0,84862161.0,4.0,"Delivery was fine, but the product could be better.",App Experience,Neutral,2024-05-15
428466.0,9851618724.0,96149069.0,5.0,Good selection of products.,Customer Service,Positive,2023-10-03
8737828.0,7013533376.0,81500385.0,4.0,Items were in perfect condition.,Customer Service,Positive,2023-12-08
2800546.0,9727047029.0,94730288.0,5.0,Good selection of products.,Customer Service,Positive,2024-01-04
7999928.0,1191540022.0,69863493.0,4.0,"Average experience, could improve.",Delivery,Neutral,2024-09-15
3717587.0,5733572517.0,5039883.0,5.0,Great prices and fast delivery!,App Experience,Positive,2024-08-05
9982658.0,9647928644.0,99406165.0,2.0,Product was damaged during delivery.,Customer Service,Negative,2023-05-19
2103248.0,9696598689.0,7288562.0,1.0,Very disappointed with the quality.,Product Quality,Negative,2023-08-24
476012.0,1091207520.0,65559853.0,4.0,Very fresh and well-packaged.,Customer Service,Positive,2024-10-05
7503579.0,7995971909.0,1342184.0,3.0,The product met my expectations.,Product Quality,Neutral,2023-05-08
1380738.0,6077755741.0,40055711.0,4.0,Customer service was very helpful.,Customer Service,Positive,2023-07-20
9046135.0,1240745644.0,22915611.0,5.0,Highly recommended!,Delivery,Positive,2023-05-20
5518085.0,1397810713.0,9314637.0,5.0,Highly recommended!,Delivery,Positive,2023-12-09
5209425.0,5149614189.0,90150193.0,2.0,Very disappointed with the quality.,Customer Service,Negative,2023-07-24
2115064.0,7453349798.0,65488134.0,4.0,The product met my expectations.,Product Quality,Neutral,2023-08-10
366387.0,7570986632.0,45166203.0,4.0,Good selection of products.,Delivery,Positive,2023-05-17
8010062.0,5292931220.0,38327793.0,4.0,"Average experience, could improve.",Product Quality,Neutral,2023-11-25
1769526.0,2654499230.0,79478655.0,4.0,"Nothing to complain about, but nothing exceptional.",Delivery,Neutral,2023-06-10
3744829.0,2327587597.0,24621386.0,5.0,Highly recommended!,Delivery,Positive,2024-06-29
9545935.0,5852189277.0,29653387.0,4.0,The product met my expectations.,App Experience,Neutral,2024-10-13
4887476.0,8943211530.0,14632090.0,2.0,Delivery was late and I was unhappy.,Product Quality,Negative,2023-09-23
5693648.0,3305649506.0,90649019.0,2.0,The order was incorrect.,Product Quality,Negative,2023-11-15
7645269.0,538997323.0,13492411.0,4.0,The product met my expectations.,App Experience,Neutral,2023-04-17
1513487.0,2966187610.0,67310893.0,3.0,The order was incorrect.,App Experience,Negative,2023-04-13
4979031.0,866693541.0,14472401.0,4.0,"Nothing to complain about, but nothing exceptional.",Delivery,Neutral,2024-06-24
140755.0,440721658.0,9450435.0,1.0,Very disappointed with the quality.,App Experience,Negative,2023-05-05
3901454.0,2084323012.0,11202130.0,3.0,"It was okay, nothing special.",Customer Service,Neutral,2024-06-03
7956876.0,4876314410.0,37227953.0,1.0,I had a bad experience.,Customer Service,Negative,2024-11-01
7333093.0,2401282648.0,21425168.0,3.0,"Average experience, could improve.",Product Quality,Neutral,2023-08-10
8591673.0,2117291471.0,33481252.0,1.0,The order was incorrect.,Delivery,Negative,2023-06-21
609791.0,5455295163.0,46989310.0,2.0,Taste was not as expected.,Product Quality,Negative,2024-08-25
5617790.0,3219761206.0,44589829.0,2.0,Product was damaged during delivery.,Product Quality,Negative,2024-07-14
1277801.0,7423918026.0,84448310.0,4.0,"Nothing to complain about, but nothing exceptional.",Delivery,Neutral,2024-04-27
763327.0,1793817443.0,68661619.0,4.0,The product met my expectations.,Delivery,Neutral,2023-11-15
1183305.0,2644609220.0,97825663.0,2.0,Delivery was late and I was unhappy.,Product Quality,Negative,2024-05-22
1723129.0,1353492780.0,57765367.0,3.0,The product met my expectations.,Customer Service,Neutral,2024-03-06
1525480.0,1230061693.0,11616535.0,4.0,"It was okay, nothing special.",Delivery,Neutral,2023-06-15
3393191.0,6299572675.0,81046421.0,3.0,Customer service was not helpful.,App Experience,Negative,2023-08-17
1398922.0,5956863364.0,24821281.0,3.0,Not worth the price I paid.,Customer Service,Negative,2024-02-20
5247882.0,6788884093.0,2566268.0,4.0,Will definitely order again.,App Experience,Positive,2024-10-06
8344245.0,6120799223.0,84377964.0,2.0,Not worth the price I paid.,Delivery,Negative,2024-01-14
4442999.0,3892854030.0,74179536.0,1.0,The order was incorrect.,App Experience,Negative,2024-02-08
384802.0,1883324334.0,76327561.0,5.0,Great prices and fast delivery!,Delivery,Positive,2024-07-27
7222962.0,4541530278.0,59517074.0,4.0,Will definitely order again.,Delivery,Positive,2024-04-05
3984520.0,8807380767.0,37947202.0,3.0,The order was incorrect.,App Experience,Negative,2023-04-22
8073507.0,5865396281.0,84119685.0,2.0,Not worth the price I paid.,App Experience,Negative,2024-02-06
1003704.0,340451825.0,87691707.0,4.0,Highly recommended!,Customer Service,Positive,2024-09-25
1606730.0,3327784606.0,61982521.0,4.0,Items were in perfect condition.,Customer Service,Positive,2024-01-11
5298431.0,5990129875.0,87160527.0,5.0,Great prices and fast delivery!,Customer Service,Positive,2024-07-13
6194869.0,8808930721.0,59329145.0,3.0,The product met my expectations.,App Experience,Neutral,2023-10-21
5072753.0,8116880443.0,26752630.0,3.0,"Average experience, could improve.",App Experience,Neutral,2023-07-23
4962524.0,9933926720.0,96640716.0,3.0,Customer service was not helpful.,App Experience,Negative,2023-08-17
7614027.0,776562418.0,54923640.0,1.0,The packaging was poor.,Product Quality,Negative,2024-09-08
937617.0,6105793582.0,67538982.0,4.0,Very happy with the service!,Delivery,Positive,2023-04-13
702403.0,9247779866.0,19523014.0,5.0,Customer service was very helpful.,Delivery,Positive,2024-10-24
4482998.0,5456672526.0,52757321.0,4.0,"It was okay, nothing special.",Customer Service,Neutral,2024-09-23
6033235.0,6676994910.0,50557979.0,4.0,The product met my expectations.,Delivery,Neutral,2023-11-28
1298592.0,9353512235.0,97277696.0,3.0,The order was incorrect.,Customer Service,Negative,2023-11-29
125387.0,6539196955.0,58974323.0,2.0,Very disappointed with the quality.,App Experience,Negative,2024-05-27
4834185.0,7886908865.0,1529180.0,5.0,"Overall good experience, thank you!",Delivery,Positive,2023-04-07
2331161.0,7548844176.0,12088552.0,5.0,Will definitely order again.,App Experience,Positive,2023-05-12
5178227.0,3375735380.0,93735495.0,5.0,Will definitely order again.,Customer Service,Positive,2024-06-15
3565149.0,32604190.0,51503088.0,2.0,Not worth the price I paid.,Delivery,Negative,2023-12-08
7985041.0,5731985133.0,80696046.0,4.0,Great prices and fast delivery!,App Experience,Positive,2024-06-21
7362834.0,7586577278.0,63360864.0,5.0,"Excellent quality, will buy again!",Delivery,Positive,2023-11-24
3757671.0,7765930124.0,82179338.0,4.0,"Nothing to complain about, but nothing exceptional.",App Experience,Neutral,2024-10-14
9331423.0,299059193.0,26805477.0,2.0,Not worth the price I paid.,Product Quality,Negative,2024-05-04
4816322.0,135053432.0,10796846.0,4.0,Items were in perfect condition.,Customer Service,Positive,2023-04-24
9804949.0,9618593702.0,29451600.0,3.0,"Nothing to complain about, but nothing exceptional.",Delivery,Neutral,2024-03-31
4261875.0,2802699236.0,83262890.0,3.0,Items were missing from my order.,Customer Service,Negative,2024-05-08
2480174.0,2044567188.0,4988545.0,3.0,"Nothing to complain about, but nothing exceptional.",App Experience,Neutral,2023-05-19
8905499.0,913489768.0,57833505.0,3.0,Very disappointed with the quality.,Product Quality,Negative,2023-06-27
2310479.0,6856986497.0,3421258.0,4.0,"Nothing to complain about, but nothing exceptional.",Customer Service,Neutral,2024-02-19
8156234.0,7292898570.0,26285589.0,5.0,Customer service was very helpful.,Customer Service,Positive,2024-09-05
7460499.0,6223087303.0,65570302.0,5.0,Customer service was very helpful.,Customer Service,Positive,2024-08-05
299250.0,403352765.0,4057678.0,5.0,Very happy with the service!,Delivery,Positive,2024-09-30
9020278.0,7004560997.0,81994445.0,5.0,Customer service was very helpful.,Delivery,Positive,2024-09-20
4192455.0,8159868515.0,2558646.0,3.0,Items were missing from my order.,App Experience,Negative,2024-04-12
9463819.0,8854320668.0,67918495.0,3.0,"Delivery was fine, but the product could be better.",Customer Service,Neutral,2023-11-17
4473522.0,2285302205.0,13251137.0,4.0,"Delivery was fine, but the product could be better.",Product Quality,Neutral,2024-08-25
5009295.0,5160584867.0,34897081.0,1.0,Delivery was late and I was unhappy.,Product Quality,Negative,2024-06-02
930170.0,4314105605.0,34787383.0,5.0,Great prices and fast delivery!,Delivery,Positive,2024-07-12
9354829.0,9895756835.0,10694081.0,4.0,"Overall good experience, thank you!",Product Quality,Positive,2024-10-09
7620281.0,1975300826.0,35885052.0,4.0,Highly recommended!,Customer Service,Positive,2024-09-25
3680667.0,2214666083.0,66427343.0,4.0,"Nothing to complain about, but nothing exceptional.",App Experience,Neutral,2024-08-13
7083366.0,4735339432.0,29653387.0,3.0,Taste was not as expected.,App Experience,Negative,2024-03-04
8705494.0,9863540120.0,33675108.0,1.0,Product was damaged during delivery.,Delivery,Negative,2023-07-14
1273787.0,8789376461.0,28394354.0,3.0,"Delivery was fine, but the product could be better.",Customer Service,Neutral,2023-09-17
5558087.0,4784591220.0,88923048.0,3.0,The product met my expectations.,Delivery,Neutral,2024-10-29
9052858.0,6759658833.0,84377964.0,5.0,Will definitely order again.,Product Quality,Positive,2023-09-29
5788491.0,1241631129.0,3897936.0,4.0,Good selection of products.,Customer Service,Positive,2024-04-26
5258032.0,8803314647.0,93938425.0,3.0,"Average experience, could improve.",Product Quality,Neutral,2024-08-17
247644.0,1016410657.0,32830199.0,3.0,"It was okay, nothing special.",Delivery,Neutral,2023-11-01
5872235.0,8284240513.0,949062.0,1.0,The order was incorrect.,Delivery,Negative,2023-04-05
5641062.0,343239069.0,41439103.0,1.0,Very disappointed with the quality.,Delivery,Negative,2024-02-12
82928.0,3941137932.0,84929351.0,3.0,Delivery was late and I was unhappy.,Customer Service,Negative,2024-02-28
8082919.0,8955573840.0,21461764.0,3.0,I had a bad experience.,Customer Service,Negative,2023-07-28
173796.0,6832435511.0,62971413.0,5.0,Good selection of products.,Delivery,Positive,2023-04-18
1383207.0,3014319697.0,28428852.0,3.0,"Average experience, could improve.",App Experience,Neutral,2023-08-27
5585970.0,7367717333.0,11047835.0,4.0,Highly recommended!,Customer Service,Positive,2023-07-30
9231018.0,9389677233.0,99714944.0,5.0,Customer service was very helpful.,Delivery,Positive,2024-08-10
2792178.0,2929883167.0,41146001.0,4.0,"Excellent quality, will buy again!",Product Quality,Positive,2023-12-05
6800809.0,9045592834.0,84119685.0,1.0,Items were missing from my order.,App Experience,Negative,2024-10-30
6834592.0,7128308885.0,76604145.0,4.0,Will definitely order again.,App Experience,Positive,2023-12-14
7464459.0,2060028411.0,27694927.0,3.0,Taste was not as expected.,Product Quality,Negative,2023-11-15
5131050.0,3856301920.0,63339001.0,5.0,"Excellent quality, will buy again!",Delivery,Positive,2024-07-05
6115336.0,7248479077.0,31940833.0,4.0,Very happy with the service!,Product Quality,Positive,2023-09-23
6233073.0,2738466605.0,49147776.0,3.0,Delivery was late and I was unhappy.,Delivery,Negative,2024-08-23
5872114.0,9801353230.0,96853930.0,3.0,Very disappointed with the quality.,Delivery,Negative,2023-05-18
3366563.0,2103613260.0,67528368.0,1.0,Delivery was late and I was unhappy.,App Experience,Negative,2024-07-01
7289755.0,7624166218.0,29525287.0,4.0,"Average experience, could improve.",Delivery,Neutral,2024-01-04
2209082.0,4692680597.0,97185284.0,5.0,"Overall good experience, thank you!",Product Quality,Positive,2023-06-20
5689645.0,2028074931.0,33998721.0,4.0,"Overall good experience, thank you!",App Experience,Positive,2024-06-23
6974458.0,6247819401.0,57526322.0,4.0,Very happy with the service!,Delivery,Positive,2023-03-30
9588384.0,6299879620.0,48160359.0,2.0,I had a bad experience.,Product Quality,Negative,2023-11-10
8075474.0,3398014747.0,87823209.0,5.0,Very fresh and well-packaged.,Customer Service,Positive,2023-06-15
3984709.0,4526087670.0,54923640.0,4.0,"Overall good experience, thank you!",App Experience,Positive,2023-11-03
7316281.0,4473653758.0,4597433.0,3.0,The product met my expectations.,Product Quality,Neutral,2024-08-26
4928116.0,1286821727.0,32003512.0,3.0,"Delivery was fine, but the product could be better.",Product Quality,Neutral,2024-08-04
3754335.0,5566617391.0,81822935.0,4.0,Customer service was very helpful.,Delivery,Positive,2024-08-21
8366455.0,6630935939.0,67708491.0,4.0,Very fresh and well-packaged.,App Experience,Positive,2024-10-31
2012244.0,8676443273.0,47215976.0,2.0,Items were missing from my order.,App Experience,Negative,2024-05-24
5969571.0,439562091.0,36400756.0,3.0,"Nothing to complain about, but nothing exceptional.",Delivery,Neutral,2024-04-26
8138462.0,7361440096.0,82529927.0,3.0,"Delivery was fine, but the product could be better.",Delivery,Neutral,2024-02-12
293761.0,2480611325.0,30823988.0,3.0,"It was okay, nothing special.",Product Quality,Neutral,2024-02-25
9583761.0,5091640382.0,64141971.0,5.0,Very happy with the service!,Product Quality,Positive,2024-01-31
517627.0,1443292147.0,8395610.0,4.0,Will definitely order again.,App Experience,Positive,2024-04-16
9092014.0,3342653518.0,6319646.0,4.0,Great prices and fast delivery!,App Experience,Positive,2023-07-22
1326262.0,3836073957.0,54952806.0,3.0,"Delivery was fine, but the product could be better.",Product Quality,Neutral,2023-07-16
2505564.0,4192669219.0,44589829.0,3.0,"Nothing to complain about, but nothing exceptional.",Delivery,Neutral,2024-04-22
8059849.0,6922121165.0,97928781.0,3.0,"It was okay, nothing special.",App Experience,Neutral,2024-01-04
5722347.0,4850653474.0,66932104.0,3.0,"Average experience, could improve.",Customer Service,Neutral,2024-03-05
7352469.0,1229660813.0,54748429.0,3.0,The product met my expectations.,Product Quality,Neutral,2023-11-02
8833965.0,5194396051.0,12338529.0,5.0,Great prices and fast delivery!,App Experience,Positive,2024-10-26
7192391.0,8971899775.0,92118758.0,3.0,"Delivery was fine, but the product could be better.",Product Quality,Neutral,2024-03-04
2398116.0,5619049608.0,56572297.0,1.0,The order was incorrect.,Delivery,Negative,2024-05-06
7456523.0,9943996342.0,3282647.0,4.0,Highly recommended!,Product Quality,Positive,2023-09-12
4988262.0,4548721519.0,93018527.0,2.0,The packaging was poor.,Customer Service,Negative,2024-08-20
1326483.0,6211537502.0,2164524.0,5.0,Items were in perfect condition.,App Experience,Positive,2023-09-06
7151122.0,347093563.0,31026200.0,1.0,Very disappointed with the quality.,Customer Service,Negative,2024-09-23
4813244.0,1855924568.0,33472376.0,5.0,Great prices and fast delivery!,App Experience,Positive,2024-08-20
4889801.0,5914484553.0,4378755.0,3.0,Not worth the price I paid.,Customer Service,Negative,2023-11-17
3266475.0,8068903161.0,11705793.0,4.0,The product met my expectations.,Customer Service,Neutral,2024-02-14
480882.0,2147159735.0,50527764.0,4.0,Great prices and fast delivery!,Product Quality,Positive,2023-05-13
5847587.0,9006983686.0,68063317.0,3.0,"Average experience, could improve.",Delivery,Neutral,2023-10-10
651690.0,7606134274.0,69034027.0,3.0,The product met my expectations.,App Experience,Neutral,2024-05-28
4163524.0,4034750827.0,10019218.0,5.0,"Excellent quality, will buy again!",Delivery,Positive,2023-06-24
5287988.0,851062565.0,49457685.0,4.0,Great prices and fast delivery!,App Experience,Positive,2024-03-15
4556349.0,4283323746.0,93321933.0,3.0,Customer service was not helpful.,Product Quality,Negative,2023-11-01
4729316.0,7842390585.0,6637282.0,1.0,The order was incorrect.,Customer Service,Negative,2023-10-11
7610317.0,2449548943.0,68486301.0,3.0,Taste was not as expected.,Product Quality,Negative,2023-09-23
2783359.0,7067924535.0,95371787.0,3.0,"Delivery was fine, but the product could be better.",Delivery,Neutral,2023-11-28
4771442.0,1602291242.0,19581959.0,3.0,I had a bad experience.,Customer Service,Negative,2023-03-29
2899399.0,7067630786.0,75082508.0,3.0,The product met my expectations.,Delivery,Neutral,2023-09-28
5988461.0,9726762425.0,75674671.0,5.0,"Excellent quality, will buy again!",Delivery,Positive,2023-08-13
9491648.0,1129887168.0,21201299.0,4.0,"It was okay, nothing special.",Delivery,Neutral,2024-02-16
8476521.0,3371892236.0,81763298.0,4.0,"Overall good experience, thank you!",Delivery,Positive,2024-05-06
7868009.0,6532953824.0,93924203.0,4.0,"Delivery was fine, but the product could be better.",Product Quality,Neutral,2024-11-02
1054815.0,252964377.0,89531595.0,4.0,Good selection of products.,Customer Service,Positive,2024-05-31
2754287.0,6270495384.0,12272282.0,4.0,The product met my expectations.,Customer Service,Neutral,2023-09-11
8017624.0,2450770184.0,45323391.0,3.0,"Average experience, could improve.",App Experience,Neutral,2023-08-11
8465155.0,7543192113.0,82898985.0,3.0,Customer service was not helpful.,Product Quality,Negative,2023-12-28
2702769.0,9890817032.0,12967305.0,5.0,Customer service was very helpful.,App Experience,Positive,2023-04-24
6086225.0,183165359.0,73098723.0,4.0,Very happy with the service!,Delivery,Positive,2023-05-24
9203337.0,2136907826.0,7591711.0,3.0,The product met my expectations.,App Experience,Neutral,2023-12-21
8795229.0,2801605687.0,16561710.0,3.0,Very disappointed with the quality.,Customer Service,Negative,2024-03-04
3355628.0,8869292457.0,12851610.0,5.0,Items were in perfect condition.,Product Quality,Positive,2024-09-25
7826361.0,5414471648.0,46741896.0,3.0,Product was damaged during delivery.,Delivery,Negative,2023-05-20
8443908.0,7827370415.0,97770901.0,5.0,"Overall good experience, thank you!",Customer Service,Positive,2023-06-23
1628493.0,7216662926.0,76327561.0,5.0,Very happy with the service!,App Experience,Positive,2024-07-11
2749027.0,349410429.0,42514124.0,3.0,The packaging was poor.,Customer Service,Negative,2024-01-29
6687658.0,8512030806.0,77768189.0,4.0,"Overall good experience, thank you!",Delivery,Positive,2024-10-26
3551968.0,8003807551.0,76917159.0,3.0,Items were missing from my order.,Product Quality,Negative,2024-08-25
8883212.0,274320517.0,18567760.0,4.0,Good selection of products.,App Experience,Positive,2024-08-23
8914299.0,2150447285.0,93370787.0,4.0,"It was okay, nothing special.",Delivery,Neutral,2024-06-13
3467668.0,5089385450.0,33608451.0,3.0,"It was okay, nothing special.",Delivery,Neutral,2023-06-16
3201520.0,8622799862.0,5386246.0,3.0,"It was okay, nothing special.",Delivery,Neutral,2024-02-10
3143899.0,2773034272.0,36400756.0,4.0,Items were in perfect condition.,Delivery,Positive,2024-06-27
7019941.0,4028266143.0,19216141.0,1.0,Product was damaged during delivery.,Delivery,Negative,2023-03-16
3673686.0,9691888826.0,54680459.0,1.0,I had a bad experience.,App Experience,Negative,2023-10-31
1706687.0,8891340263.0,87718744.0,3.0,Product was damaged during delivery.,Customer Service,Negative,2024-09-02
5389697.0,1149293318.0,43459807.0,3.0,Not worth the price I paid.,Delivery,Negative,2023-11-25
3563092.0,1288695184.0,46885873.0,4.0,Great prices and fast delivery!,Delivery,Positive,2023-10-03
2514848.0,5229336544.0,72857290.0,1.0,Very disappointed with the quality.,Product Quality,Negative,2023-09-22
4386699.0,196885435.0,88045094.0,1.0,The packaging was poor.,App Experience,Negative,2023-06-25
7711849.0,6961457996.0,89704218.0,5.0,Will definitely order again.,Customer Service,Positive,2024-10-26
8588485.0,5059907679.0,65963876.0,5.0,"Excellent quality, will buy again!",Product Quality,Positive,2024-04-18
3944704.0,9046226901.0,38728779.0,5.0,Items were in perfect condition.,App Experience,Positive,2024-02-28
5282173.0,515408216.0,3408982.0,4.0,Good selection of products.,Product Quality,Positive,2023-12-25
9297025.0,9048597167.0,75510747.0,3.0,The packaging was poor.,App Experience,Negative,2024-06-17
2533889.0,4308216668.0,6335221.0,5.0,Good selection of products.,App Experience,Positive,2024-07-11
1359445.0,8671875127.0,13383642.0,4.0,Good selection of products.,App Experience,Positive,2023-06-05
2441398.0,9622968817.0,96042320.0,4.0,"Delivery was fine, but the product could be better.",Delivery,Neutral,2023-06-12
6060236.0,7832599414.0,18889370.0,3.0,"Average experience, could improve.",App Experience,Neutral,2023-08-07
5299479.0,5533307028.0,21577948.0,3.0,The product met my expectations.,Customer Service,Neutral,2023-05-27
911310.0,752185231.0,24633671.0,5.0,"Excellent quality, will buy again!",Product Quality,Positive,2024-03-02
1216662.0,5859787209.0,8628482.0,3.0,"Delivery was fine, but the product could be better.",Delivery,Neutral,2024-09-30
2999062.0,1736713150.0,46741896.0,2.0,The packaging was poor.,App Experience,Negative,2024-01-07
5734305.0,3620570172.0,25829710.0,4.0,The product met my expectations.,Customer Service,Neutral,2024-04-16
4389565.0,5758119413.0,22694456.0,5.0,Very happy with the service!,App Experience,Positive,2024-10-10
7352466.0,2204489775.0,79257353.0,5.0,Customer service was very helpful.,Customer Service,Positive,2024-05-03
7748391.0,5881059783.0,2219590.0,4.0,Very fresh and well-packaged.,App Experience,Positive,2023-08-01
2800449.0,9475167773.0,48418662.0,2.0,Delivery was late and I was unhappy.,App Experience,Negative,2023-07-24
8221210.0,4635228647.0,6459100.0,4.0,Very happy with the service!,Delivery,Positive,2023-08-27
5469967.0,8394536341.0,6459100.0,2.0,Delivery was late and I was unhappy.,Product Quality,Negative,2024-08-17
1489198.0,4726427550.0,93699264.0,4.0,"Average experience, could improve.",Customer Service,Neutral,2024-02-04
7923296.0,5387935727.0,22694456.0,3.0,"Nothing to complain about, but nothing exceptional.",Customer Service,Neutral,2023-10-02
2956991.0,1886705751.0,73393269.0,4.0,Very happy with the service!,Customer Service,Positive,2023-04-19
3303921.0,4224014067.0,85218071.0,2.0,Delivery was late and I was unhappy.,Product Quality,Negative,2023-05-15
7755068.0,8726515908.0,82900175.0,1.0,Product was damaged during delivery.,Product Quality,Negative,2024-10-01
7747355.0,7388091459.0,10562528.0,4.0,Will definitely order again.,Product Quality,Positive,2024-10-16
6506510.0,9320256091.0,32595806.0,4.0,Will definitely order again.,Customer Service,Positive,2024-01-11
2610256.0,3872093894.0,67729191.0,2.0,Taste was not as expected.,Customer Service,Negative,2023-11-01
6376996.0,992848455.0,44269569.0,4.0,"Delivery was fine, but the product could be better.",Product Quality,Neutral,2024-09-18
253961.0,4458723519.0,38902882.0,5.0,Very fresh and well-packaged.,Customer Service,Positive,2024-09-01
77045.0,7755662096.0,10700664.0,5.0,Very fresh and well-packaged.,Product Quality,Positive,2024-01-30
6968162.0,5779793224.0,95971469.0,5.0,"Overall good experience, thank you!",Product Quality,Positive,2024-05-13
4970357.0,8253576531.0,57063557.0,5.0,Very happy with the service!,Customer Service,Positive,2023-08-22
6887307.0,4993169316.0,90649019.0,5.0,Good selection of products.,Product Quality,Positive,2024-07-10
3193693.0,828017545.0,12622901.0,4.0,Will definitely order again.,App Experience,Positive,2024-03-12
4970110.0,2012368621.0,71252391.0,3.0,"Delivery was fine, but the product could be better.",Customer Service,Neutral,2024-07-21
6671478.0,6603205997.0,37702698.0,1.0,I had a bad experience.,Customer Service,Negative,2024-05-17
4405098.0,833581472.0,31026200.0,3.0,Not worth the price I paid.,App Experience,Negative,2023-08-19
9140847.0,8755782101.0,50557979.0,2.0,Product was damaged during delivery.,Customer Service,Negative,2023-12-30
8345455.0,1049830215.0,44828791.0,3.0,Items were missing from my order.,Customer Service,Negative,2024-08-06
9450095.0,2399383238.0,79789048.0,5.0,Very fresh and well-packaged.,Product Quality,Positive,2023-11-09
3268804.0,143399998.0,46686696.0,5.0,"Overall good experience, thank you!",Customer Service,Positive,2024-10-17
1000172.0,2444273306.0,32003512.0,2.0,Items were missing from my order.,Delivery,Negative,2024-06-27
1814406.0,1309618968.0,91228580.0,5.0,Highly recommended!,Customer Service,Positive,2023-04-04
4751485.0,3972788794.0,67708491.0,5.0,Items were in perfect condition.,App Experience,Positive,2024-03-26
1457627.0,2356073413.0,29902416.0,3.0,"It was okay, nothing special.",Product Quality,Neutral,2024-03-16
6994032.0,3775683944.0,57217288.0,3.0,"Nothing to complain about, but nothing exceptional.",Product Quality,Neutral,2024-07-31
1903008.0,8994776653.0,3002538.0,2.0,Very disappointed with the quality.,Customer Service,Negative,2023-12-22
5438484.0,8124075720.0,46741896.0,4.0,Highly recommended!,Delivery,Positive,2024-10-11
9336436.0,5534171862.0,97664747.0,5.0,Customer service was very helpful.,App Experience,Positive,2023-11-19
4954209.0,4825558658.0,41008070.0,3.0,"Nothing to complain about, but nothing exceptional.",App Experience,Neutral,2024-08-11
4016236.0,1541676341.0,73660582.0,4.0,Items were in perfect condition.,Delivery,Positive,2023-08-26
1925543.0,5360755658.0,68341636.0,4.0,Very happy with the service!,App Experience,Positive,2023-06-22
5383033.0,844328418.0,29584848.0,2.0,Delivery was late and I was unhappy.,Customer Service,Negative,2023-04-11
3166321.0,1843468816.0,55425478.0,3.0,"It was okay, nothing special.",Customer Service,Neutral,2023-07-03
3139068.0,3771484570.0,60319216.0,1.0,I had a bad experience.,Customer Service,Negative,2023-08-15
6146487.0,2458783424.0,1497747.0,4.0,The product met my expectations.,Product Quality,Neutral,2023-06-02
4333600.0,2272849018.0,6982488.0,3.0,"Nothing to complain about, but nothing exceptional.",Delivery,Neutral,2024-11-04
5457177.0,8549503132.0,63238941.0,3.0,"It was okay, nothing special.",Delivery,Neutral,2023-03-29
5890747.0,4032847942.0,10857389.0,4.0,Will definitely order again.,Product Quality,Positive,2024-09-28
4236760.0,8224665612.0,27727819.0,5.0,Highly recommended!,Customer Service,Positive,2023-07-16
9683683.0,8007222259.0,31940833.0,5.0,Very happy with the service!,Delivery,Positive,2024-02-05
8418874.0,3522030676.0,46313756.0,4.0,Highly recommended!,Delivery,Positive,2023-06-01
7559774.0,3224743071.0,17805991.0,4.0,The product met my expectations.,App Experience,Neutral,2023-10-04
7877597.0,7474790671.0,43256928.0,2.0,Taste was not as expected.,App Experience,Negative,2023-10-13
4706710.0,7884745950.0,13585482.0,3.0,Items were missing from my order.,App Experience,Negative,2024-04-09
2965349.0,8269502930.0,11616535.0,4.0,"Nothing to complain about, but nothing exceptional.",Product Quality,Neutral,2024-06-01
276169.0,985347383.0,50080663.0,3.0,"Average experience, could improve.",App Experience,Neutral,2024-05-22
5560900.0,5932091553.0,80571942.0,3.0,The packaging was poor.,App Experience,Negative,2024-10-22
6548273.0,69932727.0,83236183.0,4.0,"Delivery was fine, but the product could be better.",Product Quality,Neutral,2024-08-28
528634.0,2715027145.0,26903313.0,3.0,The product met my expectations.,App Experience,Neutral,2024-05-25
8895689.0,5234261944.0,18113428.0,1.0,Delivery was late and I was unhappy.,Customer Service,Negative,2023-06-30
9491660.0,2818967815.0,74212242.0,4.0,"It was okay, nothing special.",Delivery,Neutral,2024-04-08
6512032.0,1598213217.0,37947202.0,4.0,"Overall good experience, thank you!",App Experience,Positive,2023-08-09
1968724.0,9087747856.0,31681710.0,3.0,"Delivery was fine, but the product could be better.",Product Quality,Neutral,2024-05-28
9128705.0,9606925547.0,45659330.0,3.0,I had a bad experience.,App Experience,Negative,2024-03-10
4835697.0,9866554851.0,63793401.0,1.0,Delivery was late and I was unhappy.,App Experience,Negative,2023-07-03
9928580.0,3719294769.0,64316806.0,1.0,Delivery was late and I was unhappy.,Product Quality,Negative,2024-08-27
5785812.0,3576529840.0,13383642.0,5.0,Good selection of products.,Customer Service,Positive,2024-07-15
3612724.0,5478986113.0,72089140.0,4.0,The product met my expectations.,Product Quality,Neutral,2023-04-16
3174876.0,6724582316.0,14991661.0,4.0,Good selection of products.,Delivery,Positive,2023-10-29
2909023.0,4391559649.0,60904312.0,4.0,Customer service was very helpful.,Customer Service,Positive,2023-06-25
5670528.0,9530258400.0,84850688.0,3.0,Delivery was late and I was unhappy.,App Experience,Negative,2023-10-24
4876692.0,609162117.0,85233498.0,4.0,The product met my expectations.,Customer Service,Neutral,2023-09-23
1296900.0,755143077.0,6856445.0,4.0,"It was okay, nothing special.",App Experience,Neutral,2023-07-31
1622017.0,5239439928.0,67908555.0,4.0,"Average experience, could improve.",App Experience,Neutral,2023-08-25
3090328.0,1328248068.0,51556553.0,1.0,Product was damaged during delivery.,Product Quality,Negative,2024-05-14
7512998.0,1440606577.0,76917159.0,2.0,I had a bad experience.,Delivery,Negative,2024-04-30
7675531.0,8884389971.0,95858939.0,1.0,The order was incorrect.,App Experience,Negative,2024-08-18
2165856.0,7307977336.0,95858939.0,3.0,"Average experience, could improve.",Delivery,Neutral,2023-09-02
5713900.0,5953535252.0,79630614.0,3.0,Delivery was late and I was unhappy.,App Experience,Negative,2024-06-08
3093468.0,6133025410.0,6061349.0,3.0,Delivery was late and I was unhappy.,App Experience,Negative,2023-09-09
1668566.0,798088726.0,89699655.0,5.0,Highly recommended!,Customer Service,Positive,2023-09-07
8949302.0,3372412988.0,89036169.0,5.0,Great prices and fast delivery!,Customer Service,Positive,2024-01-22
5345716.0,4910060567.0,24323106.0,5.0,Will definitely order again.,Delivery,Positive,2023-04-02
7292721.0,8708211566.0,38420886.0,3.0,"It was okay, nothing special.",Customer Service,Neutral,2023-04-30
8753712.0,2126853184.0,92509376.0,4.0,Highly recommended!,Delivery,Positive,2024-10-15
679090.0,4390795259.0,66932104.0,4.0,Very happy with the service!,App Experience,Positive,2023-09-20
5883678.0,9030686359.0,5961261.0,4.0,"Excellent quality, will buy again!",Delivery,Positive,2023-05-01
7616251.0,8565611606.0,85854265.0,4.0,The product met my expectations.,Customer Service,Neutral,2024-02-01
6834789.0,6782020758.0,23380116.0,4.0,"Overall good experience, thank you!",Product Quality,Positive,2023-11-30
6832935.0,561884159.0,84066402.0,4.0,Highly recommended!,Customer Service,Positive,2023-09-01
9438761.0,2767430579.0,16424635.0,3.0,"Average experience, could improve.",Customer Service,Neutral,2023-10-21
7851198.0,5934372451.0,56441247.0,3.0,Product was damaged during delivery.,App Experience,Negative,2023-04-10
9768226.0,6833977302.0,97475543.0,3.0,Not worth the price I paid.,App Experience,Negative,2023-06-05
4580019.0,8396649871.0,2517955.0,5.0,Customer service was very helpful.,Delivery,Positive,2024-02-27
7798785.0,1937188757.0,57392064.0,4.0,"Average experience, could improve.",Delivery,Neutral,2023-09-05
3236002.0,3142198801.0,49152878.0,1.0,Customer service was not helpful.,App Experience,Negative,2024-07-16
9636021.0,6087109745.0,84824280.0,4.0,"It was okay, nothing special.",Customer Service,Neutral,2023-03-18
4313698.0,8895262247.0,191616.0,4.0,Very happy with the service!,App Experience,Positive,2023-03-20
8162531.0,5138524153.0,7522036.0,3.0,The product met my expectations.,App Experience,Neutral,2023-08-09
8447553.0,9789995549.0,34567918.0,4.0,Items were in perfect condition.,App Experience,Positive,2024-01-24
9992406.0,7485459856.0,89784343.0,4.0,"Nothing to complain about, but nothing exceptional.",Delivery,Neutral,2023-09-15
2945788.0,4033626537.0,66943324.0,1.0,Taste was not as expected.,Customer Service,Negative,2023-05-03
2084296.0,9370915142.0,95372766.0,3.0,"Nothing to complain about, but nothing exceptional.",Product Quality,Neutral,2023-10-28
7103274.0,7211325894.0,70976153.0,3.0,"Nothing to complain about, but nothing exceptional.",Customer Service,Neutral,2023-04-21
6059980.0,3482827003.0,77869660.0,3.0,Delivery was late and I was unhappy.,Delivery,Negative,2023-05-08
4915026.0,6656246719.0,19180962.0,1.0,Very disappointed with the quality.,Product Quality,Negative,2024-09-09
6745359.0,6092663288.0,51341672.0,4.0,Great prices and fast delivery!,Delivery,Positive,2024-09-28
9780783.0,9346041594.0,77559557.0,4.0,Great prices and fast delivery!,Customer Service,Positive,2023-06-08
3900222.0,9105127475.0,87213891.0,3.0,"It was okay, nothing special.",Product Quality,Neutral,2023-11-10
3713853.0,6120818381.0,34768050.0,3.0,"Nothing to complain about, but nothing exceptional.",Delivery,Neutral,2024-05-02
2214877.0,5174370629.0,31156674.0,3.0,Customer service was not helpful.,App Experience,Negative,2024-07-09
718191.0,3244930036.0,67386193.0,1.0,Items were missing from my order.,Customer Service,Negative,2023-05-15
8580872.0,2976493998.0,820740.0,5.0,Very happy with the service!,Delivery,Positive,2024-10-26
7891894.0,7971593791.0,92209869.0,2.0,Product was damaged during delivery.,Product Quality,Negative,2023-06-14
6647320.0,4052544342.0,58214883.0,4.0,"Excellent quality, will buy again!",Product Quality,Positive,2024-04-30
1170860.0,6264003424.0,26863280.0,2.0,Taste was not as expected.,App Experience,Negative,2024-08-03
2137807.0,3436107152.0,64141971.0,2.0,Taste was not as expected.,Customer Service,Negative,2024-04-04
6265719.0,8546631319.0,10541231.0,4.0,"Nothing to complain about, but nothing exceptional.",Customer Service,Neutral,2023-10-30
9500005.0,640960551.0,34237583.0,4.0,The product met my expectations.,App Experience,Neutral,2023-06-09
4497601.0,1141173434.0,5961261.0,2.0,The packaging was poor.,Product Quality,Negative,2023-11-24
1426176.0,528309380.0,52409516.0,4.0,"Overall good experience, thank you!",App Experience,Positive,2024-04-30
3300958.0,2387509904.0,63310076.0,3.0,The product met my expectations.,Product Quality,Neutral,2024-07-26
1137648.0,6791931269.0,38133873.0,1.0,Items were missing from my order.,App Experience,Negative,2024-07-05
9561520.0,4063689432.0,6025470.0,4.0,"Nothing to complain about, but nothing exceptional.",Delivery,Neutral,2023-10-14
9342158.0,1206887762.0,59909004.0,5.0,Customer service was very helpful.,Delivery,Positive,2024-06-19
3941682.0,6409437174.0,3399251.0,4.0,"Average experience, could improve.",Product Quality,Neutral,2023-12-06
4593552.0,1355164713.0,28995786.0,5.0,Highly recommended!,Product Quality,Positive,2023-09-03
5457202.0,2604772138.0,15144290.0,4.0,"Nothing to complain about, but nothing exceptional.",Product Quality,Neutral,2024-05-21
6037486.0,5868093790.0,61618079.0,4.0,Great prices and fast delivery!,App Experience,Positive,2023-04-06
3707503.0,10161194.0,63238941.0,3.0,"Average experience, could improve.",Product Quality,Neutral,2023-12-24
1147617.0,8930380639.0,98540377.0,5.0,Customer service was very helpful.,Product Quality,Positive,2023-10-03
9869403.0,2247940574.0,11202130.0,3.0,"Average experience, could improve.",Delivery,Neutral,2024-04-09
7700925.0,6190907327.0,64151769.0,4.0,"Overall good experience, thank you!",Customer Service,Positive,2023-11-03
8726393.0,127277515.0,35455991.0,4.0,Highly recommended!,Delivery,Positive,2023-09-30
2760214.0,8209093135.0,2558646.0,3.0,Product was damaged during delivery.,Product Quality,Negative,2023-10-30
4182232.0,4419380079.0,1989720.0,3.0,"Average experience, could improve.",Delivery,Neutral,2023-12-15
6445069.0,2954606845.0,14294171.0,3.0,"Nothing to complain about, but nothing exceptional.",App Experience,Neutral,2024-10-26
8440388.0,5128739359.0,57081917.0,4.0,"Delivery was fine, but the product could be better.",Product Quality,Neutral,2024-07-25
5766318.0,8183315245.0,80499378.0,3.0,"It was okay, nothing special.",App Experience,Neutral,2024-02-27
7302984.0,8820606892.0,8395343.0,5.0,Good selection of products.,App Experience,Positive,2023-04-13
4865908.0,7779228340.0,8395343.0,4.0,"It was okay, nothing special.",Customer Service,Neutral,2023-06-09
308786.0,8459230018.0,50899600.0,3.0,The product met my expectations.,App Experience,Neutral,2024-06-03
5093913.0,7060468800.0,83867512.0,1.0,Customer service was not helpful.,Delivery,Negative,2024-07-03
1158149.0,218821567.0,95428692.0,3.0,The product met my expectations.,Customer Service,Neutral,2024-03-08
598479.0,7795766861.0,79135318.0,5.0,Very happy with the service!,Product Quality,Positive,2023-05-10
5855190.0,4285804383.0,23755474.0,2.0,The order was incorrect.,App Experience,Negative,2023-05-01
9864308.0,5961051248.0,20834589.0,4.0,Customer service was very helpful.,Customer Service,Positive,2024-10-28
6324886.0,5630323534.0,98218863.0,5.0,Very fresh and well-packaged.,Delivery,Positive,2024-03-08
1237429.0,4642824835.0,76327561.0,3.0,Delivery was late and I was unhappy.,Product Quality,Negative,2024-07-07
2706442.0,3060527554.0,75213636.0,3.0,"Nothing to complain about, but nothing exceptional.",Product Quality,Neutral,2024-03-27
8054142.0,4048252396.0,75213636.0,5.0,"Excellent quality, will buy again!",Customer Service,Positive,2024-04-12
5492345.0,1271431612.0,18082040.0,1.0,Not worth the price I paid.,App Experience,Negative,2024-04-16
9869482.0,8981940261.0,31537100.0,2.0,Very disappointed with the quality.,Customer Service,Negative,2024-05-24
9514321.0,3896239510.0,90856813.0,4.0,The product met my expectations.,App Experience,Neutral,2023-05-19
1465773.0,711316410.0,25587553.0,5.0,Very happy with the service!,Customer Service,Positive,2024-02-20
4508836.0,9863502398.0,31619915.0,4.0,"Excellent quality, will buy again!",Product Quality,Positive,2023-12-19
7644958.0,293770293.0,45066676.0,4.0,"Excellent quality, will buy again!",Customer Service,Positive,2023-09-20
1545260.0,890800429.0,95594611.0,3.0,"Nothing to complain about, but nothing exceptional.",App Experience,Neutral,2024-03-28
4604799.0,1270503169.0,8791577.0,3.0,Customer service was not helpful.,Delivery,Negative,2024-07-09
5969540.0,168180571.0,89910157.0,4.0,"Average experience, could improve.",App Experience,Neutral,2023-03-16
8269050.0,111296281.0,28413467.0,3.0,"Average experience, could improve.",Delivery,Neutral,2024-05-28
4187929.0,7329085364.0,53392567.0,3.0,The product met my expectations.,App Experience,Neutral,2023-06-07
7486363.0,1129130498.0,62243869.0,4.0,Customer service was very helpful.,Delivery,Positive,2023-12-01
5370895.0,996939836.0,23794330.0,4.0,Items were in perfect condition.,App Experience,Positive,2024-05-15
8628202.0,8263379807.0,14479168.0,4.0,Very happy with the service!,App Experience,Positive,2023-04-16
208523.0,5735975899.0,83304571.0,5.0,Very fresh and well-packaged.,App Experience,Positive,2023-09-14
758812.0,9651034668.0,70615775.0,4.0,Highly recommended!,App Experience,Positive,2024-09-07
619434.0,3103539793.0,75244116.0,3.0,"Delivery was fine, but the product could be better.",Customer Service,Neutral,2023-07-31
5396870.0,1611921781.0,48776805.0,4.0,Great prices and fast delivery!,Customer Service,Positive,2023-06-01
2442580.0,7532381028.0,73392739.0,1.0,I had a bad experience.,App Experience,Negative,2023-03-21
5639495.0,7803665404.0,63571453.0,2.0,Items were missing from my order.,Delivery,Negative,2023-05-27
4081341.0,466184886.0,40277444.0,3.0,"Nothing to complain about, but nothing exceptional.",Customer Service,Neutral,2023-08-16
4900007.0,4692518050.0,46989310.0,3.0,"Average experience, could improve.",Delivery,Neutral,2024-03-29
8024214.0,9408428.0,31456752.0,4.0,The product met my expectations.,Delivery,Neutral,2023-08-30
3972829.0,8766330526.0,85907588.0,1.0,The order was incorrect.,Delivery,Negative,2023-04-14
7795054.0,9221423039.0,42208242.0,2.0,Not worth the price I paid.,Customer Service,Negative,2024-10-27
2308622.0,4268661538.0,22694456.0,3.0,Taste was not as expected.,Customer Service,Negative,2023-10-24
1603047.0,1378809665.0,52409516.0,3.0,"Nothing to complain about, but nothing exceptional.",App Experience,Neutral,2023-03-18
4819549.0,4917941248.0,83701325.0,1.0,Product was damaged during delivery.,Product Quality,Negative,2024-05-19
7746441.0,5132792285.0,19080489.0,4.0,The product met my expectations.,App Experience,Neutral,2024-04-10
9251398.0,3776678112.0,34655710.0,4.0,"It was okay, nothing special.",Delivery,Neutral,2023-12-09
6687072.0,6940411801.0,59009727.0,5.0,"Excellent quality, will buy again!",Delivery,Positive,2023-07-01
2163358.0,7422521525.0,92509376.0,4.0,The product met my expectations.,Product Quality,Neutral,2024-03-16
8836456.0,4419022028.0,23961725.0,2.0,The packaging was poor.,Product Quality,Negative,2023-12-13
5169467.0,8016651984.0,90745023.0,3.0,I had a bad experience.,Product Quality,Negative,2023-04-30
3667498.0,2361722422.0,89412038.0,2.0,Taste was not as expected.,App Experience,Negative,2023-04-27
4009881.0,1001453982.0,34668988.0,5.0,Great prices and fast delivery!,Product Quality,Positive,2023-07-31
98663.0,9093918346.0,74038361.0,1.0,I had a bad experience.,Product Quality,Negative,2024-03-31
1062711.0,3969014433.0,61982521.0,5.0,Very happy with the service!,Customer Service,Positive,2023-08-09
5364138.0,9684561720.0,61121421.0,2.0,Product was damaged during delivery.,Product Quality,Negative,2023-09-04
8695298.0,7031115362.0,27878182.0,4.0,Highly recommended!,App Experience,Positive,2024-10-25
9327414.0,8204766849.0,76020843.0,5.0,Highly recommended!,Product Quality,Positive,2024-07-29
9684063.0,2785412612.0,60210778.0,4.0,"Overall good experience, thank you!",Customer Service,Positive,2024-03-18
7675201.0,2624138741.0,31718565.0,4.0,"Delivery was fine, but the product could be better.",Product Quality,Neutral,2024-04-18
4730546.0,748376248.0,66766629.0,3.0,"Nothing to complain about, but nothing exceptional.",Product Quality,Neutral,2023-08-29
4022827.0,6096787440.0,25128143.0,3.0,"Average experience, could improve.",Delivery,Neutral,2023-03-18
7180248.0,8787660233.0,90586029.0,4.0,"Delivery was fine, but the product could be better.",Delivery,Neutral,2024-05-26
2486239.0,3845481278.0,63870636.0,4.0,The product met my expectations.,Delivery,Neutral,2023-07-05
6165350.0,4636134267.0,57642258.0,4.0,The product met my expectations.,Product Quality,Neutral,2024-02-28
1410361.0,4538825340.0,45700739.0,4.0,"Average experience, could improve.",Delivery,Neutral,2024-04-05
5905399.0,4553101047.0,39301587.0,1.0,Items were missing from my order.,Delivery,Negative,2024-05-31
5868626.0,2193853405.0,42208242.0,3.0,Taste was not as expected.,Product Quality,Negative,2023-05-30
9439816.0,1642059453.0,7378768.0,1.0,The order was incorrect.,App Experience,Negative,2023-08-12
3708995.0,5890339330.0,2188994.0,5.0,"Overall good experience, thank you!",App Experience,Positive,2024-05-21
1670300.0,313663478.0,6959437.0,4.0,Customer service was very helpful.,Product Quality,Positive,2024-02-21
7032178.0,8591576320.0,79916464.0,3.0,Not worth the price I paid.,Customer Service,Negative,2023-07-29
7648056.0,4728104591.0,31389750.0,3.0,The product met my expectations.,App Experience,Neutral,2023-11-06
7815295.0,8276401643.0,88252625.0,5.0,Highly recommended!,App Experience,Positive,2024-10-17
862586.0,8709694061.0,6724509.0,4.0,"Delivery was fine, but the product could be better.",Delivery,Neutral,2024-10-17
5980183.0,4080156881.0,97770901.0,2.0,Product was damaged during delivery.,Delivery,Negative,2024-04-03
7082273.0,7485829116.0,49050014.0,3.0,I had a bad experience.,App Experience,Negative,2024-03-30
9799066.0,7378865582.0,30643619.0,3.0,"It was okay, nothing special.",Product Quality,Neutral,2023-05-23
2038929.0,335575667.0,32929817.0,1.0,Product was damaged during delivery.,App Experience,Negative,2023-09-07
2730011.0,1621109077.0,87450286.0,4.0,"Average experience, could improve.",Delivery,Neutral,2024-03-25
6005897.0,7468088555.0,21697638.0,1.0,Product was damaged during delivery.,Delivery,Negative,2023-05-10
3703483.0,3676517886.0,57505804.0,3.0,Very disappointed with the quality.,Customer Service,Negative,2024-06-08
1832641.0,1746921111.0,56604077.0,4.0,"It was okay, nothing special.",App Experience,Neutral,2024-08-28
2337523.0,7774691391.0,42514124.0,4.0,The product met my expectations.,App Experience,Neutral,2023-07-20
3189619.0,8220678247.0,63858550.0,3.0,Not worth the price I paid.,Product Quality,Negative,2024-06-23
4330280.0,6048604080.0,98218863.0,4.0,Very fresh and well-packaged.,Delivery,Positive,2023-09-06
1577339.0,8545716586.0,98540377.0,1.0,Delivery was late and I was unhappy.,Customer Service,Negative,2024-01-12
898054.0,530870056.0,39140039.0,5.0,Very happy with the service!,Delivery,Positive,2024-08-15
4292010.0,4055690435.0,15568831.0,4.0,"Average experience, could improve.",Product Quality,Neutral,2023-04-05
8449694.0,7096530350.0,97411107.0,4.0,Great prices and fast delivery!,Product Quality,Positive,2024-06-26
9915723.0,7083649345.0,75464725.0,3.0,"Delivery was fine, but the product could be better.",Delivery,Neutral,2023-05-20
2114281.0,836457367.0,2365348.0,5.0,"Overall good experience, thank you!",Product Quality,Positive,2024-06-02
8423662.0,7698126312.0,1705969.0,4.0,The product met my expectations.,Customer Service,Neutral,2023-10-31
4302093.0,2267297760.0,5754255.0,3.0,Not worth the price I paid.,Delivery,Negative,2024-01-29
1095546.0,1717841423.0,87954926.0,4.0,"Average experience, could improve.",App Experience,Neutral,2024-01-31
9739784.0,4330597536.0,40563029.0,5.0,Customer service was very helpful.,Customer Service,Positive,2023-04-11
2810553.0,3687593721.0,61121421.0,4.0,"It was okay, nothing special.",Delivery,Neutral,2023-05-16
7045900.0,6660740926.0,119099.0,3.0,I had a bad experience.,Delivery,Negative,2024-05-24
7781934.0,9439713009.0,4439806.0,4.0,Good selection of products.,App Experience,Positive,2024-04-22
8155247.0,5281121057.0,67908555.0,3.0,Taste was not as expected.,Delivery,Negative,2023-08-20
36734.0,7044351561.0,91024604.0,3.0,"Delivery was fine, but the product could be better.",App Experience,Neutral,2023-09-19
3934685.0,9121393476.0,57896058.0,4.0,"It was okay, nothing special.",Product Quality,Neutral,2023-08-01
7875986.0,7202170939.0,50518311.0,5.0,Very fresh and well-packaged.,App Experience,Positive,2024-01-13
4972130.0,1429047127.0,18465047.0,3.0,"It was okay, nothing special.",Product Quality,Neutral,2023-12-09
7125025.0,8551965787.0,8383197.0,1.0,Delivery was late and I was unhappy.,Product Quality,Negative,2024-10-16
6594513.0,6756882357.0,83155219.0,5.0,"Excellent quality, will buy again!",App Experience,Positive,2024-06-23
7553489.0,618929241.0,53624677.0,3.0,The product met my expectations.,Customer Service,Neutral,2023-10-02
2700168.0,9711157887.0,46615831.0,4.0,Customer service was very helpful.,Customer Service,Positive,2024-01-03
5396526.0,354149805.0,41164215.0,3.0,Very disappointed with the quality.,App Experience,Negative,2024-04-17
116114.0,231328814.0,25287111.0,4.0,The product met my expectations.,App Experience,Neutral,2024-04-19
8543930.0,523916986.0,66761643.0,4.0,"Delivery was fine, but the product could be better.",Delivery,Neutral,2024-09-19
6623371.0,1930887811.0,12302179.0,1.0,Customer service was not helpful.,App Experience,Negative,2023-08-10
7617381.0,9958741781.0,95971469.0,4.0,"Delivery was fine, but the product could be better.",Product Quality,Neutral,2024-08-26
6178535.0,6727230123.0,26303194.0,2.0,Very disappointed with the quality.,App Experience,Negative,2024-10-19
536884.0,9487368442.0,50899600.0,4.0,The product met my expectations.,Delivery,Neutral,2023-08-09
5775016.0,671459763.0,50630016.0,4.0,The product met my expectations.,Product Quality,Neutral,2024-06-23
7766800.0,9129957352.0,95971469.0,5.0,"Overall good experience, thank you!",App Experience,Positive,2023-09-06
6100953.0,9206073690.0,19425804.0,4.0,"Nothing to complain about, but nothing exceptional.",App Experience,Neutral,2024-06-07
7974999.0,5587148302.0,32635818.0,4.0,Will definitely order again.,Product Quality,Positive,2024-09-23
4439352.0,6936256414.0,72263318.0,2.0,Product was damaged during delivery.,Delivery,Negative,2024-06-23
6182243.0,3341228576.0,91196901.0,1.0,I had a bad experience.,Customer Service,Negative,2023-05-05
5015866.0,4817323453.0,75028268.0,5.0,Items were in perfect condition.,Product Quality,Positive,2023-09-07
8681276.0,1163454835.0,50392139.0,3.0,"Average experience, could improve.",Product Quality,Neutral,2023-12-06
4171371.0,5236061455.0,48158494.0,4.0,"It was okay, nothing special.",Customer Service,Neutral,2023-04-07
9843759.0,5982829268.0,90038364.0,2.0,Items were missing from my order.,App Experience,Negative,2023-04-01
9606032.0,1901688056.0,16780752.0,3.0,Product was damaged during delivery.,App Experience,Negative,2023-09-13
3610647.0,5936051107.0,83304462.0,4.0,Very fresh and well-packaged.,Delivery,Positive,2024-10-21
5320451.0,3018272105.0,18465047.0,3.0,"Average experience, could improve.",Product Quality,Neutral,2023-03-21
4900513.0,3656191983.0,59252433.0,5.0,Customer service was very helpful.,App Experience,Positive,2023-08-16
7132499.0,5186692805.0,97678578.0,4.0,Will definitely order again.,Customer Service,Positive,2023-11-08
3936767.0,7281243151.0,13581527.0,4.0,"Nothing to complain about, but nothing exceptional.",Customer Service,Neutral,2023-08-30
7533254.0,7906004940.0,65963876.0,3.0,The product met my expectations.,App Experience,Neutral,2023-04-27
9040178.0,6354703603.0,63310076.0,3.0,I had a bad experience.,Customer Service,Negative,2024-05-17
9826484.0,6444064733.0,80571942.0,4.0,Customer service was very helpful.,App Experience,Positive,2023-10-11
1283439.0,2405783093.0,36428139.0,4.0,Highly recommended!,Delivery,Positive,2023-03-18
4515869.0,63363146.0,16410155.0,5.0,Customer service was very helpful.,Product Quality,Positive,2023-07-12
5066195.0,7040313500.0,90298394.0,3.0,"It was okay, nothing special.",Delivery,Neutral,2024-10-14
3144588.0,5844807259.0,45477575.0,5.0,"Overall good experience, thank you!",App Experience,Positive,2023-10-14
2126245.0,1931703221.0,62917794.0,5.0,Customer service was very helpful.,Customer Service,Positive,2023-05-08
5185084.0,3525336030.0,89998489.0,4.0,The product met my expectations.,Delivery,Neutral,2023-04-12
5237621.0,4359807852.0,81136091.0,3.0,"Nothing to complain about, but nothing exceptional.",Delivery,Neutral,2024-04-11
2781549.0,6946959356.0,13963450.0,3.0,"Nothing to complain about, but nothing exceptional.",Product Quality,Neutral,2023-12-15
3137059.0,782338627.0,73639935.0,3.0,The product met my expectations.,Product Quality,Neutral,2024-09-08
6271615.0,4942714391.0,25294147.0,4.0,"Delivery was fine, but the product could be better.",App Experience,Neutral,2024-01-19
3100765.0,919307194.0,11928321.0,4.0,Will definitely order again.,Delivery,Positive,2024-01-07
8596369.0,6509263423.0,29324437.0,1.0,I had a bad experience.,Delivery,Negative,2024-01-20
4183533.0,7200105089.0,24845814.0,4.0,"Nothing to complain about, but nothing exceptional.",Customer Service,Neutral,2023-11-29
8714597.0,7120372196.0,40727086.0,4.0,Will definitely order again.,Product Quality,Positive,2024-08-10
974082.0,8710393245.0,32564478.0,5.0,Will definitely order again.,App Experience,Positive,2024-07-21
6242756.0,8862036450.0,7228206.0,3.0,"Nothing to complain about, but nothing exceptional.",Customer Service,Neutral,2024-01-03
636361.0,2087769338.0,8536503.0,3.0,"Delivery was fine, but the product could be better.",Delivery,Neutral,2024-06-08
7701760.0,3349267712.0,85354059.0,4.0,The product met my expectations.,Customer Service,Neutral,2023-09-25
725200.0,1689937124.0,21701991.0,5.0,Great prices and fast delivery!,Product Quality,Positive,2024-01-17
1065233.0,4498769995.0,84275450.0,5.0,Customer service was very helpful.,Delivery,Positive,2024-01-23
923591.0,3729771871.0,79592021.0,4.0,Great prices and fast delivery!,App Experience,Positive,2023-11-10
8266186.0,9065518834.0,61877649.0,3.0,"Average experience, could improve.",App Experience,Neutral,2024-06-17
5046110.0,7524465290.0,22851478.0,4.0,The product met my expectations.,App Experience,Neutral,2024-01-06
6408690.0,2319921666.0,97150234.0,1.0,Very disappointed with the quality.,Product Quality,Negative,2024-05-01
6929357.0,9541612277.0,5001749.0,3.0,Delivery was late and I was unhappy.,App Experience,Negative,2024-03-31
887817.0,6303548068.0,31846190.0,3.0,Taste was not as expected.,Product Quality,Negative,2024-06-30
2487142.0,5867651793.0,64197854.0,4.0,"Overall good experience, thank you!",Customer Service,Positive,2023-11-09
8316237.0,6405947025.0,19375332.0,3.0,The product met my expectations.,App Experience,Neutral,2024-09-28
6768345.0,2150790907.0,12655794.0,3.0,"Average experience, could improve.",App Experience,Neutral,2023-08-16
1735575.0,212856641.0,51994597.0,1.0,Product was damaged during delivery.,Product Quality,Negative,2024-11-02
8931519.0,1686508921.0,47215976.0,5.0,Great prices and fast delivery!,Delivery,Positive,2024-07-22
7882585.0,5879579208.0,41261495.0,5.0,Items were in perfect condition.,Product Quality,Positive,2024-09-10
18528.0,1882682579.0,44050697.0,4.0,Very fresh and well-packaged.,Delivery,Positive,2023-05-13
3845304.0,8370410622.0,10663246.0,1.0,Items were missing from my order.,Product Quality,Negative,2024-06-01
2833626.0,368599691.0,44030130.0,4.0,"Nothing to complain about, but nothing exceptional.",Product Quality,Neutral,2024-10-22
7811505.0,9282982332.0,97873848.0,2.0,Very disappointed with the quality.,App Experience,Negative,2024-09-12
7543481.0,4874880100.0,67271824.0,4.0,"Average experience, could improve.",Delivery,Neutral,2024-09-09
3756001.0,102639985.0,40392019.0,4.0,Good selection of products.,Product Quality,Positive,2023-08-27
2165093.0,5288207551.0,53299455.0,3.0,The packaging was poor.,Customer Service,Negative,2023-09-10
1060322.0,693932743.0,57658033.0,5.0,Customer service was very helpful.,Customer Service,Positive,2023-06-06
1258471.0,2325405669.0,20834589.0,5.0,Very happy with the service!,Delivery,Positive,2024-03-08
2626278.0,8152364696.0,90665975.0,2.0,Product was damaged during delivery.,App Experience,Negative,2023-12-24
9872966.0,7682359398.0,36833857.0,3.0,The product met my expectations.,Customer Service,Neutral,2024-09-15
7008107.0,1742951029.0,95371787.0,1.0,Delivery was late and I was unhappy.,Customer Service,Negative,2023-05-07
2639177.0,4799787645.0,71905368.0,5.0,Highly recommended!,App Experience,Positive,2023-10-07
8577018.0,8498666384.0,37556526.0,4.0,Good selection of products.,Customer Service,Positive,2024-03-08
4654856.0,5013572642.0,73363613.0,5.0,Good selection of products.,Customer Service,Positive,2023-05-08
5848863.0,8403006958.0,59398136.0,3.0,"Nothing to complain about, but nothing exceptional.",Product Quality,Neutral,2023-11-27
8352349.0,4688831157.0,13071673.0,4.0,"Nothing to complain about, but nothing exceptional.",Product Quality,Neutral,2024-07-03
4503642.0,394578210.0,88067569.0,5.0,"Overall good experience, thank you!",Delivery,Positive,2023-09-26
8574659.0,8681711802.0,36833857.0,4.0,"Nothing to complain about, but nothing exceptional.",Product Quality,Neutral,2023-10-07
955766.0,9311399064.0,20238921.0,3.0,"Average experience, could improve.",Product Quality,Neutral,2023-11-04
2446665.0,2620581496.0,63092485.0,1.0,Taste was not as expected.,Product Quality,Negative,2023-04-21
9733548.0,5116898322.0,73377004.0,4.0,The product met my expectations.,Product Quality,Neutral,2024-07-18
8593846.0,5995819849.0,34787383.0,4.0,"Excellent quality, will buy again!",Delivery,Positive,2023-08-19
7669095.0,7690500286.0,35349582.0,5.0,Customer service was very helpful.,Customer Service,Positive,2024-07-12
3679449.0,6107283203.0,87444738.0,5.0,Very happy with the service!,Delivery,Positive,2024-09-09
4379662.0,3170417508.0,85561151.0,5.0,Will definitely order again.,Product Quality,Positive,2024-01-10
1224148.0,805682701.0,33481252.0,2.0,Not worth the price I paid.,Customer Service,Negative,2023-07-30
5274214.0,8960508625.0,20163931.0,4.0,Great prices and fast delivery!,Delivery,Positive,2023-10-07
6427792.0,5580397726.0,62243869.0,4.0,Highly recommended!,Delivery,Positive,2023-06-21
377737.0,1506599381.0,77345018.0,5.0,Customer service was very helpful.,App Experience,Positive,2024-09-18
8721062.0,8424478165.0,27416314.0,5.0,Will definitely order again.,App Experience,Positive,2023-04-21
6684472.0,6083333956.0,45028365.0,1.0,Items were missing from my order.,App Experience,Negative,2023-03-27
337769.0,9611327860.0,6335221.0,1.0,The order was incorrect.,Product Quality,Negative,2024-04-07
6031085.0,9539444766.0,97873848.0,3.0,"Nothing to complain about, but nothing exceptional.",App Experience,Neutral,2023-11-04
5641000.0,756168939.0,54923640.0,1.0,Not worth the price I paid.,Delivery,Negative,2024-07-05
3384833.0,7762624518.0,22738465.0,5.0,Great prices and fast delivery!,Customer Service,Positive,2024-08-26
1858489.0,3681781563.0,4940671.0,4.0,Customer service was very helpful.,App Experience,Positive,2023-11-18
7964081.0,1571085226.0,78961097.0,3.0,Delivery was late and I was unhappy.,Delivery,Negative,2024-04-07
1832317.0,4244306883.0,2584499.0,4.0,"Excellent quality, will buy again!",Customer Service,Positive,2024-03-03
1973642.0,7333141591.0,69415494.0,5.0,Items were in perfect condition.,App Experience,Positive,2024-03-15
5785721.0,1199945706.0,70867736.0,4.0,Very fresh and well-packaged.,Product Quality,Positive,2024-01-08
4808392.0,5895644119.0,1603358.0,3.0,"Delivery was fine, but the product could be better.",App Experience,Neutral,2023-06-11
9000862.0,7112919210.0,55693909.0,4.0,"Nothing to complain about, but nothing exceptional.",Customer Service,Neutral,2024-02-01
7286626.0,8315937318.0,64497538.0,2.0,Taste was not as expected.,App Experience,Negative,2024-05-08
4616277.0,5331800057.0,65488134.0,5.0,Highly recommended!,Customer Service,Positive,2023-03-29
6364272.0,5989265505.0,62742797.0,5.0,Highly recommended!,Customer Service,Positive,2024-03-15
1779847.0,7906361274.0,96795047.0,3.0,"Nothing to complain about, but nothing exceptional.",Customer Service,Neutral,2023-09-03
5192691.0,6312476146.0,35988028.0,4.0,"Delivery was fine, but the product could be better.",Product Quality,Neutral,2024-01-27
6263133.0,9436272631.0,44410149.0,3.0,"Nothing to complain about, but nothing exceptional.",Product Quality,Neutral,2024-05-18
1396040.0,8289791792.0,61516967.0,2.0,The packaging was poor.,Product Quality,Negative,2024-01-26
9416879.0,7659532788.0,22112867.0,3.0,The product met my expectations.,Delivery,Neutral,2024-02-01
57956.0,1498157233.0,19180962.0,4.0,Highly recommended!,Delivery,Positive,2024-02-08
7625401.0,8560951754.0,954629.0,4.0,"Delivery was fine, but the product could be better.",App Experience,Neutral,2023-05-17
1314891.0,8764192824.0,64823226.0,4.0,"Delivery was fine, but the product could be better.",Delivery,Neutral,2023-07-24
3930672.0,1900542981.0,11254582.0,1.0,Very disappointed with the quality.,Customer Service,Negative,2023-03-25
8418449.0,9445683691.0,41878908.0,4.0,"Delivery was fine, but the product could be better.",App Experience,Neutral,2023-11-12
2137479.0,7719808335.0,48358028.0,5.0,Very fresh and well-packaged.,Customer Service,Positive,2023-04-26
4820620.0,4865644960.0,50484778.0,1.0,Customer service was not helpful.,Delivery,Negative,2023-09-11
8062208.0,6518276143.0,70965437.0,5.0,Customer service was very helpful.,Product Quality,Positive,2024-01-25
2808252.0,2211459584.0,73869823.0,5.0,Will definitely order again.,App Experience,Positive,2023-12-25
4351236.0,6811633572.0,7728406.0,1.0,Items were missing from my order.,Product Quality,Negative,2024-06-26
2683251.0,1821573240.0,32019725.0,4.0,"Average experience, could improve.",App Experience,Neutral,2024-04-10
6037851.0,8848227434.0,12988801.0,1.0,I had a bad experience.,Customer Service,Negative,2023-06-17
8939811.0,7812276711.0,67465084.0,2.0,The packaging was poor.,Product Quality,Negative,2023-03-25
2115852.0,939966106.0,42012717.0,4.0,"Delivery was fine, but the product could be better.",App Experience,Neutral,2023-05-02
6108696.0,4099108156.0,24144240.0,5.0,Highly recommended!,Delivery,Positive,2024-04-10
9295353.0,5684182622.0,29095552.0,5.0,Highly recommended!,Product Quality,Positive,2024-03-03
2566372.0,4916740946.0,69240186.0,2.0,The order was incorrect.,Product Quality,Negative,2023-10-29
8066722.0,9732307600.0,81757554.0,3.0,"Nothing to complain about, but nothing exceptional.",Delivery,Neutral,2024-01-31
8796276.0,9280329883.0,60904312.0,2.0,Taste was not as expected.,Product Quality,Negative,2023-09-10
7679222.0,4284285927.0,92843141.0,3.0,"It was okay, nothing special.",Product Quality,Neutral,2024-08-04
562344.0,8701796.0,14479168.0,3.0,"Delivery was fine, but the product could be better.",Customer Service,Neutral,2024-08-19
5323283.0,6834734512.0,40727086.0,1.0,The order was incorrect.,Product Quality,Negative,2023-08-31
8867273.0,7127377458.0,99406165.0,4.0,Items were in perfect condition.,Delivery,Positive,2023-03-26
3594983.0,4754481356.0,84161531.0,1.0,Delivery was late and I was unhappy.,App Experience,Negative,2023-08-14
9522230.0,4726007482.0,93924203.0,2.0,The packaging was poor.,Customer Service,Negative,2023-08-30
1044294.0,2320560482.0,27709218.0,4.0,"Excellent quality, will buy again!",Delivery,Positive,2024-02-18
9900587.0,1456550348.0,39674723.0,3.0,The product met my expectations.,Delivery,Neutral,2024-05-02
2091797.0,5370744569.0,61522288.0,3.0,"Delivery was fine, but the product could be better.",Product Quality,Neutral,2023-08-23
8958766.0,5819887962.0,49433260.0,5.0,Will definitely order again.,Customer Service,Positive,2024-03-03
5477160.0,1929465827.0,19556566.0,3.0,"Average experience, could improve.",Delivery,Neutral,2023-12-13
4943115.0,9430139302.0,59329145.0,4.0,"Average experience, could improve.",App Experience,Neutral,2024-02-09
4842110.0,3632715912.0,66135710.0,1.0,Items were missing from my order.,Product Quality,Negative,2024-08-18
8125083.0,3356214803.0,66655397.0,2.0,Not worth the price I paid.,Customer Service,Negative,2024-06-08
8349855.0,2277864850.0,73377004.0,4.0,"Excellent quality, will buy again!",App Experience,Positive,2024-10-30
7997985.0,1754472592.0,33331259.0,3.0,"Delivery was fine, but the product could be better.",Customer Service,Neutral,2024-06-11
3248115.0,1833208408.0,49881540.0,5.0,Will definitely order again.,Delivery,Positive,2023-08-16
1831625.0,6567954047.0,21809858.0,4.0,Good selection of products.,Product Quality,Positive,2023-07-09
3878247.0,9409585531.0,2414265.0,1.0,The order was incorrect.,App Experience,Negative,2023-04-03
7114766.0,731371161.0,57566548.0,4.0,Good selection of products.,Delivery,Positive,2024-09-25
3188195.0,7863496069.0,63802820.0,5.0,"Excellent quality, will buy again!",Product Quality,Positive,2024-02-09
1325935.0,9043955242.0,92123198.0,5.0,"Overall good experience, thank you!",App Experience,Positive,2024-04-13
1310100.0,8257564936.0,15897933.0,3.0,Product was damaged during delivery.,App Experience,Negative,2024-03-31
4500794.0,7487631571.0,77397957.0,4.0,"Nothing to complain about, but nothing exceptional.",Customer Service,Neutral,2024-04-12
8676486.0,4243307535.0,8886587.0,2.0,Not worth the price I paid.,Customer Service,Negative,2024-07-04
4932119.0,5490221933.0,41155125.0,3.0,"Delivery was fine, but the product could be better.",App Experience,Neutral,2023-06-21
7156102.0,577600718.0,72857290.0,4.0,Very fresh and well-packaged.,Customer Service,Positive,2024-04-06
3269889.0,1815462789.0,47618810.0,2.0,Items were missing from my order.,App Experience,Negative,2023-09-09
412937.0,896786012.0,99156138.0,3.0,The product met my expectations.,Product Quality,Neutral,2023-08-18
5476835.0,2610552179.0,98225598.0,4.0,Will definitely order again.,Customer Service,Positive,2024-06-26
367880.0,6244718082.0,2400009.0,4.0,"Delivery was fine, but the product could be better.",Delivery,Neutral,2024-05-22
6494912.0,1837634871.0,98241853.0,2.0,Items were missing from my order.,Customer Service,Negative,2023-05-06
4101509.0,8684571382.0,94033330.0,2.0,Very disappointed with the quality.,Delivery,Negative,2023-10-04
7816849.0,1659181364.0,27513158.0,2.0,I had a bad experience.,Delivery,Negative,2023-08-26
3620647.0,5626641031.0,65426878.0,4.0,"Average experience, could improve.",App Experience,Neutral,2024-05-19
8436976.0,1589326447.0,77961205.0,5.0,Customer service was very helpful.,Product Quality,Positive,2024-01-27
8409823.0,5018325783.0,52862822.0,1.0,Items were missing from my order.,Product Quality,Negative,2024-02-11
1366425.0,5111073873.0,75984768.0,2.0,Taste was not as expected.,Product Quality,Negative,2024-02-02
9997264.0,5953426781.0,79135318.0,4.0,"Delivery was fine, but the product could be better.",Delivery,Neutral,2023-12-10
5746169.0,8966870214.0,59518795.0,5.0,"Excellent quality, will buy again!",Customer Service,Positive,2024-02-27
9063564.0,6962915277.0,54748429.0,1.0,Taste was not as expected.,Delivery,Negative,2024-09-14
1263164.0,4309308088.0,18642306.0,5.0,Good selection of products.,App Experience,Positive,2023-12-02
5205212.0,5391068200.0,68159723.0,1.0,Delivery was late and I was unhappy.,Customer Service,Negative,2023-11-20
9794768.0,4394681222.0,80517784.0,4.0,The product met my expectations.,App Experience,Neutral,2024-03-28
3379600.0,4791895461.0,63793401.0,5.0,Will definitely order again.,Product Quality,Positive,2024-08-11
8346187.0,7272011740.0,54139038.0,4.0,"Excellent quality, will buy again!",App Experience,Positive,2024-09-16
6743836.0,87784691.0,92583164.0,3.0,"Delivery was fine, but the product could be better.",App Experience,Neutral,2024-09-29
3430403.0,4939105270.0,2164524.0,5.0,Very happy with the service!,Delivery,Positive,2023-11-02
9779614.0,4622303035.0,55060796.0,4.0,"Delivery was fine, but the product could be better.",Delivery,Neutral,2023-08-03
4783620.0,3460208027.0,78725001.0,1.0,Taste was not as expected.,Delivery,Negative,2024-04-19
4140403.0,2548125971.0,7228206.0,4.0,"Average experience, could improve.",Customer Service,Neutral,2023-11-05
2844735.0,2390111460.0,70608515.0,2.0,Very disappointed with the quality.,Product Quality,Negative,2023-09-09
7650611.0,8309485249.0,87200291.0,4.0,"It was okay, nothing special.",Product Quality,Neutral,2023-12-02
5554616.0,8322543480.0,34668988.0,3.0,The product met my expectations.,Delivery,Neutral,2024-09-27
9733512.0,2819200158.0,64497538.0,1.0,Not worth the price I paid.,Delivery,Negative,2023-07-23
2257268.0,7087151227.0,49795571.0,1.0,Not worth the price I paid.,App Experience,Negative,2023-11-26
9893663.0,6704234561.0,51833636.0,4.0,Items were in perfect condition.,Delivery,Positive,2024-01-03
7777945.0,6998410196.0,78748184.0,5.0,Very fresh and well-packaged.,App Experience,Positive,2023-07-25
4059087.0,707035635.0,61618079.0,5.0,Highly recommended!,Delivery,Positive,2024-09-29
8035698.0,543400704.0,60300263.0,2.0,Very disappointed with the quality.,Customer Service,Negative,2023-10-27
5696948.0,3604694195.0,34713143.0,5.0,Very fresh and well-packaged.,Delivery,Positive,2023-09-03
9678367.0,3560549947.0,42465414.0,3.0,"Average experience, could improve.",App Experience,Neutral,2024-07-21
5252675.0,9982178143.0,89968482.0,3.0,"It was okay, nothing special.",Product Quality,Neutral,2023-12-08
7265679.0,1423646541.0,48730063.0,3.0,Taste was not as expected.,Product Quality,Negative,2023-12-10
1966080.0,7441941402.0,16785724.0,2.0,Product was damaged during delivery.,Delivery,Negative,2023-12-22
2868057.0,8395661807.0,4386273.0,4.0,Will definitely order again.,Customer Service,Positive,2024-08-19
4416255.0,5480656353.0,11446157.0,3.0,"Average experience, could improve.",Customer Service,Neutral,2024-03-05
3755168.0,4561602092.0,53624677.0,4.0,Great prices and fast delivery!,Delivery,Positive,2024-09-18
9857162.0,1695982633.0,81382213.0,4.0,"Average experience, could improve.",App Experience,Neutral,2024-01-13
124508.0,6309447153.0,74212242.0,3.0,"Delivery was fine, but the product could be better.",Delivery,Neutral,2023-05-18
4830097.0,4796733514.0,87251489.0,3.0,"Average experience, could improve.",Delivery,Neutral,2023-04-03
9831534.0,2858966982.0,77214094.0,3.0,I had a bad experience.,App Experience,Negative,2024-04-25
5730284.0,6948607495.0,18259715.0,4.0,"Nothing to complain about, but nothing exceptional.",App Experience,Neutral,2024-08-28
7065793.0,4959271803.0,11082181.0,5.0,Very happy with the service!,App Experience,Positive,2024-02-22
7733566.0,5669689881.0,7728406.0,4.0,Very happy with the service!,Customer Service,Positive,2023-07-11
7602011.0,5352265711.0,75928073.0,3.0,The order was incorrect.,Customer Service,Negative,2024-02-29
9157682.0,5498551836.0,62243869.0,2.0,Taste was not as expected.,App Experience,Negative,2023-11-02
2443721.0,6556845822.0,68692574.0,2.0,The packaging was poor.,Customer Service,Negative,2023-05-13
3048402.0,5167008199.0,76359458.0,3.0,"It was okay, nothing special.",Customer Service,Neutral,2024-05-31
5135242.0,966294309.0,89619421.0,3.0,Items were missing from my order.,App Experience,Negative,2024-05-02
5106195.0,3163611427.0,85074810.0,1.0,Items were missing from my order.,Delivery,Negative,2024-01-17
4946224.0,203136866.0,91320466.0,1.0,The order was incorrect.,Delivery,Negative,2024-06-11
1860362.0,1815555165.0,58085779.0,5.0,"Excellent quality, will buy again!",Delivery,Positive,2023-09-11
8545459.0,1874499212.0,64162093.0,4.0,Great prices and fast delivery!,Delivery,Positive,2024-05-30
5712941.0,4012779165.0,84641682.0,1.0,Product was damaged during delivery.,Delivery,Negative,2024-09-16
2793942.0,3669023899.0,81183415.0,1.0,The packaging was poor.,App Experience,Negative,2024-05-12
3199955.0,9296381620.0,50630016.0,3.0,"Nothing to complain about, but nothing exceptional.",Customer Service,Neutral,2024-04-28
6795405.0,2725513934.0,54799731.0,4.0,"Nothing to complain about, but nothing exceptional.",Customer Service,Neutral,2023-10-07
2492010.0,5564338561.0,61226563.0,2.0,Taste was not as expected.,Delivery,Negative,2024-03-31
2128627.0,4701778121.0,23348269.0,3.0,Customer service was not helpful.,Product Quality,Negative,2024-06-06
9220379.0,9529272337.0,29973346.0,2.0,Not worth the price I paid.,Delivery,Negative,2023-12-11
3767076.0,869910650.0,34755436.0,4.0,"Nothing to complain about, but nothing exceptional.",Product Quality,Neutral,2024-05-27
5313010.0,2127080399.0,84468124.0,2.0,The order was incorrect.,Product Quality,Negative,2024-09-16
3909512.0,3547439109.0,33481252.0,2.0,Very disappointed with the quality.,App Experience,Negative,2023-04-13
1313671.0,997535715.0,21409946.0,5.0,Good selection of products.,App Experience,Positive,2023-03-27
8375675.0,2442453181.0,16543242.0,1.0,Taste was not as expected.,App Experience,Negative,2023-03-26
8050235.0,1182120536.0,4386273.0,5.0,Great prices and fast delivery!,App Experience,Positive,2024-05-26
3769570.0,2819297954.0,5540556.0,5.0,"Excellent quality, will buy again!",App Experience,Positive,2024-04-07
9494479.0,9870956079.0,39423691.0,4.0,"Nothing to complain about, but nothing exceptional.",Delivery,Neutral,2023-10-26
6092101.0,6032675432.0,63368244.0,5.0,Great prices and fast delivery!,Product Quality,Positive,2024-09-29
5033644.0,329790912.0,76925460.0,2.0,Delivery was late and I was unhappy.,App Experience,Negative,2024-08-04
4434275.0,6459815532.0,43295656.0,3.0,Customer service was not helpful.,App Experience,Negative,2023-05-16
3973915.0,9214523757.0,59619739.0,5.0,Will definitely order again.,Customer Service,Positive,2023-10-20
7463852.0,9450279027.0,38694209.0,5.0,Very happy with the service!,App Experience,Positive,2023-09-30
9489299.0,6265551101.0,38568692.0,3.0,"Nothing to complain about, but nothing exceptional.",Delivery,Neutral,2023-11-13
2182656.0,4138526838.0,33871107.0,3.0,The order was incorrect.,App Experience,Negative,2023-10-25
280405.0,8005579633.0,89617089.0,2.0,Not worth the price I paid.,App Experience,Negative,2023-08-16
5615234.0,3442984170.0,55472026.0,2.0,Taste was not as expected.,Product Quality,Negative,2024-09-16
2289176.0,8711550413.0,68941950.0,4.0,"Delivery was fine, but the product could be better.",App Experience,Neutral,2023-05-30
3881592.0,2509593585.0,58111297.0,3.0,"It was okay, nothing special.",Product Quality,Neutral,2023-05-05
7563634.0,6126557370.0,61982521.0,3.0,The packaging was poor.,Product Quality,Negative,2024-04-20
5509014.0,9876119035.0,29095552.0,3.0,I had a bad experience.,Product Quality,Negative,2023-04-15
3254755.0,3739042166.0,92416428.0,4.0,"Delivery was fine, but the product could be better.",App Experience,Neutral,2024-07-23
4479766.0,7938944124.0,85074810.0,3.0,Not worth the price I paid.,App Experience,Negative,2024-03-30
7080415.0,506804807.0,9107360.0,5.0,"Overall good experience, thank you!",Product Quality,Positive,2024-07-10
1094004.0,3577900599.0,28286754.0,4.0,Good selection of products.,Customer Service,Positive,2024-02-02
4435159.0,8337599633.0,41073776.0,3.0,The product met my expectations.,Customer Service,Neutral,2023-11-21
9449416.0,8611745429.0,88045094.0,5.0,Great prices and fast delivery!,Customer Service,Positive,2024-05-12
7804494.0,2990223879.0,72359843.0,5.0,Items were in perfect condition.,Product Quality,Positive,2023-08-11
7791110.0,52324496.0,81605722.0,2.0,I had a bad experience.,Customer Service,Negative,2024-02-23
7926825.0,6594929133.0,45868300.0,2.0,Taste was not as expected.,Customer Service,Negative,2023-04-14
6510010.0,2480235830.0,31324823.0,3.0,Taste was not as expected.,Delivery,Negative,2023-09-19
2675002.0,9667072962.0,50781611.0,4.0,"Nothing to complain about, but nothing exceptional.",Customer Service,Neutral,2023-04-11
88259.0,277700053.0,1174162.0,4.0,Customer service was very helpful.,App Experience,Positive,2023-08-15
1831132.0,5691623788.0,60757351.0,3.0,The product met my expectations.,Delivery,Neutral,2024-03-16
6485371.0,6845696161.0,37759707.0,3.0,"Nothing to complain about, but nothing exceptional.",Product Quality,Neutral,2023-07-14
8796506.0,4098488449.0,60049160.0,3.0,"Average experience, could improve.",Delivery,Neutral,2023-03-31
170656.0,5653623743.0,96461062.0,2.0,Delivery was late and I was unhappy.,Customer Service,Negative,2023-03-30
1594625.0,6416399784.0,34156884.0,3.0,Taste was not as expected.,Customer Service,Negative,2023-08-07
4609884.0,4365565386.0,54145987.0,2.0,Delivery was late and I was unhappy.,Customer Service,Negative,2023-06-30
8384299.0,6423269418.0,30643619.0,3.0,Taste was not as expected.,Customer Service,Negative,2024-08-23
4529301.0,1020534590.0,48150243.0,4.0,"Delivery was fine, but the product could be better.",Customer Service,Neutral,2023-12-12
7658175.0,4015289878.0,72489544.0,4.0,"Average experience, could improve.",Product Quality,Neutral,2024-03-22
9247611.0,9959668334.0,80935110.0,4.0,Will definitely order again.,Delivery,Positive,2024-01-07
7459110.0,8054387790.0,84953008.0,4.0,"It was okay, nothing special.",Product Quality,Neutral,2023-05-08
7825181.0,4795344310.0,91562028.0,5.0,Great prices and fast delivery!,App Experience,Positive,2024-04-12
5789204.0,2205862234.0,52001314.0,3.0,Delivery was late and I was unhappy.,Customer Service,Negative,2023-10-02
673936.0,4686249863.0,21701991.0,1.0,Product was damaged during delivery.,Customer Service,Negative,2024-08-31
9237596.0,1270524770.0,11478478.0,4.0,Highly recommended!,Delivery,Positive,2023-10-11
183343.0,5743550453.0,93699264.0,4.0,Great prices and fast delivery!,Customer Service,Positive,2024-05-19
5727820.0,5309699078.0,81584486.0,3.0,Items were missing from my order.,App Experience,Negative,2023-08-02
7383305.0,7565768030.0,15830066.0,1.0,Customer service was not helpful.,Product Quality,Negative,2024-02-10
9333668.0,3210260715.0,68939350.0,3.0,"Delivery was fine, but the product could be better.",App Experience,Neutral,2023-04-06
6576033.0,6657245289.0,820740.0,5.0,Highly recommended!,Product Quality,Positive,2024-05-20
436700.0,7854526965.0,48228547.0,3.0,The product met my expectations.,Delivery,Neutral,2023-08-18
5799744.0,2770948451.0,22077605.0,3.0,Product was damaged during delivery.,App Experience,Negative,2023-04-27
5794937.0,624070426.0,41640262.0,3.0,Product was damaged during delivery.,App Experience,Negative,2023-10-07
8049438.0,891583492.0,13651980.0,4.0,"Excellent quality, will buy again!",Customer Service,Positive,2024-04-07
8269633.0,5811206654.0,70391758.0,4.0,Very fresh and well-packaged.,Delivery,Positive,2023-05-17
7056875.0,809894905.0,82374625.0,4.0,"Average experience, could improve.",Product Quality,Neutral,2023-12-28
7948957.0,8209000496.0,63948546.0,3.0,Product was damaged during delivery.,Product Quality,Negative,2023-03-28
1693544.0,4901288364.0,44723662.0,5.0,"Overall good experience, thank you!",Customer Service,Positive,2023-07-31
9574804.0,5890338566.0,81337068.0,1.0,Taste was not as expected.,Delivery,Negative,2023-04-29
5417385.0,2745295248.0,40643232.0,3.0,Taste was not as expected.,Delivery,Negative,2024-05-28
4002875.0,5708700204.0,40387944.0,4.0,"Nothing to complain about, but nothing exceptional.",Customer Service,Neutral,2023-05-05
3822266.0,8643851643.0,57360162.0,3.0,"Nothing to complain about, but nothing exceptional.",Delivery,Neutral,2023-04-21
8851535.0,4525287277.0,74174956.0,3.0,Taste was not as expected.,Customer Service,Negative,2023-06-29
1756163.0,6154459753.0,82179338.0,4.0,"Nothing to complain about, but nothing exceptional.",Delivery,Neutral,2024-06-12
3101725.0,2587790388.0,45586151.0,4.0,"Delivery was fine, but the product could be better.",App Experience,Neutral,2024-06-09
1439305.0,2665891587.0,86636273.0,3.0,"Nothing to complain about, but nothing exceptional.",Customer Service,Neutral,2024-03-18
9396703.0,6996561687.0,3844290.0,3.0,Delivery was late and I was unhappy.,App Experience,Negative,2024-06-29
918917.0,961607638.0,55170753.0,1.0,Customer service was not helpful.,Product Quality,Negative,2023-08-04
4282954.0,4385491839.0,7228206.0,1.0,Delivery was late and I was unhappy.,Customer Service,Negative,2024-06-07
3902960.0,1279200190.0,84468124.0,3.0,The product met my expectations.,Product Quality,Neutral,2024-07-10
6004406.0,9668698616.0,76441843.0,4.0,"It was okay, nothing special.",Product Quality,Neutral,2023-11-01
8187670.0,4813038298.0,27304827.0,2.0,Taste was not as expected.,Customer Service,Negative,2024-05-23
2202823.0,2030125421.0,44477365.0,4.0,Will definitely order again.,Customer Service,Positive,2024-05-03
3827822.0,6997235339.0,87669943.0,2.0,I had a bad experience.,Customer Service,Negative,2024-01-12
4808332.0,7438342576.0,82585664.0,3.0,"Nothing to complain about, but nothing exceptional.",Delivery,Neutral,2023-05-09
8641510.0,9958423263.0,47503133.0,4.0,"Delivery was fine, but the product could be better.",App Experience,Neutral,2024-03-15
8448887.0,3416693628.0,52428250.0,2.0,Items were missing from my order.,Customer Service,Negative,2024-10-03
7557504.0,3440579647.0,89950235.0,4.0,Highly recommended!,Customer Service,Positive,2024-08-05
559101.0,5307231496.0,14330483.0,4.0,"Delivery was fine, but the product could be better.",Customer Service,Neutral,2024-04-23
903092.0,4779055734.0,36587003.0,3.0,"Average experience, could improve.",Customer Service,Neutral,2023-06-30
9929077.0,3834705841.0,54375571.0,1.0,Product was damaged during delivery.,App Experience,Negative,2023-09-09
1263914.0,9080324081.0,48554440.0,3.0,The product met my expectations.,Delivery,Neutral,2023-05-27
1604057.0,2500757555.0,65488134.0,3.0,"Nothing to complain about, but nothing exceptional.",Delivery,Neutral,2024-10-27
3869991.0,1292986566.0,47503133.0,4.0,"It was okay, nothing special.",App Experience,Neutral,2023-07-12
1404411.0,6602362287.0,5961261.0,1.0,Taste was not as expected.,Delivery,Negative,2024-02-01
3489479.0,184844043.0,33331259.0,4.0,Great prices and fast delivery!,App Experience,Positive,2023-12-07
66513.0,936587253.0,93699264.0,2.0,The order was incorrect.,Customer Service,Negative,2023-07-18
6629661.0,2834429147.0,66742602.0,2.0,Very disappointed with the quality.,App Experience,Negative,2023-10-04
3170349.0,114306835.0,13251137.0,4.0,"Overall good experience, thank you!",Delivery,Positive,2024-02-06
4812643.0,1675849477.0,36998375.0,3.0,Delivery was late and I was unhappy.,Product Quality,Negative,2024-06-11
8618527.0,5191052705.0,6579892.0,4.0,"It was okay, nothing special.",Product Quality,Neutral,2023-06-19
5374112.0,7068834722.0,45314389.0,4.0,The product met my expectations.,Customer Service,Neutral,2023-11-19
1320563.0,5051330893.0,74230420.0,4.0,"Overall good experience, thank you!",App Experience,Positive,2024-07-04
5097672.0,6065496420.0,12277039.0,1.0,The packaging was poor.,Delivery,Negative,2023-05-16
8643088.0,7574848635.0,79206969.0,4.0,"Nothing to complain about, but nothing exceptional.",Delivery,Neutral,2023-06-28
6196664.0,8793868975.0,16256136.0,3.0,The packaging was poor.,Customer Service,Negative,2024-02-01
5518136.0,5381466176.0,64106072.0,5.0,Good selection of products.,Customer Service,Positive,2023-06-01
4748833.0,7709366480.0,91024604.0,1.0,Taste was not as expected.,Delivery,Negative,2024-08-28
4706967.0,4936667930.0,18567760.0,3.0,The product met my expectations.,Product Quality,Neutral,2023-06-20
5307842.0,6860925755.0,14272050.0,5.0,"Excellent quality, will buy again!",Customer Service,Positive,2023-09-29
834707.0,5486433396.0,9278983.0,4.0,"Nothing to complain about, but nothing exceptional.",App Experience,Neutral,2024-01-20
4745815.0,7089292009.0,8791577.0,3.0,The product met my expectations.,Customer Service,Neutral,2023-04-05
1997010.0,5350760367.0,25587553.0,5.0,Highly recommended!,Customer Service,Positive,2023-08-13
4709509.0,5581769906.0,41164215.0,4.0,"It was okay, nothing special.",Product Quality,Neutral,2024-04-14
2184540.0,6256637306.0,3096845.0,4.0,"Average experience, could improve.",App Experience,Neutral,2023-11-07
968472.0,2999946056.0,92306841.0,4.0,"Excellent quality, will buy again!",Delivery,Positive,2024-06-28
5694919.0,5218488175.0,57833505.0,5.0,Great prices and fast delivery!,Customer Service,Positive,2024-01-03
4903911.0,8297436592.0,46802633.0,4.0,"Overall good experience, thank you!",App Experience,Positive,2024-10-20
387152.0,1806118907.0,75752515.0,1.0,Items were missing from my order.,Product Quality,Negative,2023-12-25
4396734.0,6999224625.0,49806393.0,4.0,The product met my expectations.,Customer Service,Neutral,2023-04-16
9824272.0,1809997641.0,48281892.0,1.0,Product was damaged during delivery.,App Experience,Negative,2023-11-10
7239237.0,7528090614.0,73639935.0,3.0,Product was damaged during delivery.,Product Quality,Negative,2024-06-29
8398849.0,4884904912.0,36737539.0,2.0,The order was incorrect.,Product Quality,Negative,2023-08-24
6593156.0,9811235698.0,58929595.0,4.0,"Delivery was fine, but the product could be better.",App Experience,Neutral,2024-03-02
6522927.0,5616653529.0,52001314.0,4.0,Will definitely order again.,Customer Service,Positive,2023-12-23
4722643.0,7188183056.0,84953008.0,3.0,"It was okay, nothing special.",Delivery,Neutral,2023-08-06
108132.0,7898301143.0,73660582.0,4.0,"It was okay, nothing special.",App Experience,Neutral,2023-08-10
4257042.0,5222677885.0,31582950.0,2.0,Delivery was late and I was unhappy.,App Experience,Negative,2024-07-15
4176652.0,8544952346.0,61618079.0,4.0,"Average experience, could improve.",Delivery,Neutral,2023-11-23
3086538.0,9403371764.0,3096845.0,4.0,Great prices and fast delivery!,Product Quality,Positive,2023-06-08
4221835.0,3956205476.0,57892837.0,4.0,The product met my expectations.,Customer Service,Neutral,2023-06-12
6698473.0,5678362658.0,58513300.0,3.0,The order was incorrect.,App Experience,Negative,2024-07-22
3902539.0,8131610255.0,90448312.0,2.0,Delivery was late and I was unhappy.,Customer Service,Negative,2024-03-22
9204348.0,4722653990.0,95428692.0,4.0,"Nothing to complain about, but nothing exceptional.",Delivery,Neutral,2023-07-19
4602515.0,6613853662.0,75474920.0,2.0,Items were missing from my order.,App Experience,Negative,2024-01-26
2431502.0,8274987671.0,19523014.0,3.0,The order was incorrect.,Delivery,Negative,2024-10-03
5502049.0,5519983123.0,78678612.0,1.0,The packaging was poor.,Product Quality,Negative,2024-04-11
914718.0,2746329488.0,35156679.0,5.0,Very fresh and well-packaged.,Customer Service,Positive,2023-08-26
5412857.0,6443285614.0,2400009.0,4.0,The product met my expectations.,Delivery,Neutral,2023-08-29
3384872.0,6932426427.0,31384626.0,5.0,"Overall good experience, thank you!",Customer Service,Positive,2023-08-01
2239723.0,1796512004.0,19741509.0,1.0,Delivery was late and I was unhappy.,Product Quality,Negative,2023-06-13
556949.0,1464518253.0,12695670.0,3.0,The product met my expectations.,App Experience,Neutral,2023-07-04
2094700.0,3585105627.0,41168392.0,4.0,Customer service was very helpful.,Delivery,Positive,2024-10-10
6424645.0,5387247994.0,19182548.0,1.0,The packaging was poor.,Product Quality,Negative,2024-04-28
5821913.0,7568171531.0,46504355.0,1.0,Customer service was not helpful.,App Experience,Negative,2023-12-02
8071032.0,4111193446.0,85020453.0,4.0,"Delivery was fine, but the product could be better.",Customer Service,Neutral,2024-01-22
909118.0,8683154153.0,89986926.0,4.0,"Nothing to complain about, but nothing exceptional.",Product Quality,Neutral,2024-09-07
7865004.0,5712367183.0,85763665.0,4.0,"Delivery was fine, but the product could be better.",Delivery,Neutral,2024-06-13
2717837.0,3952854723.0,88739922.0,2.0,Customer service was not helpful.,Product Quality,Negative,2023-09-15
7148726.0,4631387671.0,86704661.0,3.0,"Delivery was fine, but the product could be better.",Delivery,Neutral,2024-10-08
360914.0,2145309969.0,35988028.0,3.0,"Delivery was fine, but the product could be better.",Delivery,Neutral,2023-09-17
5457525.0,4314762741.0,61516967.0,4.0,Great prices and fast delivery!,Customer Service,Positive,2023-06-17
9561182.0,7401889152.0,15733078.0,3.0,"Average experience, could improve.",Delivery,Neutral,2024-09-20
686047.0,1932040824.0,32987624.0,4.0,"Delivery was fine, but the product could be better.",Delivery,Neutral,2024-03-15
8867293.0,9836424713.0,53815931.0,1.0,Delivery was late and I was unhappy.,Customer Service,Negative,2023-11-19
5881825.0,9882312203.0,65134271.0,2.0,Not worth the price I paid.,Customer Service,Negative,2024-05-15
1590770.0,3082649585.0,92409489.0,3.0,"It was okay, nothing special.",Delivery,Neutral,2023-09-26
5950548.0,6033878151.0,61226563.0,4.0,"Excellent quality, will buy again!",Product Quality,Positive,2023-11-11
2749431.0,6395547592.0,43799224.0,4.0,"Delivery was fine, but the product could be better.",Delivery,Neutral,2024-10-23
8623710.0,372962997.0,43799224.0,4.0,Customer service was very helpful.,Product Quality,Positive,2024-04-18
9219270.0,2988215377.0,46802633.0,3.0,"It was okay, nothing special.",App Experience,Neutral,2024-08-18
4603544.0,7081583361.0,39093069.0,3.0,Delivery was late and I was unhappy.,Customer Service,Negative,2024-08-01
7789018.0,1860491452.0,99893898.0,5.0,Great prices and fast delivery!,App Experience,Positive,2024-04-18
9263417.0,7499656197.0,12469338.0,3.0,"It was okay, nothing special.",App Experience,Neutral,2024-03-27
8966009.0,4507112412.0,47577193.0,3.0,The product met my expectations.,App Experience,Neutral,2023-09-30
6754002.0,9214595868.0,98211325.0,4.0,"Delivery was fine, but the product could be better.",Delivery,Neutral,2024-07-02
9980417.0,253430904.0,16543242.0,5.0,Good selection of products.,Delivery,Positive,2023-07-08
8417158.0,5574588218.0,48281892.0,1.0,The packaging was poor.,Customer Service,Negative,2024-06-28
8340197.0,2817281674.0,73869823.0,3.0,The product met my expectations.,Delivery,Neutral,2023-09-16
1957484.0,4932779616.0,90021871.0,1.0,Not worth the price I paid.,Delivery,Negative,2024-07-26
6273223.0,7932879650.0,81088747.0,1.0,Items were missing from my order.,Customer Service,Negative,2023-05-07
208810.0,997698125.0,97492493.0,3.0,The packaging was poor.,Product Quality,Negative,2023-11-29
8775121.0,2403547563.0,59677346.0,4.0,The product met my expectations.,Customer Service,Neutral,2024-05-20
2887519.0,8875483494.0,34787383.0,5.0,Will definitely order again.,Product Quality,Positive,2024-03-12
7343729.0,883548284.0,3408982.0,5.0,Will definitely order again.,App Experience,Positive,2024-05-23
8174698.0,2364229435.0,69339331.0,5.0,Items were in perfect condition.,Product Quality,Positive,2024-07-13
574977.0,6845869445.0,54730270.0,3.0,"Delivery was fine, but the product could be better.",Customer Service,Neutral,2024-05-27
9376458.0,397818832.0,75467328.0,4.0,"Average experience, could improve.",Customer Service,Neutral,2023-12-22
3873048.0,304166272.0,34835738.0,4.0,"It was okay, nothing special.",Customer Service,Neutral,2023-10-29
8028419.0,1575626085.0,78157360.0,3.0,"Delivery was fine, but the product could be better.",Customer Service,Neutral,2023-05-19
1092177.0,3945644714.0,92356639.0,1.0,The order was incorrect.,App Experience,Negative,2023-05-16
7407121.0,8370213291.0,10855630.0,4.0,"It was okay, nothing special.",Delivery,Neutral,2023-05-20
6852937.0,2185375786.0,46313756.0,4.0,Customer service was very helpful.,Delivery,Positive,2024-04-25
1018594.0,1828975788.0,41155125.0,5.0,Items were in perfect condition.,Product Quality,Positive,2024-01-30
2182984.0,4319450104.0,7288562.0,2.0,Very disappointed with the quality.,Customer Service,Negative,2024-09-16
8858173.0,5059765199.0,91562028.0,5.0,Highly recommended!,Delivery,Positive,2023-10-19
8888295.0,5360089735.0,21425168.0,3.0,The product met my expectations.,Customer Service,Neutral,2023-05-04
104670.0,8008211695.0,77397957.0,3.0,I had a bad experience.,Product Quality,Negative,2023-09-07
350426.0,4400031082.0,46682777.0,3.0,"Delivery was fine, but the product could be better.",Delivery,Neutral,2023-07-08
5963883.0,9582738204.0,88312515.0,4.0,"Nothing to complain about, but nothing exceptional.",App Experience,Neutral,2023-08-17
4345084.0,1368450162.0,14974554.0,4.0,"It was okay, nothing special.",Delivery,Neutral,2023-09-11
7593475.0,56705032.0,63060947.0,4.0,"It was okay, nothing special.",App Experience,Neutral,2023-11-16
1109573.0,2407168640.0,78254569.0,5.0,Very fresh and well-packaged.,App Experience,Positive,2024-07-25
3244974.0,530588807.0,25722990.0,4.0,The product met my expectations.,Customer Service,Neutral,2024-02-01
9005162.0,9975541696.0,59890331.0,4.0,The product met my expectations.,App Experience,Neutral,2023-06-12
2756848.0,8602707005.0,77673290.0,4.0,The product met my expectations.,Product Quality,Neutral,2024-04-02
3283908.0,2382595056.0,76377003.0,4.0,Good selection of products.,App Experience,Positive,2023-12-09
453891.0,8056162498.0,11446157.0,3.0,"Nothing to complain about, but nothing exceptional.",App Experience,Neutral,2023-05-08
3837580.0,4593039089.0,50015282.0,3.0,"It was okay, nothing special.",Delivery,Neutral,2024-09-14
8933652.0,7311288658.0,48358028.0,2.0,The packaging was poor.,Customer Service,Negative,2024-08-15
109426.0,9157217130.0,8073518.0,5.0,Highly recommended!,App Experience,Positive,2023-06-18
2041930.0,9328094731.0,77086539.0,3.0,Items were missing from my order.,App Experience,Negative,2024-08-21
7406288.0,3259266120.0,35049420.0,4.0,"It was okay, nothing special.",Delivery,Neutral,2024-07-08
4305662.0,4656541041.0,84572019.0,4.0,"Delivery was fine, but the product could be better.",App Experience,Neutral,2024-10-30
5021788.0,730839483.0,20148223.0,3.0,"Average experience, could improve.",Delivery,Neutral,2023-07-24
2730099.0,6185824257.0,1816969.0,2.0,I had a bad experience.,App Experience,Negative,2024-08-05
4948436.0,225195662.0,76202036.0,1.0,Items were missing from my order.,Customer Service,Negative,2024-08-30
5268670.0,6771104541.0,61618079.0,1.0,Delivery was late and I was unhappy.,Delivery,Negative,2023-05-10
897773.0,6146830622.0,14367270.0,4.0,"Excellent quality, will buy again!",Customer Service,Positive,2024-10-04
7519652.0,1380326453.0,68159723.0,5.0,Very happy with the service!,Delivery,Positive,2023-08-29
3239816.0,728523620.0,46699982.0,4.0,"Delivery was fine, but the product could be better.",Customer Service,Neutral,2023-08-31
6976367.0,27296314.0,64562786.0,5.0,Will definitely order again.,Product Quality,Positive,2024-10-17
9202872.0,2608278705.0,51945420.0,3.0,Product was damaged during delivery.,Customer Service,Negative,2023-10-22
3693135.0,6786366774.0,5716817.0,2.0,Items were missing from my order.,App Experience,Negative,2024-03-21
6144760.0,5572475750.0,40563029.0,3.0,Delivery was late and I was unhappy.,Delivery,Negative,2023-04-25
4135711.0,8276417383.0,39976965.0,1.0,I had a bad experience.,App Experience,Negative,2024-06-18
7602935.0,784435014.0,2684440.0,3.0,The product met my expectations.,Delivery,Neutral,2023-10-11
7897237.0,9442274046.0,93617659.0,3.0,"Nothing to complain about, but nothing exceptional.",Customer Service,Neutral,2023-09-01
5737400.0,2470025903.0,81420960.0,2.0,Not worth the price I paid.,App Experience,Negative,2024-06-06
9300474.0,6774241153.0,29272253.0,3.0,"Average experience, could improve.",Customer Service,Neutral,2024-09-23
2172966.0,3874644184.0,49152878.0,4.0,"It was okay, nothing special.",Delivery,Neutral,2024-06-23
637550.0,8078065454.0,97033691.0,4.0,Highly recommended!,Customer Service,Positive,2024-05-19
7278640.0,340113260.0,83039559.0,5.0,Highly recommended!,Product Quality,Positive,2024-02-27
815954.0,2978839318.0,59436131.0,3.0,Items were missing from my order.,Customer Service,Negative,2024-01-11
4676563.0,3896922017.0,9274874.0,2.0,The packaging was poor.,Delivery,Negative,2024-08-25
1706682.0,7621954956.0,32797235.0,3.0,Taste was not as expected.,Delivery,Negative,2023-07-07
3079122.0,581178324.0,12277039.0,3.0,"Average experience, could improve.",Product Quality,Neutral,2024-02-17
634000.0,8469170680.0,5901440.0,3.0,The product met my expectations.,App Experience,Neutral,2023-03-16
9494956.0,6779626333.0,55404382.0,3.0,"Nothing to complain about, but nothing exceptional.",Customer Service,Neutral,2024-05-11
9225519.0,6335704206.0,38327793.0,4.0,Good selection of products.,Product Quality,Positive,2024-05-22
1943449.0,8314342490.0,21677923.0,2.0,Not worth the price I paid.,Delivery,Negative,2023-04-05
7926043.0,1948795658.0,49833888.0,5.0,Great prices and fast delivery!,Product Quality,Positive,2023-10-23
7097475.0,9187864807.0,44776601.0,1.0,Taste was not as expected.,Customer Service,Negative,2024-06-22
2002931.0,8399666962.0,21573815.0,4.0,Highly recommended!,Delivery,Positive,2023-04-08
9722025.0,6196321055.0,30788486.0,3.0,"Nothing to complain about, but nothing exceptional.",Delivery,Neutral,2024-05-17
3771226.0,8128518434.0,94486311.0,4.0,"Delivery was fine, but the product could be better.",App Experience,Neutral,2023-08-12
4392807.0,9854897999.0,72415263.0,2.0,Very disappointed with the quality.,Product Quality,Negative,2023-10-04
4455314.0,2603584546.0,41811800.0,2.0,Delivery was late and I was unhappy.,App Experience,Negative,2024-05-21
3972758.0,1295119665.0,99695529.0,3.0,"Nothing to complain about, but nothing exceptional.",Product Quality,Neutral,2024-03-19
3247284.0,599975885.0,45708879.0,4.0,"It was okay, nothing special.",Customer Service,Neutral,2023-06-07
625997.0,5834861324.0,84826389.0,2.0,The packaging was poor.,App Experience,Negative,2023-07-04
2266787.0,2032005162.0,18791381.0,3.0,The product met my expectations.,App Experience,Neutral,2024-10-21
6810254.0,8391900458.0,43518622.0,4.0,Very happy with the service!,Customer Service,Positive,2023-05-17
5052091.0,1887687323.0,85518832.0,1.0,Customer service was not helpful.,App Experience,Negative,2024-02-08
895480.0,2120411967.0,6867315.0,5.0,Will definitely order again.,Customer Service,Positive,2023-12-21
450524.0,3158340906.0,48002829.0,4.0,"It was okay, nothing special.",Customer Service,Neutral,2024-07-19
6250156.0,2387343456.0,17749347.0,2.0,Very disappointed with the quality.,Product Quality,Negative,2024-10-19
2859721.0,338609144.0,12574626.0,4.0,"Nothing to complain about, but nothing exceptional.",Customer Service,Neutral,2024-10-26
1363305.0,9056190831.0,3100301.0,3.0,Taste was not as expected.,Delivery,Negative,2023-07-17
5918374.0,2803081135.0,42262168.0,4.0,"Delivery was fine, but the product could be better.",Customer Service,Neutral,2023-06-10
4695513.0,5970759669.0,26285589.0,5.0,Highly recommended!,Product Quality,Positive,2024-03-19
7244170.0,3226693729.0,62629494.0,3.0,The product met my expectations.,Delivery,Neutral,2023-08-06
1730581.0,8132845656.0,4597433.0,3.0,"It was okay, nothing special.",App Experience,Neutral,2024-07-10
8031073.0,7850550725.0,16424635.0,4.0,"Nothing to complain about, but nothing exceptional.",Delivery,Neutral,2023-12-31
3433608.0,2934547619.0,77161976.0,4.0,"Overall good experience, thank you!",Delivery,Positive,2024-06-01
791612.0,608179182.0,87220860.0,2.0,Taste was not as expected.,Delivery,Negative,2024-08-01
7124895.0,5191326847.0,48158494.0,4.0,"It was okay, nothing special.",App Experience,Neutral,2023-05-13
1141684.0,7614561036.0,91853589.0,5.0,Very happy with the service!,Customer Service,Positive,2023-09-10
7012898.0,2947791133.0,19741509.0,1.0,Taste was not as expected.,Product Quality,Negative,2023-11-28
9132205.0,6538760883.0,119099.0,3.0,The order was incorrect.,App Experience,Negative,2024-04-19
2555174.0,8872250952.0,43243913.0,2.0,Product was damaged during delivery.,Product Quality,Negative,2023-10-04
8026028.0,8173258734.0,20835909.0,4.0,Highly recommended!,App Experience,Positive,2023-11-03
23845.0,5465833352.0,11047835.0,4.0,Will definitely order again.,Product Quality,Positive,2023-03-28
371999.0,2106569369.0,27513158.0,4.0,"It was okay, nothing special.",Customer Service,Neutral,2024-01-02
9741709.0,9039440500.0,64298209.0,3.0,I had a bad experience.,Product Quality,Negative,2024-07-12
5319922.0,8281482042.0,72889295.0,3.0,"Average experience, could improve.",Delivery,Neutral,2023-06-28
5394786.0,479528548.0,21786873.0,3.0,"Nothing to complain about, but nothing exceptional.",Product Quality,Neutral,2023-07-17
6620149.0,8087519921.0,90246977.0,1.0,I had a bad experience.,Customer Service,Negative,2023-10-19
3373864.0,4869691623.0,9401406.0,5.0,Highly recommended!,App Experience,Positive,2023-05-05
3024438.0,7155177625.0,2566268.0,4.0,The product met my expectations.,Customer Service,Neutral,2024-08-26
1271118.0,7254499390.0,93563435.0,3.0,The product met my expectations.,Delivery,Neutral,2023-11-29
1135047.0,7394439260.0,22358567.0,4.0,Will definitely order again.,Delivery,Positive,2024-10-21
8277797.0,6581715589.0,8375298.0,2.0,Items were missing from my order.,Product Quality,Negative,2023-05-09
2145704.0,9457009010.0,80858127.0,3.0,The product met my expectations.,Delivery,Neutral,2024-02-06
2402033.0,2859660695.0,33685414.0,4.0,Customer service was very helpful.,Customer Service,Positive,2023-08-02
5076013.0,6392348668.0,1697604.0,2.0,Product was damaged during delivery.,Product Quality,Negative,2024-01-29
1523690.0,6933011590.0,21658322.0,2.0,Delivery was late and I was unhappy.,Customer Service,Negative,2023-08-01
4136028.0,5809441378.0,51872499.0,5.0,Customer service was very helpful.,Product Quality,Positive,2024-07-29
2216091.0,411113020.0,84953008.0,3.0,Product was damaged during delivery.,Delivery,Negative,2024-06-29
3033397.0,5512796364.0,12507907.0,4.0,"It was okay, nothing special.",Customer Service,Neutral,2023-06-21
674619.0,2610813239.0,62917794.0,1.0,Very disappointed with the quality.,Delivery,Negative,2023-11-26
9547102.0,3236748462.0,58111297.0,2.0,Very disappointed with the quality.,Delivery,Negative,2024-06-26
5441493.0,6652395897.0,60904312.0,3.0,Not worth the price I paid.,App Experience,Negative,2024-07-11
746175.0,5517901926.0,40593638.0,3.0,I had a bad experience.,Product Quality,Negative,2023-06-25
2927545.0,2174753933.0,38780509.0,5.0,"Excellent quality, will buy again!",Customer Service,Positive,2024-10-12
5111893.0,1525700767.0,61320989.0,3.0,"Nothing to complain about, but nothing exceptional.",Customer Service,Neutral,2023-05-29
4743169.0,7232692149.0,899941.0,4.0,Very happy with the service!,Customer Service,Positive,2023-12-01
7382684.0,8556607504.0,68703613.0,4.0,"Nothing to complain about, but nothing exceptional.",Delivery,Neutral,2024-02-20
8382415.0,5841260317.0,65426878.0,1.0,Items were missing from my order.,App Experience,Negative,2023-04-28
8867706.0,9471427840.0,18935489.0,2.0,Taste was not as expected.,Customer Service,Negative,2023-07-08
7710907.0,2070610257.0,4386273.0,1.0,The order was incorrect.,App Experience,Negative,2023-07-20
5279688.0,1884811437.0,24988999.0,4.0,Highly recommended!,Product Quality,Positive,2023-03-21
6850635.0,5331747573.0,3588443.0,4.0,"It was okay, nothing special.",Delivery,Neutral,2024-09-30
4244904.0,9977285985.0,22321208.0,4.0,"Delivery was fine, but the product could be better.",App Experience,Neutral,2023-08-11
8131467.0,1715175070.0,33706378.0,3.0,Taste was not as expected.,App Experience,Negative,2023-09-27
647247.0,4117790162.0,52770036.0,5.0,Good selection of products.,Customer Service,Positive,2023-05-11
698609.0,9051644316.0,30447453.0,2.0,Product was damaged during delivery.,App Experience,Negative,2024-07-23
9028323.0,4903335316.0,47822591.0,3.0,The packaging was poor.,Delivery,Negative,2023-04-30
1564798.0,3341481363.0,43066953.0,3.0,The product met my expectations.,App Experience,Neutral,2023-11-22
6890637.0,4074537770.0,2400009.0,4.0,Will definitely order again.,Delivery,Positive,2024-04-30
4656663.0,5374589112.0,52409516.0,4.0,Very fresh and well-packaged.,Delivery,Positive,2023-10-26
8511420.0,6401406847.0,58152923.0,4.0,"Overall good experience, thank you!",Customer Service,Positive,2023-11-04
5791538.0,698439139.0,75038062.0,4.0,The product met my expectations.,Customer Service,Neutral,2024-09-07
6336442.0,881367843.0,25221501.0,1.0,The packaging was poor.,Delivery,Negative,2024-10-14
5583929.0,6438115781.0,43431724.0,5.0,Customer service was very helpful.,App Experience,Positive,2023-10-29
2690132.0,1706198744.0,19425804.0,3.0,Customer service was not helpful.,Delivery,Negative,2024-06-03
9907249.0,3115167739.0,83304571.0,4.0,Highly recommended!,Delivery,Positive,2024-07-25
7852867.0,8608111158.0,75244116.0,5.0,"Excellent quality, will buy again!",App Experience,Positive,2023-04-14
3049354.0,8167540645.0,69925688.0,5.0,Items were in perfect condition.,Product Quality,Positive,2023-07-23
9657551.0,898210033.0,28111842.0,4.0,"Excellent quality, will buy again!",App Experience,Positive,2024-06-13
5829925.0,5415454466.0,79369660.0,4.0,"Nothing to complain about, but nothing exceptional.",Product Quality,Neutral,2024-07-09
9896176.0,9240312177.0,80862136.0,5.0,Will definitely order again.,Customer Service,Positive,2023-04-06
2465595.0,4880265969.0,20163931.0,3.0,The product met my expectations.,App Experience,Neutral,2023-05-22
4296180.0,5056583192.0,27336589.0,4.0,Good selection of products.,App Experience,Positive,2023-11-30
2793466.0,1921412688.0,12338529.0,2.0,Product was damaged during delivery.,Product Quality,Negative,2023-10-04
1596420.0,5829741995.0,40434527.0,4.0,The product met my expectations.,App Experience,Neutral,2023-12-25
3832333.0,9830742370.0,49806393.0,4.0,Highly recommended!,Customer Service,Positive,2024-02-09
412253.0,509041342.0,91243571.0,5.0,Very happy with the service!,Delivery,Positive,2024-01-05
7026811.0,8420144998.0,72164737.0,3.0,Very disappointed with the quality.,App Experience,Negative,2023-11-25
6399080.0,7353766541.0,48418662.0,3.0,Delivery was late and I was unhappy.,Delivery,Negative,2023-06-28
2899851.0,8617979440.0,13604883.0,5.0,Good selection of products.,App Experience,Positive,2023-09-10
7669771.0,680476823.0,75739462.0,4.0,"Average experience, could improve.",Customer Service,Neutral,2024-09-23
2924899.0,5424536852.0,18035010.0,2.0,Not worth the price I paid.,Customer Service,Negative,2024-08-18
2889415.0,1142004448.0,73735548.0,4.0,Very happy with the service!,Product Quality,Positive,2024-06-05
4576752.0,1814491335.0,27336589.0,5.0,Very happy with the service!,App Experience,Positive,2024-02-24
4836420.0,445929405.0,36885115.0,2.0,The packaging was poor.,App Experience,Negative,2023-07-18
858492.0,3849003596.0,60300263.0,1.0,Items were missing from my order.,Customer Service,Negative,2023-10-07
4443076.0,6367757670.0,33617546.0,3.0,"Delivery was fine, but the product could be better.",Customer Service,Neutral,2024-09-08
8168201.0,4925321106.0,77214094.0,4.0,"Average experience, could improve.",Customer Service,Neutral,2024-02-04
8582080.0,4463294381.0,44409533.0,1.0,The order was incorrect.,Delivery,Negative,2023-12-31
8896295.0,9077946933.0,81808190.0,1.0,Very disappointed with the quality.,Customer Service,Negative,2024-04-19
1886083.0,6688079478.0,57392064.0,1.0,The packaging was poor.,Product Quality,Negative,2024-04-18
8183639.0,8712304346.0,40085705.0,2.0,Delivery was late and I was unhappy.,Delivery,Negative,2023-06-10
860245.0,3748957111.0,98088303.0,3.0,The product met my expectations.,App Experience,Neutral,2023-04-30
7999231.0,2388792163.0,81160474.0,4.0,Highly recommended!,App Experience,Positive,2024-02-20
507648.0,2583035857.0,77220027.0,3.0,The product met my expectations.,Product Quality,Neutral,2023-11-15
1028818.0,2649487718.0,81346291.0,4.0,"Average experience, could improve.",Delivery,Neutral,2024-03-01
7960432.0,5936628691.0,47387512.0,5.0,Good selection of products.,App Experience,Positive,2023-10-01
4110927.0,7662682121.0,1562083.0,3.0,Delivery was late and I was unhappy.,Delivery,Negative,2024-09-12
3189045.0,736115661.0,55971849.0,4.0,"Average experience, could improve.",Customer Service,Neutral,2023-05-22
3764651.0,2448741950.0,60757351.0,2.0,Not worth the price I paid.,Customer Service,Negative,2023-11-26
6604472.0,9321629905.0,79206969.0,4.0,"Delivery was fine, but the product could be better.",App Experience,Neutral,2024-02-08
8767925.0,9020583379.0,9573071.0,3.0,"Average experience, could improve.",Delivery,Neutral,2023-06-20
5855627.0,2642275862.0,97419742.0,1.0,Taste was not as expected.,Delivery,Negative,2023-12-18
6436332.0,6932431317.0,79206969.0,3.0,Taste was not as expected.,Customer Service,Negative,2024-07-16
6089827.0,9126871366.0,67696145.0,4.0,Very fresh and well-packaged.,Customer Service,Positive,2023-05-18
8408353.0,3244572785.0,60732869.0,3.0,Delivery was late and I was unhappy.,Product Quality,Negative,2024-01-16
4696562.0,6485432691.0,18082040.0,5.0,Items were in perfect condition.,Delivery,Positive,2023-05-13
6520964.0,6047222755.0,78394303.0,3.0,Items were missing from my order.,Delivery,Negative,2023-09-23
7685293.0,6167501412.0,20940403.0,4.0,The product met my expectations.,Product Quality,Neutral,2024-01-25
3640042.0,2052163872.0,20634789.0,4.0,"Overall good experience, thank you!",Product Quality,Positive,2023-06-21
4126282.0,7740339645.0,70170606.0,3.0,The order was incorrect.,Customer Service,Negative,2023-12-04
5975783.0,2761855959.0,81541985.0,4.0,"Overall good experience, thank you!",App Experience,Positive,2023-10-24
6199252.0,8010347195.0,18935489.0,2.0,Not worth the price I paid.,Product Quality,Negative,2023-12-14
710971.0,2384153985.0,30285217.0,4.0,"Overall good experience, thank you!",Product Quality,Positive,2023-10-09
9149526.0,3584794157.0,96253172.0,3.0,The order was incorrect.,Product Quality,Negative,2024-04-04
3192374.0,8186709947.0,27604184.0,2.0,The order was incorrect.,Product Quality,Negative,2023-11-18
2613208.0,6027355216.0,17929886.0,5.0,Good selection of products.,Product Quality,Positive,2023-06-27
9128554.0,9823160533.0,51119088.0,3.0,I had a bad experience.,Delivery,Negative,2024-06-05
6668669.0,8694663463.0,12851610.0,1.0,The packaging was poor.,Delivery,Negative,2024-01-16
4896479.0,1296772969.0,68703613.0,2.0,The order was incorrect.,Delivery,Negative,2024-06-02
4730082.0,5856838171.0,55971849.0,3.0,Taste was not as expected.,Product Quality,Negative,2023-12-20
8079269.0,915473142.0,53636086.0,5.0,Good selection of products.,App Experience,Positive,2024-05-30
358105.0,6992097680.0,9450435.0,5.0,Very fresh and well-packaged.,Product Quality,Positive,2023-11-13
1196273.0,6870670122.0,70529459.0,4.0,Very happy with the service!,Delivery,Positive,2023-11-24
8899737.0,6626994121.0,44223796.0,5.0,Very happy with the service!,Customer Service,Positive,2024-07-16
8670669.0,6125813500.0,44562310.0,5.0,Good selection of products.,Delivery,Positive,2023-07-23
9963297.0,6899859775.0,33706378.0,4.0,"Delivery was fine, but the product could be better.",Product Quality,Neutral,2024-04-30
3742061.0,1825560091.0,41494867.0,3.0,"Delivery was fine, but the product could be better.",Product Quality,Neutral,2024-01-31
11042.0,1320638425.0,36833857.0,4.0,Good selection of products.,Customer Service,Positive,2023-04-26
6589068.0,5320995509.0,81932548.0,4.0,Great prices and fast delivery!,Customer Service,Positive,2023-06-12
8249278.0,4249535395.0,50953418.0,5.0,Will definitely order again.,Product Quality,Positive,2023-03-25
5290636.0,804881381.0,44269569.0,4.0,"Average experience, could improve.",Customer Service,Neutral,2024-05-26
6345471.0,4858560187.0,55028958.0,5.0,Will definitely order again.,Product Quality,Positive,2023-10-21
2762703.0,6425666148.0,24144240.0,1.0,Items were missing from my order.,App Experience,Negative,2023-08-07
3340753.0,9021754099.0,23844919.0,4.0,"Delivery was fine, but the product could be better.",Product Quality,Neutral,2024-08-01
9799538.0,7728205680.0,46023497.0,3.0,"Nothing to complain about, but nothing exceptional.",Product Quality,Neutral,2024-06-15
58321.0,9346166799.0,62416456.0,4.0,"Average experience, could improve.",Customer Service,Neutral,2024-10-23
1120481.0,3377313085.0,89036169.0,4.0,"It was okay, nothing special.",Delivery,Neutral,2023-09-23
1918092.0,8167716321.0,73392739.0,4.0,"Delivery was fine, but the product could be better.",App Experience,Neutral,2024-05-02
3743667.0,2024637181.0,29451600.0,3.0,"Average experience, could improve.",App Experience,Neutral,2023-06-04
3196456.0,9310630290.0,64162093.0,3.0,The order was incorrect.,Customer Service,Negative,2023-10-04
5022964.0,2276505075.0,12769552.0,5.0,Great prices and fast delivery!,App Experience,Positive,2024-07-05
6996949.0,6615188116.0,49529811.0,2.0,Customer service was not helpful.,Delivery,Negative,2023-08-30
6013442.0,6858336318.0,92027021.0,5.0,"Overall good experience, thank you!",App Experience,Positive,2024-06-29
384801.0,7601638642.0,32426778.0,1.0,Very disappointed with the quality.,Delivery,Negative,2024-09-10
5822987.0,1191565627.0,51661209.0,3.0,"Average experience, could improve.",App Experience,Neutral,2023-11-04
1198206.0,4785021992.0,91144803.0,1.0,Very disappointed with the quality.,Product Quality,Negative,2023-12-20
8326245.0,3452964753.0,49449238.0,4.0,Customer service was very helpful.,Delivery,Positive,2024-06-15
4842526.0,3490919801.0,85198177.0,5.0,Good selection of products.,Customer Service,Positive,2023-10-18
6468061.0,105578518.0,38615653.0,5.0,Items were in perfect condition.,App Experience,Positive,2024-03-03
9098265.0,2978719561.0,11478478.0,2.0,Customer service was not helpful.,App Experience,Negative,2023-11-09
1432881.0,9979010790.0,13465850.0,4.0,Very fresh and well-packaged.,Delivery,Positive,2024-02-13
6341437.0,4435636116.0,93018527.0,3.0,"Average experience, could improve.",Delivery,Neutral,2023-04-07
1851131.0,5909879259.0,82594354.0,5.0,Very fresh and well-packaged.,App Experience,Positive,2024-08-06
9248022.0,2686390867.0,45071436.0,3.0,"Nothing to complain about, but nothing exceptional.",App Experience,Neutral,2024-02-04
6447311.0,6698537000.0,52770036.0,5.0,Will definitely order again.,Customer Service,Positive,2024-01-16
3053670.0,4395604675.0,53076417.0,4.0,"Nothing to complain about, but nothing exceptional.",Product Quality,Neutral,2023-11-11
686396.0,3475041787.0,34425723.0,4.0,The product met my expectations.,Delivery,Neutral,2024-07-27
8289765.0,5817989751.0,72366758.0,5.0,Very fresh and well-packaged.,App Experience,Positive,2023-11-22
4928993.0,1433129858.0,43256928.0,5.0,Very fresh and well-packaged.,App Experience,Positive,2024-05-27
7249563.0,3571922553.0,69364309.0,3.0,"Delivery was fine, but the product could be better.",Product Quality,Neutral,2024-01-04
468598.0,7940229189.0,50632192.0,5.0,Customer service was very helpful.,Product Quality,Positive,2024-03-20
671484.0,3801240688.0,18256339.0,4.0,"Nothing to complain about, but nothing exceptional.",Delivery,Neutral,2024-08-26
919987.0,1295268290.0,70168151.0,4.0,"It was okay, nothing special.",App Experience,Neutral,2024-02-16
9662863.0,4552636670.0,74313592.0,5.0,Highly recommended!,Customer Service,Positive,2024-08-12
9591254.0,6805071689.0,87266309.0,4.0,Very happy with the service!,Delivery,Positive,2024-03-30
4969464.0,8026827967.0,49371494.0,2.0,I had a bad experience.,App Experience,Negative,2023-06-17
5035286.0,6417774057.0,22800586.0,2.0,Very disappointed with the quality.,Customer Service,Negative,2024-03-06
1136408.0,7877665931.0,35434373.0,3.0,"Delivery was fine, but the product could be better.",Customer Service,Neutral,2023-12-24
5704185.0,7754237266.0,75836905.0,3.0,Customer service was not helpful.,App Experience,Negative,2023-05-09
3287642.0,7985418058.0,35302195.0,4.0,"Average experience, could improve.",App Experience,Neutral,2024-09-10
2075126.0,5287733777.0,84066402.0,5.0,"Overall good experience, thank you!",Product Quality,Positive,2024-10-24
5993416.0,7112725384.0,21658322.0,2.0,Not worth the price I paid.,Delivery,Negative,2024-02-10
4205038.0,6261926473.0,50760752.0,1.0,Customer service was not helpful.,Delivery,Negative,2024-06-16
1877637.0,1495465938.0,5607734.0,4.0,"Average experience, could improve.",Customer Service,Neutral,2023-10-15
3382712.0,7891205593.0,10562528.0,3.0,I had a bad experience.,Customer Service,Negative,2024-07-14
9135740.0,924888012.0,79298972.0,5.0,Highly recommended!,Delivery,Positive,2024-03-10
1966186.0,943278538.0,22227829.0,3.0,"Delivery was fine, but the product could be better.",Product Quality,Neutral,2024-04-06
8288367.0,9981950902.0,39153585.0,3.0,The product met my expectations.,Product Quality,Neutral,2024-07-28
4373463.0,7769253886.0,8351747.0,3.0,"Nothing to complain about, but nothing exceptional.",Product Quality,Neutral,2023-09-25
6962924.0,9350977708.0,41874489.0,3.0,The product met my expectations.,Product Quality,Neutral,2023-08-18
6072184.0,4525211942.0,30317733.0,3.0,The order was incorrect.,Product Quality,Negative,2024-06-24
2380071.0,7232049635.0,79916464.0,4.0,Very happy with the service!,App Experience,Positive,2023-03-25
6860903.0,679546532.0,72942753.0,5.0,Good selection of products.,Delivery,Positive,2024-05-28
4829327.0,4665187954.0,97739583.0,4.0,"It was okay, nothing special.",Product Quality,Neutral,2024-04-03
7057507.0,3914760118.0,61877649.0,2.0,I had a bad experience.,Customer Service,Negative,2023-03-21
1117954.0,155568486.0,36517334.0,5.0,Highly recommended!,Product Quality,Positive,2023-12-26
1771525.0,3773972929.0,26752630.0,3.0,"Average experience, could improve.",App Experience,Neutral,2023-10-19
5577431.0,2168808412.0,91382237.0,2.0,Delivery was late and I was unhappy.,Delivery,Negative,2023-05-23
782871.0,7697315553.0,49769532.0,4.0,"Overall good experience, thank you!",App Experience,Positive,2023-12-10
1592140.0,804414742.0,42781544.0,3.0,The order was incorrect.,Product Quality,Negative,2024-07-15
4465193.0,918328199.0,60656482.0,2.0,Customer service was not helpful.,Product Quality,Negative,2023-12-18
6275187.0,3084493525.0,32527479.0,2.0,Taste was not as expected.,Customer Service,Negative,2023-04-11
3862988.0,8047256000.0,17805991.0,3.0,"Nothing to complain about, but nothing exceptional.",Delivery,Neutral,2024-08-08
7216638.0,5176597414.0,80875034.0,3.0,"Nothing to complain about, but nothing exceptional.",App Experience,Neutral,2024-01-25
9464738.0,110303417.0,57566548.0,4.0,Good selection of products.,Customer Service,Positive,2024-05-24
498361.0,1809212176.0,50105174.0,5.0,Very happy with the service!,Customer Service,Positive,2023-04-08
9304056.0,1765001264.0,1697604.0,3.0,"It was okay, nothing special.",App Experience,Neutral,2023-07-06
2088897.0,4220306391.0,44139071.0,4.0,"Nothing to complain about, but nothing exceptional.",Customer Service,Neutral,2024-01-08
7955568.0,1275637731.0,20148223.0,1.0,Product was damaged during delivery.,Customer Service,Negative,2023-12-21
7538534.0,7729557529.0,59252433.0,3.0,"Average experience, could improve.",App Experience,Neutral,2024-09-24
8432511.0,9279017414.0,60495351.0,3.0,"It was okay, nothing special.",Customer Service,Neutral,2023-05-29
5787492.0,8726185624.0,57505804.0,3.0,Very disappointed with the quality.,Customer Service,Negative,2024-09-25
4120305.0,3192177869.0,59252433.0,3.0,Very disappointed with the quality.,Customer Service,Negative,2024-08-10
6064603.0,5033541164.0,32987624.0,4.0,Customer service was very helpful.,Customer Service,Positive,2024-05-26
5784630.0,4495977117.0,61753272.0,3.0,"It was okay, nothing special.",App Experience,Neutral,2023-05-02
1583974.0,8866977450.0,97509888.0,1.0,Not worth the price I paid.,Customer Service,Negative,2024-09-03
742860.0,7542030170.0,49371494.0,3.0,"Nothing to complain about, but nothing exceptional.",Product Quality,Neutral,2023-12-21
3982677.0,8782031586.0,23982977.0,4.0,"Overall good experience, thank you!",Delivery,Positive,2024-06-19
2383391.0,7177553918.0,10048910.0,4.0,"Average experience, could improve.",Delivery,Neutral,2023-03-31
9858471.0,9157563215.0,89142848.0,5.0,Very fresh and well-packaged.,Delivery,Positive,2023-05-31
4850145.0,989452284.0,79773912.0,5.0,"Excellent quality, will buy again!",Product Quality,Positive,2024-07-07
3895127.0,9972678893.0,45033270.0,1.0,Very disappointed with the quality.,Product Quality,Negative,2024-08-13
4112206.0,8561203503.0,6390687.0,4.0,Will definitely order again.,Customer Service,Positive,2024-04-14
8026322.0,1388300707.0,84824280.0,3.0,"It was okay, nothing special.",Customer Service,Neutral,2024-04-08
4588207.0,4054816025.0,29584848.0,4.0,The product met my expectations.,Customer Service,Neutral,2024-07-19
9858044.0,9943206333.0,12851610.0,3.0,Customer service was not helpful.,Product Quality,Negative,2023-03-22
1460075.0,3948498236.0,35402531.0,2.0,Not worth the price I paid.,Delivery,Negative,2024-08-30
235951.0,8096169523.0,66768157.0,4.0,Great prices and fast delivery!,Customer Service,Positive,2024-09-15
1253291.0,8803091944.0,11228463.0,4.0,The product met my expectations.,App Experience,Neutral,2024-05-18
4831082.0,7409519974.0,60834500.0,4.0,"Nothing to complain about, but nothing exceptional.",Delivery,Neutral,2024-01-16
5467509.0,456278500.0,62526567.0,4.0,"Average experience, could improve.",Customer Service,Neutral,2024-05-06
5021758.0,9912965340.0,95309983.0,1.0,Delivery was late and I was unhappy.,Delivery,Negative,2023-08-20
5343582.0,2802653261.0,9987182.0,2.0,The packaging was poor.,Customer Service,Negative,2024-10-07
5473630.0,8629948751.0,97678578.0,5.0,Good selection of products.,Product Quality,Positive,2023-08-31
6548445.0,9169008097.0,98625898.0,2.0,The order was incorrect.,Customer Service,Negative,2024-05-18
606700.0,3186513319.0,3730316.0,4.0,"Overall good experience, thank you!",Product Quality,Positive,2023-04-14
9618583.0,8837578937.0,28663279.0,5.0,Very fresh and well-packaged.,Product Quality,Positive,2023-08-14
8571159.0,1468095888.0,37691544.0,3.0,Very disappointed with the quality.,Customer Service,Negative,2023-06-17
8533849.0,3055120492.0,408590.0,2.0,Taste was not as expected.,App Experience,Negative,2023-12-19
2166040.0,6083457185.0,80571942.0,4.0,"It was okay, nothing special.",Product Quality,Neutral,2024-08-19
1521011.0,7154956248.0,22112867.0,4.0,Items were in perfect condition.,Product Quality,Positive,2023-07-17
1318470.0,246971181.0,376144.0,3.0,"Delivery was fine, but the product could be better.",Product Quality,Neutral,2023-07-30
606894.0,2452915406.0,96806748.0,4.0,Will definitely order again.,Customer Service,Positive,2024-07-17
1464064.0,9458183390.0,88203688.0,3.0,Taste was not as expected.,Delivery,Negative,2023-03-17
6894950.0,576571858.0,26285589.0,3.0,The order was incorrect.,App Experience,Negative,2024-09-23
7251244.0,9544803182.0,31410886.0,1.0,I had a bad experience.,Product Quality,Negative,2024-03-27
4553406.0,2121652047.0,65815155.0,4.0,"Average experience, could improve.",App Experience,Neutral,2024-02-03
7288666.0,8891725854.0,13871547.0,3.0,Taste was not as expected.,Delivery,Negative,2023-05-16
6262317.0,4870772869.0,78903046.0,5.0,Highly recommended!,App Experience,Positive,2024-03-31
171872.0,262562615.0,12059049.0,3.0,Taste was not as expected.,Delivery,Negative,2023-04-09
2961130.0,5142912812.0,57642258.0,5.0,"Overall good experience, thank you!",Product Quality,Positive,2023-11-16
9993994.0,1225289500.0,70529459.0,1.0,The packaging was poor.,App Experience,Negative,2024-03-31
2598961.0,7337555525.0,44223796.0,1.0,The order was incorrect.,Customer Service,Negative,2024-03-09
2170553.0,5719806088.0,42012717.0,4.0,"Average experience, could improve.",Product Quality,Neutral,2024-01-08
8191858.0,6890191424.0,57360162.0,5.0,Very fresh and well-packaged.,Customer Service,Positive,2024-06-13
6101593.0,5695198653.0,29562254.0,5.0,Customer service was very helpful.,Delivery,Positive,2024-09-20
28247.0,482670263.0,9641623.0,4.0,The product met my expectations.,App Experience,Neutral,2024-06-05
9142491.0,7857904467.0,97286925.0,5.0,Customer service was very helpful.,App Experience,Positive,2023-04-25
5794687.0,614435661.0,73586244.0,4.0,The product met my expectations.,Customer Service,Neutral,2023-08-01
6289991.0,2284551326.0,68063317.0,3.0,The order was incorrect.,App Experience,Negative,2023-10-07
212562.0,8614991290.0,57566548.0,3.0,"Delivery was fine, but the product could be better.",Customer Service,Neutral,2024-10-17
9149517.0,9865566300.0,61753272.0,2.0,Delivery was late and I was unhappy.,App Experience,Negative,2023-11-28
6193752.0,6672582413.0,82359623.0,4.0,"Excellent quality, will buy again!",App Experience,Positive,2024-06-13
8267140.0,3004834987.0,91590001.0,5.0,"Overall good experience, thank you!",App Experience,Positive,2023-10-12
7421626.0,4486349175.0,45481936.0,4.0,"Delivery was fine, but the product could be better.",Customer Service,Neutral,2024-04-20
6489246.0,3098655541.0,69908484.0,5.0,Will definitely order again.,Delivery,Positive,2023-05-06
7949582.0,1912293606.0,49433260.0,5.0,"Excellent quality, will buy again!",Customer Service,Positive,2024-07-17
699175.0,7465280557.0,26863280.0,2.0,Not worth the price I paid.,App Experience,Negative,2024-03-13
817730.0,343050015.0,72263318.0,3.0,Customer service was not helpful.,Delivery,Negative,2023-04-21
287615.0,6414606364.0,70867736.0,4.0,Good selection of products.,Product Quality,Positive,2024-01-26
6637386.0,4092550629.0,50572914.0,2.0,Product was damaged during delivery.,App Experience,Negative,2023-04-09
3159654.0,9810964144.0,51476157.0,5.0,Very happy with the service!,Product Quality,Positive,2024-02-08
5029136.0,6513851276.0,99160348.0,4.0,"Delivery was fine, but the product could be better.",Product Quality,Neutral,2023-08-24
3126568.0,6080784069.0,39418109.0,4.0,The product met my expectations.,Customer Service,Neutral,2023-07-19
5863550.0,1967283733.0,15796277.0,5.0,"Overall good experience, thank you!",Product Quality,Positive,2023-08-01
8021559.0,2683672396.0,89617089.0,5.0,Items were in perfect condition.,Customer Service,Positive,2023-08-27
4293678.0,1464736195.0,15830066.0,4.0,"Average experience, could improve.",Customer Service,Neutral,2024-08-23
8853115.0,3258963661.0,20343501.0,4.0,Customer service was very helpful.,Customer Service,Positive,2024-05-17
4987316.0,9956872454.0,41874489.0,5.0,Will definitely order again.,Product Quality,Positive,2023-11-20
9690777.0,867630114.0,30373140.0,4.0,"Average experience, could improve.",Delivery,Neutral,2023-06-26
3437997.0,3333752740.0,84862161.0,3.0,I had a bad experience.,Delivery,Negative,2023-07-10
5203566.0,4835197446.0,72889295.0,4.0,Very happy with the service!,App Experience,Positive,2024-01-02
4636724.0,1888517793.0,42514124.0,4.0,"It was okay, nothing special.",Customer Service,Neutral,2023-10-02
8384019.0,5148599328.0,28350645.0,2.0,I had a bad experience.,Customer Service,Negative,2024-05-07
8771499.0,3405089431.0,96629034.0,3.0,I had a bad experience.,Customer Service,Negative,2024-02-23
5459366.0,9286199495.0,5751638.0,4.0,Highly recommended!,App Experience,Positive,2023-09-10
5256521.0,6418255337.0,63948546.0,4.0,Good selection of products.,Delivery,Positive,2024-02-13
8412570.0,7442478777.0,28289030.0,2.0,The order was incorrect.,App Experience,Negative,2023-10-17
7466754.0,5170777528.0,31537100.0,1.0,I had a bad experience.,Delivery,Negative,2023-05-01
6044805.0,1255941187.0,38420886.0,4.0,"Nothing to complain about, but nothing exceptional.",Product Quality,Neutral,2024-02-10
8112211.0,4704980993.0,119099.0,4.0,Good selection of products.,App Experience,Positive,2024-05-24
1452573.0,7310604669.0,93617659.0,4.0,"It was okay, nothing special.",Product Quality,Neutral,2023-07-09
1977420.0,7970608721.0,60385293.0,4.0,Customer service was very helpful.,Customer Service,Positive,2024-01-31
2253963.0,3164727163.0,20956158.0,1.0,Very disappointed with the quality.,Delivery,Negative,2023-05-09
5486566.0,2388064449.0,34237583.0,2.0,Not worth the price I paid.,Customer Service,Negative,2024-05-26
6062833.0,757816226.0,22571994.0,2.0,Product was damaged during delivery.,Customer Service,Negative,2023-03-16
3745303.0,259772553.0,2566268.0,3.0,"Average experience, could improve.",Product Quality,Neutral,2023-09-27
5532216.0,8388644219.0,4444673.0,4.0,Very fresh and well-packaged.,Delivery,Positive,2024-04-21
5493687.0,1545044936.0,77921718.0,1.0,The order was incorrect.,Customer Service,Negative,2023-08-24
7792138.0,6995571310.0,81200164.0,4.0,"Nothing to complain about, but nothing exceptional.",Product Quality,Neutral,2024-03-24
5748221.0,8801161214.0,9107360.0,4.0,"Average experience, could improve.",Product Quality,Neutral,2024-04-11
2455630.0,1751319400.0,98307019.0,3.0,"Nothing to complain about, but nothing exceptional.",Delivery,Neutral,2024-06-25
8452137.0,10448052.0,90021871.0,4.0,Will definitely order again.,App Experience,Positive,2023-08-05
5598398.0,3047076079.0,65895091.0,5.0,Highly recommended!,Customer Service,Positive,2023-05-22
4555768.0,5085860780.0,64316806.0,5.0,"Excellent quality, will buy again!",Product Quality,Positive,2023-12-13
3333353.0,6213909425.0,42208242.0,2.0,Items were missing from my order.,Customer Service,Negative,2023-12-05
5277661.0,3712789789.0,20634789.0,4.0,"Nothing to complain about, but nothing exceptional.",Product Quality,Neutral,2024-02-02
7794261.0,278794976.0,94137242.0,4.0,"Nothing to complain about, but nothing exceptional.",Delivery,Neutral,2023-03-18
5691325.0,3420357591.0,86444757.0,4.0,"Nothing to complain about, but nothing exceptional.",App Experience,Neutral,2024-07-10
7242483.0,4551386734.0,62807542.0,3.0,"Delivery was fine, but the product could be better.",Delivery,Neutral,2023-03-18
3819380.0,7609681987.0,22076522.0,3.0,"Nothing to complain about, but nothing exceptional.",Customer Service,Neutral,2023-10-16
6833413.0,1721655048.0,79742293.0,3.0,"Delivery was fine, but the product could be better.",App Experience,Neutral,2024-04-15
9450924.0,7040151151.0,5540556.0,3.0,"Nothing to complain about, but nothing exceptional.",Delivery,Neutral,2023-03-28
5330911.0,6719661881.0,48716374.0,5.0,Customer service was very helpful.,Delivery,Positive,2023-05-13
7617967.0,5195004299.0,50632192.0,2.0,Not worth the price I paid.,App Experience,Negative,2024-01-09
9551637.0,5441946621.0,40256341.0,5.0,Good selection of products.,Customer Service,Positive,2024-02-01
9109825.0,3508992095.0,32293017.0,3.0,Customer service was not helpful.,App Experience,Negative,2023-12-09
5516770.0,8454449180.0,79672044.0,4.0,The product met my expectations.,Delivery,Neutral,2024-02-18
4851172.0,9251851237.0,94453274.0,5.0,Will definitely order again.,Product Quality,Positive,2023-11-25
2308326.0,6739811103.0,9981089.0,3.0,"Average experience, could improve.",Customer Service,Neutral,2024-01-01
4939979.0,7590827828.0,40703374.0,4.0,Customer service was very helpful.,App Experience,Positive,2023-11-05
3743677.0,310213322.0,12077371.0,3.0,The product met my expectations.,Customer Service,Neutral,2023-09-30
3502561.0,934908369.0,53299455.0,1.0,The order was incorrect.,Delivery,Negative,2024-08-15
9293839.0,3817617199.0,29525287.0,1.0,Product was damaged during delivery.,App Experience,Negative,2024-08-28
4383631.0,2622709030.0,50781611.0,1.0,Items were missing from my order.,Customer Service,Negative,2024-07-11
4358399.0,3843689992.0,3730316.0,3.0,"Delivery was fine, but the product could be better.",Delivery,Neutral,2024-10-13
4953633.0,8732395640.0,26285589.0,1.0,Customer service was not helpful.,Product Quality,Negative,2024-03-17
7946912.0,3889721330.0,44269569.0,4.0,Great prices and fast delivery!,Customer Service,Positive,2024-05-16
7070385.0,7064093619.0,90665975.0,5.0,Very fresh and well-packaged.,App Experience,Positive,2023-05-23
9398381.0,6798661163.0,3730316.0,4.0,Highly recommended!,Customer Service,Positive,2024-07-23
8049557.0,2878307830.0,97150234.0,1.0,Customer service was not helpful.,App Experience,Negative,2024-05-01
6240692.0,4133369643.0,95971469.0,3.0,Customer service was not helpful.,Delivery,Negative,2023-07-03
6158292.0,3394787348.0,40841791.0,1.0,Customer service was not helpful.,Customer Service,Negative,2024-06-23
8190420.0,4830380663.0,19259955.0,1.0,The packaging was poor.,Product Quality,Negative,2023-12-24
9421905.0,3441042301.0,43052303.0,4.0,Very happy with the service!,Customer Service,Positive,2023-08-05
8542883.0,3984353474.0,17681645.0,3.0,The packaging was poor.,Delivery,Negative,2024-05-19
534626.0,4495916529.0,57662767.0,5.0,Great prices and fast delivery!,Customer Service,Positive,2023-04-01
9049814.0,5075205264.0,51034600.0,1.0,Product was damaged during delivery.,Product Quality,Negative,2024-04-22
99277.0,6129180304.0,86499778.0,1.0,Customer service was not helpful.,Delivery,Negative,2024-01-17
8488227.0,3311686914.0,63310076.0,3.0,The order was incorrect.,Delivery,Negative,2024-05-06
8886190.0,3907403745.0,99490786.0,2.0,Customer service was not helpful.,Customer Service,Negative,2023-06-19
2446092.0,9924696305.0,43367112.0,5.0,Great prices and fast delivery!,Delivery,Positive,2023-04-30
5726623.0,7348508805.0,45052594.0,5.0,Good selection of products.,Delivery,Positive,2024-05-23
2048063.0,1665004352.0,5226128.0,3.0,"Nothing to complain about, but nothing exceptional.",Product Quality,Neutral,2023-08-01
3328667.0,1049800958.0,44139071.0,3.0,"It was okay, nothing special.",Product Quality,Neutral,2023-07-02
5661715.0,2937550786.0,72946405.0,4.0,"Delivery was fine, but the product could be better.",App Experience,Neutral,2023-08-06
4689320.0,486724008.0,12415659.0,4.0,"It was okay, nothing special.",Product Quality,Neutral,2024-07-12
4732407.0,9361578823.0,81373608.0,4.0,"Excellent quality, will buy again!",Customer Service,Positive,2023-08-18
8272929.0,6249585672.0,20940403.0,3.0,Customer service was not helpful.,Product Quality,Negative,2023-07-09
6995710.0,2111712383.0,67465084.0,4.0,Highly recommended!,Product Quality,Positive,2024-01-23
1457389.0,2962076108.0,99824171.0,4.0,"Delivery was fine, but the product could be better.",Delivery,Neutral,2024-06-13
433454.0,7509638056.0,35912599.0,4.0,"Average experience, could improve.",App Experience,Neutral,2024-02-13
492875.0,6074743537.0,32797235.0,5.0,"Excellent quality, will buy again!",Product Quality,Positive,2024-09-12
8717517.0,3560026527.0,97174235.0,1.0,Very disappointed with the quality.,Customer Service,Negative,2024-06-09
9770469.0,7005103077.0,76850859.0,3.0,I had a bad experience.,Product Quality,Negative,2024-05-14
1929925.0,8175826750.0,22076522.0,1.0,The order was incorrect.,Delivery,Negative,2024-09-17
3371369.0,8572946020.0,41168392.0,3.0,Items were missing from my order.,Customer Service,Negative,2024-04-26
9950556.0,2936701883.0,28286754.0,5.0,Very fresh and well-packaged.,App Experience,Positive,2024-03-02
1890827.0,9948324640.0,22054087.0,4.0,"Delivery was fine, but the product could be better.",Delivery,Neutral,2023-10-31
2897563.0,2865872281.0,49970560.0,4.0,Very fresh and well-packaged.,App Experience,Positive,2024-09-14
712520.0,5785351358.0,64795608.0,5.0,"Overall good experience, thank you!",Product Quality,Positive,2024-11-03
8098560.0,5204776107.0,65514005.0,3.0,"Nothing to complain about, but nothing exceptional.",Delivery,Neutral,2023-08-24
2799498.0,8689865723.0,62526567.0,3.0,"Delivery was fine, but the product could be better.",Product Quality,Neutral,2024-03-28
2881441.0,7822329516.0,79742293.0,4.0,"Nothing to complain about, but nothing exceptional.",Delivery,Neutral,2023-11-19
2077738.0,5995393950.0,64535602.0,2.0,Product was damaged during delivery.,Delivery,Negative,2023-08-06
2588228.0,5458784818.0,79672044.0,2.0,Taste was not as expected.,Customer Service,Negative,2024-07-24
8715838.0,5611686165.0,83660688.0,5.0,Very happy with the service!,Product Quality,Positive,2023-07-02
1465594.0,6390653932.0,83597876.0,2.0,Very disappointed with the quality.,Customer Service,Negative,2023-05-19
911432.0,1215008706.0,68219091.0,4.0,"Delivery was fine, but the product could be better.",App Experience,Neutral,2024-03-04
9626629.0,7357727116.0,6617417.0,4.0,Highly recommended!,Product Quality,Positive,2024-06-15
3731816.0,7562975685.0,89910157.0,2.0,Product was damaged during delivery.,Customer Service,Negative,2023-07-02
1136406.0,3118070064.0,50518311.0,5.0,"Overall good experience, thank you!",Product Quality,Positive,2023-06-05
3075195.0,8255753870.0,72667140.0,3.0,"Nothing to complain about, but nothing exceptional.",Product Quality,Neutral,2023-09-09
9668955.0,5924715529.0,79919160.0,3.0,"Delivery was fine, but the product could be better.",App Experience,Neutral,2024-03-24
1731759.0,9593816617.0,44589829.0,4.0,Items were in perfect condition.,Customer Service,Positive,2023-05-28
7951684.0,6143213997.0,71643758.0,4.0,"Nothing to complain about, but nothing exceptional.",Product Quality,Neutral,2024-03-21
7425205.0,4516009647.0,99361865.0,3.0,Items were missing from my order.,Customer Service,Negative,2024-07-19
657529.0,291900074.0,625395.0,4.0,"Nothing to complain about, but nothing exceptional.",Product Quality,Neutral,2024-10-02
8050610.0,3178700341.0,48033969.0,4.0,Customer service was very helpful.,Customer Service,Positive,2024-06-10
3328269.0,4231742059.0,4439806.0,3.0,I had a bad experience.,Customer Service,Negative,2023-11-21
573486.0,7437613292.0,31582950.0,4.0,Good selection of products.,Product Quality,Positive,2023-12-30
6596877.0,5609346062.0,82169898.0,5.0,Customer service was very helpful.,Product Quality,Positive,2023-08-08
1455609.0,909033820.0,93924203.0,1.0,Product was damaged during delivery.,Customer Service,Negative,2023-10-11
6846162.0,470624828.0,59545278.0,4.0,The product met my expectations.,Delivery,Neutral,2023-08-21
3862998.0,9608676386.0,99714944.0,5.0,"Excellent quality, will buy again!",Customer Service,Positive,2023-08-14
903125.0,6846160702.0,77661491.0,4.0,"Nothing to complain about, but nothing exceptional.",App Experience,Neutral,2023-07-20
590677.0,4248168019.0,29973346.0,4.0,"Delivery was fine, but the product could be better.",Product Quality,Neutral,2024-03-26
8111799.0,9057909300.0,9738801.0,2.0,Items were missing from my order.,App Experience,Negative,2024-01-17
2204382.0,2171816966.0,92404798.0,4.0,Very fresh and well-packaged.,Customer Service,Positive,2024-01-30
6595778.0,1387025817.0,52417972.0,4.0,"Delivery was fine, but the product could be better.",Delivery,Neutral,2024-06-15
3262226.0,6801124715.0,26912171.0,3.0,"Nothing to complain about, but nothing exceptional.",Product Quality,Neutral,2024-04-10
5685266.0,6117979297.0,79206969.0,4.0,Great prices and fast delivery!,Delivery,Positive,2023-12-23
6349394.0,4902314626.0,98307019.0,5.0,"Excellent quality, will buy again!",Customer Service,Positive,2024-05-25
3566669.0,361595059.0,70966268.0,5.0,Good selection of products.,Customer Service,Positive,2023-10-21
4299736.0,5309683159.0,24153726.0,4.0,"Delivery was fine, but the product could be better.",Delivery,Neutral,2023-04-21
2401703.0,2300265337.0,90246977.0,3.0,The order was incorrect.,Delivery,Negative,2024-01-01
4968410.0,199903168.0,99627097.0,4.0,"Average experience, could improve.",Customer Service,Neutral,2023-04-16
7169425.0,4923840119.0,60049160.0,5.0,"Overall good experience, thank you!",App Experience,Positive,2024-09-04
4762584.0,2209550085.0,56457995.0,3.0,Product was damaged during delivery.,App Experience,Negative,2024-09-07
3403887.0,120178110.0,65294340.0,3.0,Not worth the price I paid.,Product Quality,Negative,2024-01-21
9628961.0,6647259959.0,83660688.0,2.0,The order was incorrect.,Customer Service,Negative,2023-06-20
4479101.0,3859980017.0,77015367.0,1.0,Items were missing from my order.,App Experience,Negative,2023-05-15
5308580.0,9196827234.0,51669263.0,3.0,The order was incorrect.,Customer Service,Negative,2023-10-31
7906809.0,3499440849.0,3638834.0,3.0,The product met my expectations.,Delivery,Neutral,2023-10-10
4660606.0,7114775833.0,68965787.0,3.0,"Average experience, could improve.",Product Quality,Neutral,2024-07-08
1618754.0,7812364366.0,25081012.0,2.0,Taste was not as expected.,Product Quality,Negative,2023-08-26
1904556.0,7525899857.0,52428250.0,4.0,The product met my expectations.,App Experience,Neutral,2023-09-04
977874.0,3917847107.0,90665975.0,3.0,"Nothing to complain about, but nothing exceptional.",App Experience,Neutral,2024-08-13
5211579.0,1229828587.0,42989999.0,3.0,The product met my expectations.,App Experience,Neutral,2023-10-27
9213988.0,4249345096.0,81346291.0,3.0,"Delivery was fine, but the product could be better.",Product Quality,Neutral,2023-05-31
2933091.0,4002407580.0,59398136.0,3.0,Items were missing from my order.,Product Quality,Negative,2023-11-17
1808799.0,5982122427.0,6398761.0,5.0,Will definitely order again.,Delivery,Positive,2023-04-23
8813121.0,3280431261.0,48268435.0,3.0,The product met my expectations.,Delivery,Neutral,2024-03-13
7181862.0,5066338759.0,48284116.0,4.0,The product met my expectations.,Product Quality,Neutral,2023-11-21
8710910.0,9087426355.0,66932104.0,2.0,The order was incorrect.,Delivery,Negative,2023-11-03
2650144.0,5512907.0,51476157.0,3.0,Not worth the price I paid.,Customer Service,Negative,2023-04-30
6401715.0,4174741467.0,34074184.0,3.0,"It was okay, nothing special.",Customer Service,Neutral,2023-12-17
9553826.0,6270463968.0,35434373.0,2.0,I had a bad experience.,Delivery,Negative,2023-10-03
6894285.0,1239385001.0,82359623.0,3.0,"It was okay, nothing special.",App Experience,Neutral,2023-09-27
4551067.0,5250202756.0,40871915.0,5.0,Very happy with the service!,App Experience,Positive,2023-09-10
3362357.0,4099185509.0,22047134.0,3.0,The product met my expectations.,Delivery,Neutral,2024-01-24
2038583.0,7875903450.0,17805991.0,5.0,"Excellent quality, will buy again!",App Experience,Positive,2024-03-14
9968197.0,7561642939.0,75739462.0,4.0,Good selection of products.,Product Quality,Positive,2024-07-24
5641165.0,5438908316.0,59815512.0,5.0,Good selection of products.,App Experience,Positive,2024-04-03
6277365.0,357437373.0,23126657.0,4.0,"Average experience, could improve.",App Experience,Neutral,2023-05-10
2138553.0,8972877222.0,57291761.0,3.0,"Delivery was fine, but the product could be better.",Delivery,Neutral,2024-10-26
2309893.0,1163798451.0,25641500.0,2.0,The order was incorrect.,App Experience,Negative,2023-10-04
3728661.0,3588229485.0,29973346.0,2.0,I had a bad experience.,App Experience,Negative,2024-08-01
3528257.0,1205823348.0,79478655.0,5.0,Items were in perfect condition.,Delivery,Positive,2024-07-29
2121358.0,2867008541.0,99594960.0,4.0,Very fresh and well-packaged.,Delivery,Positive,2023-12-20
6964481.0,5794917332.0,12574626.0,3.0,I had a bad experience.,Product Quality,Negative,2024-02-16
833508.0,4726520098.0,48284116.0,4.0,"It was okay, nothing special.",Customer Service,Neutral,2023-04-19
8937646.0,6251716165.0,93723634.0,3.0,Product was damaged during delivery.,Product Quality,Negative,2023-09-27
9039809.0,5991829458.0,80850753.0,5.0,Good selection of products.,Customer Service,Positive,2023-08-12
7658013.0,1142626566.0,27304827.0,3.0,Not worth the price I paid.,Product Quality,Negative,2024-05-31
600683.0,2595161999.0,45586151.0,4.0,Customer service was very helpful.,Delivery,Positive,2023-08-12
9730704.0,8865698939.0,3897936.0,5.0,Very happy with the service!,Product Quality,Positive,2023-09-09
2269836.0,1776582175.0,12305040.0,3.0,The product met my expectations.,Customer Service,Neutral,2024-03-30
8585711.0,7323157341.0,16543242.0,3.0,I had a bad experience.,App Experience,Negative,2024-07-01
6281319.0,8997413283.0,45314389.0,4.0,Very fresh and well-packaged.,Delivery,Positive,2024-10-02
4876303.0,2548452255.0,44776601.0,4.0,"Delivery was fine, but the product could be better.",Delivery,Neutral,2023-09-18
7833575.0,7906839225.0,56548063.0,3.0,"Average experience, could improve.",Customer Service,Neutral,2023-10-28
1960132.0,4113927200.0,53782978.0,4.0,Will definitely order again.,Delivery,Positive,2023-05-19
3059574.0,4233626614.0,24043135.0,1.0,Not worth the price I paid.,Customer Service,Negative,2024-07-28
3127265.0,2886463378.0,6853981.0,3.0,Very disappointed with the quality.,Customer Service,Negative,2023-12-24
3117627.0,1823348306.0,92604392.0,1.0,Delivery was late and I was unhappy.,Product Quality,Negative,2023-06-27
2368789.0,8706556166.0,84953008.0,3.0,"It was okay, nothing special.",Delivery,Neutral,2024-09-11
6638657.0,5139433840.0,77614510.0,4.0,"Delivery was fine, but the product could be better.",Product Quality,Neutral,2023-05-25
6309008.0,769731596.0,97825663.0,5.0,Very fresh and well-packaged.,Product Quality,Positive,2024-10-10
8650340.0,1346090496.0,88202341.0,3.0,The order was incorrect.,Delivery,Negative,2023-08-18
8250165.0,9339629293.0,79478655.0,3.0,"Nothing to complain about, but nothing exceptional.",Customer Service,Neutral,2023-05-28
955323.0,3043993017.0,13455530.0,2.0,Items were missing from my order.,App Experience,Negative,2023-11-25
6798988.0,274863669.0,39140039.0,4.0,"Delivery was fine, but the product could be better.",Customer Service,Neutral,2024-04-11
4768936.0,3736611791.0,6959437.0,4.0,"It was okay, nothing special.",Delivery,Neutral,2024-10-05
2957419.0,9628875555.0,11470681.0,3.0,"It was okay, nothing special.",App Experience,Neutral,2024-03-09
3324489.0,6367306297.0,17201639.0,4.0,"It was okay, nothing special.",App Experience,Neutral,2023-09-25
3850044.0,4393113152.0,79695653.0,1.0,Items were missing from my order.,App Experience,Negative,2024-06-02
1957314.0,1239928207.0,79591237.0,2.0,Customer service was not helpful.,Customer Service,Negative,2023-09-11
2351331.0,5473002872.0,44030130.0,3.0,"Delivery was fine, but the product could be better.",Delivery,Neutral,2024-07-07
7161642.0,6536847919.0,81822935.0,1.0,Delivery was late and I was unhappy.,Delivery,Negative,2023-06-10
4756268.0,5480709564.0,18140588.0,5.0,Items were in perfect condition.,Customer Service,Positive,2023-12-16
1882002.0,1393100618.0,33295496.0,2.0,The order was incorrect.,App Experience,Negative,2024-09-25
8770923.0,6999330116.0,81605722.0,1.0,Product was damaged during delivery.,Customer Service,Negative,2023-04-13
7318240.0,7816842690.0,1449273.0,5.0,"Excellent quality, will buy again!",App Experience,Positive,2023-08-01
9536980.0,3186586558.0,9987182.0,5.0,Highly recommended!,Delivery,Positive,2024-02-21
6737597.0,7927955136.0,32293017.0,4.0,Customer service was very helpful.,App Experience,Positive,2023-08-28
9064072.0,3518172697.0,13189939.0,4.0,"Delivery was fine, but the product could be better.",Customer Service,Neutral,2023-05-13
7316905.0,4557188271.0,17597449.0,4.0,Customer service was very helpful.,App Experience,Positive,2024-05-16
5296738.0,2893244627.0,11493380.0,4.0,The product met my expectations.,Customer Service,Neutral,2024-10-10
7901453.0,1996683408.0,5043760.0,5.0,Customer service was very helpful.,Customer Service,Positive,2024-01-30
2371030.0,1673794089.0,48167795.0,3.0,Customer service was not helpful.,Delivery,Negative,2024-02-06
8033950.0,9931161723.0,41640262.0,4.0,The product met my expectations.,Product Quality,Neutral,2023-07-12
9338884.0,856799416.0,25770577.0,4.0,"It was okay, nothing special.",App Experience,Neutral,2023-09-10
4776205.0,6668508959.0,15144290.0,4.0,Good selection of products.,App Experience,Positive,2024-08-31
886263.0,4914874727.0,80517784.0,5.0,Items were in perfect condition.,Customer Service,Positive,2023-06-13
8959158.0,7869104895.0,57392064.0,4.0,"Nothing to complain about, but nothing exceptional.",Product Quality,Neutral,2023-10-01
7488881.0,5094989752.0,87107263.0,4.0,Great prices and fast delivery!,Product Quality,Positive,2024-06-01
3438230.0,4305377896.0,19216141.0,5.0,Good selection of products.,Delivery,Positive,2024-08-08
9773678.0,7017136473.0,50680889.0,3.0,Product was damaged during delivery.,App Experience,Negative,2024-03-11
2445457.0,3303209513.0,70084516.0,2.0,Very disappointed with the quality.,Customer Service,Negative,2024-03-09
3680167.0,8607953669.0,67340606.0,4.0,"Delivery was fine, but the product could be better.",Product Quality,Neutral,2023-06-10
2982366.0,1940918101.0,4356173.0,4.0,The product met my expectations.,Product Quality,Neutral,2023-10-03
5268466.0,6494615659.0,10745302.0,4.0,"It was okay, nothing special.",Product Quality,Neutral,2023-11-19
8206396.0,4280890409.0,42102289.0,3.0,Not worth the price I paid.,Delivery,Negative,2024-10-30
4822494.0,7598489331.0,84066402.0,2.0,The packaging was poor.,App Experience,Negative,2024-07-20
6644516.0,8755280486.0,2566268.0,3.0,Not worth the price I paid.,Delivery,Negative,2024-07-30
9777731.0,8281093933.0,67277562.0,3.0,"It was okay, nothing special.",Customer Service,Neutral,2024-02-18
3957326.0,7415765726.0,75244116.0,3.0,Items were missing from my order.,App Experience,Negative,2023-08-05
2503471.0,6266072804.0,60565603.0,5.0,Highly recommended!,Product Quality,Positive,2024-06-23
2895853.0,1542448934.0,97033691.0,5.0,Very happy with the service!,Delivery,Positive,2023-10-13
3589514.0,2896979776.0,30317733.0,3.0,Delivery was late and I was unhappy.,Customer Service,Negative,2023-05-24
7532031.0,169867835.0,59545278.0,4.0,Good selection of products.,Customer Service,Positive,2023-08-16
7907169.0,9493456526.0,77811864.0,5.0,Great prices and fast delivery!,Customer Service,Positive,2023-04-02
9535741.0,9423261830.0,17597449.0,1.0,Product was damaged during delivery.,Customer Service,Negative,2023-08-24
5626572.0,5793453795.0,70543108.0,3.0,The product met my expectations.,App Experience,Neutral,2024-04-13
5228998.0,2141680269.0,32797235.0,4.0,The product met my expectations.,Product Quality,Neutral,2024-10-25
9092631.0,6457122136.0,79764458.0,3.0,I had a bad experience.,Customer Service,Negative,2023-05-19
5856700.0,8447536518.0,48160359.0,1.0,The order was incorrect.,Customer Service,Negative,2023-12-21
7344868.0,3191672889.0,88223261.0,3.0,The product met my expectations.,Customer Service,Neutral,2024-07-07
7568362.0,2521995712.0,30285217.0,3.0,Delivery was late and I was unhappy.,Product Quality,Negative,2023-08-21
1952733.0,8194578267.0,74313592.0,4.0,"Average experience, could improve.",Customer Service,Neutral,2023-10-11
6973023.0,2811341619.0,30188374.0,5.0,Customer service was very helpful.,Customer Service,Positive,2024-05-24
4926150.0,5562576298.0,10019218.0,4.0,Highly recommended!,App Experience,Positive,2023-11-08
4161917.0,7446009755.0,71767248.0,1.0,Delivery was late and I was unhappy.,App Experience,Negative,2023-06-15
3371908.0,7343262659.0,16484167.0,3.0,Not worth the price I paid.,Delivery,Negative,2023-04-07
8068149.0,7147677361.0,97475543.0,1.0,Taste was not as expected.,Delivery,Negative,2024-07-12
4436657.0,8732072897.0,12077371.0,2.0,Taste was not as expected.,Product Quality,Negative,2023-06-14
7574741.0,6418604551.0,12967305.0,5.0,Great prices and fast delivery!,Customer Service,Positive,2023-07-25
2088066.0,4989511905.0,41972994.0,2.0,Not worth the price I paid.,Delivery,Negative,2023-04-03
1504694.0,2520527893.0,51476157.0,2.0,The order was incorrect.,Product Quality,Negative,2024-10-02
3325366.0,4753989820.0,81500385.0,4.0,Great prices and fast delivery!,Delivery,Positive,2023-10-06
5470914.0,8285547588.0,26245432.0,3.0,"Average experience, could improve.",Customer Service,Neutral,2024-01-02
5321532.0,5824924668.0,49881540.0,1.0,The order was incorrect.,Product Quality,Negative,2023-11-19
3557986.0,7703854141.0,86483673.0,4.0,"Excellent quality, will buy again!",Customer Service,Positive,2024-05-13
8549407.0,7380361209.0,7591711.0,2.0,Delivery was late and I was unhappy.,App Experience,Negative,2023-06-27
9432013.0,5053033745.0,66485571.0,5.0,"Excellent quality, will buy again!",Product Quality,Positive,2024-04-09
5963618.0,4859489972.0,12305040.0,1.0,Taste was not as expected.,Product Quality,Negative,2023-07-15
9054314.0,9690396315.0,46563355.0,3.0,Taste was not as expected.,App Experience,Negative,2024-09-29
4172796.0,448732557.0,80952275.0,3.0,I had a bad experience.,Delivery,Negative,2023-11-30
6844012.0,4927306668.0,97033691.0,3.0,"Average experience, could improve.",App Experience,Neutral,2023-06-08
9024060.0,1669690997.0,62600289.0,3.0,Taste was not as expected.,Product Quality,Negative,2023-12-25
4715968.0,8340761903.0,53640286.0,3.0,"Average experience, could improve.",Product Quality,Neutral,2023-11-27
9621021.0,5936301790.0,87059497.0,4.0,"Average experience, could improve.",App Experience,Neutral,2024-06-21
1134095.0,5710579377.0,67310893.0,4.0,"Average experience, could improve.",Delivery,Neutral,2024-06-06
6578433.0,2494813730.0,28663279.0,4.0,"It was okay, nothing special.",Customer Service,Neutral,2023-08-23
