order_id,customer_id,product_id,quantity,unit_price,order_date,promised_delivery_time,actual_delivery_time,order_total,payment_method,store_id
1961864118.0,30065862.0,642612.0,3.0,517.03,2024-07-17 08:34:01,2024-07-17 08:52:01,2024-07-17 08:47:01,3197.07,Cash,4771.0
1549769649.0,9573071.0,378676.0,1.0,881.42,2024-05-28 13:14:29,2024-05-28 13:25:29,2024-05-28 13:27:29,976.55,Cash,7534.0
9185164487.0,45477575.0,741341.0,2.0,923.84,2024-09-23 13:07:12,2024-09-23 13:25:12,2024-09-23 13:29:12,839.05,UPI,9886.0
9644738826.0,88067569.0,561860.0,1.0,874.78,2023-11-24 16:16:56,2023-11-24 16:34:56,2023-11-24 16:33:56,440.23,Card,7917.0
5427684290.0,83298567.0,602241.0,2.0,976.55,2023-11-20 05:00:39,2023-11-20 05:17:39,2023-11-20 05:18:39,2526.68,Cash,2741.0
3265154092.0,43367112.0,681063.0,1.0,321.28,2023-03-18 16:29:51,2023-03-18 16:49:51,2023-03-18 16:48:51,3161.43,UPI,3442.0
4898355547.0,13284996.0,56589.0,3.0,517.77,2023-04-16 18:50:37,2023-04-16 19:01:37,2023-04-16 19:02:37,956.4,Card,1318.0
6568151549.0,88866835.0,500739.0,2.0,359.98,2024-03-31 06:26:48,2024-03-31 06:37:48,2024-03-31 06:39:48,905.47,Cash,115.0
6006693867.0,24496983.0,490939.0,1.0,80.25,2023-07-13 23:49:36,2023-07-14 00:02:36,2023-07-14 00:05:36,1371.17,Card,9021.0
374186990.0,52215833.0,760828.0,2.0,563.45,2023-08-09 01:17:30,2023-08-09 01:37:30,2023-08-09 01:44:30,1601.19,Wallet,7955.0
4455336265.0,43431724.0,753354.0,3.0,423.56,2023-08-30 19:37:06,2023-08-30 19:47:06,2023-08-30 19:45:06,2362.33,UPI,3784.0
3539286337.0,77559557.0,684939.0,1.0,727.95,2023-04-25 20:32:24,2023-04-25 20:44:24,2023-04-25 20:39:24,1463.8,Wallet,2463.0
9171116867.0,87107263.0,500739.0,3.0,359.98,2023-10-22 11:15:33,2023-10-22 11:25:33,2023-10-22 11:37:33,822.63,Card,6899.0
5504941865.0,76512976.0,540618.0,1.0,317.05,2024-01-28 02:39:11,2024-01-28 02:55:11,2024-01-28 03:06:11,2287.68,Wallet,9809.0
5868326481.0,37556526.0,53833.0,3.0,134.69,2024-03-15 21:07:07,2024-03-15 21:24:07,2024-03-15 21:21:07,1962.35,Wallet,3106.0
2137046916.0,12059049.0,455755.0,2.0,44.09,2024-02-03 08:50:32,2024-02-03 09:03:32,2024-02-03 09:01:32,3373.96,UPI,1007.0
8195544338.0,26199489.0,131937.0,1.0,287.81,2023-04-26 04:03:57,2023-04-26 04:20:57,2023-04-26 04:28:57,845.71,Wallet,3809.0
2889700050.0,84848018.0,798639.0,1.0,211.25,2024-04-30 16:22:26,2024-04-30 16:33:26,2024-04-30 16:36:26,2706.54,Wallet,78.0
65827885.0,47577193.0,324809.0,3.0,608.0,2023-07-27 00:13:05,2023-07-27 00:25:05,2023-07-27 00:20:05,1132.98,Cash,3817.0
4656471694.0,60728956.0,679284.0,1.0,877.89,2023-12-09 08:08:08,2023-12-09 08:27:08,2023-12-09 08:35:08,1525.5,Cash,5739.0
6625178717.0,62068277.0,952168.0,3.0,236.95,2023-07-01 04:24:22,2023-07-01 04:40:22,2023-07-01 04:53:22,5718.09,Card,2130.0
7169557514.0,84824280.0,706112.0,2.0,478.79,2023-03-21 05:27:13,2023-03-21 05:38:13,2023-03-21 05:50:13,2970.9,Card,9535.0
2268306684.0,66742602.0,812607.0,2.0,416.65,2024-05-28 14:59:08,2024-05-28 15:11:08,2024-05-28 15:10:08,2991.57,Wallet,6847.0
6905293278.0,97259564.0,799952.0,1.0,922.64,2024-06-16 10:23:23,2024-06-16 10:36:23,2024-06-16 11:02:23,1404.68,Cash,4187.0
1769493463.0,3292927.0,709916.0,3.0,33.76,2024-06-26 07:13:47,2024-06-26 07:29:47,2024-06-26 07:24:47,2541.32,Wallet,7071.0
5003387344.0,26592009.0,67197.0,3.0,552.2,2024-06-23 10:53:47,2024-06-23 11:05:47,2024-06-23 11:00:47,2475.69,Wallet,7477.0
2064484752.0,89995124.0,937542.0,3.0,97.04,2024-05-07 22:42:49,2024-05-07 23:00:49,2024-05-07 22:55:49,1949.92,Wallet,1116.0
964822979.0,88520326.0,455755.0,2.0,44.09,2024-07-13 10:38:00,2024-07-13 10:49:00,2024-07-13 10:47:00,5804.23,Wallet,7603.0
6037899648.0,22738465.0,669378.0,1.0,212.14,2024-03-27 17:44:43,2024-03-27 18:00:43,2024-03-27 18:04:43,1231.03,Cash,914.0
9347571484.0,29562072.0,112390.0,2.0,877.98,2024-11-02 17:15:15,2024-11-02 17:26:15,2024-11-02 17:39:15,3138.06,Card,9615.0
3286177534.0,10225164.0,891833.0,1.0,493.19,2023-06-24 23:52:15,2023-06-25 00:09:15,2023-06-25 00:07:15,3612.26,Wallet,6046.0
9073572548.0,97111069.0,60619.0,1.0,726.41,2023-05-02 23:13:42,2023-05-02 23:25:42,2023-05-02 23:47:42,1091.89,Card,6542.0
8395583761.0,1989720.0,561860.0,3.0,874.78,2024-08-04 23:35:44,2024-08-04 23:53:44,2024-08-04 23:48:44,410.62,UPI,5448.0
6355378227.0,67092149.0,993331.0,1.0,102.44,2023-08-11 16:52:36,2023-08-11 17:06:36,2023-08-11 17:05:36,5019.02,UPI,810.0
277376321.0,89784343.0,94225.0,3.0,77.11,2024-07-28 04:25:12,2024-07-28 04:45:12,2024-07-28 04:44:12,3694.48,Wallet,3357.0
8559748526.0,45868300.0,552496.0,1.0,508.0,2023-04-05 18:07:19,2023-04-05 18:27:19,2023-04-05 18:28:19,1152.09,Wallet,2270.0
1458051433.0,50760752.0,57405.0,3.0,607.67,2024-04-26 09:14:56,2024-04-26 09:30:56,2024-04-26 09:26:56,1055.18,UPI,7426.0
5838302640.0,96795047.0,240179.0,3.0,90.56,2023-05-12 05:46:25,2023-05-12 06:02:25,2023-05-12 06:09:25,3377.44,UPI,4242.0
1380971977.0,16561710.0,602241.0,3.0,976.55,2024-06-02 13:04:55,2024-06-02 13:21:55,2024-06-02 13:16:55,3117.74,Cash,6655.0
1221099013.0,35156679.0,131937.0,1.0,287.81,2023-07-23 10:45:59,2023-07-23 11:01:59,2023-07-23 11:03:59,4335.11,Wallet,8589.0
6771166303.0,87718744.0,677542.0,3.0,212.61,2023-07-24 04:21:07,2023-07-24 04:36:07,2023-07-24 04:48:07,816.38,Wallet,2820.0
7111337755.0,10524732.0,888807.0,3.0,230.58,2023-05-06 05:52:44,2023-05-06 06:07:44,2023-05-06 06:04:44,1550.71,Cash,4083.0
5562922993.0,62416456.0,540618.0,1.0,317.05,2023-12-06 02:04:19,2023-12-06 02:14:19,2023-12-06 02:17:19,2292.64,Wallet,418.0
5630957897.0,69925688.0,876139.0,2.0,415.75,2024-06-18 07:17:42,2024-06-18 07:32:42,2024-06-18 07:36:42,827.44,Wallet,468.0
1787380558.0,5140660.0,444361.0,3.0,822.63,2023-11-08 17:24:58,2023-11-08 17:43:58,2023-11-08 17:45:58,2066.77,Cash,862.0
32613017.0,82594354.0,451812.0,1.0,530.85,2023-03-17 00:20:41,2023-03-17 00:36:41,2023-03-17 00:36:41,2354.28,Card,3364.0
2039041670.0,88324928.0,287070.0,1.0,443.17,2024-11-01 09:45:47,2024-11-01 10:05:47,2024-11-01 10:20:47,96.33,Wallet,1003.0
210693801.0,71235336.0,432617.0,3.0,863.18,2024-08-21 03:59:25,2024-08-21 04:10:25,2024-08-21 04:12:25,3561.22,UPI,4184.0
8120002258.0,57833505.0,131937.0,1.0,287.81,2024-01-01 00:05:08,2024-01-01 00:15:08,2024-01-01 00:11:08,1213.05,Card,6830.0
2177917034.0,12402437.0,144124.0,2.0,162.67,2024-02-08 20:03:51,2024-02-08 20:16:51,2024-02-08 20:25:51,3134.8,Card,4829.0
4254814926.0,59890331.0,324809.0,1.0,608.0,2024-04-21 06:14:58,2024-04-21 06:34:58,2024-04-21 06:33:58,3818.33,Wallet,7830.0
6074172790.0,14944819.0,888807.0,2.0,230.58,2023-07-26 02:15:37,2023-07-26 02:26:37,2023-07-26 02:30:37,2008.84,Wallet,4057.0
3381573131.0,67386193.0,684939.0,1.0,727.95,2024-07-16 00:33:21,2024-07-16 00:47:21,2024-07-16 00:42:21,114.52,Cash,7456.0
3773745777.0,67701771.0,734789.0,1.0,395.82,2024-05-02 14:40:25,2024-05-02 14:58:25,2024-05-02 14:58:25,1488.19,Card,8100.0
9251939156.0,89910157.0,876139.0,3.0,415.75,2023-12-30 12:39:53,2023-12-30 12:51:53,2023-12-30 12:58:53,891.6,Cash,7206.0
3872982303.0,15484407.0,56589.0,2.0,517.77,2024-02-03 01:04:33,2024-02-03 01:24:33,2024-02-03 01:25:33,1779.45,Wallet,7886.0
2625987757.0,10769994.0,890232.0,1.0,432.0,2023-08-01 07:42:43,2023-08-01 07:54:43,2023-08-01 07:56:43,169.88,UPI,4569.0
3162249401.0,85519349.0,432617.0,1.0,863.18,2024-05-03 13:21:58,2024-05-03 13:31:58,2024-05-03 13:31:58,4406.98,Cash,2221.0
3108986741.0,49241309.0,687218.0,3.0,317.82,2023-10-17 19:29:19,2023-10-17 19:43:19,2023-10-17 19:44:19,2401.92,Wallet,6530.0
1851474741.0,23348269.0,970529.0,3.0,827.44,2023-11-01 13:29:17,2023-11-01 13:42:17,2023-11-01 13:51:17,3742.79,Card,8735.0
2425099132.0,85016568.0,604184.0,2.0,397.55,2023-08-15 01:15:08,2023-08-15 01:30:08,2023-08-15 01:34:08,2498.22,Wallet,4794.0
6706793332.0,6247821.0,615545.0,2.0,448.16,2024-10-09 21:50:33,2024-10-09 22:04:33,2024-10-09 22:16:33,949.75,UPI,8271.0
2149289255.0,57579640.0,567671.0,3.0,418.48,2024-11-01 15:00:29,2024-11-01 15:20:29,2024-11-01 15:39:29,2687.31,Cash,7315.0
1971008155.0,2457734.0,222892.0,1.0,869.22,2023-10-23 22:23:41,2023-10-23 22:43:41,2023-10-23 22:39:41,1866.01,Cash,5472.0
2087093460.0,59329145.0,34186.0,2.0,925.65,2024-07-11 11:31:57,2024-07-11 11:42:57,2024-07-11 11:41:57,4198.33,Card,2176.0
2116712588.0,24043135.0,891833.0,1.0,493.19,2023-11-11 20:33:38,2023-11-11 20:48:38,2023-11-11 20:51:38,44.35,Wallet,6552.0
6054358790.0,59216664.0,532965.0,1.0,307.23,2024-01-26 10:11:06,2024-01-26 10:31:06,2024-01-26 10:26:06,3217.7,Wallet,1880.0
532660797.0,41008070.0,962054.0,2.0,16.86,2024-05-20 06:25:18,2024-05-20 06:37:18,2024-05-20 06:51:18,2683.73,UPI,2245.0
1491991005.0,52215833.0,33955.0,1.0,186.08,2024-03-04 08:49:03,2024-03-04 09:01:03,2024-03-04 09:01:03,3472.55,Wallet,3036.0
4136019599.0,74179536.0,644847.0,3.0,622.81,2024-03-23 18:38:14,2024-03-23 18:52:14,2024-03-23 18:55:14,1131.05,Wallet,6564.0
2122832513.0,55028958.0,954722.0,1.0,616.45,2024-02-17 19:48:14,2024-02-17 19:58:14,2024-02-17 20:18:14,2037.94,UPI,5245.0
3717703595.0,88965399.0,500633.0,3.0,154.5,2023-04-24 21:33:02,2023-04-24 21:52:02,2023-04-24 21:51:02,1756.7,Card,7309.0
3194733693.0,21866852.0,240179.0,2.0,90.56,2023-07-05 10:13:13,2023-07-05 10:30:13,2023-07-05 10:37:13,2552.88,UPI,9112.0
4471162437.0,27971619.0,820973.0,1.0,114.52,2024-02-06 12:38:50,2024-02-06 12:52:50,2024-02-06 12:52:50,3355.65,Card,9226.0
1609331948.0,8791577.0,490602.0,3.0,549.47,2024-01-04 14:06:21,2024-01-04 14:19:21,2024-01-04 14:19:21,3648.36,UPI,2696.0
6920030794.0,70372270.0,256783.0,2.0,906.54,2024-06-24 02:37:36,2024-06-24 02:51:36,2024-06-24 02:49:36,2936.64,UPI,1394.0
5127172657.0,32293017.0,913428.0,2.0,392.22,2024-06-11 18:11:31,2024-06-11 18:30:31,2024-06-11 18:50:31,2185.5,Cash,288.0
8607115856.0,15931134.0,324809.0,1.0,608.0,2023-10-09 04:42:34,2023-10-09 04:52:34,2023-10-09 04:49:34,739.34,UPI,3015.0
7154957395.0,60700850.0,516376.0,1.0,877.43,2023-04-09 10:10:33,2023-04-09 10:21:33,2023-04-09 10:21:33,2696.84,Wallet,1915.0
2070762702.0,34761418.0,566052.0,3.0,87.3,2023-10-04 10:20:55,2023-10-04 10:37:55,2023-10-04 10:52:55,2457.2,Cash,5593.0
3697242439.0,99361865.0,897083.0,2.0,972.69,2024-10-15 12:30:13,2024-10-15 12:47:13,2024-10-15 12:46:13,2179.49,Cash,4528.0
3063427913.0,75984768.0,799952.0,2.0,922.64,2023-09-21 02:17:46,2023-09-21 02:34:46,2023-09-21 02:37:46,4419.03,Card,1492.0
2060061337.0,29272253.0,690565.0,1.0,951.27,2023-04-15 22:56:08,2023-04-15 23:10:08,2023-04-15 23:22:08,3041.62,Wallet,4851.0
4625892678.0,80371626.0,317242.0,1.0,198.15,2023-06-18 19:23:45,2023-06-18 19:35:45,2023-06-18 19:39:45,3166.49,Wallet,2018.0
6045698170.0,666589.0,965755.0,3.0,532.57,2024-01-24 17:03:49,2024-01-24 17:14:49,2024-01-24 17:19:49,222.15,UPI,3220.0
7876289647.0,98858383.0,863930.0,1.0,242.57,2024-08-07 07:55:29,2024-08-07 08:06:29,2024-08-07 08:18:29,3218.62,UPI,9606.0
3434084714.0,46836361.0,264803.0,2.0,995.98,2024-02-02 02:54:20,2024-02-02 03:06:20,2024-02-02 03:04:20,1179.41,Cash,5513.0
9031695663.0,94730288.0,697683.0,1.0,123.74,2024-01-17 01:23:06,2024-01-17 01:35:06,2024-01-17 01:41:06,2316.01,Card,5551.0
1955989715.0,77862447.0,679284.0,1.0,877.89,2023-12-27 06:52:23,2023-12-27 07:06:23,2023-12-27 07:08:23,1931.35,Wallet,6276.0
3459500455.0,16379942.0,992178.0,1.0,632.43,2023-12-18 00:37:55,2023-12-18 00:52:55,2023-12-18 00:54:55,2581.78,UPI,6348.0
5953376503.0,79169760.0,300159.0,1.0,44.35,2024-05-25 03:53:54,2024-05-25 04:08:54,2024-05-25 04:24:54,650.2,Wallet,3686.0
121874867.0,94529626.0,952124.0,3.0,127.08,2023-03-28 00:53:55,2023-03-28 01:10:55,2023-03-28 01:05:55,2596.92,UPI,7775.0
2460545397.0,42872865.0,925482.0,1.0,475.04,2024-10-27 11:26:03,2024-10-27 11:38:03,2024-10-27 11:49:03,474.34,Wallet,7031.0
9690050839.0,55803572.0,500633.0,2.0,154.5,2024-01-13 02:34:24,2024-01-13 02:44:24,2024-01-13 02:49:24,2551.93,Wallet,3949.0
2574349065.0,51547198.0,123983.0,3.0,785.67,2024-04-17 14:33:32,2024-04-17 14:43:32,2024-04-17 14:44:32,4476.55,Wallet,7690.0
2461936988.0,14428954.0,272170.0,2.0,140.8,2023-07-20 23:11:57,2023-07-20 23:29:57,2023-07-20 23:48:57,4196.95,Cash,9647.0
6447596416.0,76987910.0,70969.0,1.0,631.7,2023-10-08 18:18:29,2023-10-08 18:30:29,2023-10-08 18:26:29,4965.12,Card,494.0
7228452275.0,42262168.0,757274.0,2.0,98.32,2023-05-13 01:06:33,2023-05-13 01:25:33,2023-05-13 01:25:33,326.42,Card,9542.0
6696750742.0,5277675.0,14145.0,2.0,630.84,2023-04-02 17:43:16,2023-04-02 17:54:16,2023-04-02 17:54:16,2509.56,Wallet,8222.0
822235931.0,44410149.0,611575.0,3.0,482.06,2023-08-09 07:17:16,2023-08-09 07:27:16,2023-08-09 07:42:16,4866.15,Wallet,639.0
7678251499.0,17805991.0,704868.0,1.0,193.46,2023-04-23 13:27:40,2023-04-23 13:37:40,2023-04-23 13:42:40,3141.37,Cash,3427.0
2497341976.0,9097480.0,451933.0,1.0,568.94,2023-09-21 09:06:49,2023-09-21 09:19:49,2023-09-21 09:20:49,3414.57,Wallet,788.0
9107314128.0,79591237.0,820541.0,3.0,576.22,2024-05-20 16:19:17,2024-05-20 16:37:17,2024-05-20 16:36:17,545.49,Wallet,6660.0
9855726256.0,8651281.0,349294.0,2.0,934.75,2023-05-17 07:50:53,2023-05-17 08:05:53,2023-05-17 08:03:53,479.57,Card,1416.0
9398719862.0,14991661.0,615545.0,2.0,448.16,2024-07-19 09:22:31,2024-07-19 09:40:31,2024-07-19 09:44:31,4255.0,Card,9455.0
379494532.0,9650263.0,654297.0,3.0,13.25,2024-07-07 13:29:33,2024-07-07 13:42:33,2024-07-07 13:44:33,3609.27,UPI,2058.0
1048784963.0,58942207.0,451933.0,2.0,568.94,2023-09-07 13:18:38,2023-09-07 13:35:38,2023-09-07 13:30:38,1159.84,Card,2538.0
4386246924.0,69632084.0,613942.0,2.0,545.0,2024-08-27 10:06:15,2024-08-27 10:26:15,2024-08-27 10:52:15,2026.78,Card,9593.0
2050362692.0,79991320.0,366066.0,1.0,918.58,2024-10-30 11:23:04,2024-10-30 11:36:04,2024-10-30 11:39:04,2363.42,Cash,2265.0
4142963293.0,34567918.0,287070.0,1.0,443.17,2024-11-03 03:45:46,2024-11-03 04:04:46,2024-11-03 04:07:46,3686.26,Cash,9263.0
9753528654.0,61522288.0,137909.0,1.0,864.3,2024-07-26 07:24:16,2024-07-26 07:35:16,2024-07-26 07:33:16,109.03,Cash,8771.0
8126970833.0,14161586.0,700048.0,3.0,141.28,2024-09-14 20:27:40,2024-09-14 20:41:40,2024-09-14 21:07:40,4398.35,Wallet,8350.0
9747814712.0,16359370.0,256783.0,2.0,906.54,2023-12-16 15:38:05,2023-12-16 15:52:05,2023-12-16 15:55:05,2333.7,Wallet,8165.0
6281619403.0,77921718.0,131136.0,2.0,37.8,2023-04-09 18:56:42,2023-04-09 19:15:42,2023-04-09 19:10:42,3374.44,UPI,5214.0
436184281.0,78614729.0,15314.0,3.0,578.85,2023-11-20 12:36:18,2023-11-20 12:55:18,2023-11-20 13:22:18,3147.92,Card,2749.0
9799231260.0,22077605.0,39154.0,3.0,946.86,2024-03-07 08:59:56,2024-03-07 09:17:56,2024-03-07 09:21:56,872.83,Wallet,7812.0
4071811527.0,66023110.0,661577.0,1.0,720.95,2023-07-26 15:38:48,2023-07-26 15:51:48,2023-07-26 16:00:48,1872.01,Card,100.0
5645359563.0,87160527.0,723678.0,3.0,675.46,2024-08-08 23:28:23,2024-08-08 23:45:23,2024-08-08 23:40:23,2624.29,Card,8474.0
9411813703.0,62600289.0,557908.0,3.0,942.37,2023-09-25 22:56:09,2023-09-25 23:11:09,2023-09-25 23:16:09,4433.0,Wallet,5238.0
4270217473.0,54580166.0,336847.0,2.0,936.98,2024-02-01 08:48:55,2024-02-01 09:02:55,2024-02-01 09:02:55,505.5,Cash,9867.0
279851011.0,12967305.0,34186.0,3.0,925.65,2023-04-11 09:45:14,2023-04-11 09:58:14,2023-04-11 09:57:14,3495.33,Card,6199.0
6260524887.0,57081917.0,94225.0,2.0,77.11,2024-06-01 06:43:44,2024-06-01 07:00:44,2024-06-01 06:56:44,2457.11,Card,3322.0
5853998391.0,94453274.0,257719.0,2.0,281.73,2023-09-08 02:48:14,2023-09-08 02:58:14,2023-09-08 02:55:14,949.22,Wallet,364.0
9931976872.0,8955057.0,118820.0,3.0,12.32,2024-06-24 05:17:20,2024-06-24 05:32:20,2024-06-24 05:28:20,2487.83,Wallet,9676.0
8432209832.0,90346920.0,336847.0,1.0,936.98,2024-03-20 03:24:23,2024-03-20 03:42:23,2024-03-20 03:54:23,3835.31,Wallet,9981.0
6023721507.0,8791577.0,327290.0,1.0,862.28,2024-04-07 00:19:29,2024-04-07 00:36:29,2024-04-07 00:35:29,1849.03,UPI,158.0
3042338919.0,76212152.0,679284.0,3.0,877.89,2023-05-17 14:52:39,2023-05-17 15:05:39,2023-05-17 15:02:39,2765.06,Wallet,6827.0
233646065.0,16379942.0,803607.0,1.0,949.73,2023-09-19 22:28:29,2023-09-19 22:43:29,2023-09-19 22:48:29,578.85,Wallet,2400.0
9870610018.0,94033330.0,615545.0,2.0,448.16,2024-02-08 05:23:21,2024-02-08 05:36:21,2024-02-08 05:35:21,478.79,Card,2918.0
1398230967.0,46876240.0,951463.0,3.0,787.4,2024-04-22 09:58:26,2024-04-22 10:13:26,2024-04-22 10:09:26,1186.66,Card,7040.0
8615488922.0,92209869.0,566052.0,3.0,87.3,2023-11-04 00:06:14,2023-11-04 00:21:14,2023-11-04 00:42:14,3803.34,Card,9406.0
2748841057.0,33544355.0,552496.0,2.0,508.0,2023-12-30 05:03:21,2023-12-30 05:19:21,2023-12-30 05:43:21,1587.18,Card,1719.0
1375867721.0,4862761.0,500633.0,3.0,154.5,2024-07-15 16:57:54,2024-07-15 17:08:54,2024-07-15 17:05:54,2244.24,Cash,548.0
8595141097.0,96511007.0,274207.0,1.0,328.51,2024-03-31 10:24:16,2024-03-31 10:36:16,2024-03-31 10:39:16,3385.77,UPI,9568.0
4673382071.0,21784094.0,256783.0,1.0,906.54,2024-01-16 13:25:12,2024-01-16 13:40:12,2024-01-16 13:49:12,1479.69,UPI,9551.0
2948696008.0,51872499.0,131937.0,2.0,287.81,2024-04-10 10:05:48,2024-04-10 10:22:48,2024-04-10 10:19:48,3103.41,Cash,843.0
6839692624.0,64497538.0,67197.0,2.0,552.2,2023-11-19 01:53:50,2023-11-19 02:10:50,2023-11-19 02:35:50,4464.84,Cash,1835.0
5770951298.0,75510747.0,329351.0,3.0,310.87,2023-10-02 18:09:57,2023-10-02 18:23:57,2023-10-02 18:21:57,957.11,UPI,8044.0
5084771819.0,6344345.0,154179.0,2.0,582.87,2024-08-29 21:54:24,2024-08-29 22:05:24,2024-08-29 22:18:24,1207.68,Cash,5500.0
422403644.0,56548063.0,317242.0,1.0,198.15,2023-05-27 23:26:14,2023-05-27 23:46:14,2023-05-27 23:54:14,2331.5,UPI,4684.0
7176758896.0,18394558.0,492958.0,2.0,84.2,2023-07-13 12:50:53,2023-07-13 13:00:53,2023-07-13 13:01:53,2640.24,Cash,2866.0
8252905093.0,42589311.0,647462.0,3.0,326.42,2024-04-21 23:13:31,2024-04-21 23:29:31,2024-04-21 23:30:31,2315.77,Card,7934.0
1488561572.0,75928073.0,585299.0,1.0,799.46,2024-08-27 08:18:40,2024-08-27 08:32:40,2024-08-27 08:31:40,4053.52,Cash,3970.0
6212984517.0,72702075.0,853932.0,1.0,941.19,2024-03-16 21:47:29,2024-03-16 22:05:29,2024-03-16 22:03:29,1388.01,UPI,6591.0
6309784337.0,26250082.0,120532.0,1.0,697.53,2024-05-06 17:37:10,2024-05-06 17:53:10,2024-05-06 17:53:10,1905.92,Card,396.0
4613890018.0,53538932.0,490602.0,1.0,549.47,2023-10-24 12:43:17,2023-10-24 13:00:17,2023-10-24 13:00:17,1545.79,Wallet,8307.0
3429728472.0,64017365.0,851978.0,1.0,715.72,2023-03-31 08:31:30,2023-03-31 08:48:30,2023-03-31 08:57:30,4138.27,Cash,2104.0
267738904.0,63368244.0,606256.0,2.0,369.28,2023-10-24 23:10:36,2023-10-24 23:24:36,2023-10-24 23:38:36,3596.07,Card,8030.0
3850416839.0,57081917.0,697683.0,3.0,123.74,2024-07-01 02:05:28,2024-07-01 02:23:28,2024-07-01 02:36:28,5490.94,UPI,8131.0
3412702479.0,86479284.0,444361.0,3.0,822.63,2023-12-24 07:32:20,2023-12-24 07:46:20,2023-12-24 07:51:20,2344.83,Cash,2577.0
2016183232.0,44928499.0,14145.0,3.0,630.84,2023-07-19 04:15:07,2023-07-19 04:35:07,2023-07-19 04:46:07,1934.43,Card,5767.0
3810280204.0,84361534.0,880510.0,3.0,951.43,2023-10-26 17:52:28,2023-10-26 18:06:28,2023-10-26 18:10:28,2956.37,Wallet,480.0
2416767295.0,767523.0,284460.0,1.0,505.95,2024-07-05 03:36:54,2024-07-05 03:50:54,2024-07-05 03:59:54,2358.76,Card,39.0
2283439407.0,46623192.0,376447.0,1.0,724.84,2023-07-14 02:18:09,2023-07-14 02:28:09,2023-07-14 02:32:09,1216.8,UPI,2848.0
4328802292.0,9738801.0,378676.0,2.0,881.42,2023-06-14 19:43:21,2023-06-14 19:57:21,2023-06-14 20:15:21,1926.12,Cash,1268.0
7072715691.0,74195536.0,863930.0,2.0,242.57,2023-12-25 19:14:20,2023-12-25 19:28:20,2023-12-25 19:29:20,2120.77,Cash,3755.0
5640741373.0,90298394.0,89084.0,2.0,598.83,2024-05-10 06:46:20,2024-05-10 06:57:20,2024-05-10 06:57:20,765.76,Card,3383.0
6931094066.0,17159117.0,461804.0,3.0,310.69,2023-11-15 21:59:17,2023-11-15 22:18:17,2023-11-15 22:14:17,2802.27,Card,7331.0
3417088709.0,62629494.0,366066.0,3.0,918.58,2024-05-30 17:24:44,2024-05-30 17:37:44,2024-05-30 17:58:44,912.29,UPI,2101.0
4424404315.0,9274874.0,313754.0,2.0,136.6,2023-07-16 07:24:04,2023-07-16 07:36:04,2023-07-16 07:40:04,494.48,Wallet,1950.0
2444087306.0,56250563.0,366066.0,1.0,918.58,2023-07-28 08:25:29,2023-07-28 08:35:29,2023-07-28 08:37:29,2440.73,Wallet,5429.0
486085268.0,51040116.0,354409.0,3.0,325.08,2023-12-11 19:39:16,2023-12-11 19:51:16,2023-12-11 19:56:16,4749.99,UPI,4690.0
1731312620.0,49795571.0,589812.0,1.0,163.03,2023-05-08 20:32:00,2023-05-08 20:42:00,2023-05-08 20:41:00,843.21,Wallet,1309.0
6475582506.0,82529927.0,140489.0,2.0,650.2,2023-09-23 04:50:27,2023-09-23 05:01:27,2023-09-23 05:05:27,3895.25,Wallet,2425.0
1868581378.0,93198324.0,552883.0,3.0,888.16,2024-03-29 18:27:14,2024-03-29 18:43:14,2024-03-29 18:47:14,2065.81,Card,6383.0
8884235937.0,20298398.0,859361.0,2.0,432.39,2024-08-09 11:51:55,2024-08-09 12:01:55,2024-08-09 12:09:55,1655.6,UPI,8826.0
4590662628.0,87200291.0,131937.0,2.0,287.81,2024-01-10 11:48:31,2024-01-10 12:02:31,2024-01-10 12:17:31,3148.95,Cash,5462.0
992302540.0,32203588.0,993331.0,2.0,102.44,2023-11-26 21:32:11,2023-11-26 21:51:11,2023-11-26 21:54:11,198.72,Wallet,956.0
7169974633.0,59110513.0,153019.0,2.0,947.95,2024-10-16 16:03:22,2024-10-16 16:22:22,2024-10-16 16:21:22,2475.21,UPI,4905.0
6703651257.0,93198324.0,954722.0,1.0,616.45,2024-01-17 01:26:31,2024-01-17 01:43:31,2024-01-17 01:46:31,727.87,Card,5882.0
7180810221.0,20940403.0,659290.0,3.0,319.34,2023-09-10 16:44:46,2023-09-10 16:58:46,2023-09-10 17:07:46,657.8,Cash,754.0
7875587578.0,60967677.0,832348.0,1.0,831.43,2024-07-15 08:47:10,2024-07-15 08:59:10,2024-07-15 09:09:10,3351.74,Card,6554.0
2578671497.0,76218218.0,118820.0,2.0,12.32,2024-01-25 00:04:47,2024-01-25 00:16:47,2024-01-25 00:21:47,3603.94,Card,4306.0
6284350691.0,57207678.0,112390.0,2.0,877.98,2024-06-20 01:00:52,2024-06-20 01:13:52,2024-06-20 01:13:52,726.41,Wallet,9366.0
5383261788.0,34588087.0,557908.0,2.0,942.37,2023-10-18 21:18:10,2023-10-18 21:34:10,2023-10-18 21:30:10,3375.86,Wallet,856.0
6590867973.0,56441247.0,712307.0,2.0,264.89,2023-11-20 08:37:18,2023-11-20 08:55:18,2023-11-20 08:54:18,1848.22,UPI,5770.0
8787105023.0,81822935.0,398340.0,1.0,651.93,2024-05-07 22:54:29,2024-05-07 23:09:29,2024-05-07 23:12:29,1443.64,Wallet,2951.0
1402916311.0,14275043.0,516376.0,2.0,877.43,2024-04-23 12:52:28,2024-04-23 13:05:28,2024-04-23 13:09:28,4553.36,Card,178.0
9715205272.0,52409516.0,440875.0,2.0,275.03,2024-10-21 21:55:22,2024-10-21 22:09:22,2024-10-21 22:11:22,1189.17,UPI,7087.0
3946852375.0,96253172.0,894539.0,3.0,445.48,2024-07-04 12:26:55,2024-07-04 12:45:55,2024-07-04 12:45:55,150.99,Cash,9580.0
3367039425.0,86050297.0,385113.0,1.0,816.38,2024-03-10 03:46:29,2024-03-10 03:58:29,2024-03-10 04:00:29,703.11,UPI,9069.0
687711388.0,52757321.0,542300.0,3.0,255.35,2024-02-02 10:13:42,2024-02-02 10:28:42,2024-02-02 10:40:42,1385.43,Card,3910.0
647012431.0,34281470.0,18035.0,2.0,968.94,2024-06-16 13:11:54,2024-06-16 13:27:54,2024-06-16 13:45:54,3706.1,Card,9989.0
7143278295.0,50557979.0,647462.0,1.0,326.42,2024-02-13 15:28:08,2024-02-13 15:39:08,2024-02-13 15:35:08,1597.11,UPI,7182.0
9736844695.0,31978160.0,564692.0,1.0,215.65,2024-04-09 20:00:46,2024-04-09 20:18:46,2024-04-09 20:13:46,1608.11,Cash,3487.0
5933289680.0,5751638.0,747801.0,2.0,277.76,2023-12-07 04:30:24,2023-12-07 04:49:24,2023-12-07 05:09:24,2950.6,Wallet,9869.0
9494303116.0,98858383.0,336847.0,3.0,936.98,2024-07-21 10:44:40,2024-07-21 11:04:40,2024-07-21 11:09:40,1538.49,Card,6262.0
9337878102.0,9987182.0,654623.0,3.0,422.14,2023-05-16 03:51:12,2023-05-16 04:09:12,2023-05-16 04:05:12,3119.18,Wallet,4435.0
6872621077.0,77128325.0,228286.0,2.0,179.08,2023-09-14 18:19:29,2023-09-14 18:29:29,2023-09-14 18:24:29,3611.43,Wallet,847.0
7330237253.0,28428852.0,677169.0,1.0,261.03,2023-12-07 12:22:17,2023-12-07 12:38:17,2023-12-07 12:37:17,869.86,UPI,3099.0
7942616242.0,33685414.0,970529.0,3.0,827.44,2023-09-30 08:07:45,2023-09-30 08:27:45,2023-09-30 08:52:45,1116.0,Wallet,5368.0
238520071.0,77320193.0,537274.0,2.0,702.71,2024-02-20 05:25:38,2024-02-20 05:44:38,2024-02-20 05:47:38,852.02,Cash,1203.0
5812379362.0,46504355.0,833557.0,1.0,422.87,2023-08-05 10:51:03,2023-08-05 11:05:03,2023-08-05 11:01:03,3865.78,Wallet,544.0
2616623847.0,49915498.0,853932.0,3.0,941.19,2024-01-19 19:08:25,2024-01-19 19:22:25,2024-01-19 19:37:25,3928.0,Cash,9330.0
2040854480.0,40392019.0,684939.0,1.0,727.95,2023-12-10 00:09:16,2023-12-10 00:22:16,2023-12-10 00:47:16,946.86,Wallet,4573.0
5456484560.0,62600289.0,324809.0,1.0,608.0,2024-09-26 01:56:49,2024-09-26 02:10:49,2024-09-26 02:35:49,1630.68,UPI,5000.0
883309006.0,71229024.0,131748.0,1.0,81.35,2024-04-09 08:12:20,2024-04-09 08:22:20,2024-04-09 08:30:20,1427.84,Cash,5405.0
6528341992.0,64497538.0,336847.0,2.0,936.98,2024-01-29 03:28:43,2024-01-29 03:43:43,2024-01-29 03:54:43,2360.73,Wallet,7253.0
3263203775.0,44888581.0,563740.0,1.0,96.33,2024-09-28 15:27:48,2024-09-28 15:37:48,2024-09-28 15:36:48,826.28,UPI,9171.0
3660010934.0,83577942.0,613942.0,3.0,545.0,2024-01-31 15:31:03,2024-01-31 15:44:03,2024-01-31 15:49:03,787.4,Wallet,4956.0
7944885043.0,1683786.0,760828.0,1.0,563.45,2024-05-26 08:18:38,2024-05-26 08:31:38,2024-05-26 08:29:38,4410.72,Card,8470.0
2506369831.0,1529180.0,144124.0,2.0,162.67,2023-06-16 13:05:30,2023-06-16 13:22:30,2023-06-16 13:35:30,255.35,UPI,7950.0
697061213.0,91196901.0,398340.0,2.0,651.93,2023-03-25 09:41:55,2023-03-25 09:52:55,2023-03-25 09:55:55,4473.11,Card,1451.0
7079057004.0,1507408.0,714999.0,2.0,882.51,2023-09-30 08:52:45,2023-09-30 09:10:45,2023-09-30 09:32:45,1946.09,Card,3954.0
1556153632.0,67215939.0,739448.0,3.0,755.66,2024-05-04 08:35:19,2024-05-04 08:54:19,2024-05-04 09:03:19,1277.85,Wallet,1393.0
2161235338.0,38902882.0,704868.0,3.0,193.46,2024-04-12 15:00:38,2024-04-12 15:12:38,2024-04-12 15:21:38,4431.77,Wallet,240.0
1247978468.0,97484394.0,712003.0,1.0,671.68,2024-07-19 01:53:39,2024-07-19 02:13:39,2024-07-19 02:12:39,1662.15,UPI,4045.0
5437627061.0,58505903.0,679865.0,1.0,347.91,2024-08-22 02:04:33,2024-08-22 02:15:33,2024-08-22 02:16:33,910.19,UPI,5851.0
9091960039.0,13455530.0,689769.0,1.0,46.62,2024-02-11 09:54:55,2024-02-11 10:04:55,2024-02-11 10:04:55,1349.36,Card,68.0
619198317.0,81906973.0,194682.0,1.0,912.29,2023-11-20 16:57:35,2023-11-20 17:16:35,2023-11-20 17:11:35,4216.63,UPI,669.0
9833179291.0,90372221.0,272170.0,2.0,140.8,2023-05-04 18:32:00,2023-05-04 18:52:00,2023-05-04 18:48:00,483.05,UPI,1456.0
4148760273.0,93122847.0,51036.0,2.0,931.61,2024-05-22 01:40:57,2024-05-22 01:55:57,2024-05-22 01:58:57,994.97,UPI,8302.0
7206041763.0,74694186.0,124290.0,3.0,39.65,2023-05-30 19:17:37,2023-05-30 19:35:37,2023-05-30 19:37:37,162.67,Card,279.0
690097648.0,2684440.0,291238.0,2.0,746.03,2023-12-27 20:11:22,2023-12-27 20:30:22,2023-12-27 20:40:22,3471.29,Cash,8700.0
4197061567.0,52757321.0,621677.0,3.0,317.8,2024-02-04 03:20:32,2024-02-04 03:31:32,2024-02-04 03:33:32,3685.3,UPI,9189.0
2009394836.0,55056284.0,237083.0,3.0,577.13,2023-10-24 22:11:10,2023-10-24 22:25:10,2023-10-24 22:23:10,1159.53,UPI,5861.0
277502363.0,88203688.0,667163.0,1.0,441.2,2023-12-28 13:54:57,2023-12-28 14:04:57,2023-12-28 14:09:57,2682.72,Card,9608.0
4356959622.0,38709137.0,91670.0,2.0,439.24,2024-01-16 07:41:08,2024-01-16 07:56:08,2024-01-16 07:51:08,2128.54,Cash,7148.0
174306009.0,87457446.0,832348.0,1.0,831.43,2024-08-09 00:24:44,2024-08-09 00:35:44,2024-08-09 01:02:44,2424.07,UPI,626.0
9582674091.0,34237583.0,433521.0,2.0,321.33,2024-08-16 11:20:21,2024-08-16 11:39:21,2024-08-16 12:01:21,951.43,UPI,7480.0
8675579025.0,44409533.0,317242.0,1.0,198.15,2024-07-06 11:59:17,2024-07-06 12:15:17,2024-07-06 12:17:17,2636.86,Card,6920.0
5195999941.0,52757321.0,34186.0,3.0,925.65,2024-07-19 18:51:00,2024-07-19 19:07:00,2024-07-19 19:21:00,2298.98,Card,4056.0
5210007923.0,97507853.0,492958.0,1.0,84.2,2024-10-01 05:12:34,2024-10-01 05:24:34,2024-10-01 05:25:34,1278.93,Cash,527.0
6595771960.0,45700473.0,949818.0,3.0,483.05,2023-04-05 03:22:22,2023-04-05 03:36:22,2023-04-05 03:40:22,4251.75,Cash,9505.0
4247338382.0,34853377.0,354409.0,1.0,325.08,2023-12-05 02:01:24,2023-12-05 02:11:24,2023-12-05 02:40:24,989.88,Cash,5115.0
819143326.0,88324928.0,891833.0,2.0,493.19,2024-01-10 19:18:29,2024-01-10 19:34:29,2024-01-10 19:39:29,3284.6,Cash,9159.0
3830844750.0,23996221.0,487065.0,3.0,374.68,2023-08-06 15:56:31,2023-08-06 16:07:31,2023-08-06 16:04:31,1663.27,UPI,3176.0
1687314172.0,82425179.0,378287.0,2.0,332.84,2024-03-13 18:42:43,2024-03-13 19:00:43,2024-03-13 19:03:43,3835.73,Cash,9557.0
6756007265.0,80850753.0,820973.0,1.0,114.52,2023-07-27 18:19:10,2023-07-27 18:37:10,2023-07-27 18:42:10,1848.13,Wallet,7440.0
489762747.0,19482392.0,349294.0,2.0,934.75,2024-09-27 16:36:39,2024-09-27 16:52:39,2024-09-27 17:18:39,766.2,Card,5112.0
7509195875.0,42723554.0,704868.0,1.0,193.46,2023-11-26 19:55:46,2023-11-26 20:11:46,2023-11-26 20:14:46,4237.4,Card,3895.0
2370917070.0,5763963.0,500739.0,1.0,359.98,2023-07-25 05:54:42,2023-07-25 06:11:42,2023-07-25 06:16:42,2639.9,Card,1591.0
2055388266.0,119099.0,107548.0,1.0,891.6,2023-06-23 06:31:41,2023-06-23 06:41:41,2023-06-23 06:49:41,3722.37,UPI,4452.0
8969304162.0,43052303.0,9436.0,2.0,88.43,2023-10-12 14:44:50,2023-10-12 15:03:50,2023-10-12 15:02:50,1264.98,Wallet,5918.0
5412674107.0,88111697.0,644847.0,2.0,622.81,2024-10-06 21:41:05,2024-10-06 22:00:05,2024-10-06 22:02:05,2646.85,Cash,6627.0
1536516619.0,15631726.0,313754.0,3.0,136.6,2023-11-25 07:50:28,2023-11-25 08:10:28,2023-11-25 08:15:28,3466.59,Wallet,7699.0
3858907413.0,89910157.0,51036.0,1.0,931.61,2023-07-27 18:31:30,2023-07-27 18:45:30,2023-07-27 18:45:30,3427.43,Cash,6852.0
4976389251.0,79478655.0,4452.0,1.0,169.88,2023-09-05 10:02:35,2023-09-05 10:13:35,2023-09-05 10:08:35,1146.95,Card,2957.0
2218319201.0,40587811.0,378287.0,1.0,332.84,2024-11-01 02:59:02,2024-11-01 03:12:02,2024-11-01 03:11:02,1216.48,Wallet,4034.0
6729422433.0,68159723.0,552496.0,2.0,508.0,2023-07-19 13:45:45,2023-07-19 13:55:45,2023-07-19 14:01:45,3405.78,UPI,2847.0
1354097448.0,98687927.0,15314.0,2.0,578.85,2023-06-21 17:33:21,2023-06-21 17:53:21,2023-06-21 17:55:21,3401.69,Card,4903.0
8952275304.0,81174361.0,757274.0,3.0,98.32,2024-08-31 08:12:32,2024-08-31 08:22:32,2024-08-31 08:22:32,2474.23,Cash,2943.0
436603801.0,54619715.0,557908.0,2.0,942.37,2023-12-28 09:54:53,2023-12-28 10:14:53,2023-12-28 10:11:53,838.89,Cash,6877.0
5273875984.0,9278983.0,859361.0,1.0,432.39,2023-05-31 03:32:44,2023-05-31 03:45:44,2023-05-31 03:59:44,2682.38,Cash,9153.0
9290203003.0,21573815.0,714999.0,1.0,882.51,2024-04-01 12:19:55,2024-04-01 12:31:55,2024-04-01 12:36:55,2133.39,Cash,4658.0
6240982373.0,91243571.0,70969.0,3.0,631.7,2023-04-26 03:12:48,2023-04-26 03:27:48,2023-04-26 03:24:48,3393.08,Cash,8894.0
2718348206.0,5763963.0,243235.0,2.0,109.03,2023-11-08 10:22:06,2023-11-08 10:37:06,2023-11-08 10:33:06,632.43,UPI,4202.0
4903544026.0,57331847.0,470449.0,3.0,827.77,2024-05-11 04:29:41,2024-05-11 04:45:41,2024-05-11 04:50:41,3778.46,Cash,3828.0
2827266949.0,93675757.0,937542.0,3.0,97.04,2024-09-17 07:51:52,2024-09-17 08:10:52,2024-09-17 08:18:52,3334.82,Card,2763.0
4278423074.0,67708491.0,880510.0,2.0,951.43,2023-12-17 04:48:47,2023-12-17 05:02:47,2023-12-17 05:05:47,1073.53,Cash,9896.0
645916247.0,76857266.0,812607.0,1.0,416.65,2023-10-10 02:52:20,2023-10-10 03:03:20,2023-10-10 03:32:20,4465.9,Cash,8801.0
5816647866.0,81420960.0,432617.0,2.0,863.18,2024-09-26 05:13:41,2024-09-26 05:23:41,2024-09-26 05:40:41,2323.45,Cash,6850.0
7282397914.0,97825663.0,600767.0,1.0,722.42,2024-07-14 01:15:08,2024-07-14 01:35:08,2024-07-14 01:40:08,2043.65,Cash,8481.0
3260611473.0,12832151.0,712307.0,1.0,264.89,2024-02-06 13:34:26,2024-02-06 13:54:26,2024-02-06 14:12:26,2731.48,Cash,134.0
8638163868.0,87718744.0,832348.0,1.0,831.43,2023-06-07 03:25:59,2023-06-07 03:41:59,2023-06-07 03:46:59,4272.81,Card,3056.0
177850987.0,51174875.0,237083.0,2.0,577.13,2023-11-07 14:08:48,2023-11-07 14:25:48,2023-11-07 14:22:48,1934.67,UPI,6015.0
9653859166.0,32987624.0,272170.0,1.0,140.8,2023-03-16 19:23:51,2023-03-16 19:36:51,2023-03-16 19:50:51,2978.36,Wallet,1941.0
9991338690.0,98444183.0,26060.0,1.0,342.94,2024-07-29 11:34:33,2024-07-29 11:45:33,2024-07-29 11:46:33,3273.99,Cash,7390.0
1714593246.0,27698051.0,613942.0,3.0,545.0,2024-10-20 09:52:38,2024-10-20 10:02:38,2024-10-20 10:04:38,1100.8,Wallet,5149.0
9742461226.0,34095555.0,478531.0,3.0,825.46,2024-01-01 00:24:00,2024-01-01 00:43:00,2024-01-01 00:40:00,949.56,UPI,4294.0
3314393477.0,55170753.0,901144.0,3.0,340.36,2024-10-26 13:36:56,2024-10-26 13:49:56,2024-10-26 13:52:56,934.75,Cash,7079.0
4188317986.0,42366724.0,951463.0,1.0,787.4,2023-03-20 01:44:55,2023-03-20 01:56:55,2023-03-20 02:06:55,3448.71,Wallet,1086.0
1646665366.0,51387106.0,654297.0,3.0,13.25,2024-07-26 18:45:20,2024-07-26 19:01:20,2024-07-26 19:13:20,1086.27,Wallet,3097.0
9558804585.0,82700270.0,953175.0,2.0,225.21,2024-03-15 11:58:19,2024-03-15 12:09:19,2024-03-15 12:15:19,848.94,Card,4925.0
9047652469.0,71902700.0,319388.0,3.0,657.8,2024-08-05 03:13:47,2024-08-05 03:28:47,2024-08-05 03:23:47,370.06,Card,7572.0
2893800377.0,57892837.0,187399.0,1.0,53.49,2024-03-22 11:38:50,2024-03-22 11:57:50,2024-03-22 11:53:50,1966.14,Card,4427.0
6139157985.0,88517890.0,753354.0,3.0,423.56,2024-02-03 13:33:26,2024-02-03 13:51:26,2024-02-03 14:13:26,1623.51,Wallet,3303.0
6029394789.0,7591711.0,803607.0,1.0,949.73,2023-04-30 06:03:14,2023-04-30 06:23:14,2023-04-30 06:32:14,2118.04,UPI,637.0
5874940276.0,38875754.0,91670.0,1.0,439.24,2024-04-11 06:28:42,2024-04-11 06:45:42,2024-04-11 06:40:42,546.43,UPI,4821.0
5205211911.0,57662767.0,561860.0,2.0,874.78,2024-09-27 18:32:45,2024-09-27 18:52:45,2024-09-27 19:06:45,1098.4,Cash,4724.0
5314758068.0,48776805.0,552883.0,3.0,888.16,2024-02-03 00:17:30,2024-02-03 00:36:30,2024-02-03 00:46:30,4183.29,Card,7386.0
484869710.0,6756256.0,15314.0,2.0,578.85,2023-09-09 11:46:42,2023-09-09 12:05:42,2023-09-09 12:08:42,1429.34,Cash,6690.0
9957728938.0,25915909.0,455755.0,2.0,44.09,2024-08-05 21:29:11,2024-08-05 21:43:11,2024-08-05 21:59:11,1445.95,UPI,2506.0
3136056666.0,57770044.0,555121.0,1.0,354.91,2024-04-29 03:24:15,2024-04-29 03:40:15,2024-04-29 03:52:15,211.25,UPI,8159.0
4926104391.0,47206881.0,642612.0,2.0,517.03,2023-10-24 07:42:01,2023-10-24 08:02:01,2023-10-24 08:16:01,2029.88,Wallet,1174.0
1827844756.0,16785724.0,681063.0,1.0,321.28,2023-04-07 11:32:25,2023-04-07 11:43:25,2023-04-07 11:46:25,3372.28,UPI,3271.0
7032037874.0,57291761.0,491314.0,3.0,973.44,2024-06-13 19:06:38,2024-06-13 19:17:38,2024-06-13 19:17:38,1694.99,UPI,8519.0
3779230503.0,46699982.0,82484.0,3.0,914.88,2023-07-11 05:19:38,2023-07-11 05:30:38,2023-07-11 05:29:38,2781.39,Card,1580.0
3473012553.0,89669139.0,951463.0,2.0,787.4,2024-02-16 21:32:26,2024-02-16 21:48:26,2024-02-16 22:14:26,5062.8,Card,8375.0
7988504487.0,8164639.0,91670.0,3.0,439.24,2024-05-14 11:32:09,2024-05-14 11:42:09,2024-05-14 11:41:09,3511.92,Wallet,2304.0
7193792738.0,84572019.0,500633.0,3.0,154.5,2024-06-05 15:34:59,2024-06-05 15:49:59,2024-06-05 15:53:59,2817.36,Card,8782.0
1533583386.0,35912599.0,240179.0,1.0,90.56,2023-08-28 20:16:24,2023-08-28 20:27:24,2023-08-28 20:24:24,4869.76,Wallet,8166.0
7750989397.0,79672044.0,300159.0,1.0,44.35,2024-01-07 01:01:22,2024-01-07 01:20:22,2024-01-07 01:24:22,4099.45,Wallet,1888.0
4434816229.0,63292875.0,537274.0,1.0,702.71,2023-09-14 06:52:00,2023-09-14 07:10:00,2023-09-14 07:05:00,1491.21,Wallet,1446.0
6896732047.0,62068277.0,187399.0,3.0,53.49,2024-04-18 17:58:30,2024-04-18 18:08:30,2024-04-18 18:06:30,321.33,Cash,8118.0
4740837071.0,64795608.0,833557.0,3.0,422.87,2023-11-01 15:26:13,2023-11-01 15:42:13,2023-11-01 15:47:13,5428.69,UPI,8733.0
6649631729.0,75640174.0,863930.0,3.0,242.57,2024-09-30 09:24:51,2024-09-30 09:39:51,2024-09-30 09:38:51,1082.76,Card,2770.0
5351526726.0,75892474.0,962054.0,2.0,16.86,2023-03-28 18:51:51,2023-03-28 19:08:51,2023-03-28 19:04:51,3077.83,Cash,761.0
1506082041.0,11446157.0,880510.0,1.0,951.43,2023-05-04 07:48:45,2023-05-04 08:00:45,2023-05-04 07:57:45,4917.47,Card,3439.0
1023260165.0,10683250.0,470449.0,1.0,827.77,2024-02-16 19:06:29,2024-02-16 19:23:29,2024-02-16 19:23:29,741.67,Card,7531.0
8257032403.0,17805991.0,859361.0,1.0,432.39,2024-09-18 21:17:58,2024-09-18 21:34:58,2024-09-18 21:37:58,3177.73,Wallet,3558.0
7216524192.0,72605638.0,15314.0,2.0,578.85,2024-09-01 16:23:34,2024-09-01 16:33:34,2024-09-01 16:30:34,227.22,Card,416.0
8619795820.0,98687927.0,449106.0,2.0,48.55,2024-09-04 09:17:19,2024-09-04 09:30:19,2024-09-04 09:51:19,2686.37,Card,5595.0
6494708839.0,25595836.0,140154.0,2.0,171.2,2023-06-18 16:06:43,2023-06-18 16:18:43,2023-06-18 16:19:43,2789.77,Cash,153.0
9859249765.0,5039883.0,600767.0,3.0,722.42,2024-05-13 13:57:42,2024-05-13 14:10:42,2024-05-13 14:07:42,1812.4,UPI,2017.0
3528020011.0,33675108.0,592784.0,2.0,280.35,2023-11-12 11:51:12,2023-11-12 12:01:12,2023-11-12 12:04:12,934.98,Cash,9725.0
5937934264.0,90346920.0,462526.0,3.0,449.97,2024-09-11 19:24:19,2024-09-11 19:35:19,2024-09-11 19:50:19,3551.15,Card,6621.0
2976477423.0,57213543.0,585299.0,2.0,799.46,2023-08-17 07:32:10,2023-08-17 07:47:10,2023-08-17 07:47:10,1277.83,Wallet,1430.0
1002438039.0,85198177.0,709916.0,3.0,33.76,2024-02-17 03:28:02,2024-02-17 03:44:02,2024-02-17 03:43:02,3775.99,Card,8018.0
2571163022.0,59345983.0,487931.0,3.0,709.08,2024-02-06 22:03:16,2024-02-06 22:20:16,2024-02-06 22:34:16,674.39,Cash,7684.0
6850221497.0,21270783.0,812607.0,3.0,416.65,2024-07-21 22:37:39,2024-07-21 22:52:39,2024-07-21 22:47:39,3496.28,UPI,8330.0
4706569127.0,68016312.0,15314.0,1.0,578.85,2023-07-27 18:37:32,2023-07-27 18:51:32,2023-07-27 18:56:32,687.19,Wallet,8531.0
8168261752.0,65903057.0,349294.0,2.0,934.75,2024-04-22 06:11:39,2024-04-22 06:30:39,2024-04-22 06:53:39,1860.29,Card,8178.0
5828325906.0,40587811.0,15314.0,2.0,578.85,2023-12-04 11:40:56,2023-12-04 11:59:56,2023-12-04 11:57:56,4230.58,Wallet,4046.0
5012271549.0,73061709.0,67197.0,1.0,552.2,2024-09-21 10:04:21,2024-09-21 10:19:21,2024-09-21 10:47:21,769.83,Cash,7487.0
8110316958.0,61226835.0,451812.0,3.0,530.85,2024-01-30 19:28:34,2024-01-30 19:48:34,2024-01-30 19:45:34,806.56,Wallet,4877.0
3190808443.0,77618011.0,140489.0,3.0,650.2,2024-01-10 08:50:54,2024-01-10 09:00:54,2024-01-10 08:56:54,2593.91,Cash,646.0
7175472728.0,9551011.0,435929.0,2.0,856.89,2023-09-12 11:51:20,2023-09-12 12:01:20,2023-09-12 12:01:20,307.23,UPI,7355.0
6011117738.0,24337950.0,658389.0,3.0,152.55,2024-01-07 10:51:31,2024-01-07 11:01:31,2024-01-07 11:04:31,2539.66,Card,5459.0
5592928753.0,46875863.0,992178.0,2.0,632.43,2024-08-23 20:45:57,2024-08-23 20:59:57,2024-08-23 21:10:57,3473.11,UPI,9192.0
3952040848.0,31156674.0,927651.0,2.0,426.72,2024-05-09 00:30:37,2024-05-09 00:41:37,2024-05-09 00:39:37,4818.61,UPI,6140.0
7026479520.0,81994445.0,613942.0,1.0,545.0,2024-07-17 22:05:57,2024-07-17 22:17:57,2024-07-17 22:19:57,1691.47,Cash,5348.0
6572695161.0,64197854.0,70969.0,1.0,631.7,2024-03-18 08:19:53,2024-03-18 08:32:53,2024-03-18 08:32:53,1671.67,Wallet,1729.0
9090769419.0,66485571.0,305754.0,1.0,979.99,2024-09-02 03:14:47,2024-09-02 03:29:47,2024-09-02 03:25:47,1819.14,Wallet,5210.0
5979489110.0,22161071.0,853932.0,1.0,941.19,2023-09-07 07:49:52,2023-09-07 08:03:52,2023-09-07 08:05:52,2337.12,Card,5784.0
964698323.0,81763298.0,257719.0,3.0,281.73,2024-09-30 23:16:20,2024-09-30 23:34:20,2024-09-30 23:39:20,2352.88,Wallet,1089.0
2304242664.0,65815155.0,516376.0,3.0,877.43,2024-03-21 08:29:02,2024-03-21 08:47:02,2024-03-21 08:47:02,1579.28,Card,9106.0
2483843748.0,26040510.0,812607.0,3.0,416.65,2023-05-24 09:19:37,2023-05-24 09:35:37,2023-05-24 09:38:37,1692.9,Wallet,7609.0
2560588609.0,6291143.0,186168.0,1.0,878.8,2024-06-21 01:18:07,2024-06-21 01:35:07,2024-06-21 01:36:07,319.34,UPI,5105.0
9268920928.0,17805991.0,9436.0,2.0,88.43,2023-07-05 12:33:39,2023-07-05 12:44:39,2023-07-05 12:48:39,1404.2,Cash,8995.0
9554019312.0,6247821.0,578097.0,1.0,267.61,2023-09-08 01:54:46,2023-09-08 02:10:46,2023-09-08 02:05:46,4088.52,UPI,1972.0
3749174258.0,38902193.0,613942.0,3.0,545.0,2024-02-13 07:46:49,2024-02-13 07:59:49,2024-02-13 08:10:49,2618.07,Wallet,292.0
3947164241.0,95768401.0,131136.0,2.0,37.8,2024-11-04 20:29:15,2024-11-04 20:43:15,2024-11-04 20:47:15,1463.39,UPI,5181.0
487327038.0,67277562.0,673058.0,3.0,765.76,2023-10-05 00:26:02,2023-10-05 00:41:02,2023-10-05 00:44:02,563.45,UPI,8846.0
8830321199.0,93341057.0,894539.0,2.0,445.48,2024-08-10 06:00:16,2024-08-10 06:17:16,2024-08-10 06:32:16,46.62,Cash,1599.0
3811318591.0,64940409.0,585299.0,1.0,799.46,2023-07-07 12:56:03,2023-07-07 13:10:03,2023-07-07 13:08:03,1563.3,UPI,3520.0
6795601573.0,46629917.0,677542.0,1.0,212.61,2023-12-13 02:39:49,2023-12-13 02:49:49,2023-12-13 02:45:49,2301.92,Card,8610.0
2348495717.0,86067293.0,709916.0,3.0,33.76,2023-06-27 00:54:54,2023-06-27 01:11:54,2023-06-27 01:11:54,691.58,Cash,2133.0
9505736584.0,63571453.0,667163.0,1.0,441.2,2024-06-04 05:37:56,2024-06-04 05:50:56,2024-06-04 06:08:56,826.21,Wallet,4874.0
1857227304.0,99301505.0,194682.0,1.0,912.29,2024-03-19 07:47:02,2024-03-19 08:01:02,2024-03-19 08:05:02,1443.5,Card,7555.0
5506485302.0,66655397.0,491521.0,1.0,556.35,2023-05-19 06:41:57,2023-05-19 06:53:57,2023-05-19 06:48:57,263.7,Cash,6818.0
6074837981.0,61015113.0,373536.0,3.0,494.17,2024-04-20 12:49:11,2024-04-20 13:08:11,2024-04-20 13:06:11,832.37,Card,2317.0
4150569633.0,2903620.0,820973.0,2.0,114.52,2023-10-29 11:22:51,2023-10-29 11:37:51,2023-10-29 12:01:51,2206.06,Card,7595.0
609838437.0,54619715.0,382511.0,3.0,702.54,2023-12-13 04:58:58,2023-12-13 05:18:58,2023-12-13 05:13:58,310.69,Card,5150.0
5229657139.0,18889370.0,487931.0,1.0,709.08,2023-10-03 11:53:27,2023-10-03 12:08:27,2023-10-03 12:21:27,3483.81,Cash,2035.0
2589639350.0,64141971.0,500739.0,3.0,359.98,2023-08-01 10:46:34,2023-08-01 11:06:34,2023-08-01 11:03:34,1917.97,UPI,6047.0
7656948165.0,44410149.0,901144.0,3.0,340.36,2023-06-07 10:23:28,2023-06-07 10:41:28,2023-06-07 10:54:28,3332.9,Wallet,8459.0
1806563605.0,25659794.0,183929.0,1.0,738.74,2023-12-24 00:23:24,2023-12-24 00:41:24,2023-12-24 00:45:24,5747.38,Wallet,5673.0
359819834.0,12755730.0,952168.0,2.0,236.95,2023-12-27 12:39:23,2023-12-27 12:56:23,2023-12-27 13:25:23,2060.96,UPI,4535.0
1908423841.0,56441247.0,449106.0,2.0,48.55,2023-10-28 04:57:00,2023-10-28 05:07:00,2023-10-28 05:08:00,881.17,UPI,3974.0
299859815.0,2848415.0,707935.0,2.0,820.9,2024-01-16 02:45:51,2024-01-16 03:03:51,2024-01-16 03:13:51,1233.33,Wallet,9397.0
923659418.0,25081012.0,217710.0,1.0,58.59,2023-04-16 13:14:50,2023-04-16 13:32:50,2023-04-16 13:33:50,2700.37,Wallet,7835.0
3560625119.0,82989313.0,679865.0,3.0,347.91,2023-05-13 19:53:58,2023-05-13 20:04:58,2023-05-13 20:14:58,2722.14,Wallet,683.0
7111490680.0,32500305.0,317242.0,3.0,198.15,2024-01-24 19:15:43,2024-01-24 19:29:43,2024-01-24 19:37:43,1337.06,Card,5707.0
5766981431.0,93675757.0,53833.0,2.0,134.69,2024-01-14 04:28:49,2024-01-14 04:42:49,2024-01-14 04:47:49,1178.42,UPI,7251.0
8609945311.0,51670882.0,853932.0,3.0,941.19,2024-05-03 10:00:04,2024-05-03 10:10:04,2024-05-03 10:07:04,2238.35,Wallet,8984.0
1691260635.0,80796977.0,707935.0,1.0,820.9,2024-06-17 10:23:39,2024-06-17 10:35:39,2024-06-17 10:39:39,3593.61,Card,8139.0
8742091504.0,78254569.0,349294.0,3.0,934.75,2023-07-03 23:26:52,2023-07-03 23:41:52,2023-07-03 23:54:52,2783.84,Card,1687.0
1997833025.0,72489544.0,123983.0,1.0,785.67,2023-07-28 23:24:23,2023-07-28 23:39:23,2023-07-28 23:37:23,1074.29,UPI,3240.0
3588296877.0,83404008.0,757274.0,2.0,98.32,2024-08-13 08:04:17,2024-08-13 08:19:17,2024-08-13 08:44:17,2748.08,Card,8424.0
2404804990.0,81757554.0,557908.0,1.0,942.37,2023-12-24 12:32:31,2023-12-24 12:50:31,2023-12-24 12:59:31,3903.99,Wallet,1231.0
8091385479.0,16082651.0,14145.0,1.0,630.84,2024-04-09 15:13:24,2024-04-09 15:31:24,2024-04-09 15:36:24,317.8,UPI,3628.0
7133174424.0,8513589.0,264803.0,1.0,995.98,2023-06-22 03:24:19,2023-06-22 03:42:19,2023-06-22 03:43:19,4911.58,UPI,7551.0
6110446321.0,78412820.0,272170.0,1.0,140.8,2024-10-27 01:56:26,2024-10-27 02:11:26,2024-10-27 02:14:26,657.8,Wallet,335.0
6964586050.0,4597433.0,378230.0,1.0,166.42,2024-08-04 18:38:03,2024-08-04 18:49:03,2024-08-04 18:45:03,2824.9,Cash,2357.0
2351986014.0,85626346.0,589812.0,2.0,163.03,2023-04-21 12:54:41,2023-04-21 13:04:41,2023-04-21 13:16:41,3434.75,Wallet,1557.0
352569720.0,65660660.0,757274.0,1.0,98.32,2023-06-23 00:25:26,2023-06-23 00:39:26,2023-06-23 00:34:26,2081.26,Wallet,9416.0
1235280275.0,46875863.0,491521.0,2.0,556.35,2023-08-09 22:42:03,2023-08-09 22:57:03,2023-08-09 22:58:03,626.59,Cash,7967.0
9399859705.0,57548210.0,217710.0,1.0,58.59,2023-10-29 01:13:16,2023-10-29 01:29:16,2023-10-29 01:24:16,3915.04,UPI,2528.0
7530379037.0,99729547.0,952168.0,3.0,236.95,2024-08-02 19:47:04,2024-08-02 19:58:04,2024-08-02 20:03:04,1496.89,UPI,97.0
5952886441.0,16420489.0,328457.0,3.0,858.57,2024-03-12 11:22:17,2024-03-12 11:39:17,2024-03-12 11:37:17,3604.38,Wallet,5334.0
5815833211.0,31940833.0,373536.0,2.0,494.17,2024-02-08 19:08:31,2024-02-08 19:27:31,2024-02-08 19:27:31,1691.9,Card,4175.0
7307394687.0,47043878.0,739448.0,2.0,755.66,2024-05-01 10:47:18,2024-05-01 11:04:18,2024-05-01 10:59:18,1894.83,Wallet,2085.0
6033014029.0,29525287.0,587645.0,1.0,801.81,2024-10-21 13:54:53,2024-10-21 14:09:53,2024-10-21 14:20:53,1534.73,Cash,6382.0
1409944718.0,39042103.0,153019.0,3.0,947.95,2023-08-19 14:10:37,2023-08-19 14:25:37,2023-08-19 14:28:37,2483.94,UPI,4180.0
1811382200.0,37915052.0,131748.0,3.0,81.35,2023-08-25 19:03:17,2023-08-25 19:20:17,2023-08-25 19:16:17,3949.87,UPI,7829.0
4485391413.0,11478478.0,863930.0,3.0,242.57,2023-12-21 08:58:06,2023-12-21 09:15:06,2023-12-21 09:19:06,1293.18,Card,5420.0
4076279641.0,89476734.0,684939.0,3.0,727.95,2023-07-12 17:23:25,2023-07-12 17:35:25,2023-07-12 17:43:25,4782.5,UPI,3139.0
2965387566.0,47955004.0,615545.0,2.0,448.16,2023-08-16 11:38:40,2023-08-16 11:55:40,2023-08-16 12:00:40,3578.47,Wallet,8895.0
9397774189.0,92245432.0,112390.0,2.0,877.98,2023-06-28 08:13:42,2023-06-28 08:29:42,2023-06-28 08:26:42,48.55,Cash,5049.0
1437159967.0,68016312.0,803607.0,3.0,949.73,2024-06-07 01:48:08,2024-06-07 01:59:08,2024-06-07 01:58:08,1315.84,Cash,9185.0
8397785448.0,67952740.0,131136.0,2.0,37.8,2024-09-04 02:53:31,2024-09-04 03:11:31,2024-09-04 03:15:31,1325.59,Wallet,3493.0
2778606949.0,33675108.0,654623.0,2.0,422.14,2024-10-13 13:58:43,2024-10-13 14:09:43,2024-10-13 14:09:43,3510.28,Card,2277.0
1774096863.0,60656482.0,784827.0,1.0,274.25,2023-06-13 05:30:19,2023-06-13 05:47:19,2023-06-13 05:47:19,2645.28,Wallet,1421.0
1497256618.0,87220860.0,853932.0,1.0,941.19,2023-04-26 23:27:32,2023-04-26 23:38:32,2023-04-26 23:41:32,5278.23,Card,3391.0
734095510.0,56480776.0,313754.0,1.0,136.6,2024-06-03 21:33:06,2024-06-03 21:44:06,2024-06-03 21:47:06,1614.08,Card,8971.0
5755859055.0,79592021.0,473929.0,3.0,440.19,2024-10-30 14:19:27,2024-10-30 14:37:27,2024-10-30 14:54:27,354.52,Card,4726.0
5840290569.0,99490786.0,760828.0,1.0,563.45,2023-09-18 03:57:40,2023-09-18 04:09:40,2023-09-18 04:08:40,2578.09,Wallet,5670.0
8200985533.0,1855421.0,555121.0,2.0,354.91,2024-01-08 07:20:54,2024-01-08 07:39:54,2024-01-08 07:36:54,77.11,Card,7297.0
3255590064.0,92642745.0,709916.0,1.0,33.76,2023-04-21 04:37:28,2023-04-21 04:51:28,2023-04-21 04:54:28,1763.6,UPI,9157.0
4258404747.0,27692428.0,272170.0,1.0,140.8,2024-10-11 02:10:11,2024-10-11 02:30:11,2024-10-11 02:29:11,953.65,UPI,1731.0
2455161115.0,27620326.0,131748.0,2.0,81.35,2024-01-29 08:59:28,2024-01-29 09:17:28,2024-01-29 09:17:28,1010.85,UPI,5466.0
4448004569.0,47215976.0,455083.0,2.0,959.01,2024-01-10 02:02:49,2024-01-10 02:13:49,2024-01-10 02:08:49,2058.24,Card,2746.0
5951090793.0,27878182.0,615545.0,1.0,448.16,2024-04-20 19:08:47,2024-04-20 19:26:47,2024-04-20 19:29:47,2143.89,UPI,7610.0
7402491996.0,92509376.0,672059.0,2.0,672.73,2024-07-14 06:46:07,2024-07-14 07:02:07,2024-07-14 07:04:07,866.77,Card,8275.0
8532411923.0,57360162.0,77308.0,3.0,223.27,2024-07-16 18:56:51,2024-07-16 19:12:51,2024-07-16 19:19:51,1071.82,Wallet,7137.0
7130555385.0,37309023.0,365133.0,3.0,915.45,2024-01-16 14:35:27,2024-01-16 14:55:27,2024-01-16 15:07:27,1539.36,Cash,2562.0
4338197132.0,66310963.0,107548.0,3.0,891.6,2024-10-11 07:09:49,2024-10-11 07:23:49,2024-10-11 07:19:49,3327.67,UPI,9984.0
8044366071.0,80833965.0,131937.0,3.0,287.81,2023-04-30 13:56:24,2023-04-30 14:14:24,2023-04-30 14:19:24,2843.12,Card,2938.0
4135251774.0,77961205.0,114414.0,2.0,832.06,2024-10-09 11:47:45,2024-10-09 12:06:45,2024-10-09 12:05:45,2487.3,Card,8611.0
6331483812.0,97411107.0,291238.0,1.0,746.03,2024-09-06 22:45:14,2024-09-06 22:57:14,2024-09-06 23:06:14,493.19,Wallet,9755.0
6705171000.0,52417972.0,9436.0,3.0,88.43,2023-09-04 20:28:35,2023-09-04 20:42:35,2023-09-04 20:42:35,1912.64,Wallet,6226.0
7850128898.0,38478423.0,962054.0,1.0,16.86,2024-06-28 07:30:48,2024-06-28 07:48:48,2024-06-28 08:05:48,1427.18,Card,7628.0
3602554049.0,65815155.0,818522.0,3.0,96.09,2023-07-28 15:01:30,2023-07-28 15:16:30,2023-07-28 15:35:30,3310.35,Wallet,2038.0
1070259187.0,22738465.0,949818.0,1.0,483.05,2023-06-09 11:06:16,2023-06-09 11:18:16,2023-06-09 11:19:16,517.77,Wallet,1656.0
8412338399.0,2566268.0,187399.0,2.0,53.49,2024-10-28 18:46:06,2024-10-28 19:05:06,2024-10-28 19:11:06,3825.11,Card,8021.0
1478022303.0,69353754.0,600767.0,2.0,722.42,2023-12-31 15:58:50,2023-12-31 16:13:50,2023-12-31 16:08:50,841.61,Wallet,4995.0
2376108199.0,81757554.0,564692.0,2.0,215.65,2024-05-13 16:07:25,2024-05-13 16:23:25,2024-05-13 16:27:25,1751.17,Card,8305.0
5243035202.0,10541231.0,991434.0,3.0,237.62,2024-10-20 00:39:24,2024-10-20 00:49:24,2024-10-20 00:45:24,1688.35,Card,2668.0
3687581971.0,81932548.0,739448.0,2.0,755.66,2024-10-05 13:55:42,2024-10-05 14:15:42,2024-10-05 14:28:42,1046.51,Cash,4323.0
7008586055.0,96109948.0,839170.0,1.0,481.63,2023-05-24 05:13:04,2023-05-24 05:23:04,2023-05-24 05:41:04,2848.4,Wallet,18.0
5142069216.0,35459748.0,734789.0,2.0,395.82,2024-02-25 15:03:22,2024-02-25 15:21:22,2024-02-25 15:21:22,2551.88,UPI,7911.0
4152441944.0,92636025.0,712307.0,2.0,264.89,2023-04-25 10:22:51,2023-04-25 10:33:51,2023-04-25 10:32:51,4483.92,UPI,5527.0
5601670348.0,32830199.0,491521.0,1.0,556.35,2024-10-29 00:23:22,2024-10-29 00:34:22,2024-10-29 00:45:22,354.91,Cash,6876.0
605105099.0,5039883.0,542300.0,1.0,255.35,2023-12-30 08:15:15,2023-12-30 08:32:15,2023-12-30 08:30:15,3357.25,Cash,6874.0
4054936140.0,28286754.0,461804.0,1.0,310.69,2024-04-19 08:01:53,2024-04-19 08:19:53,2024-04-19 08:24:53,400.92,Cash,3720.0
8741892156.0,66886852.0,540618.0,2.0,317.05,2023-11-15 04:50:43,2023-11-15 05:02:43,2023-11-15 05:12:43,2046.92,Card,6057.0
9143640828.0,90298394.0,140489.0,2.0,650.2,2023-07-18 13:12:02,2023-07-18 13:25:02,2023-07-18 13:33:02,1205.86,Card,6597.0
6900876252.0,87984862.0,367391.0,2.0,939.55,2024-02-21 16:57:14,2024-02-21 17:10:14,2024-02-21 17:05:14,3214.61,Wallet,9130.0
9801174908.0,54347213.0,837480.0,1.0,217.4,2024-04-27 11:49:38,2024-04-27 11:59:38,2024-04-27 12:07:38,1487.04,Card,1250.0
551343632.0,59840071.0,272170.0,3.0,140.8,2024-02-20 19:51:10,2024-02-20 20:04:10,2024-02-20 20:06:10,4881.51,Cash,5126.0
7961173808.0,90184276.0,131937.0,3.0,287.81,2023-06-05 00:30:45,2023-06-05 00:42:45,2023-06-05 00:37:45,2802.91,UPI,8310.0
328909145.0,36146306.0,681063.0,3.0,321.28,2024-09-26 16:42:13,2024-09-26 16:53:13,2024-09-26 16:57:13,1851.18,Wallet,1169.0
5551173528.0,64151769.0,762527.0,2.0,690.08,2024-11-03 06:05:51,2024-11-03 06:17:51,2024-11-03 06:21:51,2549.37,Card,5366.0
4461788759.0,79895967.0,876139.0,2.0,415.75,2024-04-23 20:44:08,2024-04-23 20:56:08,2024-04-23 21:01:08,4562.67,Wallet,1752.0
7256212429.0,28350645.0,217710.0,3.0,58.59,2024-03-16 22:00:36,2024-03-16 22:15:36,2024-03-16 22:15:36,727.95,Cash,8094.0
9104077642.0,18199057.0,118820.0,2.0,12.32,2024-10-24 13:19:46,2024-10-24 13:36:46,2024-10-24 13:35:46,1869.79,Cash,2573.0
2914056235.0,31456752.0,930284.0,3.0,189.47,2024-01-02 12:50:42,2024-01-02 13:10:42,2024-01-02 13:10:42,432.39,Card,2860.0
9127632807.0,81528623.0,681063.0,3.0,321.28,2023-05-30 13:09:30,2023-05-30 13:25:30,2023-05-30 13:30:30,886.19,UPI,9723.0
6070154414.0,45052594.0,784827.0,1.0,274.25,2023-06-19 19:05:34,2023-06-19 19:24:34,2023-06-19 19:29:34,2471.11,Cash,4484.0
2318969828.0,2457734.0,123983.0,1.0,785.67,2023-03-26 20:02:49,2023-03-26 20:22:49,2023-03-26 20:19:49,1946.42,Cash,4825.0
3813047994.0,60275891.0,18035.0,2.0,968.94,2023-12-20 00:00:10,2023-12-20 00:11:10,2023-12-20 00:07:10,3494.17,Cash,9062.0
1416102774.0,92245432.0,56589.0,2.0,517.77,2024-04-27 16:28:05,2024-04-27 16:46:05,2024-04-27 16:59:05,2657.83,UPI,1566.0
8086834412.0,23286884.0,566052.0,2.0,87.3,2024-03-08 19:23:33,2024-03-08 19:36:33,2024-03-08 19:34:33,4748.88,Wallet,6966.0
6193826826.0,85561151.0,478531.0,3.0,825.46,2023-08-05 01:14:47,2023-08-05 01:25:47,2023-08-05 01:28:47,166.42,Cash,5695.0
8444509148.0,64141971.0,853932.0,3.0,941.19,2024-02-21 22:35:12,2024-02-21 22:45:12,2024-02-21 22:46:12,5368.83,Wallet,3334.0
42332130.0,70363568.0,365133.0,1.0,915.45,2024-10-17 17:08:04,2024-10-17 17:18:04,2024-10-17 17:15:04,1441.07,Wallet,9022.0
6009342120.0,59620534.0,272170.0,2.0,140.8,2024-03-02 08:57:40,2024-03-02 09:13:40,2024-03-02 09:20:40,1402.9,Wallet,5318.0
4818516411.0,85006599.0,367391.0,3.0,939.55,2023-10-09 12:07:11,2023-10-09 12:27:11,2023-10-09 12:24:11,938.03,Wallet,5331.0
1039229544.0,93730857.0,243235.0,3.0,109.03,2024-08-10 17:00:09,2024-08-10 17:14:09,2024-08-10 17:10:09,3303.2,Cash,9561.0
1515943657.0,59436131.0,760684.0,3.0,71.6,2023-09-07 18:30:15,2023-09-07 18:40:15,2023-09-07 18:44:15,2745.46,UPI,9705.0
9183547951.0,19259955.0,461804.0,2.0,310.69,2024-01-20 19:50:24,2024-01-20 20:10:24,2024-01-20 20:09:24,3075.69,UPI,9660.0
8478376092.0,91500615.0,952168.0,1.0,236.95,2023-04-17 02:06:57,2023-04-17 02:17:57,2023-04-17 02:18:57,4535.63,Wallet,2904.0
1454073903.0,89874335.0,34186.0,3.0,925.65,2023-09-16 08:57:33,2023-09-16 09:09:33,2023-09-16 09:16:33,2976.93,Card,7736.0
2855402284.0,33370343.0,451812.0,2.0,530.85,2023-07-30 00:48:32,2023-07-30 01:02:32,2023-07-30 01:05:32,3570.08,Wallet,6762.0
7245730533.0,51670882.0,647462.0,2.0,326.42,2024-05-26 07:53:37,2024-05-26 08:09:37,2024-05-26 08:22:37,475.04,UPI,9254.0
2272892659.0,24308515.0,51036.0,3.0,931.61,2023-07-26 10:49:54,2023-07-26 10:59:54,2023-07-26 11:10:54,2182.59,Wallet,6254.0
9087377568.0,54038173.0,432617.0,1.0,863.18,2024-02-21 02:16:52,2024-02-21 02:34:52,2024-02-21 02:33:52,2490.79,UPI,895.0
8443685057.0,19400174.0,525531.0,1.0,831.1,2023-07-02 01:45:40,2023-07-02 01:57:40,2023-07-02 01:59:40,3804.03,Card,2605.0
1590988730.0,42208242.0,764014.0,3.0,612.04,2023-12-21 22:30:21,2023-12-21 22:41:21,2023-12-21 22:41:21,1928.1,Cash,440.0
7357811417.0,26364643.0,692985.0,2.0,197.39,2024-09-29 09:42:08,2024-09-29 09:54:08,2024-09-29 09:53:08,5692.84,UPI,6841.0
394951937.0,65406127.0,63769.0,1.0,878.07,2024-04-24 18:01:02,2024-04-24 18:12:02,2024-04-24 18:17:02,1517.52,Cash,3224.0
3967445448.0,20148223.0,832348.0,3.0,831.43,2023-11-02 14:51:51,2023-11-02 15:08:51,2023-11-02 15:07:51,154.5,Card,1690.0
6101022928.0,10088428.0,256783.0,3.0,906.54,2024-10-02 18:07:29,2024-10-02 18:26:29,2024-10-02 18:31:29,1253.07,Card,5977.0
6322372546.0,43052303.0,613942.0,3.0,545.0,2024-02-19 09:59:21,2024-02-19 10:16:21,2024-02-19 10:35:21,3383.58,Wallet,1803.0
9778782281.0,63025744.0,818990.0,3.0,163.55,2023-04-14 21:43:40,2023-04-14 21:54:40,2023-04-14 22:07:40,477.12,Card,6492.0
3867563962.0,14940427.0,647462.0,1.0,326.42,2023-12-24 17:29:37,2023-12-24 17:39:37,2023-12-24 17:34:37,2417.68,Wallet,981.0
9277710098.0,38969732.0,542300.0,2.0,255.35,2023-04-02 16:32:17,2023-04-02 16:48:17,2023-04-02 16:58:17,1807.12,Cash,4843.0
7669322773.0,6081270.0,77308.0,2.0,223.27,2023-08-29 13:05:04,2023-08-29 13:20:04,2023-08-29 13:22:04,836.16,Card,4555.0
3917427529.0,68159723.0,771228.0,2.0,83.18,2024-10-12 11:58:44,2024-10-12 12:18:44,2024-10-12 12:33:44,3772.26,Cash,5628.0
1934158144.0,65134271.0,120532.0,1.0,697.53,2024-04-02 17:08:27,2024-04-02 17:23:27,2024-04-02 17:28:27,415.75,Card,2405.0
3157338466.0,243838.0,847349.0,2.0,781.08,2023-08-24 15:58:23,2023-08-24 16:16:23,2023-08-24 16:11:23,2859.05,UPI,2843.0
9640662474.0,74761384.0,760684.0,3.0,71.6,2024-04-09 14:08:50,2024-04-09 14:27:50,2024-04-09 14:38:50,1420.64,Cash,3616.0
2356272189.0,42432226.0,604184.0,3.0,397.55,2024-04-09 02:07:11,2024-04-09 02:20:11,2024-04-09 02:21:11,313.77,Card,3664.0
1380510406.0,54338574.0,602241.0,1.0,976.55,2024-07-27 20:15:20,2024-07-27 20:31:20,2024-07-27 20:35:20,3015.14,Wallet,5404.0
8008377895.0,23794330.0,349294.0,2.0,934.75,2023-06-26 13:17:29,2023-06-26 13:29:29,2023-06-26 13:58:29,850.06,Card,6886.0
3680678403.0,57537308.0,313754.0,3.0,136.6,2023-03-31 00:13:37,2023-03-31 00:33:37,2023-03-31 00:34:37,3346.47,UPI,7343.0
2847236502.0,6812439.0,871592.0,1.0,870.29,2024-07-16 10:47:30,2024-07-16 11:07:30,2024-07-16 11:10:30,127.08,Wallet,3484.0
5212392063.0,75510747.0,532965.0,1.0,307.23,2024-06-17 02:44:31,2024-06-17 03:00:31,2024-06-17 02:58:31,4005.87,Card,5449.0
3804024939.0,91566278.0,57405.0,2.0,607.67,2024-01-27 21:13:51,2024-01-27 21:31:51,2024-01-27 21:32:51,2791.42,Card,4280.0
5395870775.0,18394558.0,432617.0,3.0,863.18,2024-08-01 19:15:33,2024-08-01 19:33:33,2024-08-01 19:29:33,3064.35,Card,4766.0
511736499.0,38615653.0,4452.0,1.0,169.88,2024-10-24 21:20:11,2024-10-24 21:33:11,2024-10-24 21:38:11,2993.04,Card,6635.0
2895886759.0,69863493.0,949818.0,1.0,483.05,2023-09-07 22:24:10,2023-09-07 22:39:10,2023-09-07 22:45:10,3005.64,Card,6836.0
6638513435.0,32809328.0,306177.0,3.0,769.24,2024-08-04 13:03:07,2024-08-04 13:21:07,2024-08-04 13:18:07,68.49,Cash,8422.0
4168083780.0,13581527.0,187399.0,1.0,53.49,2024-06-09 04:29:32,2024-06-09 04:48:32,2024-06-09 04:49:32,1489.58,Wallet,4620.0
2501516144.0,88252625.0,652118.0,3.0,22.04,2024-10-01 09:14:18,2024-10-01 09:25:18,2024-10-01 09:23:18,48.55,Cash,8147.0
7141387557.0,98246574.0,349294.0,3.0,934.75,2023-08-18 21:12:53,2023-08-18 21:32:53,2023-08-18 21:30:53,4664.16,Wallet,381.0
2747350024.0,75860724.0,186168.0,3.0,878.8,2024-08-16 13:12:40,2024-08-16 13:31:40,2024-08-16 13:30:40,793.14,UPI,5857.0
9503407492.0,29272253.0,764014.0,2.0,612.04,2023-08-25 22:40:34,2023-08-25 22:56:34,2023-08-25 23:14:34,1932.17,Wallet,3377.0
4845607487.0,78053306.0,513199.0,1.0,422.23,2023-03-17 18:51:57,2023-03-17 19:02:57,2023-03-17 19:05:57,646.54,Cash,4238.0
2051769691.0,30447453.0,890232.0,1.0,432.0,2023-09-06 16:24:21,2023-09-06 16:38:21,2023-09-06 16:33:21,1255.53,UPI,5116.0
1092990139.0,85476508.0,820973.0,2.0,114.52,2024-10-01 01:17:29,2024-10-01 01:33:29,2024-10-01 01:37:29,3410.49,Card,2623.0
5527612319.0,14632090.0,690565.0,3.0,951.27,2024-09-11 23:57:55,2024-09-12 00:12:55,2024-09-12 00:12:55,2445.2,Wallet,9342.0
8852367079.0,22694456.0,714999.0,3.0,882.51,2024-04-07 05:11:02,2024-04-07 05:25:02,2024-04-07 05:27:02,3115.43,Wallet,8674.0
1666202264.0,85474732.0,337168.0,2.0,545.49,2023-05-07 10:21:06,2023-05-07 10:39:06,2023-05-07 10:45:06,2389.83,Cash,8113.0
8606484804.0,41155125.0,654297.0,1.0,13.25,2024-06-18 15:23:30,2024-06-18 15:37:30,2024-06-18 15:43:30,2409.69,UPI,3608.0
8905341102.0,80862136.0,937542.0,2.0,97.04,2024-02-08 04:09:21,2024-02-08 04:28:21,2024-02-08 04:27:21,2542.21,Cash,3150.0
5418735913.0,10210309.0,606256.0,1.0,369.28,2024-07-11 11:40:20,2024-07-11 11:56:20,2024-07-11 11:54:20,2190.34,Cash,9566.0
970377475.0,48167795.0,734789.0,2.0,395.82,2024-09-03 22:45:37,2024-09-03 22:57:37,2024-09-03 22:56:37,22.04,Card,3147.0
7320527109.0,83298567.0,291238.0,2.0,746.03,2024-01-18 12:45:56,2024-01-18 12:58:56,2024-01-18 12:57:56,1372.37,UPI,7051.0
5120698.0,44174426.0,187399.0,1.0,53.49,2023-06-09 12:10:20,2023-06-09 12:25:20,2023-06-09 12:40:20,3064.36,Wallet,3184.0
3812396179.0,24496983.0,114414.0,3.0,832.06,2023-07-22 08:32:43,2023-07-22 08:46:43,2023-07-22 08:41:43,1445.54,Card,4693.0
8178951021.0,46208150.0,18035.0,3.0,968.94,2024-03-24 18:55:35,2024-03-24 19:08:35,2024-03-24 19:26:35,3095.39,UPI,1922.0
2479115586.0,55056284.0,532965.0,2.0,307.23,2024-03-14 18:40:17,2024-03-14 18:51:17,2024-03-14 18:55:17,1876.69,Wallet,5738.0
6239453389.0,26285589.0,880510.0,2.0,951.43,2023-10-08 01:15:57,2023-10-08 01:30:57,2023-10-08 01:26:57,2424.72,Wallet,515.0
3136508414.0,13585482.0,435929.0,3.0,856.89,2024-07-22 15:22:23,2024-07-22 15:33:23,2024-07-22 15:30:23,2242.5,Cash,9976.0
5521273487.0,6992801.0,18035.0,2.0,968.94,2024-05-18 15:03:26,2024-05-18 15:16:26,2024-05-18 15:42:26,942.37,Cash,7497.0
5445047872.0,37802267.0,723678.0,3.0,675.46,2023-10-17 05:34:18,2023-10-17 05:49:18,2023-10-17 05:54:18,927.52,Card,7313.0
3678525130.0,36428139.0,451812.0,1.0,530.85,2023-03-20 18:18:25,2023-03-20 18:33:25,2023-03-20 18:35:25,1650.3,UPI,2099.0
9328056960.0,81229704.0,237083.0,2.0,577.13,2024-08-14 06:21:10,2024-08-14 06:36:10,2024-08-14 06:43:10,445.48,Cash,9565.0
2109203997.0,40277444.0,131937.0,1.0,287.81,2024-05-04 18:20:04,2024-05-04 18:35:04,2024-05-04 18:47:04,1463.17,Cash,1818.0
556665455.0,32500305.0,876139.0,3.0,415.75,2024-02-08 01:04:11,2024-02-08 01:22:11,2024-02-08 01:49:11,715.72,Card,8468.0
6573705785.0,24000329.0,567671.0,2.0,418.48,2023-11-23 12:34:22,2023-11-23 12:49:22,2023-11-23 12:45:22,1864.68,Wallet,8486.0
2609502403.0,2058037.0,131136.0,1.0,37.8,2024-10-31 18:23:21,2024-10-31 18:35:21,2024-10-31 18:37:21,3105.12,Wallet,1582.0
1463293930.0,85354059.0,689769.0,1.0,46.62,2024-06-06 14:26:05,2024-06-06 14:41:05,2024-06-06 14:36:05,2859.25,UPI,1306.0
8132887999.0,84456355.0,433521.0,2.0,321.33,2024-02-25 16:07:58,2024-02-25 16:24:58,2024-02-25 16:35:58,3379.0,Wallet,5613.0
7178789018.0,46208150.0,112390.0,1.0,877.98,2023-09-12 08:53:53,2023-09-12 09:09:53,2023-09-12 09:06:53,2166.39,Wallet,2122.0
2295700159.0,83023956.0,760828.0,3.0,563.45,2024-03-11 12:32:17,2024-03-11 12:48:17,2024-03-11 12:55:17,1413.77,Card,6858.0
9277089038.0,35988028.0,837480.0,2.0,217.4,2023-04-15 20:02:46,2023-04-15 20:21:46,2023-04-15 20:29:46,1401.29,Wallet,3241.0
145057465.0,54923640.0,26060.0,3.0,342.94,2024-11-02 08:51:51,2024-11-02 09:09:51,2024-11-02 09:04:51,1590.17,Cash,3887.0
9452353274.0,97770901.0,34186.0,1.0,925.65,2024-10-10 19:27:15,2024-10-10 19:37:15,2024-10-10 19:38:15,4410.72,Cash,7549.0
5434328922.0,67340606.0,837480.0,2.0,217.4,2024-02-08 07:35:10,2024-02-08 07:46:10,2024-02-08 07:44:10,2877.57,Card,6298.0
3327051807.0,99707100.0,516376.0,3.0,877.43,2023-10-02 16:46:07,2023-10-02 17:06:07,2023-10-02 17:09:07,2141.39,Card,8226.0
1461604569.0,25713335.0,812607.0,1.0,416.65,2024-04-26 02:03:57,2024-04-26 02:18:57,2024-04-26 02:17:57,3604.01,UPI,706.0
606518084.0,78725001.0,60619.0,1.0,726.41,2023-10-28 16:01:12,2023-10-28 16:21:12,2023-10-28 16:21:12,1424.47,Cash,6968.0
7637625389.0,13122744.0,585299.0,1.0,799.46,2023-10-15 20:26:10,2023-10-15 20:38:10,2023-10-15 20:43:10,2013.55,Card,4837.0
7311621328.0,30891209.0,317242.0,3.0,198.15,2024-04-07 02:34:51,2024-04-07 02:48:51,2024-04-07 03:18:51,2639.67,Wallet,6243.0
8790217194.0,38244021.0,589812.0,2.0,163.03,2024-03-25 01:29:32,2024-03-25 01:39:32,2024-03-25 01:52:32,1666.68,Wallet,6000.0
1772445313.0,13071673.0,557908.0,3.0,942.37,2023-07-21 00:30:42,2023-07-21 00:41:42,2023-07-21 00:44:42,2441.43,Card,1745.0
159394992.0,35358395.0,473929.0,1.0,440.19,2024-08-06 06:44:30,2024-08-06 06:59:30,2024-08-06 07:00:30,611.71,Card,9812.0
7992910755.0,76218218.0,243235.0,1.0,109.03,2023-07-12 09:11:08,2023-07-12 09:26:08,2023-07-12 09:54:08,3156.54,Wallet,7476.0
1786931285.0,1719710.0,679321.0,1.0,738.46,2023-06-29 04:47:55,2023-06-29 04:59:55,2023-06-29 04:55:55,778.9,Wallet,4927.0
2225520858.0,95372766.0,448752.0,3.0,160.07,2023-11-22 13:01:16,2023-11-22 13:18:16,2023-11-22 13:16:16,3519.46,Cash,597.0
5635738740.0,33034249.0,319388.0,2.0,657.8,2023-09-28 14:29:27,2023-09-28 14:45:27,2023-09-28 14:45:27,2920.62,UPI,6365.0
2230824358.0,41878908.0,679284.0,1.0,877.89,2023-05-24 15:21:07,2023-05-24 15:39:07,2023-05-24 15:53:07,2302.29,Cash,2143.0
9217211301.0,52085702.0,681063.0,2.0,321.28,2023-06-15 10:25:23,2023-06-15 10:35:23,2023-06-15 10:32:23,4441.76,Cash,9240.0
4501870609.0,16082651.0,839170.0,2.0,481.63,2024-07-10 08:10:58,2024-07-10 08:28:58,2024-07-10 08:33:58,2253.3,Cash,4010.0
838401679.0,89699655.0,832348.0,3.0,831.43,2023-07-23 07:24:40,2023-07-23 07:40:40,2023-07-23 07:55:40,1430.39,Wallet,6870.0
9587315528.0,66440188.0,623234.0,3.0,329.79,2024-08-07 00:05:21,2024-08-07 00:21:21,2024-08-07 00:26:21,1019.38,Wallet,7856.0
3122936945.0,95001589.0,880510.0,1.0,951.43,2023-05-06 23:07:29,2023-05-06 23:26:29,2023-05-06 23:25:29,397.68,Cash,9066.0
6093390755.0,32054313.0,337168.0,1.0,545.49,2023-11-24 13:24:41,2023-11-24 13:36:41,2023-11-24 13:39:41,1872.67,Card,2462.0
2032956677.0,66932104.0,993331.0,1.0,102.44,2024-05-02 21:28:42,2024-05-02 21:43:42,2024-05-02 21:50:42,1051.16,Wallet,7861.0
1488430001.0,67092149.0,807452.0,3.0,144.19,2024-08-04 15:09:28,2024-08-04 15:26:28,2024-08-04 15:40:28,3630.56,Card,4217.0
615391848.0,65570302.0,284460.0,1.0,505.95,2024-09-12 21:42:22,2024-09-12 21:57:22,2024-09-12 21:53:22,1041.18,Cash,2628.0
8686093533.0,30823988.0,492958.0,2.0,84.2,2024-02-06 05:53:02,2024-02-06 06:08:02,2024-02-06 06:04:02,2197.24,Cash,1232.0
7038758506.0,68714053.0,51036.0,2.0,931.61,2023-05-08 06:18:49,2023-05-08 06:34:49,2023-05-08 06:39:49,77.11,Wallet,731.0
2385966456.0,12184293.0,451933.0,3.0,568.94,2023-08-22 07:49:07,2023-08-22 08:04:07,2023-08-22 08:11:07,4160.4,UPI,4204.0
259622674.0,61002154.0,154179.0,2.0,582.87,2023-05-05 00:35:33,2023-05-05 00:47:33,2023-05-05 00:52:33,3081.38,Card,5780.0
2580381935.0,4394659.0,137909.0,2.0,864.3,2024-05-05 09:52:12,2024-05-05 10:03:12,2024-05-05 10:03:12,4613.37,Cash,9682.0
5035471587.0,18140588.0,927651.0,2.0,426.72,2024-01-05 02:05:57,2024-01-05 02:16:57,2024-01-05 02:17:57,3405.27,Card,4763.0
9421270813.0,26844216.0,154179.0,1.0,582.87,2024-04-22 06:03:15,2024-04-22 06:18:15,2024-04-22 06:23:15,2787.46,Wallet,4631.0
1831516625.0,46629917.0,264803.0,3.0,995.98,2024-03-29 20:09:02,2024-03-29 20:21:02,2024-03-29 20:28:02,3008.01,Card,8680.0
1918841793.0,95334407.0,256051.0,1.0,400.92,2024-06-17 21:03:29,2024-06-17 21:18:29,2024-06-17 21:14:29,3273.77,Wallet,2512.0
1757159071.0,59094034.0,589812.0,2.0,163.03,2024-03-13 09:54:17,2024-03-13 10:13:17,2024-03-13 10:21:17,3571.03,Cash,9938.0
7589464630.0,91196901.0,961614.0,1.0,227.22,2024-07-12 13:13:16,2024-07-12 13:30:16,2024-07-12 13:39:16,6543.19,UPI,2409.0
1577085460.0,74682740.0,723678.0,3.0,675.46,2023-09-22 09:53:14,2023-09-22 10:11:14,2023-09-22 10:08:14,2599.08,Wallet,765.0
2279018877.0,40305293.0,993331.0,2.0,102.44,2024-06-10 14:24:22,2024-06-10 14:43:22,2024-06-10 14:57:22,1890.73,Wallet,8690.0
7431412128.0,96989204.0,136533.0,2.0,826.21,2023-05-29 04:05:50,2023-05-29 04:19:50,2023-05-29 04:22:50,2184.61,UPI,7326.0
8781520615.0,85519349.0,689769.0,2.0,46.62,2024-04-14 08:14:14,2024-04-14 08:26:14,2024-04-14 08:27:14,3343.42,Wallet,345.0
1276192882.0,97678578.0,853932.0,1.0,941.19,2024-01-08 07:33:48,2024-01-08 07:45:48,2024-01-08 07:42:48,2375.85,UPI,7738.0
4065794921.0,85518832.0,120385.0,3.0,597.91,2024-03-21 11:14:24,2024-03-21 11:25:24,2024-03-21 11:50:24,3403.34,Cash,7371.0
1690800946.0,79764458.0,589812.0,1.0,163.03,2023-03-29 14:40:35,2023-03-29 14:57:35,2023-03-29 14:59:35,2559.17,UPI,5950.0
877883470.0,1200365.0,4452.0,2.0,169.88,2023-06-07 13:30:04,2023-06-07 13:50:04,2023-06-07 13:58:04,393.43,UPI,7405.0
7322044533.0,48730063.0,382511.0,3.0,702.54,2023-10-13 23:38:34,2023-10-13 23:54:34,2023-10-14 00:06:34,738.65,Wallet,7801.0
5243163885.0,19275474.0,833557.0,1.0,422.87,2023-05-19 13:35:25,2023-05-19 13:45:25,2023-05-19 13:48:25,2412.89,Wallet,7061.0
4360255357.0,15529446.0,91670.0,3.0,439.24,2023-05-14 07:57:31,2023-05-14 08:13:31,2023-05-14 08:21:31,97.04,Cash,6668.0
9623306038.0,51669263.0,365133.0,2.0,915.45,2023-11-10 05:31:21,2023-11-10 05:43:21,2023-11-10 05:42:21,3299.65,Wallet,8972.0
6282385286.0,6150721.0,807452.0,2.0,144.19,2023-10-28 06:44:45,2023-10-28 07:01:45,2023-10-28 07:05:45,2500.44,Cash,4572.0
1001900652.0,30367559.0,217710.0,2.0,58.59,2024-09-08 20:08:07,2024-09-08 20:19:07,2024-09-08 20:32:07,1456.96,Card,2330.0
5161988291.0,65618148.0,82484.0,2.0,914.88,2024-07-01 00:54:01,2024-07-01 01:10:01,2024-07-01 01:05:01,3577.33,UPI,6154.0
3597752998.0,37759707.0,376447.0,1.0,724.84,2024-04-03 13:29:54,2024-04-03 13:44:54,2024-04-03 13:44:54,1565.04,Card,4606.0
9074325310.0,35435896.0,11422.0,2.0,127.16,2024-04-23 16:11:59,2024-04-23 16:27:59,2024-04-23 16:32:59,1714.38,Cash,8528.0
8875965392.0,41395224.0,361361.0,3.0,826.21,2024-01-22 19:05:23,2024-01-22 19:19:23,2024-01-22 19:20:23,2419.46,Cash,2929.0
971081962.0,73428596.0,673058.0,3.0,765.76,2024-08-29 01:39:23,2024-08-29 01:55:23,2024-08-29 01:53:23,1511.54,UPI,8655.0
1948332638.0,62323608.0,18035.0,2.0,968.94,2024-06-08 17:07:02,2024-06-08 17:27:02,2024-06-08 17:32:02,2530.18,Card,7238.0
1785558780.0,18986315.0,689769.0,1.0,46.62,2024-06-28 16:56:00,2024-06-28 17:10:00,2024-06-28 17:06:00,1996.55,Wallet,4524.0
7590462053.0,18326028.0,228286.0,3.0,179.08,2024-06-26 16:29:40,2024-06-26 16:49:40,2024-06-26 16:50:40,833.93,Wallet,8429.0
2135743860.0,73392739.0,647462.0,1.0,326.42,2024-03-22 08:24:49,2024-03-22 08:34:49,2024-03-22 08:39:49,4043.72,UPI,1270.0
9851365751.0,12832151.0,222892.0,3.0,869.22,2023-10-03 16:06:50,2023-10-03 16:23:50,2023-10-03 16:18:50,1413.06,Cash,5939.0
9243090480.0,13760839.0,385113.0,3.0,816.38,2023-03-21 19:45:16,2023-03-21 20:03:16,2023-03-21 20:32:16,1252.94,UPI,5901.0
7168596454.0,35690581.0,563740.0,2.0,96.33,2023-03-22 02:45:18,2023-03-22 02:56:18,2023-03-22 03:04:18,2795.12,UPI,7082.0
2483565595.0,21701991.0,52729.0,1.0,316.02,2023-03-24 06:16:52,2023-03-24 06:30:52,2023-03-24 06:33:52,1267.5,Cash,2259.0
2484470052.0,84848018.0,721521.0,2.0,417.39,2024-01-09 19:29:32,2024-01-09 19:48:32,2024-01-09 19:51:32,1426.56,Cash,2946.0
7702588270.0,55094848.0,305754.0,2.0,979.99,2024-04-26 20:38:36,2024-04-26 20:57:36,2024-04-26 20:54:36,3867.53,Card,4917.0
5992338333.0,9738801.0,63769.0,2.0,878.07,2023-04-03 23:28:44,2023-04-03 23:47:44,2023-04-03 23:47:44,3121.04,Cash,4006.0
9196796718.0,68941950.0,965755.0,1.0,532.57,2023-07-06 21:46:44,2023-07-06 22:00:44,2023-07-06 22:04:44,4037.78,Wallet,324.0
3291765954.0,57523973.0,171602.0,2.0,883.44,2023-08-30 07:00:43,2023-08-30 07:17:43,2023-08-30 07:22:43,1651.89,UPI,8568.0
652616858.0,10663246.0,589812.0,3.0,163.03,2023-05-22 11:53:45,2023-05-22 12:10:45,2023-05-22 12:17:45,2832.35,Card,2819.0
2613508245.0,45028365.0,123983.0,3.0,785.67,2023-12-28 16:43:38,2023-12-28 17:01:38,2023-12-28 16:56:38,3349.73,UPI,8059.0
8169361928.0,8241122.0,818990.0,2.0,163.55,2024-01-10 15:19:09,2024-01-10 15:31:09,2024-01-10 15:35:09,1746.24,Cash,6667.0
9395982132.0,58170168.0,891833.0,2.0,493.19,2023-07-05 12:19:11,2023-07-05 12:31:11,2023-07-05 12:35:11,1545.49,Card,7117.0
1914701538.0,64722323.0,962591.0,1.0,130.01,2023-07-09 14:00:48,2023-07-09 14:19:48,2023-07-09 14:22:48,3606.37,UPI,237.0
6236279358.0,97141762.0,77308.0,1.0,223.27,2024-05-26 05:24:47,2024-05-26 05:36:47,2024-05-26 06:03:47,2832.2,Card,8037.0
2288561509.0,11047835.0,968887.0,3.0,40.7,2023-12-04 19:19:13,2023-12-04 19:39:13,2023-12-04 19:46:13,1272.76,Cash,4436.0
2010415757.0,43295656.0,820973.0,3.0,114.52,2024-06-20 08:47:21,2024-06-20 09:00:21,2024-06-20 08:57:21,1666.99,UPI,9311.0
7164827734.0,9195970.0,9436.0,2.0,88.43,2023-03-16 08:10:44,2023-03-16 08:27:44,2023-03-16 08:24:44,1809.72,UPI,4711.0
7971819985.0,48511124.0,764014.0,3.0,612.04,2024-04-15 02:48:52,2024-04-15 02:58:52,2024-04-15 02:53:52,4188.82,Wallet,8122.0
8234021674.0,41073776.0,123983.0,3.0,785.67,2024-01-29 10:54:13,2024-01-29 11:13:13,2024-01-29 11:16:13,3201.25,Cash,3683.0
4274404843.0,48418662.0,803607.0,1.0,949.73,2024-09-30 01:43:49,2024-09-30 02:01:49,2024-09-30 02:04:49,1013.88,Card,1824.0
7353519273.0,80761521.0,927651.0,1.0,426.72,2023-09-22 12:58:20,2023-09-22 13:15:20,2023-09-22 13:18:20,1882.23,Cash,2706.0
8539612501.0,22846435.0,707935.0,1.0,820.9,2024-09-20 13:30:47,2024-09-20 13:41:47,2024-09-20 13:55:47,1543.13,Wallet,193.0
5894327065.0,35133191.0,953175.0,3.0,225.21,2024-03-15 13:35:58,2024-03-15 13:47:58,2024-03-15 13:56:58,1725.22,Card,8466.0
77053363.0,74172010.0,883013.0,3.0,989.88,2023-05-04 19:19:43,2023-05-04 19:38:43,2023-05-04 19:38:43,4566.21,UPI,2000.0
4467084478.0,30447453.0,833557.0,2.0,422.87,2024-03-03 12:48:19,2024-03-03 12:58:19,2024-03-03 13:12:19,2928.16,Card,7284.0
3514036230.0,84937877.0,107548.0,2.0,891.6,2023-07-11 03:03:24,2023-07-11 03:17:24,2023-07-11 03:22:24,1722.88,Cash,6787.0
4720421794.0,72089140.0,532965.0,2.0,307.23,2024-01-16 06:50:16,2024-01-16 07:09:16,2024-01-16 07:24:16,2816.58,Wallet,5263.0
3202903413.0,12507907.0,140489.0,3.0,650.2,2023-08-04 18:34:57,2023-08-04 18:51:57,2023-08-04 18:53:57,715.37,Cash,782.0
6938082428.0,19741509.0,764014.0,2.0,612.04,2024-03-08 20:39:16,2024-03-08 20:53:16,2024-03-08 20:59:16,2010.44,Cash,9933.0
9202941711.0,59240916.0,144124.0,2.0,162.67,2024-03-24 14:45:54,2024-03-24 14:58:54,2024-03-24 15:02:54,3288.74,Wallet,9969.0
8963522960.0,11143197.0,264803.0,2.0,995.98,2023-11-02 02:43:47,2023-11-02 03:00:47,2023-11-02 03:03:47,1757.33,Cash,3010.0
9266835891.0,14207332.0,243235.0,2.0,109.03,2024-06-13 02:17:05,2024-06-13 02:31:05,2024-06-13 02:30:05,2994.7,Wallet,4518.0
5265722064.0,52032226.0,672059.0,3.0,672.73,2023-07-16 02:33:21,2023-07-16 02:49:21,2023-07-16 02:48:21,1614.35,Cash,5289.0
5514326011.0,95364457.0,677542.0,1.0,212.61,2024-02-04 16:12:37,2024-02-04 16:28:37,2024-02-04 16:29:37,3485.63,Wallet,7235.0
9578652103.0,34839913.0,15314.0,1.0,578.85,2024-03-13 05:17:39,2024-03-13 05:30:39,2024-03-13 05:27:39,1342.89,UPI,1877.0
3559061334.0,79991320.0,706112.0,3.0,478.79,2023-06-09 13:18:53,2023-06-09 13:38:53,2023-06-09 13:49:53,3157.25,UPI,2144.0
637944734.0,60698094.0,4452.0,3.0,169.88,2023-04-01 09:22:52,2023-04-01 09:35:52,2023-04-01 09:39:52,4026.32,Card,7170.0
7454643275.0,18229949.0,365132.0,3.0,229.38,2024-07-14 08:42:33,2024-07-14 09:00:33,2024-07-14 08:57:33,102.44,Cash,2897.0
4319342350.0,99160348.0,951463.0,2.0,787.4,2024-08-27 20:15:26,2024-08-27 20:34:26,2024-08-27 20:56:26,4281.94,Card,587.0
7568450733.0,59518795.0,871592.0,2.0,870.29,2023-04-09 08:22:53,2023-04-09 08:33:53,2023-04-09 08:30:53,1049.09,Wallet,806.0
734744305.0,60698094.0,77308.0,3.0,223.27,2024-06-08 11:59:34,2024-06-08 12:14:34,2024-06-08 12:17:34,2043.02,Wallet,7827.0
5233331050.0,85561151.0,171602.0,3.0,883.44,2023-05-01 16:36:35,2023-05-01 16:53:35,2023-05-01 16:56:35,84.2,UPI,9668.0
8326867788.0,17939362.0,798639.0,3.0,211.25,2023-09-20 01:05:39,2023-09-20 01:25:39,2023-09-20 01:25:39,1213.48,Card,4451.0
8368819094.0,42432226.0,968887.0,3.0,40.7,2024-08-15 02:54:26,2024-08-15 03:08:26,2024-08-15 03:07:26,572.12,Wallet,6906.0
8700151605.0,19275474.0,820541.0,2.0,576.22,2023-08-04 09:15:27,2023-08-04 09:32:27,2023-08-04 09:57:27,1301.73,Wallet,2248.0
6269179048.0,469006.0,700048.0,3.0,141.28,2023-11-11 15:50:53,2023-11-11 16:04:53,2023-11-11 16:02:53,1864.85,Wallet,7515.0
1265254177.0,46378942.0,435929.0,1.0,856.89,2023-09-24 14:15:04,2023-09-24 14:29:04,2023-09-24 14:27:04,3988.44,Card,3622.0
9858963919.0,40858753.0,140489.0,3.0,650.2,2023-07-02 06:49:46,2023-07-02 07:02:46,2023-07-02 07:31:46,481.63,Wallet,5786.0
7279564594.0,91566278.0,336847.0,2.0,936.98,2024-01-19 09:50:36,2024-01-19 10:03:36,2024-01-19 09:59:36,1226.55,Card,8600.0
6983253839.0,62629494.0,913428.0,3.0,392.22,2024-04-03 20:29:42,2024-04-03 20:46:42,2024-04-03 20:47:42,3115.93,Wallet,7769.0
9479808024.0,62679120.0,712307.0,2.0,264.89,2023-10-16 05:38:38,2023-10-16 05:54:38,2023-10-16 05:50:38,3628.88,Card,6487.0
3583522679.0,6668498.0,712003.0,1.0,671.68,2023-09-06 11:49:56,2023-09-06 12:08:56,2023-09-06 12:09:56,4148.39,Wallet,2279.0
1923226423.0,39042103.0,365133.0,2.0,915.45,2024-07-28 07:37:08,2024-07-28 07:54:08,2024-07-28 07:56:08,3344.78,Card,3961.0
664198080.0,89036169.0,615545.0,1.0,448.16,2023-08-12 06:32:49,2023-08-12 06:42:49,2023-08-12 06:41:49,443.17,Cash,6695.0
4224700084.0,11478478.0,305754.0,1.0,979.99,2024-08-28 23:22:09,2024-08-28 23:36:09,2024-08-28 23:36:09,1568.53,Wallet,1128.0
969621016.0,13465850.0,540618.0,3.0,317.05,2024-01-23 19:23:23,2024-01-23 19:34:23,2024-01-23 19:39:23,2542.59,Wallet,8750.0
8178275820.0,55060796.0,136533.0,2.0,826.21,2024-04-05 09:50:05,2024-04-05 10:00:05,2024-04-05 10:12:05,2755.74,Cash,86.0
4949766982.0,99734256.0,490602.0,2.0,549.47,2024-09-11 00:18:18,2024-09-11 00:33:18,2024-09-11 00:37:18,1560.71,Cash,1358.0
5258344385.0,12867472.0,712307.0,3.0,264.89,2023-10-14 17:48:54,2023-10-14 18:08:54,2023-10-14 18:12:54,641.76,Wallet,9196.0
8101930640.0,92306841.0,833557.0,1.0,422.87,2023-06-12 05:44:25,2023-06-12 06:00:25,2023-06-12 06:05:25,450.23,Wallet,5853.0
6703316563.0,89669139.0,365132.0,1.0,229.38,2024-01-25 17:54:37,2024-01-25 18:07:37,2024-01-25 18:22:37,396.41,Wallet,1070.0
7680297690.0,1705969.0,970529.0,2.0,827.44,2024-02-12 06:56:34,2024-02-12 07:11:34,2024-02-12 07:13:34,2864.1,Wallet,778.0
7256340388.0,30042971.0,673058.0,3.0,765.76,2023-10-08 07:25:22,2023-10-08 07:35:22,2023-10-08 08:04:22,785.67,Wallet,5716.0
2538269668.0,48778633.0,557908.0,1.0,942.37,2023-06-23 08:12:16,2023-06-23 08:27:16,2023-06-23 08:27:16,1348.52,Cash,1347.0
7506762237.0,98225598.0,700048.0,1.0,141.28,2023-06-10 01:44:16,2023-06-10 01:56:16,2023-06-10 02:19:16,2326.62,Card,3335.0
6585436114.0,65895091.0,652118.0,1.0,22.04,2024-03-13 21:43:46,2024-03-13 22:01:46,2024-03-13 22:08:46,3131.69,Wallet,5769.0
9852996866.0,19145354.0,107548.0,2.0,891.6,2024-06-26 12:36:19,2024-06-26 12:54:19,2024-06-26 12:49:19,1525.58,Wallet,6406.0
1991135167.0,46699982.0,901144.0,3.0,340.36,2023-12-19 20:18:46,2023-12-19 20:30:46,2023-12-19 20:31:46,3986.02,Wallet,8072.0
7765110772.0,33871107.0,563740.0,2.0,96.33,2024-06-01 21:54:06,2024-06-01 22:10:06,2024-06-01 22:07:06,3157.37,UPI,819.0
3520718052.0,6856445.0,51036.0,3.0,931.61,2023-07-07 23:42:08,2023-07-07 23:52:08,2023-07-07 23:52:08,2846.05,Cash,3596.0
5388573375.0,77128325.0,652118.0,3.0,22.04,2024-03-07 12:50:53,2024-03-07 13:01:53,2024-03-07 13:01:53,3993.4,Cash,342.0
8977771682.0,30979436.0,63769.0,2.0,878.07,2023-04-29 18:14:35,2023-04-29 18:30:35,2023-04-29 18:27:35,1212.41,Card,9255.0
3596900942.0,63349378.0,537274.0,2.0,702.71,2023-11-03 09:38:26,2023-11-03 09:55:26,2023-11-03 10:08:26,616.62,Wallet,8890.0
155295996.0,24517523.0,365133.0,3.0,915.45,2024-06-29 02:58:57,2024-06-29 03:16:57,2024-06-29 03:20:57,4190.02,Cash,5219.0
1945536198.0,44557943.0,34200.0,3.0,319.8,2023-05-03 14:54:29,2023-05-03 15:08:29,2023-05-03 15:12:29,5313.04,Cash,431.0
2550246555.0,38671747.0,89084.0,3.0,598.83,2023-04-06 14:27:46,2023-04-06 14:39:46,2023-04-06 14:47:46,2305.86,UPI,2456.0
4287631655.0,6867315.0,969851.0,2.0,340.66,2023-11-15 04:16:13,2023-11-15 04:35:13,2023-11-15 04:56:13,1381.53,Wallet,1833.0
2033683703.0,42989999.0,954722.0,3.0,616.45,2024-01-24 17:33:29,2024-01-24 17:49:29,2024-01-24 18:05:29,4223.23,UPI,6504.0
9453583714.0,82854537.0,623234.0,3.0,329.79,2023-09-01 04:15:52,2023-09-01 04:29:52,2023-09-01 04:26:52,1873.26,UPI,8870.0
852886125.0,44562310.0,679284.0,3.0,877.89,2023-07-14 01:58:44,2023-07-14 02:18:44,2023-07-14 02:14:44,1610.95,UPI,8604.0
5705899665.0,4378755.0,784673.0,1.0,491.39,2024-05-27 19:16:33,2024-05-27 19:31:33,2024-05-27 19:30:33,3712.03,Wallet,355.0
5706043483.0,63360864.0,6405.0,3.0,236.51,2024-07-17 18:55:41,2024-07-17 19:10:41,2024-07-17 19:14:41,1164.09,UPI,2490.0
5190422833.0,3410758.0,962591.0,3.0,130.01,2023-03-27 11:28:42,2023-03-27 11:43:42,2023-03-27 11:42:42,898.05,Cash,9620.0
7178188501.0,3786105.0,712307.0,2.0,264.89,2024-04-18 13:28:11,2024-04-18 13:46:11,2024-04-18 13:45:11,2823.72,Cash,3888.0
2864819888.0,9419030.0,425341.0,3.0,486.28,2024-04-19 19:38:25,2024-04-19 19:49:25,2024-04-19 19:53:25,1973.65,Card,8666.0
7107216633.0,10857389.0,600767.0,1.0,722.42,2024-06-27 05:10:48,2024-06-27 05:20:48,2024-06-27 05:26:48,2871.14,Wallet,4888.0
1685382357.0,6579892.0,329351.0,2.0,310.87,2023-05-04 18:35:27,2023-05-04 18:54:27,2023-05-04 19:10:27,2584.79,Card,8439.0
7562902958.0,81808190.0,927651.0,1.0,426.72,2023-06-08 22:26:55,2023-06-08 22:44:55,2023-06-08 22:45:55,1477.63,UPI,3225.0
2819953077.0,25128143.0,762527.0,3.0,690.08,2023-11-22 08:33:47,2023-11-22 08:49:47,2023-11-22 09:01:47,1887.33,Cash,122.0
8453462258.0,2875442.0,542300.0,3.0,255.35,2024-02-10 11:44:52,2024-02-10 11:57:52,2024-02-10 11:53:52,310.87,Wallet,7996.0
4605056279.0,23976957.0,473929.0,1.0,440.19,2024-05-04 16:33:12,2024-05-04 16:43:12,2024-05-04 16:46:12,1252.01,Cash,5016.0
5998035939.0,88324928.0,642612.0,1.0,517.03,2024-02-22 01:21:53,2024-02-22 01:33:53,2024-02-22 01:31:53,3279.72,Card,2444.0
2311501690.0,27698051.0,144124.0,2.0,162.67,2024-03-26 04:58:36,2024-03-26 05:08:36,2024-03-26 05:06:36,2643.08,Wallet,5650.0
356495722.0,91312072.0,807452.0,2.0,144.19,2024-06-02 00:20:24,2024-06-02 00:34:24,2024-06-02 00:34:24,1978.25,Wallet,8433.0
2695448838.0,47274329.0,962591.0,1.0,130.01,2023-06-10 23:54:52,2023-06-11 00:08:52,2023-06-11 00:15:52,2516.12,UPI,7288.0
6986791144.0,27692428.0,500633.0,1.0,154.5,2023-09-08 14:24:07,2023-09-08 14:34:07,2023-09-08 14:46:07,1068.15,Cash,2795.0
8619571588.0,31456752.0,820541.0,3.0,576.22,2024-01-17 05:28:00,2024-01-17 05:42:00,2024-01-17 05:39:00,1597.12,UPI,5680.0
4088553674.0,52913011.0,606256.0,2.0,369.28,2023-08-25 10:14:30,2023-08-25 10:31:30,2023-08-25 10:58:30,3986.58,Wallet,684.0
8177907004.0,60757351.0,945635.0,2.0,778.9,2024-01-08 21:14:32,2024-01-08 21:31:32,2024-01-08 21:56:32,2575.85,Wallet,6516.0
8533749006.0,91590001.0,490939.0,1.0,80.25,2024-10-30 16:37:32,2024-10-30 16:51:32,2024-10-30 16:59:32,1552.93,Cash,5890.0
8694014791.0,48778633.0,478531.0,1.0,825.46,2023-08-06 05:36:59,2023-08-06 05:54:59,2023-08-06 06:02:59,1908.82,Card,7614.0
6311012195.0,10857389.0,222892.0,3.0,869.22,2023-07-27 14:54:16,2023-07-27 15:11:16,2023-07-27 15:09:16,824.99,UPI,5396.0
1312767771.0,26412689.0,704868.0,2.0,193.46,2024-09-17 05:59:27,2024-09-17 06:17:27,2024-09-17 06:22:27,2147.13,Wallet,5147.0
214919848.0,47125914.0,328457.0,1.0,858.57,2024-01-06 07:43:13,2024-01-06 08:00:13,2024-01-06 08:05:13,2503.81,Cash,520.0
5521682945.0,26303194.0,888807.0,3.0,230.58,2024-07-24 07:21:55,2024-07-24 07:41:55,2024-07-24 07:49:55,2548.33,Cash,9172.0
5305770811.0,92642745.0,264803.0,2.0,995.98,2024-10-31 07:17:51,2024-10-31 07:27:51,2024-10-31 07:33:51,3254.9,Cash,1988.0
5842420654.0,43307488.0,714999.0,2.0,882.51,2024-05-06 11:58:12,2024-05-06 12:16:12,2024-05-06 12:22:12,261.03,Wallet,553.0
4566893863.0,88739922.0,228286.0,3.0,179.08,2023-10-28 09:34:39,2023-10-28 09:45:39,2023-10-28 09:44:39,3739.44,Wallet,1670.0
1523729855.0,54730270.0,647462.0,2.0,326.42,2024-09-03 04:50:19,2024-09-03 05:03:19,2024-09-03 05:02:19,629.24,UPI,9830.0
2899786983.0,31456752.0,336847.0,1.0,936.98,2023-10-24 12:09:46,2023-10-24 12:20:46,2023-10-24 12:21:46,5183.93,UPI,4153.0
9202528884.0,64940409.0,18035.0,1.0,968.94,2024-05-27 13:54:56,2024-05-27 14:06:56,2024-05-27 14:36:56,3369.19,Cash,3699.0
4338327693.0,93617659.0,228286.0,2.0,179.08,2024-05-19 02:21:08,2024-05-19 02:36:08,2024-05-19 02:49:08,3948.26,Cash,4231.0
6295686357.0,76533277.0,942001.0,1.0,671.55,2024-01-10 07:54:01,2024-01-10 08:05:01,2024-01-10 08:04:01,2769.76,Cash,3737.0
6396194687.0,61406908.0,89084.0,1.0,598.83,2024-01-20 20:37:11,2024-01-20 20:57:11,2024-01-20 21:01:11,4492.32,Wallet,676.0
5662786245.0,21409946.0,563740.0,1.0,96.33,2023-04-21 00:24:45,2023-04-21 00:37:45,2023-04-21 00:38:45,4920.92,Cash,1501.0
4868150114.0,69761993.0,564692.0,3.0,215.65,2024-01-08 03:21:32,2024-01-08 03:37:32,2024-01-08 03:54:32,2720.81,Card,9235.0
502764834.0,96903782.0,112390.0,2.0,877.98,2024-08-02 18:00:51,2024-08-02 18:13:51,2024-08-02 18:18:51,3197.48,Card,4419.0
5056125341.0,26040510.0,378287.0,3.0,332.84,2023-05-23 01:52:56,2023-05-23 02:11:56,2023-05-23 02:22:56,3503.97,Wallet,4592.0
6388618916.0,96511007.0,41853.0,1.0,910.44,2024-01-26 22:01:18,2024-01-26 22:11:18,2024-01-26 22:12:18,2761.44,Wallet,7106.0
3508668494.0,75836905.0,366066.0,2.0,918.58,2024-01-25 01:04:27,2024-01-25 01:14:27,2024-01-25 01:14:27,2359.1,Card,481.0
5289436093.0,98211325.0,890623.0,1.0,354.52,2024-04-18 13:18:14,2024-04-18 13:35:14,2024-04-18 14:01:14,1789.25,Wallet,6523.0
7596333614.0,88684966.0,481843.0,2.0,297.68,2023-03-30 05:26:58,2023-03-30 05:36:58,2023-03-30 05:39:58,2024.16,Card,3746.0
6284076508.0,74179536.0,888807.0,1.0,230.58,2024-07-19 22:39:09,2024-07-19 22:50:09,2024-07-19 22:51:09,844.26,UPI,2254.0
340050407.0,68941950.0,880510.0,1.0,951.43,2024-10-15 13:14:58,2024-10-15 13:32:58,2024-10-15 13:29:58,58.59,Cash,9482.0
5927472701.0,93563435.0,747801.0,1.0,277.76,2024-01-12 16:56:03,2024-01-12 17:06:03,2024-01-12 17:04:03,2280.71,Wallet,1954.0
9216536492.0,58979427.0,219598.0,1.0,367.08,2024-10-04 03:41:44,2024-10-04 03:52:44,2024-10-04 03:53:44,3056.52,Wallet,1110.0
3742662928.0,63971358.0,397973.0,2.0,728.73,2023-06-03 06:52:14,2023-06-03 07:03:14,2023-06-03 07:00:14,937.34,Wallet,3266.0
4797768073.0,35782051.0,34200.0,1.0,319.8,2023-07-06 03:33:08,2023-07-06 03:49:08,2023-07-06 04:07:08,3156.22,Cash,1330.0
6767935470.0,70372270.0,690565.0,1.0,951.27,2024-04-17 01:23:52,2024-04-17 01:42:52,2024-04-17 01:43:52,2249.42,Cash,6622.0
1963703928.0,77007315.0,644847.0,1.0,622.81,2024-07-06 00:10:31,2024-07-06 00:30:31,2024-07-06 00:27:31,1553.71,Wallet,6295.0
552470423.0,4394659.0,762527.0,1.0,690.08,2024-02-27 02:32:38,2024-02-27 02:45:38,2024-02-27 02:41:38,1310.7,Cash,1143.0
739434870.0,1603358.0,367391.0,3.0,939.55,2023-09-05 23:05:17,2023-09-05 23:22:17,2023-09-05 23:27:17,2725.22,Cash,7655.0
7930373606.0,13494314.0,901144.0,1.0,340.36,2023-08-09 22:14:42,2023-08-09 22:26:42,2023-08-09 22:31:42,1782.86,Cash,9325.0
5374978054.0,64932019.0,146840.0,3.0,786.85,2024-07-08 14:00:52,2024-07-08 14:13:52,2024-07-08 14:17:52,1433.88,Cash,2348.0
4361797433.0,1603358.0,739534.0,2.0,994.56,2023-08-05 07:22:21,2023-08-05 07:36:21,2023-08-05 07:39:21,3074.92,UPI,3731.0
2002067527.0,45166203.0,317242.0,3.0,198.15,2023-11-06 23:08:27,2023-11-06 23:18:27,2023-11-06 23:20:27,1269.98,Wallet,8342.0
4228110436.0,701493.0,366066.0,2.0,918.58,2023-07-23 19:21:30,2023-07-23 19:32:30,2023-07-23 20:02:30,2512.67,Wallet,961.0
1251118825.0,79592021.0,953175.0,3.0,225.21,2023-05-04 00:13:04,2023-05-04 00:23:04,2023-05-04 00:36:04,478.79,Cash,5931.0
7165265639.0,29265216.0,890232.0,3.0,432.0,2023-08-20 19:02:24,2023-08-20 19:14:24,2023-08-20 19:09:24,878.07,Wallet,9164.0
1255323701.0,51669263.0,847349.0,1.0,781.08,2024-03-06 11:57:35,2024-03-06 12:08:35,2024-03-06 12:06:35,3109.5,Wallet,3111.0
807934194.0,69925688.0,256783.0,1.0,906.54,2024-01-13 01:41:40,2024-01-13 01:58:40,2024-01-13 02:00:40,3688.0,Cash,4585.0
7968718292.0,54730270.0,11422.0,3.0,127.16,2023-10-30 20:00:38,2023-10-30 20:16:38,2023-10-30 20:17:38,931.61,Card,3798.0
2620531979.0,8651281.0,336847.0,2.0,936.98,2024-02-24 12:40:18,2024-02-24 12:53:18,2024-02-24 13:02:18,1207.28,Card,5801.0
6943430459.0,53636086.0,871592.0,1.0,870.29,2024-10-05 17:21:33,2024-10-05 17:32:33,2024-10-05 17:34:33,2625.32,Wallet,2062.0
5607355353.0,47625855.0,707935.0,2.0,820.9,2023-06-23 09:33:06,2023-06-23 09:45:06,2023-06-23 10:06:06,2909.86,UPI,5949.0
6696352636.0,54730270.0,537274.0,3.0,702.71,2023-06-18 15:12:00,2023-06-18 15:23:00,2023-06-18 15:53:00,1458.64,Wallet,6273.0
9325920156.0,59110513.0,784827.0,1.0,274.25,2024-10-12 10:36:00,2024-10-12 10:46:00,2024-10-12 10:56:00,3323.67,Card,547.0
2286477025.0,59436131.0,949818.0,2.0,483.05,2023-06-02 22:03:32,2023-06-02 22:16:32,2023-06-02 22:20:32,2751.35,Card,3151.0
6704773223.0,81420960.0,723678.0,3.0,675.46,2024-07-22 09:39:46,2024-07-22 09:59:46,2024-07-22 10:21:46,1563.35,Wallet,4737.0
1435353007.0,48281892.0,336847.0,1.0,936.98,2024-01-19 09:04:09,2024-01-19 09:23:09,2024-01-19 09:24:09,2538.96,Card,2991.0
8080970647.0,1855421.0,91670.0,1.0,439.24,2023-11-25 17:44:31,2023-11-25 17:55:31,2023-11-25 18:00:31,3635.32,Card,6162.0
5881633926.0,32293017.0,6405.0,1.0,236.51,2023-04-21 18:43:44,2023-04-21 19:00:44,2023-04-21 19:03:44,4263.33,Card,9748.0
4435459085.0,76830090.0,291238.0,1.0,746.03,2023-08-19 14:41:57,2023-08-19 14:58:57,2023-08-19 14:58:57,242.57,Cash,9415.0
6172529406.0,48409448.0,327290.0,2.0,862.28,2024-05-21 02:04:06,2024-05-21 02:22:06,2024-05-21 02:51:06,2969.87,Cash,8038.0
9127879048.0,75490147.0,890623.0,2.0,354.52,2024-08-27 07:17:45,2024-08-27 07:27:45,2024-08-27 07:29:45,2298.22,Card,6300.0
3806545110.0,1200365.0,760828.0,3.0,563.45,2024-08-17 11:54:42,2024-08-17 12:06:42,2024-08-17 12:07:42,1150.34,Card,2823.0
6919395718.0,91550885.0,461804.0,1.0,310.69,2024-02-16 21:33:40,2024-02-16 21:46:40,2024-02-16 21:42:40,2440.67,UPI,2151.0
5277462976.0,98858383.0,654297.0,3.0,13.25,2024-10-19 15:37:39,2024-10-19 15:56:39,2024-10-19 15:57:39,3990.61,Card,9167.0
3606274277.0,98225598.0,992178.0,2.0,632.43,2023-08-08 10:47:04,2023-08-08 10:57:04,2023-08-08 10:53:04,3902.92,Cash,8765.0
2065203676.0,36146306.0,228286.0,1.0,179.08,2024-01-15 09:32:36,2024-01-15 09:47:36,2024-01-15 09:52:36,1121.26,Card,576.0
4042066387.0,90743791.0,961614.0,3.0,227.22,2024-01-03 04:02:09,2024-01-03 04:15:09,2024-01-03 04:23:09,4354.3,Wallet,2022.0
3604982656.0,59207798.0,968887.0,2.0,40.7,2024-09-19 17:04:31,2024-09-19 17:23:31,2024-09-19 17:31:31,563.45,Card,7282.0
1149676745.0,6247821.0,94225.0,3.0,77.11,2023-10-20 20:14:01,2023-10-20 20:29:01,2023-10-20 20:29:01,1168.51,Card,5092.0
3895011687.0,47043878.0,349294.0,1.0,934.75,2024-03-23 19:38:44,2024-03-23 19:56:44,2024-03-23 20:01:44,858.57,UPI,6466.0
772505056.0,81822494.0,313754.0,2.0,136.6,2023-07-13 01:07:54,2023-07-13 01:20:54,2023-07-13 01:17:54,2341.94,Cash,710.0
5574765914.0,89619421.0,51036.0,3.0,931.61,2024-10-25 23:30:56,2024-10-25 23:45:56,2024-10-25 23:42:56,697.53,Wallet,1822.0
8812616740.0,61982521.0,673058.0,2.0,765.76,2023-06-26 21:13:15,2023-06-26 21:25:15,2023-06-26 21:29:15,1469.02,Card,5055.0
1486655525.0,74572121.0,34186.0,1.0,925.65,2024-04-21 13:15:43,2024-04-21 13:27:43,2024-04-21 13:29:43,2840.82,Wallet,4512.0
8423025639.0,6344345.0,365132.0,3.0,229.38,2024-06-06 13:14:56,2024-06-06 13:25:56,2024-06-06 13:39:56,3583.16,UPI,5830.0
9020705185.0,1562083.0,654623.0,2.0,422.14,2023-12-29 19:19:39,2023-12-29 19:30:39,2023-12-29 19:31:39,71.6,Cash,166.0
7719808698.0,93938425.0,118820.0,3.0,12.32,2023-08-18 11:32:57,2023-08-18 11:48:57,2023-08-18 11:50:57,4205.08,Card,8415.0
3414036630.0,32809328.0,767398.0,2.0,22.14,2024-04-05 03:00:07,2024-04-05 03:13:07,2024-04-05 03:09:07,641.33,Cash,7475.0
4157869967.0,49617892.0,848226.0,3.0,209.59,2023-05-05 14:12:39,2023-05-05 14:32:39,2023-05-05 14:34:39,881.42,Card,747.0
4873887251.0,20951294.0,652118.0,1.0,22.04,2023-09-20 00:43:50,2023-09-20 00:58:50,2023-09-20 01:01:50,989.88,Wallet,9820.0
8031946454.0,31923338.0,455083.0,1.0,959.01,2023-08-29 20:55:54,2023-08-29 21:07:54,2023-08-29 21:06:54,2074.16,Card,9456.0
8168056170.0,45700473.0,194682.0,3.0,912.29,2023-08-28 04:52:58,2023-08-28 05:02:58,2023-08-28 05:16:58,3061.73,Cash,8393.0
3108512811.0,15417130.0,993331.0,2.0,102.44,2024-02-10 08:25:16,2024-02-10 08:35:16,2024-02-10 08:37:16,3391.72,UPI,571.0
1680591951.0,7288562.0,131748.0,1.0,81.35,2024-03-11 21:02:51,2024-03-11 21:19:51,2024-03-11 21:16:51,2569.08,Card,6381.0
559245731.0,68941950.0,461804.0,1.0,310.69,2024-09-08 15:54:50,2024-09-08 16:06:50,2024-09-08 16:11:50,3597.64,Wallet,4687.0
8655600303.0,12867472.0,440875.0,2.0,275.03,2024-04-27 17:40:20,2024-04-27 17:51:20,2024-04-27 17:48:20,3608.84,Cash,1884.0
8247327365.0,30065862.0,704868.0,3.0,193.46,2024-09-25 11:15:52,2024-09-25 11:28:52,2024-09-25 11:42:52,2592.28,Card,4986.0
9153347285.0,54222320.0,89084.0,2.0,598.83,2023-06-22 02:54:54,2023-06-22 03:11:54,2023-06-22 03:11:54,2618.56,Card,2321.0
1977533409.0,17521263.0,137909.0,1.0,864.3,2023-12-18 12:09:20,2023-12-18 12:21:20,2023-12-18 12:18:20,738.71,UPI,650.0
2433646621.0,82770142.0,94225.0,2.0,77.11,2024-11-03 10:59:49,2024-11-03 11:19:49,2024-11-03 11:28:49,1195.03,Card,280.0
22830983.0,92404798.0,890232.0,3.0,432.0,2023-06-04 21:10:12,2023-06-04 21:26:12,2023-06-04 21:44:12,3061.39,UPI,2086.0
1143763031.0,52075070.0,961614.0,3.0,227.22,2024-08-09 21:38:00,2024-08-09 21:58:00,2024-08-09 21:59:00,171.2,UPI,3329.0
8524056436.0,35434373.0,540618.0,1.0,317.05,2023-09-06 13:44:20,2023-09-06 13:57:20,2023-09-06 13:54:20,911.06,Cash,8160.0
4262338791.0,72089140.0,557908.0,3.0,942.37,2024-10-17 07:38:55,2024-10-17 07:57:55,2024-10-17 07:57:55,1582.64,Wallet,6144.0
187728451.0,63262519.0,880510.0,1.0,951.43,2023-11-27 21:06:51,2023-11-27 21:16:51,2023-11-27 21:15:51,4088.13,Wallet,497.0
6754346312.0,3897936.0,930284.0,1.0,189.47,2023-06-19 12:32:50,2023-06-19 12:49:50,2023-06-19 12:48:50,1195.92,Wallet,3174.0
5790622967.0,81091233.0,137909.0,3.0,864.3,2024-02-27 00:21:45,2024-02-27 00:35:45,2024-02-27 00:34:45,1816.39,Cash,214.0
4305348838.0,63630649.0,927651.0,1.0,426.72,2024-03-03 20:35:10,2024-03-03 20:45:10,2024-03-03 21:10:10,381.39,Cash,8478.0
2902411553.0,93122847.0,832348.0,1.0,831.43,2023-11-01 02:22:55,2023-11-01 02:39:55,2023-11-01 02:36:55,2910.37,Cash,3911.0
3691199770.0,30788486.0,564692.0,1.0,215.65,2024-05-13 05:20:17,2024-05-13 05:37:17,2024-05-13 05:40:17,2896.79,Wallet,6161.0
775709102.0,80517784.0,818990.0,2.0,163.55,2023-08-26 02:57:43,2023-08-26 03:14:43,2023-08-26 03:13:43,3393.44,Cash,277.0
5262508570.0,42781544.0,689769.0,2.0,46.62,2024-07-06 11:07:05,2024-07-06 11:25:05,2024-07-06 11:25:05,2217.03,UPI,8108.0
192109127.0,82854537.0,721521.0,2.0,417.39,2024-09-16 08:29:24,2024-09-16 08:39:24,2024-09-16 08:49:24,3949.02,Card,3033.0
1108215973.0,2928026.0,851978.0,3.0,715.72,2023-12-17 09:36:04,2023-12-17 09:46:04,2023-12-17 09:52:04,972.69,UPI,4643.0
1719134546.0,25665997.0,473647.0,3.0,43.05,2024-07-10 13:12:50,2024-07-10 13:29:50,2024-07-10 13:31:50,1306.86,Card,1874.0
5280263316.0,77035814.0,847349.0,1.0,781.08,2024-06-28 12:35:57,2024-06-28 12:47:57,2024-06-28 13:15:57,3531.91,UPI,6846.0
9448306266.0,74038361.0,487065.0,1.0,374.68,2024-04-16 04:39:11,2024-04-16 04:59:11,2024-04-16 04:54:11,3645.04,Cash,6705.0
8023626961.0,68307253.0,673058.0,1.0,765.76,2023-09-26 01:35:06,2023-09-26 01:50:06,2023-09-26 01:59:06,763.12,Card,5522.0
1118405605.0,15599514.0,287070.0,3.0,443.17,2023-06-26 11:26:10,2023-06-26 11:37:10,2023-06-26 11:46:10,2831.58,Card,7876.0
8226034341.0,26040510.0,723678.0,2.0,675.46,2023-11-25 02:41:53,2023-11-25 02:55:53,2023-11-25 02:58:53,1480.31,Cash,6521.0
6976835753.0,29973346.0,563740.0,3.0,96.33,2024-02-22 13:49:28,2024-02-22 14:06:28,2024-02-22 14:03:28,4262.13,Wallet,4603.0
9171564499.0,24896263.0,807452.0,2.0,144.19,2023-12-03 23:53:09,2023-12-04 00:12:09,2023-12-04 00:20:09,3112.29,Card,6802.0
5393607402.0,14272050.0,965755.0,1.0,532.57,2023-12-17 20:04:17,2023-12-17 20:15:17,2023-12-17 20:11:17,2453.12,UPI,6860.0
5670040592.0,80571942.0,700048.0,1.0,141.28,2024-05-25 05:39:22,2024-05-25 05:59:22,2024-05-25 06:01:22,3433.31,UPI,7458.0
6736891890.0,15661901.0,942001.0,3.0,671.55,2024-10-21 09:29:41,2024-10-21 09:46:41,2024-10-21 09:58:41,879.26,Wallet,1551.0
1223255075.0,71321741.0,820541.0,1.0,576.22,2023-08-18 00:01:18,2023-08-18 00:18:18,2023-08-18 00:19:18,1982.08,Card,4759.0
8158413630.0,15066187.0,654623.0,3.0,422.14,2024-08-30 16:40:12,2024-08-30 16:59:12,2024-08-30 16:57:12,3028.59,Card,4712.0
7867573412.0,61226563.0,741341.0,3.0,923.84,2023-09-14 01:54:24,2023-09-14 02:09:24,2023-09-14 02:29:24,3835.33,Card,7904.0
1624690598.0,52048413.0,799688.0,3.0,309.62,2024-03-23 03:57:00,2024-03-23 04:10:00,2024-03-23 04:06:00,1705.95,UPI,4852.0
8968945932.0,67386193.0,52729.0,3.0,316.02,2024-09-07 07:00:44,2024-09-07 07:16:44,2024-09-07 07:42:44,1245.7,Wallet,742.0
1645212433.0,67918495.0,473929.0,2.0,440.19,2024-08-07 04:29:32,2024-08-07 04:41:32,2024-08-07 05:08:32,1736.21,UPI,7086.0
9187046038.0,75860724.0,53833.0,2.0,134.69,2023-06-13 14:39:57,2023-06-13 14:54:57,2023-06-13 14:58:57,1211.53,Cash,9783.0
9305357757.0,76212152.0,721521.0,2.0,417.39,2023-05-12 22:06:22,2023-05-12 22:25:22,2023-05-12 22:22:22,652.58,Wallet,6424.0
8312320295.0,31076002.0,654623.0,3.0,422.14,2024-06-29 22:21:03,2024-06-29 22:36:03,2024-06-29 22:36:03,3212.41,Wallet,9123.0
3256941332.0,43599910.0,952168.0,3.0,236.95,2023-11-22 08:49:51,2023-11-22 09:00:51,2023-11-22 08:56:51,2777.76,Wallet,9281.0
8980502814.0,45708879.0,256783.0,3.0,906.54,2024-10-15 19:30:03,2024-10-15 19:47:03,2024-10-15 19:47:03,1794.68,Card,1222.0
9270396838.0,63376126.0,440875.0,1.0,275.03,2023-07-06 08:47:05,2023-07-06 08:58:05,2023-07-06 08:57:05,1592.28,Wallet,4041.0
2892588628.0,54797119.0,820973.0,3.0,114.52,2024-04-19 18:35:27,2024-04-19 18:52:27,2024-04-19 18:59:27,302.82,Wallet,7662.0
8774158800.0,19216141.0,492958.0,2.0,84.2,2023-12-12 08:29:51,2023-12-12 08:42:51,2023-12-12 08:56:51,693.48,Cash,9309.0
2056131802.0,16448993.0,397973.0,3.0,728.73,2023-09-02 05:01:17,2023-09-02 05:12:17,2023-09-02 05:32:17,328.51,Card,4025.0
3528007192.0,52279849.0,243235.0,3.0,109.03,2023-07-11 09:54:59,2023-07-11 10:10:59,2023-07-11 10:12:59,2411.61,Card,6512.0
2845333894.0,4192351.0,313754.0,3.0,136.6,2024-04-28 13:19:13,2024-04-28 13:32:13,2024-04-28 13:43:13,4555.81,UPI,5891.0
6602340187.0,38875754.0,894539.0,3.0,445.48,2024-03-11 12:09:24,2024-03-11 12:23:24,2024-03-11 12:44:24,374.68,Card,6074.0
721004875.0,75913572.0,677542.0,2.0,212.61,2023-10-09 05:03:34,2023-10-09 05:13:34,2023-10-09 05:09:34,3319.78,UPI,8326.0
7435895360.0,77217240.0,820973.0,2.0,114.52,2024-09-04 00:42:32,2024-09-04 00:53:32,2024-09-04 00:58:32,983.79,Card,6336.0
4217659083.0,31846190.0,692985.0,2.0,197.39,2024-01-18 19:28:33,2024-01-18 19:48:33,2024-01-18 20:01:33,3390.39,Wallet,8940.0
9710865146.0,21282544.0,451812.0,3.0,530.85,2023-05-11 05:34:09,2023-05-11 05:49:09,2023-05-11 05:54:09,4682.76,UPI,9944.0
5375295409.0,17843667.0,709916.0,3.0,33.76,2024-10-05 05:59:07,2024-10-05 06:17:07,2024-10-05 06:19:07,1153.83,Wallet,8351.0
6286044248.0,38902193.0,490939.0,1.0,80.25,2023-05-05 22:17:54,2023-05-05 22:37:54,2023-05-05 22:34:54,4369.99,Cash,2602.0
1708282193.0,79895967.0,818522.0,3.0,96.09,2024-01-25 10:03:18,2024-01-25 10:19:18,2024-01-25 10:22:18,83.18,UPI,331.0
5746303677.0,20148223.0,56589.0,3.0,517.77,2024-06-08 13:32:21,2024-06-08 13:48:21,2024-06-08 13:47:21,902.25,Card,7478.0
3271726381.0,44050697.0,319388.0,3.0,657.8,2024-03-15 00:40:28,2024-03-15 00:52:28,2024-03-15 01:11:28,671.55,Card,1567.0
9802569856.0,33741801.0,602241.0,3.0,976.55,2024-04-07 09:13:19,2024-04-07 09:25:19,2024-04-07 09:22:19,2623.91,Wallet,7185.0
662460037.0,98144693.0,82484.0,2.0,914.88,2024-10-11 00:49:10,2024-10-11 01:08:10,2024-10-11 01:19:10,2657.2,UPI,1908.0
8664447334.0,25829710.0,57405.0,1.0,607.67,2024-03-08 04:32:20,2024-03-08 04:49:20,2024-03-08 05:18:20,3712.65,Cash,3632.0
3886370975.0,96903782.0,440875.0,1.0,275.03,2024-05-08 19:31:11,2024-05-08 19:49:11,2024-05-08 19:53:11,3039.42,Wallet,6148.0
3547006553.0,56572297.0,969851.0,1.0,340.66,2024-05-29 22:09:17,2024-05-29 22:21:17,2024-05-29 22:40:17,5183.38,Card,8506.0
2575965518.0,38496400.0,952168.0,1.0,236.95,2024-10-25 23:31:21,2024-10-25 23:41:21,2024-10-25 23:36:21,1880.57,Wallet,5322.0
1529363954.0,13251137.0,853932.0,3.0,941.19,2024-03-27 00:21:11,2024-03-27 00:35:11,2024-03-27 00:38:11,924.41,UPI,8668.0
8463856241.0,87463923.0,673058.0,2.0,765.76,2023-04-10 21:05:09,2023-04-10 21:20:09,2023-04-10 21:27:09,1364.14,Wallet,4495.0
2485242479.0,25526479.0,34186.0,3.0,925.65,2023-04-11 06:16:55,2023-04-11 06:35:55,2023-04-11 06:34:55,3732.99,Cash,7194.0
9850673433.0,93826036.0,552883.0,3.0,888.16,2023-05-06 05:42:40,2023-05-06 05:56:40,2023-05-06 06:03:40,5271.36,UPI,3606.0
2558680592.0,68475914.0,771228.0,1.0,83.18,2023-05-31 22:19:27,2023-05-31 22:36:27,2023-05-31 22:36:27,2032.56,UPI,7912.0
2859167116.0,40626729.0,60619.0,1.0,726.41,2024-10-15 17:45:27,2024-10-15 17:55:27,2024-10-15 18:10:27,1613.11,UPI,3227.0
1222236371.0,88517890.0,491314.0,3.0,973.44,2024-08-15 00:01:13,2024-08-15 00:13:13,2024-08-15 00:24:13,2675.63,Card,6823.0
344177904.0,44589829.0,970529.0,1.0,827.44,2023-08-18 00:38:42,2023-08-18 00:49:42,2023-08-18 00:58:42,551.88,Cash,7870.0
6126334783.0,6150721.0,425341.0,3.0,486.28,2024-07-03 08:33:55,2024-07-03 08:44:55,2024-07-03 08:49:55,1588.66,Card,9082.0
3742575364.0,42723554.0,240179.0,3.0,90.56,2023-05-08 17:23:01,2023-05-08 17:43:01,2023-05-08 17:45:01,4939.0,Wallet,1865.0
9272166174.0,53292177.0,367391.0,2.0,939.55,2023-07-27 06:22:38,2023-07-27 06:36:38,2023-07-27 06:38:38,994.56,Wallet,5220.0
9416522701.0,7551173.0,217710.0,1.0,58.59,2024-01-22 03:06:25,2024-01-22 03:22:25,2024-01-22 03:22:25,3919.44,Wallet,7971.0
7305871805.0,96629034.0,853932.0,3.0,941.19,2024-09-11 14:29:55,2024-09-11 14:39:55,2024-09-11 14:38:55,2028.61,Card,8729.0
80296810.0,21677923.0,33955.0,2.0,186.08,2024-06-05 03:37:45,2024-06-05 03:52:45,2024-06-05 03:51:45,4283.33,Cash,2319.0
2806868282.0,67952740.0,661577.0,3.0,720.95,2024-09-26 15:13:34,2024-09-26 15:30:34,2024-09-26 15:27:34,949.73,Card,2193.0
707033578.0,14839726.0,820973.0,1.0,114.52,2024-01-30 00:32:25,2024-01-30 00:48:25,2024-01-30 00:49:25,951.43,UPI,2909.0
9026783092.0,60385293.0,432617.0,2.0,863.18,2023-10-09 16:29:24,2023-10-09 16:44:24,2023-10-09 16:59:24,3080.01,Wallet,1244.0
6229466619.0,81533356.0,449106.0,2.0,48.55,2023-06-05 07:14:36,2023-06-05 07:30:36,2023-06-05 07:38:36,2708.73,Wallet,2520.0
408720270.0,37245065.0,721521.0,3.0,417.39,2024-06-26 22:03:35,2024-06-26 22:22:35,2024-06-26 22:38:35,2501.14,Cash,4190.0
8870165072.0,80517784.0,186168.0,1.0,878.8,2023-11-03 10:06:42,2023-11-03 10:20:42,2023-11-03 10:25:42,1871.85,Card,5156.0
1979319490.0,5238055.0,243235.0,1.0,109.03,2024-01-14 01:21:07,2024-01-14 01:37:07,2024-01-14 01:41:07,3631.19,Wallet,4826.0
840761323.0,83262890.0,883013.0,3.0,989.88,2024-03-09 06:15:43,2024-03-09 06:30:43,2024-03-09 06:34:43,3550.8,UPI,7068.0
744721438.0,67092149.0,604184.0,2.0,397.55,2024-02-25 12:46:11,2024-02-25 13:03:11,2024-02-25 13:15:11,486.28,Card,9708.0
7421707488.0,80315623.0,721521.0,2.0,417.39,2023-11-03 22:42:39,2023-11-03 23:02:39,2023-11-03 22:58:39,1065.22,UPI,76.0
1212718824.0,73393269.0,324809.0,2.0,608.0,2024-01-01 09:56:45,2024-01-01 10:13:45,2024-01-01 10:08:45,1648.44,Cash,48.0
9603256001.0,8791577.0,832348.0,2.0,831.43,2023-05-08 15:47:46,2023-05-08 16:06:46,2023-05-08 16:18:46,1064.76,Card,1573.0
5626888972.0,24323106.0,681063.0,1.0,321.28,2024-04-13 17:15:30,2024-04-13 17:26:30,2024-04-13 17:29:30,866.92,Card,1849.0
2300753276.0,92306841.0,764014.0,1.0,612.04,2023-12-07 04:19:20,2023-12-07 04:30:20,2023-12-07 04:39:20,1745.73,Cash,2387.0
869629562.0,31831843.0,237083.0,2.0,577.13,2023-05-05 21:23:44,2023-05-05 21:38:44,2023-05-05 21:35:44,562.7,Wallet,9816.0
3429137520.0,51048402.0,993331.0,1.0,102.44,2024-03-16 19:24:52,2024-03-16 19:42:52,2024-03-16 19:39:52,2804.37,UPI,9389.0
9957927297.0,35349582.0,449106.0,3.0,48.55,2023-06-07 05:18:44,2023-06-07 05:30:44,2023-06-07 05:32:44,347.91,Cash,6312.0
202466684.0,74840437.0,642612.0,1.0,517.03,2023-08-08 06:00:23,2023-08-08 06:16:23,2023-08-08 06:11:23,2939.42,Wallet,7242.0
8465721207.0,30192942.0,33955.0,2.0,186.08,2024-06-21 09:02:00,2024-06-21 09:15:00,2024-06-21 09:10:00,4707.96,Cash,7760.0
6194827199.0,41494867.0,555121.0,2.0,354.91,2023-12-20 18:58:47,2023-12-20 19:11:47,2023-12-20 19:07:47,2702.57,Cash,3021.0
3942174431.0,84257716.0,764014.0,2.0,612.04,2024-02-17 04:52:33,2024-02-17 05:12:33,2024-02-17 05:22:33,758.75,Card,3050.0
3189863462.0,6756256.0,567671.0,2.0,418.48,2024-06-17 13:27:48,2024-06-17 13:44:48,2024-06-17 13:41:48,1472.61,Cash,7123.0
5923573134.0,22800586.0,623234.0,2.0,329.79,2024-02-17 20:02:29,2024-02-17 20:16:29,2024-02-17 20:21:29,877.98,Wallet,5990.0
6659747528.0,43034188.0,366066.0,3.0,918.58,2024-09-28 18:29:40,2024-09-28 18:45:40,2024-09-28 18:45:40,1028.61,Wallet,3087.0
6037541687.0,86067293.0,306177.0,3.0,769.24,2023-12-10 22:25:05,2023-12-10 22:43:05,2023-12-10 22:45:05,681.91,Wallet,7649.0
2585438297.0,50632192.0,14145.0,3.0,630.84,2023-08-20 12:58:45,2023-08-20 13:11:45,2023-08-20 13:16:45,743.73,Card,2754.0
8065774615.0,35705377.0,954722.0,3.0,616.45,2023-12-12 10:53:21,2023-12-12 11:10:21,2023-12-12 11:35:21,1757.08,Wallet,3477.0
1816814476.0,85198177.0,667163.0,2.0,441.2,2024-11-04 13:50:21,2024-11-04 14:02:21,2024-11-04 14:05:21,4981.16,Cash,6687.0
5278014717.0,31776996.0,658389.0,1.0,152.55,2024-04-15 03:39:28,2024-04-15 03:59:28,2024-04-15 04:04:28,4687.37,Cash,9403.0
4265447949.0,6150721.0,784827.0,3.0,274.25,2024-08-16 02:20:34,2024-08-16 02:36:34,2024-08-16 03:01:34,1763.44,Card,6377.0
6752221435.0,64197854.0,760684.0,1.0,71.6,2024-02-10 15:58:18,2024-02-10 16:10:18,2024-02-10 16:14:18,4214.63,UPI,85.0
8943989258.0,36675827.0,578097.0,1.0,267.61,2023-12-10 10:59:33,2023-12-10 11:17:33,2023-12-10 11:20:33,1983.74,Wallet,22.0
4068367936.0,78678612.0,525531.0,2.0,831.1,2024-09-21 01:54:08,2024-09-21 02:09:08,2024-09-21 02:08:08,4432.19,Wallet,990.0
5735156904.0,78841932.0,552496.0,1.0,508.0,2023-04-01 16:22:21,2023-04-01 16:40:21,2023-04-01 16:53:21,3724.91,Card,9020.0
2405929115.0,14940427.0,937542.0,3.0,97.04,2024-09-09 08:59:24,2024-09-09 09:19:24,2024-09-09 09:42:24,212.61,Card,6354.0
7913167260.0,98307019.0,123983.0,1.0,785.67,2023-04-19 00:52:00,2023-04-19 01:10:00,2023-04-19 01:39:00,4575.56,Card,850.0
1989751369.0,7333934.0,837480.0,3.0,217.4,2023-05-18 22:59:49,2023-05-18 23:10:49,2023-05-18 23:22:49,274.25,Card,4155.0
7338050095.0,3292927.0,257719.0,3.0,281.73,2024-10-15 03:02:28,2024-10-15 03:19:28,2024-10-15 03:17:28,2181.43,UPI,4923.0
9950986048.0,69863493.0,753354.0,1.0,423.56,2023-09-09 08:37:21,2023-09-09 08:50:21,2023-09-09 08:53:21,4860.59,UPI,6518.0
5098703807.0,13760839.0,726958.0,3.0,887.48,2024-06-10 02:03:34,2024-06-10 02:13:34,2024-06-10 02:11:34,3772.64,Card,9137.0
6937485392.0,30285217.0,561860.0,1.0,874.78,2023-05-23 22:47:56,2023-05-23 22:57:56,2023-05-23 23:05:56,1509.64,Card,8561.0
1266440097.0,88739922.0,949818.0,2.0,483.05,2024-01-01 03:28:25,2024-01-01 03:47:25,2024-01-01 03:42:25,2345.34,Cash,5630.0
7415490509.0,61015113.0,365133.0,3.0,915.45,2023-07-08 14:04:31,2023-07-08 14:15:31,2023-07-08 14:14:31,1429.18,UPI,6098.0
7284991749.0,65559853.0,961614.0,2.0,227.22,2023-12-10 09:28:57,2023-12-10 09:47:57,2023-12-10 09:46:57,2817.03,Card,8405.0
4645792703.0,24043135.0,734789.0,2.0,395.82,2023-12-04 23:04:48,2023-12-04 23:23:48,2023-12-04 23:18:48,2627.96,UPI,5858.0
3174938939.0,95736310.0,365132.0,3.0,229.38,2023-03-27 06:15:38,2023-03-27 06:25:38,2023-03-27 06:25:38,3597.75,Wallet,641.0
1752712049.0,56195475.0,440875.0,1.0,275.03,2024-08-31 16:03:49,2024-08-31 16:13:49,2024-08-31 16:25:49,2015.68,Cash,5572.0
8187201830.0,82529927.0,925482.0,3.0,475.04,2024-04-30 04:27:38,2024-04-30 04:43:38,2024-04-30 04:39:38,1843.61,UPI,210.0
6900896329.0,65903057.0,557908.0,2.0,942.37,2024-02-01 02:23:06,2024-02-01 02:39:06,2024-02-01 02:41:06,4864.14,Cash,1027.0
3793977529.0,21425168.0,256051.0,3.0,400.92,2023-09-02 19:12:26,2023-09-02 19:22:26,2023-09-02 19:22:26,2835.92,UPI,4439.0
194459698.0,88553721.0,760684.0,1.0,71.6,2023-06-15 15:44:24,2023-06-15 15:59:24,2023-06-15 15:58:24,2203.94,Card,723.0
9330447952.0,37362180.0,376447.0,1.0,724.84,2024-03-30 18:24:14,2024-03-30 18:40:14,2024-03-30 18:45:14,3410.21,UPI,8967.0
2097372277.0,14693393.0,757274.0,2.0,98.32,2024-01-25 04:46:48,2024-01-25 05:00:48,2024-01-25 04:56:48,3122.85,Card,1450.0
7060954153.0,91130614.0,903336.0,3.0,551.88,2023-11-01 20:55:47,2023-11-01 21:12:47,2023-11-01 21:07:47,2354.95,Cash,8698.0
2921310646.0,40117357.0,63769.0,1.0,878.07,2024-07-08 14:27:33,2024-07-08 14:42:33,2024-07-08 14:42:33,2915.52,Wallet,4444.0
3983082555.0,51670882.0,94225.0,3.0,77.11,2023-06-05 05:54:09,2023-06-05 06:14:09,2023-06-05 06:36:09,530.85,Card,560.0
4867298468.0,13492411.0,82484.0,3.0,914.88,2024-04-23 09:33:05,2024-04-23 09:51:05,2024-04-23 09:55:05,2508.01,Card,9158.0
3402631472.0,52032226.0,91670.0,2.0,439.24,2024-05-03 21:25:40,2024-05-03 21:43:40,2024-05-03 21:43:40,2871.88,Card,7402.0
1648146562.0,95364457.0,398340.0,1.0,651.93,2023-05-14 23:08:30,2023-05-14 23:26:30,2023-05-14 23:23:30,2953.31,Cash,5416.0
5907766010.0,12272282.0,114414.0,2.0,832.06,2024-10-07 14:03:49,2024-10-07 14:22:49,2024-10-07 14:33:49,3937.4,Wallet,8107.0
9233577456.0,96853930.0,131136.0,2.0,37.8,2023-12-30 04:00:41,2023-12-30 04:14:41,2023-12-30 04:13:41,2309.81,Card,9625.0
4084808075.0,65815155.0,324809.0,3.0,608.0,2024-10-11 17:45:30,2024-10-11 17:56:30,2024-10-11 17:54:30,2698.15,Card,2397.0
7217049550.0,24137201.0,552496.0,3.0,508.0,2024-07-11 09:32:17,2024-07-11 09:45:17,2024-07-11 10:09:17,1886.59,UPI,1839.0
1831943568.0,69863493.0,799459.0,3.0,852.02,2024-05-23 17:20:24,2024-05-23 17:34:24,2024-05-23 17:39:24,3575.33,Cash,7127.0
8707473624.0,22524981.0,990993.0,3.0,263.7,2023-12-20 08:27:35,2023-12-20 08:46:35,2023-12-20 08:43:35,1333.69,Cash,4264.0
7075868285.0,5226128.0,336847.0,1.0,936.98,2024-03-01 06:04:05,2024-03-01 06:16:05,2024-03-01 06:20:05,1704.88,Wallet,7272.0
5164162918.0,96903782.0,784827.0,3.0,274.25,2023-11-18 14:59:10,2023-11-18 15:16:10,2023-11-18 15:15:10,1869.56,Wallet,3808.0
2175298644.0,72132838.0,970529.0,1.0,827.44,2024-05-11 05:13:19,2024-05-11 05:30:19,2024-05-11 05:28:19,1857.59,Wallet,297.0
5882568464.0,49258916.0,623234.0,2.0,329.79,2023-04-13 08:26:05,2023-04-13 08:39:05,2023-04-13 08:37:05,1706.73,Cash,7978.0
7847708619.0,35402531.0,837480.0,2.0,217.4,2023-10-23 00:57:21,2023-10-23 01:17:21,2023-10-23 01:18:21,3606.96,Cash,2148.0
6366048116.0,78732957.0,679321.0,3.0,738.46,2024-08-05 08:56:18,2024-08-05 09:08:18,2024-08-05 09:06:18,1072.64,Cash,2890.0
4926287333.0,31233120.0,747801.0,1.0,277.76,2023-08-08 02:39:21,2023-08-08 02:59:21,2023-08-08 03:00:21,2890.49,Cash,9042.0
5532838325.0,6982488.0,264803.0,3.0,995.98,2024-07-24 23:26:26,2024-07-24 23:40:26,2024-07-24 23:37:26,1133.25,Cash,9152.0
2567996236.0,81584486.0,714999.0,3.0,882.51,2023-10-31 08:04:08,2023-10-31 08:21:08,2023-10-31 08:20:08,2831.03,Cash,1737.0
2655613624.0,46623192.0,131748.0,2.0,81.35,2024-06-26 13:15:57,2024-06-26 13:33:57,2024-06-26 14:02:57,2384.64,UPI,3805.0
7706089549.0,44562310.0,990993.0,1.0,263.7,2023-10-08 04:09:20,2023-10-08 04:24:20,2023-10-08 04:24:20,2062.54,Cash,7600.0
8257370396.0,25221501.0,451933.0,1.0,568.94,2023-12-24 08:13:46,2023-12-24 08:26:46,2023-12-24 08:42:46,160.07,Card,549.0
8623808984.0,37551429.0,462526.0,2.0,449.97,2024-04-13 05:34:58,2024-04-13 05:49:58,2024-04-13 05:55:58,1911.03,Card,1590.0
7579506101.0,72366758.0,487065.0,2.0,374.68,2023-04-06 01:16:48,2023-04-06 01:28:48,2023-04-06 01:25:48,978.84,UPI,5076.0
8861024199.0,29902416.0,329351.0,2.0,310.87,2023-11-29 05:51:08,2023-11-29 06:03:08,2023-11-29 05:59:08,1015.26,Cash,2116.0
7666131311.0,84456355.0,39154.0,1.0,946.86,2023-05-01 15:46:52,2023-05-01 15:57:52,2023-05-01 16:02:52,3643.76,UPI,7703.0
103589925.0,65406127.0,542300.0,3.0,255.35,2024-05-17 23:30:05,2024-05-17 23:42:05,2024-05-17 23:52:05,3805.99,UPI,8251.0
7346858138.0,16785724.0,552496.0,3.0,508.0,2023-11-22 16:43:38,2023-11-22 16:58:38,2023-11-22 16:55:38,1530.63,UPI,721.0
4963962664.0,80935110.0,820541.0,1.0,576.22,2023-09-28 11:44:23,2023-09-28 12:02:23,2023-09-28 11:58:23,4132.1,Cash,607.0
9069936094.0,90696847.0,991434.0,3.0,237.62,2024-06-23 12:54:13,2024-06-23 13:08:13,2024-06-23 13:31:13,2841.51,Cash,4324.0
4665363191.0,73660582.0,187399.0,3.0,53.49,2024-10-13 19:46:11,2024-10-13 20:05:11,2024-10-13 20:11:11,2035.62,Wallet,1059.0
888510905.0,27824078.0,256051.0,2.0,400.92,2024-06-27 18:06:56,2024-06-27 18:18:56,2024-06-27 18:30:56,1305.23,Cash,9927.0
6876091286.0,49136375.0,903336.0,3.0,551.88,2024-10-05 00:23:02,2024-10-05 00:38:02,2024-10-05 00:36:02,3152.71,UPI,5642.0
2592923105.0,78806824.0,925482.0,3.0,475.04,2023-04-23 00:02:24,2023-04-23 00:14:24,2023-04-23 00:37:24,5123.14,Card,9026.0
2468550508.0,59620534.0,473647.0,2.0,43.05,2024-08-21 13:50:50,2024-08-21 14:03:50,2024-08-21 14:06:50,3712.25,UPI,6945.0
5302956276.0,97111069.0,56589.0,3.0,517.77,2024-01-22 22:37:17,2024-01-22 22:52:17,2024-01-22 22:52:17,1495.19,UPI,1628.0
9409714182.0,59110513.0,658389.0,1.0,152.55,2023-05-25 05:14:31,2023-05-25 05:29:31,2023-05-25 05:41:31,2856.32,Card,5236.0
1446221570.0,59216664.0,952168.0,2.0,236.95,2024-09-26 09:57:18,2024-09-26 10:13:18,2024-09-26 10:12:18,1905.44,Wallet,4433.0
8250036360.0,88203688.0,256051.0,3.0,400.92,2024-06-21 14:01:28,2024-06-21 14:20:28,2024-06-21 14:21:28,1940.19,Wallet,3376.0
447464341.0,89669139.0,378230.0,2.0,166.42,2024-03-03 12:48:39,2024-03-03 13:06:39,2024-03-03 13:13:39,3113.07,Wallet,7454.0
15642223.0,85020453.0,937542.0,3.0,97.04,2023-11-06 21:10:23,2023-11-06 21:24:23,2023-11-06 21:27:23,1712.74,Cash,864.0
3285378238.0,66943324.0,291238.0,2.0,746.03,2024-08-15 05:21:32,2024-08-15 05:41:32,2024-08-15 05:56:32,2599.64,Wallet,3670.0
2356483296.0,49529811.0,382511.0,1.0,702.54,2023-07-25 17:06:01,2023-07-25 17:24:01,2023-07-25 17:32:01,2030.68,UPI,7717.0
3382911339.0,23380116.0,697683.0,1.0,123.74,2023-12-12 14:35:18,2023-12-12 14:53:18,2023-12-12 14:52:18,1666.57,Card,1254.0
3690872026.0,1152215.0,951463.0,3.0,787.4,2023-07-09 08:07:37,2023-07-09 08:21:37,2023-07-09 08:26:37,1203.31,Cash,3233.0
6755367585.0,54057428.0,561860.0,1.0,874.78,2024-09-03 18:44:34,2024-09-03 19:00:34,2024-09-03 18:57:34,2115.53,UPI,7067.0
6835850079.0,68965787.0,880510.0,3.0,951.43,2023-08-13 22:56:33,2023-08-13 23:06:33,2023-08-13 23:09:33,934.75,UPI,7041.0
9345418784.0,58644651.0,771228.0,3.0,83.18,2024-02-22 10:03:24,2024-02-22 10:23:24,2024-02-22 10:27:24,2469.41,Cash,5549.0
7185243614.0,51994597.0,552883.0,3.0,888.16,2024-01-10 19:01:39,2024-01-10 19:20:39,2024-01-10 19:22:39,1223.58,UPI,8505.0
2319044818.0,82425179.0,615545.0,1.0,448.16,2024-04-06 20:31:22,2024-04-06 20:45:22,2024-04-06 20:41:22,2861.37,Wallet,9694.0
931834374.0,17392512.0,41853.0,3.0,910.44,2024-09-30 12:51:20,2024-09-30 13:11:20,2024-09-30 13:11:20,361.89,Wallet,7589.0
8485398781.0,40593638.0,33955.0,2.0,186.08,2024-04-20 19:01:45,2024-04-20 19:17:45,2024-04-20 19:17:45,2156.87,Wallet,405.0
9806464912.0,31981068.0,133542.0,3.0,68.49,2024-08-21 12:00:48,2024-08-21 12:19:48,2024-08-21 12:33:48,2405.76,Card,5507.0
8214365128.0,42012717.0,542300.0,2.0,255.35,2024-07-10 18:08:38,2024-07-10 18:18:38,2024-07-10 18:14:38,3595.22,Wallet,1827.0
137089318.0,6637282.0,39154.0,2.0,946.86,2024-05-23 15:38:38,2024-05-23 15:53:38,2024-05-23 15:48:38,2254.26,Wallet,4547.0
7615602420.0,63402854.0,714999.0,3.0,882.51,2024-05-30 09:20:58,2024-05-30 09:32:58,2024-05-30 09:37:58,922.64,Cash,6203.0
3995348964.0,44828791.0,697683.0,3.0,123.74,2024-06-03 16:20:56,2024-06-03 16:34:56,2024-06-03 16:38:56,1613.86,Cash,9450.0
3816542830.0,81822935.0,942001.0,3.0,671.55,2023-08-18 14:48:14,2023-08-18 15:04:14,2023-08-18 15:00:14,3294.67,UPI,3724.0
9665004924.0,90184276.0,349294.0,3.0,934.75,2023-07-29 15:32:25,2023-07-29 15:48:25,2023-07-29 15:47:25,3564.53,Wallet,6205.0
1728547597.0,98444183.0,798639.0,2.0,211.25,2024-06-09 07:47:29,2024-06-09 08:04:29,2024-06-09 08:23:29,236.51,Card,7174.0
5311190131.0,19482392.0,965755.0,2.0,532.57,2024-03-04 00:42:19,2024-03-04 01:01:19,2024-03-04 01:02:19,1276.25,Card,1153.0
9581592141.0,64562786.0,4452.0,3.0,169.88,2024-01-22 23:20:37,2024-01-22 23:30:37,2024-01-22 23:30:37,4117.69,UPI,2407.0
4848863693.0,63217390.0,876139.0,1.0,415.75,2024-09-12 04:43:20,2024-09-12 04:54:20,2024-09-12 04:51:20,1634.92,UPI,5132.0
6374883107.0,23126657.0,473929.0,1.0,440.19,2023-08-19 08:10:07,2023-08-19 08:20:07,2023-08-19 08:41:07,3039.25,UPI,2497.0
3270131216.0,56604077.0,820973.0,3.0,114.52,2024-02-10 15:02:10,2024-02-10 15:14:10,2024-02-10 15:28:10,1403.1,UPI,998.0
2643382562.0,54338574.0,563740.0,3.0,96.33,2023-07-24 22:30:03,2023-07-24 22:48:03,2023-07-24 22:48:03,354.91,UPI,6033.0
5212524996.0,45071436.0,784827.0,1.0,274.25,2023-12-10 22:06:30,2023-12-10 22:25:30,2023-12-10 22:26:30,2573.93,Cash,4142.0
9594095277.0,27604184.0,925482.0,1.0,475.04,2024-03-10 04:41:08,2024-03-10 04:56:08,2024-03-10 04:54:08,3015.93,Card,8280.0
8375863419.0,76971644.0,962591.0,1.0,130.01,2024-08-26 12:11:17,2024-08-26 12:29:17,2024-08-26 12:44:17,4914.12,Card,9410.0
7523880783.0,21481338.0,880510.0,3.0,951.43,2024-10-13 13:46:50,2024-10-13 14:06:50,2024-10-13 14:01:50,4262.19,Wallet,4957.0
9670158103.0,63262519.0,647462.0,2.0,326.42,2024-03-11 12:51:36,2024-03-11 13:08:36,2024-03-11 13:10:36,2159.25,UPI,2714.0
4344108631.0,45804389.0,880510.0,3.0,951.43,2023-03-29 11:14:06,2023-03-29 11:27:06,2023-03-29 11:37:06,4399.58,Cash,5074.0
2237858.0,48281892.0,585299.0,1.0,799.46,2023-04-02 03:45:11,2023-04-02 04:00:11,2023-04-02 04:03:11,3835.26,Wallet,1987.0
3217791988.0,92642745.0,890623.0,1.0,354.52,2023-08-10 13:48:13,2023-08-10 14:06:13,2023-08-10 14:04:13,5996.96,Wallet,2073.0
3355718103.0,91196901.0,478531.0,2.0,825.46,2023-09-10 22:35:21,2023-09-10 22:54:21,2023-09-10 22:51:21,632.35,Card,5757.0
9590518103.0,62323608.0,140154.0,2.0,171.2,2024-03-01 19:18:57,2024-03-01 19:32:57,2024-03-01 19:33:57,40.7,UPI,6056.0
6610120274.0,89910157.0,552496.0,2.0,508.0,2024-07-19 01:16:09,2024-07-19 01:30:09,2024-07-19 01:31:09,3395.39,UPI,4574.0
1180899898.0,16420489.0,274207.0,1.0,328.51,2023-04-17 02:53:44,2023-04-17 03:12:44,2023-04-17 03:15:44,3034.51,Wallet,4638.0
8758992688.0,11616535.0,891833.0,1.0,493.19,2024-06-22 16:53:41,2024-06-22 17:12:41,2024-06-22 17:37:41,405.71,Wallet,1537.0
6965716176.0,12851610.0,970529.0,3.0,827.44,2023-04-13 02:15:14,2023-04-13 02:32:14,2023-04-13 02:34:14,4625.58,Card,4557.0
5527742274.0,57956497.0,712003.0,2.0,671.68,2023-12-16 05:20:27,2023-12-16 05:32:27,2023-12-16 05:27:27,2424.06,Card,8667.0
826610039.0,29431960.0,589812.0,3.0,163.03,2023-08-17 13:52:16,2023-08-17 14:04:16,2023-08-17 14:03:16,169.88,UPI,5752.0
3303891913.0,84361534.0,313754.0,2.0,136.6,2024-01-15 21:29:58,2024-01-15 21:43:58,2024-01-15 21:48:58,2044.44,Card,5496.0
2489292878.0,59240916.0,969851.0,2.0,340.66,2023-10-01 08:51:12,2023-10-01 09:02:12,2023-10-01 08:57:12,3382.35,Card,4977.0
8589851630.0,5386246.0,687218.0,2.0,317.82,2024-05-28 14:12:08,2024-05-28 14:22:08,2024-05-28 14:24:08,3160.29,Card,7237.0
4598897781.0,77625089.0,709916.0,3.0,33.76,2023-07-12 20:42:25,2023-07-12 20:54:25,2023-07-12 21:04:25,3442.8,UPI,1410.0
6932356214.0,58942207.0,131748.0,2.0,81.35,2023-04-04 05:34:45,2023-04-04 05:52:45,2023-04-04 06:06:45,4091.52,Wallet,1053.0
3499004322.0,70363568.0,34200.0,1.0,319.8,2023-05-04 18:04:47,2023-05-04 18:23:47,2023-05-04 18:22:47,2288.53,Wallet,7809.0
7517620171.0,25128143.0,687218.0,2.0,317.82,2023-04-16 18:10:53,2023-04-16 18:26:53,2023-04-16 18:21:53,1996.94,Cash,1920.0
172987148.0,71607166.0,901144.0,3.0,340.36,2024-11-03 16:39:53,2024-11-03 16:56:53,2024-11-03 17:21:53,2924.71,Cash,4430.0
8347207794.0,34853377.0,890623.0,1.0,354.52,2024-08-17 22:01:06,2024-08-17 22:18:06,2024-08-17 22:21:06,2701.36,Card,2484.0
9472355181.0,81462774.0,962054.0,1.0,16.86,2024-01-23 06:37:09,2024-01-23 06:52:09,2024-01-23 06:55:09,972.69,UPI,1310.0
1315064289.0,74735607.0,883013.0,2.0,989.88,2024-07-27 03:05:12,2024-07-27 03:16:12,2024-07-27 03:39:12,2357.23,UPI,1009.0
9371869941.0,53076417.0,712307.0,2.0,264.89,2023-10-11 23:57:41,2023-10-12 00:13:41,2023-10-12 00:13:41,1599.11,Card,9.0
5184568404.0,93507573.0,704868.0,2.0,193.46,2024-03-27 12:45:24,2024-03-27 13:05:24,2024-03-27 13:01:24,872.08,Cash,8839.0
5891002534.0,41494517.0,361361.0,2.0,826.21,2023-09-29 15:59:08,2023-09-29 16:16:08,2023-09-29 16:26:08,475.04,Card,9109.0
1479730711.0,90647204.0,123983.0,3.0,785.67,2024-09-02 09:49:44,2024-09-02 10:08:44,2024-09-02 10:29:44,589.61,Wallet,3312.0
7651037338.0,31576845.0,274207.0,2.0,328.51,2023-11-21 18:34:51,2023-11-21 18:52:51,2023-11-21 18:52:51,242.57,Cash,125.0
8763754537.0,97873848.0,723678.0,3.0,675.46,2024-10-07 05:34:23,2024-10-07 05:47:23,2024-10-07 05:44:23,1696.36,UPI,9072.0
7683813608.0,99707100.0,658389.0,2.0,152.55,2023-06-06 21:29:26,2023-06-06 21:44:26,2023-06-06 21:47:26,2544.29,Card,4714.0
6722955128.0,8351747.0,949818.0,1.0,483.05,2023-03-19 21:52:23,2023-03-19 22:05:23,2023-03-19 22:01:23,1028.49,Wallet,2801.0
8259274680.0,60379302.0,256783.0,3.0,906.54,2023-04-11 06:25:28,2023-04-11 06:45:28,2023-04-11 06:43:28,3427.94,Cash,1097.0
4620484274.0,58111297.0,9436.0,2.0,88.43,2024-09-10 15:50:36,2024-09-10 16:05:36,2024-09-10 16:18:36,3550.23,Card,8879.0
8260569466.0,59323931.0,144124.0,3.0,162.67,2023-12-15 04:01:23,2023-12-15 04:16:23,2023-12-15 04:12:23,698.04,Card,8742.0
8498916204.0,47625855.0,537274.0,3.0,702.71,2024-03-22 19:29:28,2024-03-22 19:44:28,2024-03-22 19:44:28,422.87,Card,3248.0
3209538967.0,41874489.0,82484.0,1.0,914.88,2024-05-07 09:15:34,2024-05-07 09:35:34,2024-05-07 09:39:34,2519.28,Cash,192.0
2570640420.0,10418604.0,542300.0,1.0,255.35,2023-04-28 10:31:24,2023-04-28 10:44:24,2023-04-28 10:48:24,3782.04,Cash,9369.0
2066843639.0,69516494.0,764014.0,3.0,612.04,2024-05-25 00:12:13,2024-05-25 00:32:13,2024-05-25 00:27:13,941.19,UPI,9267.0
7402125753.0,12500465.0,319388.0,2.0,657.8,2023-11-01 18:12:28,2023-11-01 18:26:28,2023-11-01 18:36:28,3147.43,Cash,4210.0
9171089443.0,46185579.0,274207.0,3.0,328.51,2024-09-10 20:04:14,2024-09-10 20:21:14,2024-09-10 20:21:14,2747.64,Cash,2275.0
3272079644.0,51592174.0,741341.0,1.0,923.84,2023-06-06 14:31:34,2023-06-06 14:43:34,2023-06-06 14:46:34,22.14,Card,4584.0
438111050.0,74174956.0,171602.0,1.0,883.44,2024-05-03 23:36:13,2024-05-03 23:56:13,2024-05-03 23:54:13,2129.22,Card,7723.0
7416160835.0,29324437.0,222892.0,1.0,869.22,2023-04-30 11:05:04,2023-04-30 11:20:04,2023-04-30 11:17:04,2651.44,UPI,6480.0
4075074492.0,12778027.0,140154.0,1.0,171.2,2023-12-13 11:06:33,2023-12-13 11:18:33,2023-12-13 11:41:33,5146.2,UPI,3071.0
5536024334.0,15661674.0,600767.0,3.0,722.42,2023-04-30 16:32:38,2023-04-30 16:44:38,2023-04-30 16:40:38,1149.2,Card,9073.0
2013140214.0,39674723.0,962054.0,3.0,16.86,2024-05-14 16:20:19,2024-05-14 16:30:19,2024-05-14 16:35:19,2400.93,Card,1539.0
1113582397.0,53292177.0,757274.0,2.0,98.32,2023-12-17 14:29:17,2023-12-17 14:40:17,2023-12-17 14:42:17,3248.52,Card,7163.0
1083928258.0,14705462.0,264803.0,1.0,995.98,2023-12-21 19:36:22,2023-12-21 19:54:22,2023-12-21 19:58:22,2833.25,Card,768.0
4906957374.0,30029998.0,818990.0,3.0,163.55,2023-09-16 19:50:47,2023-09-16 20:06:47,2023-09-16 20:03:47,3973.9,Card,6872.0
1876614122.0,97678578.0,366066.0,2.0,918.58,2023-08-23 23:22:54,2023-08-23 23:38:54,2023-08-23 23:35:54,4304.71,Cash,595.0
6556180328.0,10562528.0,839170.0,1.0,481.63,2024-06-03 20:39:59,2024-06-03 20:57:59,2024-06-03 20:56:59,712.12,UPI,5137.0
7960553477.0,4356173.0,585299.0,3.0,799.46,2024-02-24 05:24:38,2024-02-24 05:40:38,2024-02-24 05:35:38,169.88,UPI,7328.0
6335972517.0,18256339.0,949818.0,2.0,483.05,2023-07-08 19:55:51,2023-07-08 20:14:51,2023-07-08 20:26:51,1968.49,UPI,7147.0
6254948159.0,42615134.0,726958.0,3.0,887.48,2023-10-16 07:14:34,2023-10-16 07:34:34,2023-10-16 07:34:34,3371.28,Card,6278.0
7527936057.0,63971358.0,107548.0,3.0,891.6,2023-12-10 14:03:53,2023-12-10 14:18:53,2023-12-10 14:20:53,2750.94,Cash,8096.0
6257851675.0,65488134.0,677169.0,2.0,261.03,2024-04-23 22:08:04,2024-04-23 22:26:04,2024-04-23 22:48:04,1052.94,UPI,9276.0
6832610950.0,77811864.0,9436.0,3.0,88.43,2023-09-01 09:13:43,2023-09-01 09:33:43,2023-09-01 09:57:43,1628.19,UPI,7794.0
5085005195.0,2684440.0,697683.0,3.0,123.74,2024-03-05 19:55:27,2024-03-05 20:13:27,2024-03-05 20:17:27,4030.23,Cash,9543.0
2177207547.0,92245432.0,448752.0,1.0,160.07,2024-02-09 04:43:35,2024-02-09 05:01:35,2024-02-09 04:59:35,3576.89,Wallet,1529.0
3043364543.0,21597477.0,186168.0,1.0,878.8,2023-07-25 10:41:58,2023-07-25 10:58:58,2023-07-25 11:00:58,1136.9,UPI,8672.0
2823404098.0,81377917.0,891833.0,3.0,493.19,2024-03-03 03:19:55,2024-03-03 03:33:55,2024-03-03 03:31:55,2699.14,Wallet,1184.0
646676955.0,93018527.0,77308.0,2.0,223.27,2023-11-09 00:38:42,2023-11-09 00:55:42,2023-11-09 00:51:42,109.03,Cash,5859.0
5756607486.0,27709218.0,613942.0,3.0,545.0,2023-10-22 05:36:13,2023-10-22 05:53:13,2023-10-22 05:51:13,1910.09,Card,648.0
9373691795.0,87463923.0,880510.0,1.0,951.43,2024-03-23 21:15:54,2024-03-23 21:31:54,2024-03-23 21:35:54,2386.93,Cash,5199.0
2611601543.0,61753272.0,661577.0,1.0,720.95,2023-07-23 00:37:11,2023-07-23 00:49:11,2023-07-23 00:59:11,1804.99,Wallet,5439.0
1491360686.0,90649019.0,621677.0,2.0,317.8,2023-03-21 15:49:01,2023-03-21 16:00:01,2023-03-21 16:11:01,822.74,UPI,7070.0
1824533423.0,2233446.0,949818.0,2.0,483.05,2023-05-21 12:55:19,2023-05-21 13:13:19,2023-05-21 13:16:19,2890.53,Wallet,7389.0
2913841018.0,46675763.0,799688.0,1.0,309.62,2023-11-26 03:57:27,2023-11-26 04:08:27,2023-11-26 04:08:27,727.95,Card,6719.0
3141803761.0,34787383.0,4452.0,3.0,169.88,2023-10-09 15:22:40,2023-10-09 15:35:40,2023-10-09 15:54:40,787.4,UPI,2448.0
6184484468.0,40275138.0,240179.0,2.0,90.56,2024-10-14 03:35:47,2024-10-14 03:45:47,2024-10-14 03:46:47,211.22,Cash,2662.0
4599327740.0,77862447.0,613942.0,3.0,545.0,2023-08-25 15:35:17,2023-08-25 15:52:17,2023-08-25 15:52:17,530.85,Cash,6481.0
7479207574.0,64846124.0,60619.0,3.0,726.41,2024-04-03 01:48:33,2024-04-03 02:03:33,2024-04-03 02:32:33,918.45,Cash,80.0
2996133401.0,83964902.0,903336.0,2.0,551.88,2024-04-14 22:04:03,2024-04-14 22:16:03,2024-04-14 22:14:03,2010.29,UPI,4244.0
5972410040.0,19179897.0,968887.0,3.0,40.7,2024-08-11 07:22:14,2024-08-11 07:38:14,2024-08-11 07:41:14,1721.08,Wallet,4388.0
4007593324.0,68703613.0,305754.0,3.0,979.99,2024-06-21 10:08:44,2024-06-21 10:23:44,2024-06-21 10:27:44,3453.62,Wallet,7513.0
3428454405.0,93018527.0,432617.0,2.0,863.18,2023-08-13 22:37:01,2023-08-13 22:57:01,2023-08-13 22:56:01,3030.47,Cash,3714.0
1160646195.0,5700842.0,876139.0,1.0,415.75,2023-04-24 17:02:19,2023-04-24 17:17:19,2023-04-24 17:38:19,419.13,Card,2464.0
4376524554.0,72576730.0,812607.0,2.0,416.65,2023-03-16 09:09:00,2023-03-16 09:25:00,2023-03-16 09:30:00,2512.22,Card,7687.0
1519072771.0,70615775.0,925482.0,2.0,475.04,2024-08-01 04:03:15,2024-08-01 04:22:15,2024-08-01 04:24:15,98.32,UPI,5275.0
8203685394.0,40192266.0,615545.0,3.0,448.16,2024-02-23 06:58:38,2024-02-23 07:17:38,2024-02-23 07:18:38,1013.58,Card,6784.0
7906789850.0,32006907.0,491521.0,2.0,556.35,2024-10-08 20:15:00,2024-10-08 20:35:00,2024-10-08 20:41:00,2494.47,UPI,1123.0
8073770046.0,87943214.0,661577.0,1.0,720.95,2024-05-14 03:01:34,2024-05-14 03:12:34,2024-05-14 03:25:34,3056.86,UPI,6209.0
5190202949.0,40727086.0,992178.0,1.0,632.43,2023-09-09 12:34:28,2023-09-09 12:49:28,2023-09-09 13:01:28,3924.07,Wallet,3906.0
8542325207.0,9573071.0,373536.0,2.0,494.17,2024-07-17 17:30:24,2024-07-17 17:47:24,2024-07-17 17:50:24,4399.94,Wallet,5625.0
7566730050.0,39153585.0,552496.0,3.0,508.0,2023-05-14 12:59:57,2023-05-14 13:12:57,2023-05-14 13:13:57,1443.71,Card,6181.0
176509722.0,65221572.0,883013.0,1.0,989.88,2023-10-16 22:34:31,2023-10-16 22:46:31,2023-10-16 22:44:31,2319.65,UPI,6275.0
1894603222.0,21697638.0,839170.0,1.0,481.63,2023-10-16 07:17:33,2023-10-16 07:27:33,2023-10-16 07:30:33,356.33,Wallet,1130.0
2694800415.0,36675827.0,891833.0,2.0,493.19,2024-04-04 07:26:06,2024-04-04 07:44:06,2024-04-04 07:39:06,3621.69,Cash,8403.0
5879390688.0,77869660.0,687218.0,1.0,317.82,2023-09-07 19:36:09,2023-09-07 19:48:09,2023-09-07 19:54:09,96.09,Wallet,8201.0
1197715978.0,625395.0,945635.0,3.0,778.9,2023-11-12 07:20:23,2023-11-12 07:40:23,2023-11-12 07:43:23,3388.47,Card,4364.0
7790696031.0,34580200.0,602241.0,1.0,976.55,2023-05-12 16:58:08,2023-05-12 17:13:08,2023-05-12 17:08:08,2174.92,Wallet,1700.0
2189360099.0,68714053.0,6405.0,1.0,236.51,2023-08-19 05:59:43,2023-08-19 06:16:43,2023-08-19 06:13:43,2231.91,Wallet,3685.0
3542041943.0,55007963.0,313754.0,1.0,136.6,2024-09-06 01:07:42,2024-09-06 01:23:42,2024-09-06 01:25:42,209.59,Wallet,3295.0
9202469009.0,37362180.0,563740.0,1.0,96.33,2023-11-13 01:11:40,2023-11-13 01:31:40,2023-11-13 01:28:40,1574.8,UPI,6324.0
3985829990.0,81808190.0,578097.0,1.0,267.61,2024-07-19 00:58:05,2024-07-19 01:14:05,2024-07-19 01:28:05,4495.35,Wallet,1868.0
4341872315.0,71755645.0,930284.0,3.0,189.47,2023-11-03 13:00:48,2023-11-03 13:19:48,2023-11-03 13:20:48,3494.41,Wallet,6361.0
4748123248.0,24144240.0,673058.0,3.0,765.76,2023-08-01 10:02:42,2023-08-01 10:15:42,2023-08-01 10:14:42,476.96,UPI,4332.0
99905061.0,47590944.0,492958.0,1.0,84.2,2023-11-16 20:08:23,2023-11-16 20:26:23,2023-11-16 20:34:23,2948.85,Card,442.0
9118004489.0,37288781.0,473647.0,1.0,43.05,2024-02-02 14:35:12,2024-02-02 14:45:12,2024-02-02 14:41:12,2685.25,Cash,5683.0
1696936610.0,25795941.0,490939.0,1.0,80.25,2023-09-13 23:26:44,2023-09-13 23:46:44,2023-09-13 23:50:44,1983.84,Wallet,5361.0
155669553.0,88779806.0,714999.0,1.0,882.51,2023-04-06 14:25:38,2023-04-06 14:38:38,2023-04-06 14:36:38,2239.85,UPI,3785.0
2885541999.0,40275138.0,337168.0,3.0,545.49,2023-09-13 22:13:12,2023-09-13 22:27:12,2023-09-13 22:24:12,87.3,Cash,7271.0
2846340681.0,77085443.0,287070.0,2.0,443.17,2023-06-08 06:18:52,2023-06-08 06:29:52,2023-06-08 06:32:52,2923.65,Cash,3321.0
963715332.0,21948041.0,771228.0,1.0,83.18,2024-07-18 22:25:26,2024-07-18 22:39:26,2024-07-18 22:54:26,4740.41,UPI,3522.0
2807634451.0,84986716.0,481843.0,3.0,297.68,2024-03-15 00:16:18,2024-03-15 00:36:18,2024-03-15 00:41:18,3196.92,Wallet,3673.0
3046341241.0,82286725.0,690565.0,1.0,951.27,2023-10-03 17:13:24,2023-10-03 17:30:24,2023-10-03 17:26:24,3155.44,Wallet,5665.0
485687952.0,8228843.0,992178.0,3.0,632.43,2023-03-26 19:36:56,2023-03-26 19:53:56,2023-03-26 20:05:56,1436.02,Wallet,4079.0
7660904370.0,30455484.0,478531.0,1.0,825.46,2024-05-09 14:16:30,2024-05-09 14:29:30,2024-05-09 14:41:30,695.54,Cash,2713.0
9753033954.0,83577942.0,667163.0,1.0,441.2,2023-07-02 01:33:28,2023-07-02 01:47:28,2023-07-02 01:46:28,630.84,Card,9044.0
9509887699.0,23448955.0,700048.0,2.0,141.28,2024-01-13 11:09:16,2024-01-13 11:19:16,2024-01-13 11:18:16,1656.08,UPI,7593.0
1054122071.0,97557157.0,473929.0,1.0,440.19,2023-11-22 08:36:23,2023-11-22 08:56:23,2023-11-22 08:58:23,1011.38,Card,2687.0
9135272808.0,21701991.0,952124.0,2.0,127.08,2024-03-01 23:06:19,2024-03-01 23:24:19,2024-03-01 23:22:19,1454.36,UPI,6215.0
597447215.0,39957741.0,848226.0,1.0,209.59,2024-09-04 22:09:51,2024-09-04 22:25:51,2024-09-04 22:20:51,4238.98,UPI,5255.0
5562099656.0,3872421.0,440875.0,2.0,275.03,2024-06-12 02:35:04,2024-06-12 02:53:04,2024-06-12 02:58:04,163.03,Card,7036.0
4122736828.0,47590944.0,500633.0,1.0,154.5,2024-07-02 12:55:31,2024-07-02 13:15:31,2024-07-02 13:12:31,2205.44,UPI,5511.0
7238138072.0,32929817.0,679284.0,3.0,877.89,2024-08-26 05:41:35,2024-08-26 06:00:35,2024-08-26 05:55:35,906.54,Wallet,9170.0
6244736404.0,8791577.0,613942.0,1.0,545.0,2024-08-19 09:19:35,2024-08-19 09:30:35,2024-08-19 09:40:35,4248.04,UPI,4428.0
1297341963.0,70230254.0,564692.0,1.0,215.65,2024-07-28 21:44:40,2024-07-28 21:58:40,2024-07-28 21:56:40,1516.81,Cash,9202.0
3842442278.0,89223620.0,567671.0,1.0,418.48,2024-10-27 02:43:39,2024-10-27 03:01:39,2024-10-27 02:57:39,4144.84,Card,7156.0
9576684860.0,9347990.0,587645.0,2.0,801.81,2023-04-28 20:05:38,2023-04-28 20:17:38,2023-04-28 20:25:38,1365.7,Card,4883.0
1592757566.0,78903046.0,124290.0,2.0,39.65,2024-07-17 15:09:40,2024-07-17 15:24:40,2024-07-17 15:44:40,4787.67,Wallet,6742.0
5060677329.0,68219091.0,264803.0,3.0,995.98,2024-03-29 08:13:16,2024-03-29 08:32:16,2024-03-29 08:47:16,903.53,UPI,2588.0
2241930006.0,66943324.0,26060.0,3.0,342.94,2023-11-05 03:05:55,2023-11-05 03:20:55,2023-11-05 03:48:55,2211.21,UPI,3024.0
3246505078.0,45481936.0,677169.0,1.0,261.03,2024-08-15 20:41:26,2024-08-15 20:57:26,2024-08-15 21:17:26,702.71,Wallet,3588.0
5870152806.0,376144.0,659290.0,1.0,319.34,2024-03-23 03:57:26,2024-03-23 04:07:26,2024-03-23 04:02:26,171.2,Cash,5545.0
8919999754.0,8395610.0,564692.0,3.0,215.65,2023-12-07 13:24:38,2023-12-07 13:44:38,2023-12-07 13:44:38,2554.62,UPI,2090.0
1080338783.0,1601161.0,433521.0,2.0,321.33,2023-07-21 21:48:46,2023-07-21 22:04:46,2023-07-21 22:03:46,2039.04,Cash,2592.0
4641905606.0,40667183.0,112390.0,3.0,877.98,2024-09-18 04:06:11,2024-09-18 04:24:11,2024-09-18 04:21:11,3587.82,Cash,6600.0
9456413999.0,32019725.0,839170.0,2.0,481.63,2023-08-26 23:31:36,2023-08-26 23:48:36,2023-08-26 23:50:36,2572.64,Card,3211.0
4764056827.0,8025622.0,767398.0,2.0,22.14,2024-07-19 20:09:14,2024-07-19 20:19:14,2024-07-19 20:30:14,3063.23,UPI,7187.0
5168057633.0,45477575.0,272170.0,2.0,140.8,2024-07-11 01:35:53,2024-07-11 01:53:53,2024-07-11 01:50:53,4188.15,UPI,561.0
1442559656.0,85074810.0,240179.0,2.0,90.56,2023-05-10 07:54:52,2023-05-10 08:12:52,2023-05-10 08:33:52,2573.97,Cash,8807.0
6590257283.0,2058037.0,435929.0,3.0,856.89,2023-10-02 09:29:52,2023-10-02 09:41:52,2023-10-02 09:43:52,4030.26,Cash,3669.0
3429671763.0,21481338.0,473929.0,1.0,440.19,2024-03-26 20:11:54,2024-03-26 20:26:54,2024-03-26 20:45:54,1168.51,UPI,1275.0
4750086089.0,97259564.0,563740.0,1.0,96.33,2023-08-16 20:03:15,2023-08-16 20:15:15,2023-08-16 20:23:15,1896.06,Card,8017.0
3204128006.0,62323608.0,41853.0,3.0,910.44,2023-11-22 13:26:45,2023-11-22 13:39:45,2023-11-22 13:52:45,4361.59,Wallet,4284.0
3171917027.0,55936462.0,56589.0,3.0,517.77,2024-03-31 08:18:11,2024-03-31 08:34:11,2024-03-31 08:34:11,1179.35,UPI,2773.0
8814047085.0,68475914.0,764014.0,2.0,612.04,2023-04-10 10:34:09,2023-04-10 10:50:09,2023-04-10 10:45:09,972.69,UPI,1535.0
1889723479.0,5754255.0,317242.0,1.0,198.15,2024-06-24 07:55:26,2024-06-24 08:11:26,2024-06-24 08:15:26,395.61,Cash,112.0
942025494.0,62679120.0,888807.0,3.0,230.58,2024-03-02 22:50:09,2024-03-02 23:04:09,2024-03-02 23:18:09,4479.65,UPI,6649.0
4104444500.0,57526322.0,807452.0,1.0,144.19,2024-10-13 02:34:41,2024-10-13 02:48:41,2024-10-13 02:46:41,296.94,Card,4357.0
7562260313.0,13871547.0,217710.0,2.0,58.59,2024-03-23 02:19:57,2024-03-23 02:32:57,2024-03-23 02:34:57,1246.62,Card,1076.0
7140244766.0,86067293.0,942001.0,1.0,671.55,2023-08-06 14:21:46,2023-08-06 14:38:46,2023-08-06 14:35:46,310.87,UPI,5411.0
7967974077.0,45066676.0,448752.0,3.0,160.07,2024-07-06 06:00:25,2024-07-06 06:12:25,2024-07-06 06:21:25,3382.93,Wallet,9753.0
7456822422.0,81822935.0,962054.0,2.0,16.86,2023-12-08 16:49:23,2023-12-08 17:06:23,2023-12-08 17:14:23,604.1,Cash,7045.0
4813468096.0,34668988.0,516376.0,3.0,877.43,2024-02-10 04:00:20,2024-02-10 04:10:20,2024-02-10 04:12:20,650.2,Card,6573.0
8618576020.0,15484407.0,382511.0,1.0,702.54,2024-01-18 14:45:23,2024-01-18 15:01:23,2024-01-18 15:02:23,1633.69,Card,454.0
3727646442.0,12077371.0,913428.0,3.0,392.22,2023-07-21 16:05:58,2023-07-21 16:18:58,2023-07-21 16:17:58,1105.54,Wallet,3999.0
9208156337.0,39959491.0,319388.0,3.0,657.8,2024-09-23 10:09:54,2024-09-23 10:27:54,2024-09-23 10:27:54,1685.01,UPI,257.0
8328118787.0,14839726.0,500633.0,3.0,154.5,2023-05-14 22:03:21,2023-05-14 22:16:21,2023-05-14 22:21:21,3997.84,Card,249.0
580528836.0,91550885.0,11422.0,3.0,127.16,2023-10-20 10:17:06,2023-10-20 10:34:06,2023-10-20 11:03:06,1485.0,UPI,661.0
3350662630.0,60620291.0,927651.0,1.0,426.72,2023-07-03 22:08:47,2023-07-03 22:24:47,2023-07-03 22:20:47,1279.7,Card,7240.0
6716381725.0,19682060.0,328457.0,1.0,858.57,2023-05-05 11:01:58,2023-05-05 11:18:58,2023-05-05 11:32:58,3647.45,Card,869.0
2249567137.0,20298398.0,897083.0,3.0,972.69,2024-04-06 10:05:47,2024-04-06 10:23:47,2024-04-06 10:24:47,3407.26,Card,1056.0
7484465509.0,73393269.0,706112.0,3.0,478.79,2024-09-27 19:15:45,2024-09-27 19:34:45,2024-09-27 19:30:45,1060.95,Card,3231.0
2577208156.0,86995126.0,615545.0,1.0,448.16,2024-10-08 07:09:12,2024-10-08 07:28:12,2024-10-08 07:35:12,1948.9,UPI,1472.0
3321905621.0,37759707.0,820541.0,3.0,576.22,2024-10-19 19:54:37,2024-10-19 20:13:37,2024-10-19 20:18:37,3909.99,Wallet,855.0
6686839282.0,71615827.0,726958.0,2.0,887.48,2023-07-24 09:30:56,2023-07-24 09:41:56,2023-07-24 09:50:56,2657.17,UPI,8623.0
5095558661.0,70220141.0,970529.0,3.0,827.44,2023-05-06 13:12:43,2023-05-06 13:27:43,2023-05-06 13:30:43,109.03,Cash,476.0
112658009.0,35144658.0,604184.0,1.0,397.55,2023-07-11 17:41:34,2023-07-11 17:55:34,2023-07-11 17:52:34,3834.36,Cash,8111.0
1343610513.0,18113428.0,925482.0,2.0,475.04,2023-07-17 13:42:50,2023-07-17 13:55:50,2023-07-17 14:03:50,638.38,UPI,8795.0
7190610535.0,59094034.0,990993.0,3.0,263.7,2024-03-22 07:19:34,2024-03-22 07:30:34,2024-03-22 07:26:34,2414.68,UPI,3718.0
5069426001.0,31940833.0,41853.0,1.0,910.44,2024-01-13 01:45:41,2024-01-13 01:57:41,2024-01-13 01:58:41,3099.29,UPI,7354.0
5655369002.0,19091057.0,6405.0,2.0,236.51,2023-08-25 10:12:03,2023-08-25 10:28:03,2023-08-25 10:28:03,114.52,Cash,9852.0
5761530160.0,84824280.0,349294.0,1.0,934.75,2024-02-23 18:32:21,2024-02-23 18:42:21,2024-02-23 18:57:21,876.11,Cash,5408.0
4772519706.0,17106161.0,257719.0,1.0,281.73,2023-03-28 08:47:18,2023-03-28 09:03:18,2023-03-28 09:02:18,2184.02,Cash,9798.0
8209051735.0,69416782.0,336847.0,3.0,936.98,2024-02-13 22:25:18,2024-02-13 22:45:18,2024-02-13 22:45:18,1887.19,Card,409.0
4870391666.0,80935110.0,324809.0,1.0,608.0,2024-03-23 20:30:02,2024-03-23 20:42:02,2024-03-23 20:44:02,738.74,Card,8515.0
7777975083.0,92098757.0,684939.0,1.0,727.95,2024-06-24 17:49:10,2024-06-24 18:05:10,2024-06-24 18:34:10,4419.96,UPI,5165.0
8713948756.0,65514005.0,837480.0,2.0,217.4,2023-11-16 00:05:39,2023-11-16 00:16:39,2023-11-16 00:35:39,383.2,Cash,2398.0
6191050157.0,90021871.0,365133.0,3.0,915.45,2023-05-11 20:36:55,2023-05-11 20:53:55,2023-05-11 20:58:55,1893.34,Cash,705.0
4060449266.0,1771249.0,953175.0,1.0,225.21,2024-03-09 00:27:33,2024-03-09 00:43:33,2024-03-09 00:47:33,2399.6,Card,1156.0
5657605506.0,63402854.0,451933.0,3.0,568.94,2024-05-30 20:18:11,2024-05-30 20:28:11,2024-05-30 20:27:11,697.88,Wallet,6923.0
8851743592.0,70608515.0,385113.0,1.0,816.38,2024-02-13 12:03:52,2024-02-13 12:15:52,2024-02-13 12:11:52,2618.87,Card,493.0
4689717606.0,91791128.0,473929.0,1.0,440.19,2023-07-05 07:24:52,2023-07-05 07:42:52,2023-07-05 07:42:52,2392.67,Card,7177.0
2860246948.0,8791577.0,859361.0,1.0,432.39,2024-09-25 22:16:59,2024-09-25 22:29:59,2024-09-25 22:58:59,1613.57,Wallet,3797.0
2875550803.0,40387944.0,366066.0,3.0,918.58,2024-02-28 14:00:15,2024-02-28 14:12:15,2024-02-28 14:11:15,1776.32,UPI,5708.0
5340575011.0,77015367.0,6405.0,2.0,236.51,2023-09-28 19:00:26,2023-09-28 19:12:26,2023-09-28 19:15:26,2307.65,Wallet,7900.0
7717156533.0,18791381.0,820973.0,1.0,114.52,2023-04-04 05:01:24,2023-04-04 05:14:24,2023-04-04 05:18:24,3043.92,Cash,9616.0
8297255359.0,56764791.0,354409.0,1.0,325.08,2023-06-26 16:35:06,2023-06-26 16:47:06,2023-06-26 16:50:06,2172.56,Card,2684.0
7873234939.0,31923338.0,367391.0,1.0,939.55,2024-09-10 22:33:39,2024-09-10 22:53:39,2024-09-10 22:59:39,816.38,Wallet,3201.0
3668515922.0,22321208.0,328457.0,3.0,858.57,2023-08-23 14:13:44,2023-08-23 14:31:44,2023-08-23 14:45:44,4229.93,UPI,6643.0
8356690330.0,88324928.0,566052.0,2.0,87.3,2023-07-15 18:05:56,2023-07-15 18:20:56,2023-07-15 18:16:56,3316.63,Card,3316.0
3508620293.0,40277444.0,991434.0,1.0,237.62,2023-08-03 20:45:13,2023-08-03 20:57:13,2023-08-03 20:57:13,4855.95,Cash,5868.0
9998297778.0,7728406.0,709916.0,3.0,33.76,2023-09-22 17:07:28,2023-09-22 17:26:28,2023-09-22 17:27:28,2833.2,Card,5907.0
3898421710.0,78750264.0,187399.0,2.0,53.49,2023-08-31 06:53:03,2023-08-31 07:12:03,2023-08-31 07:18:03,461.74,Cash,1794.0
3960980694.0,52417972.0,927651.0,1.0,426.72,2024-06-21 22:46:59,2024-06-21 23:01:59,2024-06-21 23:12:59,369.28,Cash,9209.0
5008395294.0,1108176.0,131136.0,3.0,37.8,2023-12-22 09:09:45,2023-12-22 09:22:45,2023-12-22 09:41:45,845.68,Cash,7381.0
3722869004.0,66140659.0,337168.0,3.0,545.49,2023-07-20 05:40:36,2023-07-20 05:53:36,2023-07-20 05:55:36,3268.53,UPI,406.0
8391555591.0,14006996.0,644847.0,1.0,622.81,2023-08-25 07:00:51,2023-08-25 07:14:51,2023-08-25 07:30:51,3933.27,Cash,4740.0
8063730776.0,95912198.0,196719.0,3.0,217.5,2024-09-21 20:01:23,2024-09-21 20:15:23,2024-09-21 20:13:23,2925.94,UPI,8363.0
9052752169.0,62510499.0,114414.0,2.0,832.06,2024-01-11 01:46:07,2024-01-11 01:56:07,2024-01-11 02:01:07,1083.52,UPI,9194.0
7471416647.0,75566105.0,927651.0,2.0,426.72,2023-03-29 15:39:40,2023-03-29 15:59:40,2023-03-29 16:06:40,2163.7,Wallet,3143.0
848332407.0,376144.0,555121.0,2.0,354.91,2024-04-22 08:52:55,2024-04-22 09:11:55,2024-04-22 09:09:55,1700.08,Card,8832.0
4062701987.0,8383197.0,194682.0,1.0,912.29,2023-12-18 04:18:37,2023-12-18 04:29:37,2023-12-18 04:24:37,979.99,UPI,1273.0
8723912832.0,94552818.0,455755.0,3.0,44.09,2024-01-19 09:40:56,2024-01-19 10:00:56,2024-01-19 10:03:56,361.98,Cash,4774.0
9099298435.0,2233446.0,89084.0,3.0,598.83,2024-02-22 10:18:09,2024-02-22 10:36:09,2024-02-22 10:35:09,1327.61,UPI,5254.0
5645691241.0,3786105.0,77308.0,2.0,223.27,2023-12-10 07:21:34,2023-12-10 07:40:34,2023-12-10 07:49:34,2970.0,Cash,9919.0
8258019846.0,61024977.0,734789.0,1.0,395.82,2024-01-24 17:43:28,2024-01-24 17:58:28,2024-01-24 18:02:28,1705.98,UPI,6938.0
2732162016.0,99361865.0,305754.0,3.0,979.99,2023-05-27 09:57:51,2023-05-27 10:16:51,2023-05-27 10:19:51,2111.24,Wallet,5077.0
1561902412.0,91448742.0,679321.0,1.0,738.46,2023-06-08 19:42:33,2023-06-08 20:02:33,2023-06-08 20:03:33,3412.02,UPI,4469.0
8979476889.0,49970560.0,256051.0,3.0,400.92,2023-06-06 22:26:51,2023-06-06 22:45:51,2023-06-06 22:46:51,169.88,Cash,2836.0
8373953053.0,46515922.0,679284.0,3.0,877.89,2024-10-25 21:54:38,2024-10-25 22:11:38,2024-10-25 22:26:38,3639.83,Wallet,88.0
7021309133.0,59353207.0,992178.0,3.0,632.43,2024-08-06 13:41:46,2024-08-06 13:57:46,2024-08-06 14:05:46,468.88,UPI,1968.0
3447085029.0,188838.0,337168.0,2.0,545.49,2023-04-25 04:28:16,2023-04-25 04:43:16,2023-04-25 04:46:16,4065.16,Cash,9912.0
9284767341.0,82160592.0,470449.0,1.0,827.77,2024-03-04 14:28:23,2024-03-04 14:39:23,2024-03-04 14:38:23,940.44,Wallet,4780.0
9770431940.0,86715467.0,679321.0,2.0,738.46,2024-06-06 23:04:27,2024-06-06 23:20:27,2024-06-06 23:15:27,3392.19,Card,4895.0
9650124390.0,46717997.0,123983.0,2.0,785.67,2024-04-24 15:27:40,2024-04-24 15:41:40,2024-04-24 15:37:40,4409.61,Card,7924.0
9826894858.0,67386193.0,319388.0,2.0,657.8,2024-06-21 12:59:40,2024-06-21 13:12:40,2024-06-21 13:16:40,1788.3,UPI,2550.0
4466839873.0,8361353.0,77308.0,1.0,223.27,2023-12-09 07:05:48,2023-12-09 07:17:48,2023-12-09 07:20:48,2840.84,Cash,944.0
4331471900.0,59094034.0,762527.0,2.0,690.08,2024-07-20 08:44:16,2024-07-20 09:03:16,2024-07-20 09:13:16,2476.97,Card,9631.0
5777824005.0,73428596.0,945635.0,2.0,778.9,2023-03-22 23:08:39,2023-03-22 23:19:39,2023-03-22 23:14:39,4469.56,Card,6508.0
8795242622.0,90246977.0,33797.0,3.0,888.12,2023-03-26 04:13:28,2023-03-26 04:33:28,2023-03-26 04:29:28,2861.87,Card,692.0
8561878376.0,12272282.0,555121.0,3.0,354.91,2024-01-29 07:22:42,2024-01-29 07:41:42,2024-01-29 07:44:42,2729.1,UPI,3448.0
2113243643.0,66269844.0,644847.0,3.0,622.81,2023-12-17 10:59:50,2023-12-17 11:13:50,2023-12-17 11:13:50,568.74,UPI,6700.0
8497820340.0,90586029.0,327290.0,2.0,862.28,2023-11-16 18:11:42,2023-11-16 18:26:42,2023-11-16 18:28:42,5163.37,UPI,2657.0
3167184563.0,43860025.0,798639.0,1.0,211.25,2023-09-07 17:16:42,2023-09-07 17:28:42,2023-09-07 17:32:42,3939.74,UPI,9175.0
9997121955.0,46623192.0,739534.0,2.0,994.56,2024-04-21 00:03:15,2024-04-21 00:19:15,2024-04-21 00:16:15,1756.4,UPI,6589.0
2954397481.0,93318833.0,272170.0,1.0,140.8,2024-01-31 10:54:45,2024-01-31 11:13:45,2024-01-31 11:15:45,1120.6,Wallet,582.0
8125884987.0,31718565.0,764014.0,3.0,612.04,2024-05-03 01:00:23,2024-05-03 01:10:23,2024-05-03 01:13:23,2008.1,Wallet,3215.0
3765873352.0,48418662.0,365132.0,3.0,229.38,2024-10-16 15:56:16,2024-10-16 16:09:16,2024-10-16 16:13:16,1976.63,UPI,2192.0
7733310993.0,10562528.0,820541.0,1.0,576.22,2023-03-31 09:44:22,2023-03-31 09:57:22,2023-03-31 10:09:22,1253.38,Card,1315.0
738093341.0,30823988.0,257719.0,2.0,281.73,2024-03-17 06:44:48,2024-03-17 06:57:48,2024-03-17 07:27:48,686.4,UPI,2526.0
1837574319.0,24821281.0,851978.0,3.0,715.72,2024-06-19 06:16:01,2024-06-19 06:34:01,2024-06-19 06:52:01,959.01,UPI,2324.0
2468420564.0,92027021.0,365133.0,2.0,915.45,2023-06-30 16:02:02,2023-06-30 16:18:02,2023-06-30 16:46:02,5123.33,UPI,3827.0
5368005763.0,84824280.0,237083.0,2.0,577.13,2024-07-30 05:38:00,2024-07-30 05:56:00,2024-07-30 05:51:00,1330.83,Cash,63.0
3823949592.0,1683786.0,39154.0,2.0,946.86,2023-04-13 23:05:51,2023-04-13 23:21:51,2023-04-13 23:16:51,2722.55,Wallet,3138.0
6298008063.0,24104630.0,585299.0,3.0,799.46,2023-07-19 05:59:20,2023-07-19 06:15:20,2023-07-19 06:22:20,2461.13,UPI,5726.0
2499190829.0,17159117.0,679284.0,2.0,877.89,2023-10-31 10:45:49,2023-10-31 10:56:49,2023-10-31 10:58:49,1851.53,UPI,712.0
491116137.0,71615827.0,237083.0,2.0,577.13,2024-01-19 08:13:03,2024-01-19 08:24:03,2024-01-19 08:31:03,346.87,Cash,4565.0
2206269404.0,96009692.0,642612.0,1.0,517.03,2024-05-16 23:30:53,2024-05-16 23:41:53,2024-05-16 23:38:53,2748.16,Wallet,56.0
1330806043.0,29415527.0,760684.0,3.0,71.6,2024-04-03 10:18:32,2024-04-03 10:32:32,2024-04-03 10:39:32,905.27,Wallet,6270.0
6770858376.0,39957741.0,654297.0,2.0,13.25,2024-01-11 04:57:34,2024-01-11 05:17:34,2024-01-11 05:37:34,686.29,Wallet,3496.0
4466716432.0,29689766.0,799459.0,3.0,852.02,2023-06-09 17:52:04,2023-06-09 18:06:04,2023-06-09 18:07:04,2020.61,Cash,3773.0
8292554686.0,80833965.0,478531.0,2.0,825.46,2024-03-27 15:19:04,2024-03-27 15:35:04,2024-03-27 15:41:04,3194.62,Cash,7349.0
4204069161.0,31576845.0,34200.0,2.0,319.8,2023-08-16 17:40:31,2023-08-16 17:50:31,2023-08-16 17:48:31,4044.58,Wallet,8331.0
2163079658.0,74833221.0,661577.0,3.0,720.95,2023-12-28 16:36:25,2023-12-28 16:51:25,2023-12-28 16:53:25,2926.98,Wallet,3048.0
6971561757.0,64940409.0,578097.0,3.0,267.61,2023-12-15 19:00:03,2023-12-15 19:19:03,2023-12-15 19:42:03,1726.02,UPI,9053.0
7965253060.0,95912198.0,739534.0,3.0,994.56,2024-02-13 10:06:42,2024-02-13 10:22:42,2024-02-13 10:31:42,217.4,Wallet,9774.0
8939040193.0,59141605.0,36412.0,3.0,397.68,2024-09-17 13:06:27,2024-09-17 13:16:27,2024-09-17 13:28:27,321.94,UPI,4612.0
8322028211.0,54952806.0,451812.0,2.0,530.85,2023-11-04 17:02:43,2023-11-04 17:14:43,2023-11-04 17:15:43,2567.25,UPI,6672.0
6865922682.0,14255231.0,914071.0,2.0,296.94,2024-06-16 13:41:39,2024-06-16 13:54:39,2024-06-16 13:50:39,3433.8,Card,8389.0
5912729079.0,90919603.0,871592.0,1.0,870.29,2024-08-10 01:18:51,2024-08-10 01:34:51,2024-08-10 01:49:51,2270.57,Cash,2536.0
8764776130.0,32054313.0,82484.0,1.0,914.88,2023-12-14 13:17:27,2023-12-14 13:33:27,2023-12-14 13:36:27,1622.5,Wallet,7304.0
7769965629.0,65815155.0,747801.0,2.0,277.76,2023-04-21 16:44:32,2023-04-21 17:02:32,2023-04-21 17:07:32,2756.21,UPI,2718.0
2166463032.0,98930670.0,851978.0,1.0,715.72,2023-10-30 21:27:11,2023-10-30 21:38:11,2023-10-30 21:40:11,1214.68,Card,182.0
7035343259.0,63310076.0,853932.0,1.0,941.19,2024-07-11 08:27:04,2024-07-11 08:46:04,2024-07-11 08:45:04,2574.49,UPI,823.0
8914775994.0,68985290.0,91670.0,3.0,439.24,2024-02-13 23:37:11,2024-02-13 23:47:11,2024-02-13 23:45:11,1300.04,UPI,7630.0
7565647347.0,15808945.0,726958.0,2.0,887.48,2024-10-24 01:21:49,2024-10-24 01:31:49,2024-10-24 01:26:49,3503.52,UPI,2523.0
6172215120.0,87823209.0,714999.0,3.0,882.51,2024-06-03 07:32:45,2024-06-03 07:42:45,2024-06-03 07:44:45,4452.81,Card,9119.0
4043585691.0,61121421.0,760684.0,3.0,71.6,2024-02-21 22:37:16,2024-02-21 22:54:16,2024-02-21 23:00:16,942.24,UPI,9401.0
3735186180.0,98709982.0,120532.0,1.0,697.53,2024-03-16 15:31:54,2024-03-16 15:46:54,2024-03-16 15:48:54,2834.2,UPI,2680.0
5281459433.0,85519349.0,194682.0,1.0,912.29,2024-10-10 06:40:31,2024-10-10 06:58:31,2024-10-10 07:10:31,2527.71,Card,2285.0
424087401.0,90753712.0,51036.0,1.0,931.61,2024-04-19 10:40:15,2024-04-19 10:53:15,2024-04-19 10:50:15,96.09,Cash,9807.0
884327245.0,24337950.0,679321.0,2.0,738.46,2023-09-25 00:18:47,2023-09-25 00:29:47,2023-09-25 00:35:47,2116.49,UPI,6266.0
6318008970.0,30265929.0,952124.0,3.0,127.08,2024-05-11 19:09:20,2024-05-11 19:20:20,2024-05-11 19:23:20,1887.26,UPI,5028.0
3792751421.0,2414265.0,914071.0,2.0,296.94,2024-08-11 20:09:30,2024-08-11 20:27:30,2024-08-11 20:22:30,2090.0,UPI,3450.0
5471255539.0,15391556.0,578097.0,1.0,267.61,2023-05-31 10:11:04,2023-05-31 10:24:04,2023-05-31 10:19:04,1199.03,Wallet,9658.0
9917290378.0,6245778.0,991434.0,2.0,237.62,2024-01-05 13:00:28,2024-01-05 13:14:28,2024-01-05 13:34:28,789.13,Cash,4507.0
208989475.0,94713625.0,432617.0,2.0,863.18,2023-03-16 11:38:32,2023-03-16 11:50:32,2023-03-16 11:48:32,2973.06,Cash,5189.0
7672827556.0,70589930.0,903336.0,1.0,551.88,2023-07-01 01:43:54,2023-07-01 02:03:54,2023-07-01 02:02:54,2259.19,Wallet,753.0
3792912325.0,39153585.0,36412.0,3.0,397.68,2024-06-03 19:56:50,2024-06-03 20:07:50,2024-06-03 20:04:50,2026.4,Wallet,774.0
2478533601.0,9097480.0,349294.0,2.0,934.75,2024-11-01 14:24:12,2024-11-01 14:39:12,2024-11-01 14:46:12,2241.03,Card,7866.0
2255745327.0,58974323.0,764014.0,1.0,612.04,2023-05-01 03:18:08,2023-05-01 03:29:08,2023-05-01 03:25:08,4140.09,Cash,5523.0
8612261848.0,46208150.0,672059.0,1.0,672.73,2024-06-18 20:01:36,2024-06-18 20:12:36,2024-06-18 20:08:36,1495.6,Wallet,7157.0
6949810049.0,87463923.0,63769.0,2.0,878.07,2023-09-25 13:16:55,2023-09-25 13:36:55,2023-09-25 13:35:55,1778.56,UPI,5878.0
2399456941.0,47625855.0,812607.0,2.0,416.65,2024-10-16 06:51:41,2024-10-16 07:04:41,2024-10-16 07:11:41,2306.69,Card,5798.0
6292969164.0,45477575.0,222892.0,3.0,869.22,2024-07-09 07:11:40,2024-07-09 07:21:40,2024-07-09 07:34:40,822.63,Wallet,923.0
2929485756.0,30979436.0,365132.0,1.0,229.38,2024-10-13 00:37:39,2024-10-13 00:57:39,2024-10-13 01:24:39,946.86,UPI,7719.0
8757869416.0,85518832.0,435929.0,1.0,856.89,2024-05-03 03:46:06,2024-05-03 04:05:06,2024-05-03 04:05:06,3314.13,Cash,8369.0
2653966619.0,52428250.0,706112.0,2.0,478.79,2024-07-12 17:07:26,2024-07-12 17:19:26,2024-07-12 17:15:26,3588.19,Card,2217.0
336103625.0,28663279.0,500633.0,3.0,154.5,2024-05-16 19:07:33,2024-05-16 19:22:33,2024-05-16 19:23:33,3997.03,UPI,3365.0
3727289407.0,10225164.0,564692.0,3.0,215.65,2024-06-17 12:19:04,2024-06-17 12:31:04,2024-06-17 12:28:04,616.45,Wallet,7064.0
701250513.0,10240052.0,243235.0,2.0,109.03,2024-09-03 18:54:33,2024-09-03 19:10:33,2024-09-03 19:11:33,2490.5,Wallet,9775.0
101816977.0,26903313.0,677169.0,2.0,261.03,2024-02-20 06:23:43,2024-02-20 06:37:43,2024-02-20 06:41:43,3486.1,Wallet,949.0
7838223552.0,85854265.0,952124.0,1.0,127.08,2023-12-07 13:30:45,2023-12-07 13:46:45,2023-12-07 13:45:45,1597.81,UPI,6257.0
4123140013.0,80759416.0,807452.0,2.0,144.19,2024-11-03 01:29:11,2024-11-03 01:48:11,2024-11-03 01:44:11,3299.24,UPI,1960.0
9821008306.0,49433260.0,131748.0,3.0,81.35,2023-04-05 15:32:16,2023-04-05 15:52:16,2023-04-05 15:48:16,2532.31,Wallet,6717.0
5414882934.0,44223796.0,990993.0,1.0,263.7,2023-12-28 21:01:27,2023-12-28 21:19:27,2023-12-28 21:18:27,3284.27,Wallet,8444.0
9257313140.0,24337950.0,925482.0,3.0,475.04,2024-06-16 14:09:42,2024-06-16 14:29:42,2024-06-16 14:46:42,726.41,Wallet,4762.0
3857021231.0,91973128.0,561860.0,2.0,874.78,2023-09-28 19:55:57,2023-09-28 20:06:57,2023-09-28 20:08:57,3536.94,Wallet,9102.0
1606381345.0,31940833.0,784673.0,1.0,491.39,2023-03-22 12:45:37,2023-03-22 12:56:37,2023-03-22 12:51:37,3635.31,Cash,883.0
239830094.0,99627097.0,317242.0,3.0,198.15,2023-08-17 09:02:54,2023-08-17 09:17:54,2023-08-17 09:15:54,416.65,Cash,451.0
580582858.0,59398136.0,274207.0,1.0,328.51,2023-09-11 17:42:04,2023-09-11 17:58:04,2023-09-11 17:57:04,2313.35,UPI,9063.0
4191340899.0,90649019.0,642612.0,3.0,517.03,2023-05-26 01:31:29,2023-05-26 01:44:29,2023-05-26 01:44:29,3432.55,Card,6785.0
1013630716.0,85763665.0,9436.0,2.0,88.43,2024-05-19 06:25:26,2024-05-19 06:39:26,2024-05-19 06:57:26,1090.39,Cash,3534.0
8220017366.0,91550885.0,894539.0,3.0,445.48,2023-05-28 08:30:25,2023-05-28 08:46:25,2023-05-28 09:04:25,1908.33,Cash,9156.0
4353485612.0,77007315.0,324809.0,1.0,608.0,2024-08-31 13:06:53,2024-08-31 13:25:53,2024-08-31 13:34:53,1938.72,Card,8234.0
8682172393.0,97141762.0,891833.0,1.0,493.19,2024-10-15 02:26:39,2024-10-15 02:37:39,2024-10-15 02:42:39,1178.54,UPI,6703.0
4085089017.0,50899600.0,925482.0,1.0,475.04,2024-06-11 22:29:40,2024-06-11 22:42:40,2024-06-11 22:49:40,2626.4,Cash,7341.0
1287686307.0,79076101.0,563740.0,1.0,96.33,2024-01-18 17:59:19,2024-01-18 18:09:19,2024-01-18 18:31:19,4331.6,Cash,2468.0
4425450216.0,40192266.0,365132.0,2.0,229.38,2023-06-11 17:35:51,2023-06-11 17:53:51,2023-06-11 17:49:51,3481.37,UPI,5666.0
7799346570.0,37947202.0,540618.0,2.0,317.05,2023-10-03 23:56:26,2023-10-04 00:07:26,2023-10-04 00:02:26,1793.58,Cash,2782.0
5917975686.0,37054866.0,927651.0,1.0,426.72,2024-06-04 21:07:32,2024-06-04 21:25:32,2024-06-04 21:26:32,4269.53,UPI,8877.0
9588500388.0,84448310.0,712003.0,2.0,671.68,2024-07-05 10:03:17,2024-07-05 10:16:17,2024-07-05 10:30:17,3251.31,Cash,6277.0
3963207709.0,99893898.0,274207.0,1.0,328.51,2024-01-04 20:24:27,2024-01-04 20:37:27,2024-01-04 21:01:27,972.69,Cash,2029.0
2217466286.0,9278983.0,992178.0,1.0,632.43,2023-04-08 13:12:35,2023-04-08 13:27:35,2023-04-08 13:50:35,1217.33,Wallet,2962.0
7130088913.0,86444757.0,712003.0,3.0,671.68,2023-06-29 14:19:03,2023-06-29 14:35:03,2023-06-29 14:38:03,3069.34,Card,7855.0
9064682961.0,17597449.0,799688.0,3.0,309.62,2024-07-04 13:14:05,2024-07-04 13:31:05,2024-07-04 13:30:05,3580.75,Cash,1609.0
6060156146.0,92404798.0,930284.0,1.0,189.47,2023-05-25 18:55:12,2023-05-25 19:10:12,2023-05-25 19:25:12,2318.9,UPI,1923.0
3106610673.0,74762653.0,444361.0,2.0,822.63,2024-06-10 17:56:21,2024-06-10 18:08:21,2024-06-10 18:16:21,3473.22,Cash,1171.0
442408751.0,56780331.0,661577.0,1.0,720.95,2023-10-19 17:31:57,2023-10-19 17:42:57,2023-10-19 17:43:57,3090.37,Wallet,564.0
353571238.0,60561655.0,552496.0,3.0,508.0,2024-01-01 15:51:24,2024-01-01 16:06:24,2024-01-01 16:10:24,1897.21,Wallet,7966.0
4670530333.0,42723554.0,120385.0,1.0,597.91,2024-05-30 17:53:58,2024-05-30 18:09:58,2024-05-30 18:06:58,354.91,Wallet,7862.0
4961370923.0,61020.0,832348.0,2.0,831.43,2024-02-04 16:10:26,2024-02-04 16:20:26,2024-02-04 16:25:26,2560.3,Card,1504.0
8946821991.0,31582950.0,462526.0,1.0,449.97,2024-04-29 11:58:27,2024-04-29 12:12:27,2024-04-29 12:12:27,888.04,Cash,4541.0
5720622852.0,66130660.0,264803.0,2.0,995.98,2023-04-16 14:43:16,2023-04-16 15:01:16,2023-04-16 14:59:16,874.78,Cash,7382.0
7305353953.0,42012717.0,798639.0,3.0,211.25,2024-01-04 08:02:14,2024-01-04 08:13:14,2024-01-04 08:41:14,2119.6,Cash,167.0
1402723627.0,85006599.0,60619.0,3.0,726.41,2024-05-16 04:45:13,2024-05-16 04:55:13,2024-05-16 05:09:13,2859.77,Wallet,4968.0
9820620357.0,243838.0,240179.0,3.0,90.56,2023-12-05 10:13:47,2023-12-05 10:27:47,2023-12-05 10:32:47,508.0,Card,2638.0
1930286155.0,51034600.0,953175.0,2.0,225.21,2024-09-02 20:09:02,2024-09-02 20:26:02,2024-09-02 20:32:02,1176.51,Cash,3413.0
6759029950.0,83577942.0,712003.0,1.0,671.68,2023-12-03 12:46:14,2023-12-03 13:02:14,2023-12-03 13:06:14,2592.56,UPI,1381.0
9032188284.0,59427862.0,52729.0,3.0,316.02,2023-08-24 19:32:01,2023-08-24 19:45:01,2023-08-24 19:56:01,1036.64,Wallet,1049.0
9490161602.0,28663279.0,679321.0,3.0,738.46,2023-04-26 12:02:47,2023-04-26 12:22:47,2023-04-26 12:17:47,3143.9,UPI,426.0
8565257085.0,33034249.0,762527.0,3.0,690.08,2023-09-24 20:51:44,2023-09-24 21:04:44,2023-09-24 21:00:44,3634.1,Card,7822.0
4884845960.0,34156884.0,34186.0,3.0,925.65,2023-09-05 12:52:44,2023-09-05 13:11:44,2023-09-05 13:07:44,1478.33,Cash,8710.0
6181604084.0,4200802.0,15314.0,2.0,578.85,2023-10-22 04:07:32,2023-10-22 04:25:32,2023-10-22 04:22:32,858.57,UPI,948.0
2718508408.0,20360447.0,91670.0,1.0,439.24,2023-08-04 03:52:55,2023-08-04 04:07:55,2023-08-04 04:22:55,4588.23,UPI,7975.0
8354866000.0,80696046.0,679865.0,1.0,347.91,2024-02-15 18:21:22,2024-02-15 18:41:22,2024-02-15 18:49:22,2962.96,Wallet,6964.0
8025728977.0,26912171.0,952124.0,1.0,127.08,2024-08-15 15:53:16,2024-08-15 16:10:16,2024-08-15 16:07:16,2971.34,Card,4973.0
6531356394.0,85561151.0,487931.0,3.0,709.08,2023-05-09 14:33:55,2023-05-09 14:46:55,2023-05-09 14:46:55,3830.42,Card,5835.0
5489184758.0,49529811.0,927651.0,1.0,426.72,2024-03-15 15:16:26,2024-03-15 15:36:26,2024-03-15 15:35:26,4046.84,Card,2935.0
1377599881.0,48481702.0,492958.0,2.0,84.2,2024-08-17 10:02:54,2024-08-17 10:15:54,2024-08-17 10:12:54,3323.75,Card,7803.0
227162938.0,28111842.0,991434.0,2.0,237.62,2024-04-18 07:07:08,2024-04-18 07:25:08,2024-04-18 07:23:08,3716.9,Cash,9199.0
3449083612.0,91382237.0,284460.0,2.0,505.95,2023-11-10 12:36:44,2023-11-10 12:49:44,2023-11-10 13:02:44,2046.71,Card,3374.0
5662514948.0,30455484.0,240179.0,1.0,90.56,2023-05-20 02:56:48,2023-05-20 03:08:48,2023-05-20 03:03:48,2918.62,Card,9972.0
2034571482.0,86167288.0,327290.0,3.0,862.28,2024-02-20 20:09:09,2024-02-20 20:28:09,2024-02-20 20:43:09,1422.49,Card,8825.0
348782569.0,72415263.0,644847.0,1.0,622.81,2023-09-23 08:26:21,2023-09-23 08:45:21,2023-09-23 08:56:21,3781.09,Wallet,2837.0
8697396531.0,21282544.0,658389.0,3.0,152.55,2023-10-23 18:35:21,2023-10-23 18:54:21,2023-10-23 18:52:21,1573.66,Wallet,6234.0
3538455450.0,77345018.0,799688.0,3.0,309.62,2024-09-05 21:10:40,2024-09-05 21:29:40,2024-09-05 21:28:40,2447.04,UPI,8200.0
7513290139.0,26285589.0,954722.0,1.0,616.45,2023-05-21 18:41:42,2023-05-21 18:52:42,2023-05-21 18:51:42,1758.17,Cash,8152.0
8320461939.0,83298567.0,432617.0,2.0,863.18,2024-04-17 04:26:13,2024-04-17 04:38:13,2024-04-17 04:34:13,367.08,Card,9508.0
8217899522.0,18465047.0,107548.0,3.0,891.6,2024-10-08 11:33:14,2024-10-08 11:51:14,2024-10-08 11:51:14,3369.67,Wallet,1604.0
4217056877.0,2903620.0,131748.0,3.0,81.35,2024-03-26 19:44:46,2024-03-26 19:54:46,2024-03-26 20:02:46,1670.56,Cash,4477.0
3684167813.0,46563355.0,354409.0,1.0,325.08,2024-09-13 08:19:52,2024-09-13 08:33:52,2024-09-13 08:31:52,1409.35,Cash,3491.0
5351904164.0,97411107.0,82484.0,1.0,914.88,2024-08-06 16:09:48,2024-08-06 16:26:48,2024-08-06 16:31:48,2561.94,Cash,9777.0
2731829604.0,46615831.0,672059.0,2.0,672.73,2024-02-12 20:15:18,2024-02-12 20:28:18,2024-02-12 20:25:18,4047.69,Card,6922.0
7162485958.0,75081265.0,120532.0,3.0,697.53,2023-12-06 18:31:13,2023-12-06 18:42:13,2023-12-06 18:42:13,1996.41,Card,3903.0
4830502113.0,89867195.0,848226.0,2.0,209.59,2024-01-26 14:46:09,2024-01-26 15:02:09,2024-01-26 15:01:09,3494.42,Cash,3428.0
9797013595.0,80571942.0,39154.0,2.0,946.86,2024-05-15 23:55:43,2024-05-16 00:14:43,2024-05-16 00:23:43,418.44,Wallet,9003.0
9487843345.0,23794330.0,587420.0,2.0,357.42,2024-06-11 06:16:15,2024-06-11 06:35:15,2024-06-11 06:39:15,1311.48,Cash,957.0
2148242015.0,39093069.0,219598.0,3.0,367.08,2023-04-30 23:48:24,2023-05-01 00:04:24,2023-05-01 00:33:24,3239.66,UPI,9904.0
7465258008.0,51503088.0,615545.0,1.0,448.16,2023-10-25 21:17:48,2023-10-25 21:34:48,2023-10-25 21:48:48,2017.35,UPI,8965.0
8875274470.0,57102800.0,807452.0,3.0,144.19,2024-04-20 16:25:48,2024-04-20 16:38:48,2024-04-20 17:03:48,818.16,Card,8776.0
7049717910.0,44410149.0,82484.0,2.0,914.88,2024-05-11 05:44:42,2024-05-11 05:58:42,2024-05-11 05:56:42,3737.72,Card,795.0
4829897426.0,25587553.0,697683.0,2.0,123.74,2023-06-05 00:50:37,2023-06-05 01:10:37,2023-06-05 01:07:37,1546.87,Cash,9960.0
3532186218.0,24456825.0,481843.0,3.0,297.68,2023-08-08 13:57:04,2023-08-08 14:15:04,2023-08-08 14:16:04,3201.86,Cash,9743.0
6897674900.0,79592021.0,237083.0,1.0,577.13,2024-05-13 12:53:01,2024-05-13 13:08:01,2024-05-13 13:05:01,3980.78,UPI,6680.0
163895717.0,61982521.0,654623.0,2.0,422.14,2023-11-02 04:41:21,2023-11-02 05:01:21,2023-11-02 04:58:21,2751.59,UPI,5871.0
9857592403.0,84275450.0,661577.0,1.0,720.95,2023-10-24 11:31:41,2023-10-24 11:51:41,2023-10-24 11:55:41,4315.44,Wallet,2906.0
2521197661.0,13251137.0,585299.0,1.0,799.46,2024-02-20 00:32:46,2024-02-20 00:48:46,2024-02-20 01:05:46,2777.53,Card,6579.0
488314125.0,5716817.0,839170.0,2.0,481.63,2023-04-05 18:11:51,2023-04-05 18:28:51,2023-04-05 18:41:51,2359.91,UPI,5927.0
5073549838.0,75082508.0,385113.0,3.0,816.38,2024-04-28 08:04:04,2024-04-28 08:15:04,2024-04-28 08:19:04,1872.31,Wallet,7776.0
6399568661.0,82594354.0,965755.0,3.0,532.57,2023-12-17 21:03:56,2023-12-17 21:19:56,2023-12-17 21:18:56,4593.22,UPI,8509.0
3672658084.0,48228547.0,194682.0,3.0,912.29,2024-05-10 13:53:48,2024-05-10 14:07:48,2024-05-10 14:07:48,895.36,UPI,4598.0
8273236145.0,85763665.0,366066.0,3.0,918.58,2024-09-02 15:50:41,2024-09-02 16:06:41,2024-09-02 16:08:41,1626.93,Card,2392.0
3411233779.0,79991320.0,500633.0,1.0,154.5,2024-04-13 23:12:45,2024-04-13 23:22:45,2024-04-13 23:18:45,1018.02,Cash,694.0
8024667539.0,31622158.0,354409.0,3.0,325.08,2024-07-22 05:53:11,2024-07-22 06:12:11,2024-07-22 06:24:11,1682.78,Cash,5740.0
6112199794.0,77086539.0,397973.0,1.0,728.73,2024-09-21 20:45:43,2024-09-21 21:00:43,2024-09-21 21:06:43,3227.41,Wallet,4373.0
9484473160.0,21456226.0,137909.0,1.0,864.3,2023-04-25 21:30:46,2023-04-25 21:44:46,2023-04-25 21:53:46,1966.28,Card,3546.0
9729709418.0,45323391.0,784673.0,2.0,491.39,2023-03-30 05:26:05,2023-03-30 05:38:05,2023-03-30 05:33:05,2729.56,Cash,1914.0
7900224799.0,68692574.0,327290.0,2.0,862.28,2024-07-03 04:57:31,2024-07-03 05:12:31,2024-07-03 05:25:31,4099.05,Cash,6659.0
1821414490.0,75632045.0,124290.0,2.0,39.65,2024-10-21 07:33:08,2024-10-21 07:45:08,2024-10-21 07:44:08,3493.06,Card,1947.0
5813507399.0,76019750.0,500739.0,1.0,359.98,2024-04-15 09:01:04,2024-04-15 09:21:04,2024-04-15 09:16:04,4495.56,UPI,802.0
3928003125.0,53636086.0,274207.0,3.0,328.51,2023-12-07 13:30:43,2023-12-07 13:43:43,2023-12-07 13:58:43,1809.81,Wallet,3602.0
5271866987.0,10562528.0,681063.0,3.0,321.28,2024-08-27 01:26:03,2024-08-27 01:45:03,2024-08-27 01:43:03,947.95,Card,5390.0
9794537731.0,85869195.0,114414.0,1.0,832.06,2023-05-27 12:57:31,2023-05-27 13:10:31,2023-05-27 13:13:31,3740.13,Cash,6925.0
4852718488.0,71902700.0,131937.0,3.0,287.81,2024-04-29 20:42:44,2024-04-29 20:57:44,2024-04-29 20:56:44,1364.65,UPI,5444.0
8300546273.0,13796199.0,677169.0,3.0,261.03,2023-09-05 10:12:24,2023-09-05 10:27:24,2023-09-05 10:29:24,1251.92,Wallet,4948.0
976104194.0,6061349.0,557908.0,3.0,942.37,2024-05-07 21:56:34,2024-05-07 22:16:34,2024-05-07 22:46:34,3210.73,Card,6775.0
5373961125.0,57081917.0,433521.0,3.0,321.33,2024-11-01 03:43:48,2024-11-01 04:01:48,2024-11-01 04:06:48,1187.0,Card,6896.0
6056126973.0,48765625.0,256783.0,2.0,906.54,2024-07-02 22:31:53,2024-07-02 22:45:53,2024-07-02 22:45:53,1172.69,UPI,1.0
6352881332.0,80517784.0,726958.0,3.0,887.48,2024-01-22 23:09:41,2024-01-22 23:20:41,2024-01-22 23:24:41,3222.29,Cash,6223.0
1643234106.0,37691544.0,557908.0,3.0,942.37,2024-09-12 03:52:26,2024-09-12 04:06:26,2024-09-12 04:21:26,1196.7,Wallet,53.0
8697966993.0,85869195.0,60619.0,3.0,726.41,2024-03-02 05:46:49,2024-03-02 06:00:49,2024-03-02 06:22:49,3078.59,Card,7724.0
2276061263.0,83701325.0,687218.0,1.0,317.82,2024-10-06 16:59:05,2024-10-06 17:12:05,2024-10-06 17:12:05,837.78,UPI,8344.0
4045613782.0,61763552.0,600767.0,3.0,722.42,2023-08-09 08:21:43,2023-08-09 08:36:43,2023-08-09 08:41:43,2243.07,UPI,5260.0
2959828441.0,9987182.0,34186.0,1.0,925.65,2024-03-15 17:59:14,2024-03-15 18:13:14,2024-03-15 18:17:14,4265.84,Card,2835.0
3514589876.0,59620534.0,669378.0,3.0,212.14,2023-10-17 21:03:10,2023-10-17 21:20:10,2023-10-17 21:20:10,976.55,UPI,3649.0
9444081952.0,72576730.0,532965.0,1.0,307.23,2023-11-27 01:02:59,2023-11-27 01:16:59,2023-11-27 01:19:59,353.53,Card,341.0
8183959589.0,26752630.0,94225.0,3.0,77.11,2023-12-16 14:27:59,2023-12-16 14:41:59,2023-12-16 14:45:59,299.27,Wallet,5349.0
1712832927.0,5228136.0,425341.0,3.0,486.28,2024-03-16 02:24:19,2024-03-16 02:36:19,2024-03-16 02:50:19,2657.42,UPI,4993.0
8162867215.0,25713335.0,112390.0,1.0,877.98,2024-08-24 15:27:13,2024-08-24 15:45:13,2024-08-24 15:50:13,1564.84,UPI,6539.0
4160230443.0,87889031.0,820973.0,1.0,114.52,2024-04-15 03:56:39,2024-04-15 04:13:39,2024-04-15 04:18:39,367.08,Card,5768.0
9787535949.0,57340963.0,240179.0,1.0,90.56,2023-04-02 13:59:48,2023-04-02 14:17:48,2023-04-02 14:27:48,1488.91,UPI,1249.0
3423995261.0,75928073.0,747801.0,2.0,277.76,2023-05-06 21:35:32,2023-05-06 21:50:32,2023-05-06 21:54:32,1047.55,Wallet,234.0
1523343168.0,80862136.0,298985.0,3.0,183.76,2024-07-21 18:56:11,2024-07-21 19:08:11,2024-07-21 19:12:11,582.87,UPI,689.0
1948066291.0,61320989.0,644847.0,1.0,622.81,2024-10-02 21:52:43,2024-10-02 22:12:43,2024-10-02 22:15:43,225.21,Cash,3337.0
2021361582.0,99695529.0,41853.0,3.0,910.44,2024-05-20 13:29:16,2024-05-20 13:48:16,2024-05-20 14:04:16,3475.69,Cash,9754.0
7491420331.0,27504517.0,470449.0,2.0,827.77,2024-05-22 03:16:45,2024-05-22 03:30:45,2024-05-22 03:38:45,1567.06,Wallet,1746.0
994840771.0,85088479.0,112390.0,2.0,877.98,2023-10-15 22:56:35,2023-10-15 23:11:35,2023-10-15 23:25:35,1819.74,Wallet,7526.0
6277344634.0,11202130.0,131136.0,2.0,37.8,2024-07-23 19:18:11,2024-07-23 19:33:11,2024-07-23 19:55:11,3940.47,UPI,8099.0
4092653338.0,13604883.0,317242.0,3.0,198.15,2024-04-24 14:11:22,2024-04-24 14:26:22,2024-04-24 14:21:22,2455.06,UPI,9633.0
7213712604.0,49433260.0,500633.0,1.0,154.5,2023-11-17 07:02:37,2023-11-17 07:16:37,2023-11-17 07:12:37,780.0,Cash,7905.0
7326709115.0,22800586.0,883013.0,3.0,989.88,2023-11-26 00:36:32,2023-11-26 00:54:32,2023-11-26 01:01:32,783.96,Card,1365.0
9419789569.0,8733344.0,171602.0,3.0,883.44,2024-07-17 10:35:23,2024-07-17 10:53:23,2024-07-17 10:53:23,3361.63,Wallet,6450.0
5388191488.0,74735607.0,153019.0,3.0,947.95,2024-03-31 03:47:25,2024-03-31 04:07:25,2024-03-31 04:19:25,4238.13,Card,6259.0
9065873433.0,32635818.0,930284.0,3.0,189.47,2023-10-23 19:10:27,2023-10-23 19:27:27,2023-10-23 19:37:27,2534.9,Cash,4503.0
4627342297.0,88843865.0,67197.0,3.0,552.2,2023-08-28 10:50:50,2023-08-28 11:01:50,2023-08-28 11:06:50,2033.74,UPI,3108.0
4286971111.0,469006.0,114414.0,2.0,832.06,2024-05-27 03:23:40,2024-05-27 03:36:40,2024-05-27 03:31:40,1480.41,Cash,7918.0
645282074.0,13265605.0,697683.0,2.0,123.74,2023-05-25 23:45:35,2023-05-25 23:55:35,2023-05-25 23:54:35,3337.4,Wallet,1491.0
7260939789.0,39999278.0,604184.0,2.0,397.55,2023-10-28 13:37:51,2023-10-28 13:55:51,2023-10-28 14:00:51,5770.21,UPI,3976.0
1716322448.0,95873651.0,700048.0,2.0,141.28,2023-09-06 16:10:18,2023-09-06 16:23:18,2023-09-06 16:26:18,3162.99,Cash,6375.0
4293959647.0,820740.0,361361.0,3.0,826.21,2023-10-03 21:16:36,2023-10-03 21:34:36,2023-10-03 21:33:36,878.07,UPI,8743.0
3331935300.0,29095552.0,435929.0,2.0,856.89,2023-06-15 21:38:22,2023-06-15 21:54:22,2023-06-15 21:56:22,482.06,Wallet,4861.0
1775389576.0,15830066.0,961614.0,3.0,227.22,2024-03-10 06:34:09,2024-03-10 06:53:09,2024-03-10 06:52:09,941.19,Wallet,4879.0
8194774262.0,46836361.0,490602.0,3.0,549.47,2024-10-06 06:32:32,2024-10-06 06:52:32,2024-10-06 07:02:32,2879.54,Cash,9203.0
3615279775.0,61618079.0,51036.0,1.0,931.61,2023-11-01 18:30:36,2023-11-01 18:41:36,2023-11-01 18:40:36,2596.72,Wallet,7612.0
11467999.0,78267238.0,747801.0,3.0,277.76,2023-04-23 18:37:26,2023-04-23 18:57:26,2023-04-23 19:11:26,3051.19,UPI,5146.0
3971267196.0,8536503.0,171602.0,2.0,883.44,2024-01-14 02:35:53,2024-01-14 02:54:53,2024-01-14 02:58:53,946.86,Card,3756.0
1584863963.0,61877649.0,455755.0,3.0,44.09,2024-07-21 18:13:06,2024-07-21 18:31:06,2024-07-21 18:48:06,1176.5,UPI,3470.0
1557893814.0,75244116.0,70969.0,1.0,631.7,2024-04-02 12:45:33,2024-04-02 13:01:33,2024-04-02 13:05:33,3950.09,Wallet,854.0
8172695964.0,45323391.0,697683.0,1.0,123.74,2024-07-07 09:17:06,2024-07-07 09:36:06,2024-07-07 09:38:06,1506.27,Card,9215.0
7462800868.0,93127511.0,747801.0,2.0,277.76,2023-10-19 17:27:14,2023-10-19 17:44:14,2023-10-19 18:12:14,382.29,Wallet,8554.0
5438961669.0,37245065.0,425341.0,2.0,486.28,2024-09-10 05:20:18,2024-09-10 05:38:18,2024-09-10 05:55:18,354.91,UPI,6819.0
4904849001.0,93563435.0,913428.0,2.0,392.22,2023-11-30 05:46:13,2023-11-30 06:00:13,2023-11-30 06:05:13,5062.63,Wallet,628.0
4816980820.0,52613657.0,63769.0,3.0,878.07,2023-03-27 20:30:31,2023-03-27 20:41:31,2023-03-27 20:59:31,4876.13,Card,4128.0
9004078716.0,55552600.0,760828.0,3.0,563.45,2023-08-21 08:46:05,2023-08-21 08:57:05,2023-08-21 08:57:05,2140.11,Card,5712.0
8350353728.0,25585013.0,481843.0,2.0,297.68,2024-01-25 08:02:43,2024-01-25 08:18:43,2024-01-25 08:23:43,2516.08,Cash,7029.0
1204084245.0,1342184.0,690565.0,2.0,951.27,2023-09-26 01:28:11,2023-09-26 01:48:11,2023-09-26 02:04:11,2833.97,Card,6947.0
4142209897.0,44557943.0,440875.0,3.0,275.03,2023-09-07 20:00:27,2023-09-07 20:15:27,2023-09-07 20:15:27,1361.67,Card,5307.0
125551624.0,14693393.0,669378.0,2.0,212.14,2024-08-12 21:32:30,2024-08-12 21:44:30,2024-08-12 21:44:30,4082.47,Card,5715.0
9970545044.0,22931642.0,962591.0,3.0,130.01,2023-08-08 22:18:41,2023-08-08 22:38:41,2023-08-08 22:43:41,5453.47,Cash,4371.0
7976032064.0,72946405.0,621677.0,3.0,317.8,2024-05-03 15:57:32,2024-05-03 16:16:32,2024-05-03 16:18:32,1575.92,Wallet,1549.0
8691567542.0,41640262.0,969851.0,3.0,340.66,2024-06-27 08:52:11,2024-06-27 09:05:11,2024-06-27 09:10:11,1173.69,Wallet,7544.0
3592747590.0,12755730.0,34200.0,1.0,319.8,2024-04-24 12:09:13,2024-04-24 12:29:13,2024-04-24 12:58:13,4217.22,UPI,5122.0
7495753437.0,4758426.0,644847.0,1.0,622.81,2023-06-02 00:26:35,2023-06-02 00:45:35,2023-06-02 00:45:35,3776.78,Card,278.0
3965847120.0,80761521.0,654623.0,2.0,422.14,2023-05-05 14:56:43,2023-05-05 15:09:43,2023-05-05 15:11:43,459.78,Wallet,9745.0
9365984533.0,89704218.0,470449.0,1.0,827.77,2024-06-25 19:46:13,2024-06-25 20:02:13,2024-06-25 19:59:13,2082.97,Card,4141.0
2948242102.0,13189939.0,587645.0,3.0,801.81,2023-10-12 14:54:53,2023-10-12 15:14:53,2023-10-12 15:12:53,2132.75,Wallet,6394.0
6161193691.0,55693909.0,187399.0,2.0,53.49,2023-05-30 13:36:08,2023-05-30 13:55:08,2023-05-30 13:50:08,1541.92,Cash,3304.0
5964122835.0,14006996.0,144124.0,3.0,162.67,2024-03-29 18:12:05,2024-03-29 18:29:05,2024-03-29 18:26:05,2305.04,UPI,9052.0
8879377902.0,61320989.0,883013.0,2.0,989.88,2024-03-09 06:13:43,2024-03-09 06:26:43,2024-03-09 06:21:43,3034.16,Card,8957.0
8158068874.0,64403005.0,692985.0,1.0,197.39,2024-07-25 20:24:13,2024-07-25 20:41:13,2024-07-25 20:55:13,3112.28,Wallet,6736.0
7039570964.0,68941950.0,240179.0,3.0,90.56,2024-04-13 03:10:23,2024-04-13 03:30:23,2024-04-13 03:42:23,3196.98,Cash,7625.0
5482913265.0,88324928.0,880510.0,2.0,951.43,2024-08-08 15:18:48,2024-08-08 15:30:48,2024-08-08 15:41:48,2486.56,Wallet,2453.0
1018255782.0,2219590.0,264803.0,2.0,995.98,2024-09-08 06:11:07,2024-09-08 06:25:07,2024-09-08 06:45:07,2456.07,Card,878.0
8441505853.0,48409448.0,153019.0,3.0,947.95,2023-11-10 08:12:55,2023-11-10 08:31:55,2023-11-10 08:33:55,3876.18,UPI,3614.0
3850018395.0,57674875.0,77308.0,2.0,223.27,2023-06-09 20:31:07,2023-06-09 20:45:07,2023-06-09 21:00:07,1228.6,Wallet,9857.0
4884197611.0,28173165.0,692985.0,1.0,197.39,2023-04-19 19:07:09,2023-04-19 19:23:09,2023-04-19 19:48:09,2037.05,Wallet,9213.0
5321849748.0,84468124.0,914071.0,3.0,296.94,2024-03-01 00:19:24,2024-03-01 00:33:24,2024-03-01 00:28:24,1745.29,Cash,4938.0
9808738347.0,7728406.0,589812.0,1.0,163.03,2024-03-28 23:36:11,2024-03-28 23:53:11,2024-03-28 23:50:11,2800.78,Wallet,594.0
8727249149.0,35826539.0,555121.0,2.0,354.91,2023-06-27 00:24:22,2023-06-27 00:38:22,2023-06-27 00:35:22,4510.56,UPI,4817.0
2772154780.0,50899600.0,962591.0,1.0,130.01,2024-07-18 14:39:59,2024-07-18 14:52:59,2024-07-18 14:51:59,370.81,Card,8242.0
9128056381.0,98691989.0,930284.0,3.0,189.47,2024-06-10 07:16:02,2024-06-10 07:32:02,2024-06-10 07:32:02,475.78,Wallet,6043.0
4461463308.0,81352781.0,798639.0,3.0,211.25,2023-06-16 08:01:25,2023-06-16 08:11:25,2023-06-16 08:11:25,2638.38,Card,6645.0
5636483988.0,34095555.0,256783.0,2.0,906.54,2024-01-29 17:42:04,2024-01-29 17:52:04,2024-01-29 17:51:04,4151.57,UPI,7888.0
1532065529.0,75464725.0,762527.0,1.0,690.08,2023-12-07 06:28:36,2023-12-07 06:43:36,2023-12-07 06:45:36,2175.43,UPI,5936.0
9933994647.0,83304571.0,897083.0,1.0,972.69,2024-02-27 06:30:56,2024-02-27 06:50:56,2024-02-27 06:51:56,852.02,Cash,7030.0
4823026749.0,34835738.0,851978.0,1.0,715.72,2024-08-08 15:42:46,2024-08-08 16:02:46,2024-08-08 15:58:46,3211.3,Card,7018.0
7453442245.0,77869660.0,760828.0,1.0,563.45,2024-09-08 06:29:25,2024-09-08 06:47:25,2024-09-08 06:50:25,4894.89,UPI,5653.0
6519941559.0,29902416.0,697683.0,3.0,123.74,2024-05-10 19:43:01,2024-05-10 19:57:01,2024-05-10 19:57:01,545.49,Cash,1146.0
3798769654.0,75913572.0,324809.0,1.0,608.0,2024-09-28 12:27:14,2024-09-28 12:42:14,2024-09-28 12:38:14,371.29,Cash,3873.0
5034289521.0,21201299.0,187399.0,3.0,53.49,2024-05-15 13:00:17,2024-05-15 13:19:17,2024-05-15 13:17:17,1415.21,UPI,570.0
6971088688.0,11389698.0,700048.0,1.0,141.28,2023-07-18 10:53:19,2023-07-18 11:05:19,2023-07-18 11:14:19,2593.22,Card,4240.0
5650184107.0,19771128.0,894539.0,2.0,445.48,2023-06-21 08:14:44,2023-06-21 08:32:44,2023-06-21 08:32:44,3041.96,UPI,4622.0
5770410311.0,20956158.0,764014.0,2.0,612.04,2023-12-31 10:23:35,2023-12-31 10:33:35,2023-12-31 10:31:35,4814.59,Cash,8259.0
274530126.0,35278126.0,851978.0,3.0,715.72,2023-04-08 21:52:31,2023-04-08 22:12:31,2023-04-08 22:34:31,1841.66,Cash,6058.0
4819831152.0,66886852.0,432617.0,3.0,863.18,2024-09-22 19:35:16,2024-09-22 19:55:16,2024-09-22 19:59:16,1757.75,Cash,3661.0
6977688323.0,56780331.0,171602.0,3.0,883.44,2023-06-07 22:05:08,2023-06-07 22:22:08,2023-06-07 22:27:08,3343.61,Card,3480.0
2035952734.0,63360864.0,525531.0,2.0,831.1,2023-04-17 19:19:33,2023-04-17 19:38:33,2023-04-17 19:37:33,1906.85,UPI,8633.0
3665334102.0,51476157.0,435929.0,3.0,856.89,2024-11-04 01:16:31,2024-11-04 01:28:31,2024-11-04 01:34:31,5578.4,Wallet,1380.0
1862413314.0,48150243.0,490939.0,1.0,80.25,2024-05-31 16:08:45,2024-05-31 16:26:45,2024-05-31 16:29:45,1446.53,Card,2952.0
4466643926.0,82989313.0,9436.0,3.0,88.43,2024-04-08 20:33:57,2024-04-08 20:48:57,2024-04-08 20:49:57,781.08,Cash,904.0
4470717835.0,76008165.0,644847.0,2.0,622.81,2023-07-08 00:21:18,2023-07-08 00:36:18,2023-07-08 00:39:18,1474.48,Wallet,313.0
3018086191.0,76359458.0,217710.0,2.0,58.59,2024-02-07 15:51:05,2024-02-07 16:11:05,2024-02-07 16:13:05,1775.03,Card,4263.0
2447983559.0,99772709.0,451933.0,1.0,568.94,2024-10-03 20:46:07,2024-10-03 20:58:07,2024-10-03 21:25:07,1031.06,Cash,3486.0
5116322704.0,63360864.0,991434.0,3.0,237.62,2024-06-20 04:21:38,2024-06-20 04:38:38,2024-06-20 04:42:38,2386.24,UPI,5687.0
8941550852.0,54145987.0,36412.0,3.0,397.68,2024-04-20 22:07:04,2024-04-20 22:19:04,2024-04-20 22:22:04,198.15,Card,286.0
8026773850.0,94730288.0,812607.0,3.0,416.65,2023-10-23 19:16:23,2023-10-23 19:34:23,2023-10-23 19:37:23,1378.46,Wallet,7337.0
2102402075.0,30317733.0,965755.0,1.0,532.57,2024-07-14 05:30:01,2024-07-14 05:46:01,2024-07-14 05:41:01,1037.5,UPI,2426.0
989844439.0,30468930.0,298985.0,3.0,183.76,2023-07-23 11:54:05,2023-07-23 12:08:05,2023-07-23 12:06:05,3217.54,Cash,2811.0
8426805628.0,11636968.0,897083.0,3.0,972.69,2023-04-17 22:41:34,2023-04-17 22:54:34,2023-04-17 22:52:34,1620.7,Card,4577.0
7662188403.0,35554129.0,240179.0,3.0,90.56,2023-05-09 07:35:06,2023-05-09 07:47:06,2023-05-09 07:55:06,2497.79,Wallet,4222.0
9141654140.0,77811864.0,532965.0,2.0,307.23,2023-07-14 13:55:04,2023-07-14 14:11:04,2023-07-14 14:12:04,2805.01,Wallet,8146.0
5696947751.0,90745023.0,555121.0,2.0,354.91,2023-11-06 03:35:25,2023-11-06 03:48:25,2023-11-06 03:49:25,1431.23,UPI,1369.0
8953871540.0,1601161.0,144124.0,2.0,162.67,2023-11-14 16:17:02,2023-11-14 16:31:02,2023-11-14 16:36:02,683.46,UPI,6917.0
1767778760.0,67729191.0,516376.0,2.0,877.43,2023-04-14 03:24:44,2023-04-14 03:41:44,2023-04-14 03:41:44,2977.3,Cash,6420.0
5516201271.0,73661993.0,600767.0,1.0,722.42,2024-07-10 14:21:12,2024-07-10 14:41:12,2024-07-10 14:39:12,1210.9,Cash,1773.0
9358248664.0,75213636.0,513199.0,3.0,422.23,2023-12-19 23:59:54,2023-12-20 00:18:54,2023-12-20 00:15:54,637.6,Cash,4970.0
1530424665.0,45700739.0,760684.0,1.0,71.6,2023-04-21 23:29:46,2023-04-21 23:49:46,2023-04-21 23:51:46,3107.41,Cash,2261.0
7816293360.0,87669943.0,673058.0,2.0,765.76,2023-07-27 17:54:35,2023-07-27 18:14:35,2023-07-27 18:16:35,4856.23,UPI,4211.0
1602396548.0,11063505.0,365132.0,2.0,229.38,2024-09-09 23:44:19,2024-09-09 23:59:19,2024-09-10 00:01:19,2790.67,Card,3453.0
7938126128.0,26199489.0,256783.0,1.0,906.54,2023-06-16 08:24:00,2023-06-16 08:42:00,2023-06-16 08:41:00,877.89,Card,3636.0
271744331.0,47274329.0,153019.0,3.0,947.95,2023-08-21 04:01:18,2023-08-21 04:12:18,2023-08-21 04:10:18,97.04,UPI,525.0
387311360.0,70221073.0,903336.0,1.0,551.88,2023-08-07 02:54:16,2023-08-07 03:11:16,2023-08-07 03:10:16,1358.19,Wallet,9457.0
1286123100.0,45659330.0,647462.0,1.0,326.42,2023-12-30 23:53:40,2023-12-31 00:10:40,2023-12-31 00:13:40,1243.74,UPI,962.0
4832392771.0,10038382.0,432617.0,1.0,863.18,2023-11-02 14:44:52,2023-11-02 14:55:52,2023-11-02 14:58:52,2524.06,Card,2996.0
4800106448.0,49970560.0,707935.0,1.0,820.9,2023-12-10 05:17:22,2023-12-10 05:31:22,2023-12-10 05:27:22,3048.99,Card,5061.0
5500008514.0,31371112.0,378287.0,2.0,332.84,2024-05-03 18:08:17,2024-05-03 18:25:17,2024-05-03 18:24:17,3605.53,Cash,9878.0
7879575037.0,7228206.0,487931.0,3.0,709.08,2024-01-07 12:19:33,2024-01-07 12:32:33,2024-01-07 12:37:33,3446.01,Cash,5569.0
50845914.0,54893418.0,478531.0,3.0,825.46,2023-04-09 04:18:56,2023-04-09 04:37:56,2023-04-09 04:34:56,3226.44,Card,4686.0
9766990467.0,48358028.0,361361.0,2.0,826.21,2023-06-30 08:18:31,2023-06-30 08:33:31,2023-06-30 08:41:31,186.08,Card,1055.0
4215602937.0,66499992.0,820973.0,3.0,114.52,2023-10-04 05:29:08,2023-10-04 05:44:08,2023-10-04 05:45:08,1607.2,Wallet,3629.0
238484255.0,73869823.0,354409.0,3.0,325.08,2024-04-11 04:03:43,2024-04-11 04:18:43,2024-04-11 04:20:43,4305.06,Cash,4132.0
3293988248.0,89986926.0,272170.0,2.0,140.8,2024-09-29 07:44:45,2024-09-29 07:57:45,2024-09-29 08:26:45,1519.45,Wallet,7964.0
5296157775.0,99231937.0,760684.0,3.0,71.6,2024-07-27 10:24:02,2024-07-27 10:34:02,2024-07-27 10:37:02,1565.22,Wallet,179.0
1143489067.0,21432404.0,4452.0,2.0,169.88,2023-09-14 17:01:41,2023-09-14 17:21:41,2023-09-14 17:18:41,424.61,UPI,7002.0
8524452029.0,40986000.0,487931.0,1.0,709.08,2023-11-07 01:00:32,2023-11-07 01:15:32,2023-11-07 01:22:32,4191.3,Cash,2092.0
4256779885.0,88745052.0,440875.0,1.0,275.03,2023-06-01 17:29:29,2023-06-01 17:39:29,2023-06-01 17:37:29,1740.54,Cash,5924.0
7744686996.0,72946405.0,585299.0,1.0,799.46,2023-09-27 21:39:59,2023-09-27 21:55:59,2023-09-27 22:17:59,1798.56,Cash,5748.0
5427462399.0,41647393.0,257719.0,2.0,281.73,2024-06-21 13:57:00,2024-06-21 14:15:00,2024-06-21 14:19:00,2098.17,Wallet,62.0
8596751747.0,66359719.0,863930.0,1.0,242.57,2024-03-09 06:33:08,2024-03-09 06:44:08,2024-03-09 06:43:08,2462.18,Card,4678.0
4746468643.0,15144290.0,679865.0,3.0,347.91,2023-08-17 19:31:04,2023-08-17 19:51:04,2023-08-17 19:52:04,3206.64,UPI,7914.0
3010047327.0,5716817.0,555121.0,3.0,354.91,2023-12-15 20:11:52,2023-12-15 20:24:52,2023-12-15 20:29:52,799.46,Wallet,4167.0
1236959246.0,94033330.0,440875.0,1.0,275.03,2024-10-06 20:17:02,2024-10-06 20:37:02,2024-10-06 20:41:02,1310.39,Cash,6888.0
6600422315.0,79726146.0,287070.0,3.0,443.17,2023-09-19 00:26:15,2023-09-19 00:38:15,2023-09-19 00:41:15,3415.39,UPI,1886.0
3227252410.0,83023956.0,291238.0,3.0,746.03,2024-02-16 07:53:12,2024-02-16 08:11:12,2024-02-16 08:09:12,4307.46,Cash,8087.0
6972292408.0,19682060.0,747801.0,1.0,277.76,2023-11-16 05:37:14,2023-11-16 05:55:14,2023-11-16 06:12:14,658.16,Cash,7246.0
7562754470.0,10700664.0,82484.0,2.0,914.88,2024-02-15 23:27:04,2024-02-15 23:47:04,2024-02-15 23:48:04,317.82,Wallet,4674.0
7361971676.0,27504517.0,397973.0,1.0,728.73,2023-08-23 00:44:18,2023-08-23 01:02:18,2023-08-23 01:06:18,532.57,Card,2750.0
8875605037.0,93867669.0,876139.0,1.0,415.75,2023-09-27 10:02:27,2023-09-27 10:16:27,2023-09-27 10:20:27,3235.64,Card,2039.0
8508253527.0,31233120.0,440875.0,1.0,275.03,2024-09-05 20:54:09,2024-09-05 21:11:09,2024-09-05 21:23:09,452.6,UPI,5677.0
6798775600.0,24845814.0,324809.0,2.0,608.0,2023-10-09 22:39:35,2023-10-09 22:54:35,2023-10-09 23:08:35,3645.18,Cash,5471.0
3624810422.0,42366724.0,818522.0,1.0,96.09,2024-08-10 01:08:44,2024-08-10 01:25:44,2024-08-10 01:29:44,864.3,Cash,9521.0
4740213452.0,84066402.0,726958.0,2.0,887.48,2024-02-22 12:29:12,2024-02-22 12:49:12,2024-02-22 13:01:12,3295.97,Cash,7162.0
3825468344.0,81337068.0,425341.0,3.0,486.28,2023-04-09 08:04:44,2023-04-09 08:19:44,2023-04-09 08:21:44,1220.63,UPI,2100.0
902245665.0,44828791.0,298985.0,3.0,183.76,2024-08-08 08:14:01,2024-08-08 08:28:01,2024-08-08 08:26:01,2047.24,Cash,4066.0
6874299189.0,24633671.0,561860.0,2.0,874.78,2023-08-14 11:33:32,2023-08-14 11:45:32,2023-08-14 11:48:32,4027.29,Card,3001.0
1127125313.0,91312072.0,140154.0,2.0,171.2,2023-12-15 19:19:22,2023-12-15 19:36:22,2023-12-15 19:45:22,823.75,Card,8828.0
3606548818.0,85354059.0,448752.0,3.0,160.07,2023-05-12 04:48:09,2023-05-12 05:08:09,2023-05-12 05:10:09,740.18,Wallet,4891.0
5750044154.0,11636968.0,930284.0,2.0,189.47,2024-09-16 22:40:01,2024-09-16 22:50:01,2024-09-16 23:01:01,2855.42,UPI,7740.0
3872847781.0,27727819.0,652118.0,3.0,22.04,2023-09-16 20:38:34,2023-09-16 20:55:34,2023-09-16 20:53:34,576.22,Wallet,9963.0
5939554684.0,3875480.0,606256.0,1.0,369.28,2023-06-11 16:33:08,2023-06-11 16:47:08,2023-06-11 16:51:08,3071.72,Wallet,212.0
676412814.0,57291761.0,818990.0,1.0,163.55,2024-07-26 03:29:27,2024-07-26 03:45:27,2024-07-26 03:45:27,2147.32,UPI,6861.0
4248390724.0,6390687.0,721521.0,2.0,417.39,2023-08-22 20:17:51,2023-08-22 20:35:51,2023-08-22 20:44:51,877.98,Cash,8404.0
8938687150.0,97664747.0,319388.0,3.0,657.8,2023-04-25 06:25:28,2023-04-25 06:35:28,2023-04-25 06:30:28,1313.92,Cash,2896.0
7898867047.0,899941.0,767398.0,3.0,22.14,2023-05-03 15:13:52,2023-05-03 15:31:52,2023-05-03 15:38:52,5189.5,Wallet,9180.0
2142065357.0,469006.0,968887.0,1.0,40.7,2024-01-27 07:45:34,2024-01-27 08:04:34,2024-01-27 08:04:34,2586.92,Cash,8613.0
9024719693.0,21597477.0,659290.0,3.0,319.34,2024-06-06 19:22:30,2024-06-06 19:40:30,2024-06-06 19:41:30,140.44,Card,7334.0
8976616698.0,90346920.0,120385.0,2.0,597.91,2023-08-23 03:20:08,2023-08-23 03:36:08,2023-08-23 03:38:08,3364.63,UPI,362.0
8792586840.0,91566278.0,937542.0,3.0,97.04,2023-06-14 15:09:28,2023-06-14 15:26:28,2023-06-14 15:29:28,1843.14,UPI,9496.0
5375387413.0,66768157.0,378230.0,3.0,166.42,2023-04-04 23:31:41,2023-04-04 23:42:41,2023-04-04 23:44:41,1934.8,Wallet,592.0
4252164097.0,72366758.0,952124.0,1.0,127.08,2023-09-28 06:58:17,2023-09-28 07:16:17,2023-09-28 07:24:17,163.55,Card,4201.0
8423273411.0,5418547.0,876139.0,3.0,415.75,2023-05-23 23:13:33,2023-05-23 23:24:33,2023-05-23 23:24:33,719.38,UPI,8994.0
2551179741.0,18791381.0,707935.0,3.0,820.9,2024-04-10 02:09:31,2024-04-10 02:29:31,2024-04-10 02:43:31,2975.13,UPI,1613.0
227511348.0,11775073.0,513199.0,1.0,422.23,2024-08-01 15:43:56,2024-08-01 16:01:56,2024-08-01 16:02:56,2388.23,Card,4665.0
4434464045.0,7591711.0,153019.0,1.0,947.95,2023-09-22 00:04:24,2023-09-22 00:21:24,2023-09-22 00:21:24,2148.83,Card,5121.0
7041011843.0,35705377.0,883013.0,2.0,989.88,2024-02-06 00:46:34,2024-02-06 01:03:34,2024-02-06 01:03:34,1303.83,Card,1765.0
6510283268.0,67383024.0,136533.0,3.0,826.21,2024-06-12 01:40:22,2024-06-12 01:57:22,2024-06-12 01:55:22,1452.76,Wallet,2932.0
6853654698.0,85198177.0,131748.0,1.0,81.35,2023-08-06 11:20:58,2023-08-06 11:36:58,2023-08-06 11:41:58,2101.23,Card,5281.0
9338996795.0,2219590.0,34186.0,2.0,925.65,2024-01-09 18:21:36,2024-01-09 18:40:36,2024-01-09 18:38:36,951.43,Card,8279.0
7346145952.0,96629258.0,449106.0,1.0,48.55,2024-03-12 19:24:44,2024-03-12 19:37:44,2024-03-12 19:33:44,264.89,Cash,3556.0
6497069610.0,52672659.0,329351.0,3.0,310.87,2024-04-10 17:18:57,2024-04-10 17:32:57,2024-04-10 17:34:57,1416.18,Card,3577.0
1741402363.0,87200291.0,611575.0,1.0,482.06,2024-06-12 11:13:45,2024-06-12 11:29:45,2024-06-12 11:31:45,1729.82,UPI,4423.0
4825878367.0,46717997.0,26060.0,2.0,342.94,2024-10-07 14:04:11,2024-10-07 14:23:11,2024-10-07 14:23:11,4152.86,Card,5643.0
7019011442.0,41640262.0,552496.0,2.0,508.0,2023-06-30 19:38:42,2023-06-30 19:54:42,2023-06-30 19:50:42,3612.65,Cash,9125.0
1674463798.0,52085702.0,67197.0,1.0,552.2,2024-09-21 13:31:34,2024-09-21 13:43:34,2024-09-21 13:49:34,3497.86,UPI,7301.0
305684588.0,46876240.0,709916.0,3.0,33.76,2024-08-25 19:41:28,2024-08-25 19:56:28,2024-08-25 20:12:28,4199.86,UPI,7499.0
5967495442.0,77086074.0,516376.0,2.0,877.43,2024-07-18 15:25:29,2024-07-18 15:36:29,2024-07-18 15:47:29,707.67,Card,9906.0
2571047526.0,90665975.0,760828.0,2.0,563.45,2023-06-19 00:18:51,2023-06-19 00:30:51,2023-06-19 00:25:51,651.93,UPI,3902.0
7784811086.0,53332493.0,689769.0,2.0,46.62,2024-09-07 06:11:07,2024-09-07 06:26:07,2024-09-07 06:50:07,2387.27,UPI,654.0
7942005230.0,78614729.0,714999.0,2.0,882.51,2023-03-25 08:20:32,2023-03-25 08:31:32,2023-03-25 08:41:32,281.73,Wallet,8679.0
6653543195.0,95334407.0,287070.0,3.0,443.17,2023-09-15 14:53:44,2023-09-15 15:09:44,2023-09-15 15:20:44,1617.62,Wallet,2292.0
397928918.0,71902700.0,991434.0,2.0,237.62,2024-09-14 03:54:21,2024-09-14 04:13:21,2024-09-14 04:28:21,797.99,Card,3293.0
776120140.0,25128143.0,131937.0,2.0,287.81,2023-11-12 03:51:53,2023-11-12 04:03:53,2023-11-12 04:19:53,430.41,Card,7417.0
8293188779.0,28991365.0,953175.0,1.0,225.21,2024-10-16 09:48:02,2024-10-16 10:08:02,2024-10-16 10:06:02,4286.09,UPI,4650.0
178737268.0,2164524.0,942001.0,3.0,671.55,2023-06-18 19:52:44,2023-06-18 20:05:44,2023-06-18 20:04:44,726.41,UPI,5088.0
5246598523.0,90665975.0,272170.0,2.0,140.8,2023-11-22 16:46:33,2023-11-22 17:04:33,2023-11-22 17:30:33,3057.36,Cash,8891.0
1172544737.0,30188374.0,602241.0,2.0,976.55,2023-11-24 07:36:36,2023-11-24 07:46:36,2023-11-24 07:56:36,1080.33,Cash,2867.0
6419533291.0,92404798.0,124290.0,1.0,39.65,2023-07-28 05:02:16,2023-07-28 05:15:16,2023-07-28 05:17:16,2555.75,Wallet,3296.0
882083749.0,51833636.0,398340.0,1.0,651.93,2023-06-18 12:52:28,2023-06-18 13:09:28,2023-06-18 13:13:28,1142.73,Cash,5887.0
3185510401.0,43990799.0,136533.0,1.0,826.21,2024-10-14 00:24:10,2024-10-14 00:36:10,2024-10-14 00:40:10,749.5,UPI,8587.0
7760767006.0,93018527.0,667163.0,2.0,441.2,2023-08-19 12:04:44,2023-08-19 12:19:44,2023-08-19 12:14:44,1014.49,UPI,8076.0
3833878150.0,644189.0,140154.0,1.0,171.2,2024-06-23 18:54:35,2024-06-23 19:07:35,2024-06-23 19:33:35,3376.0,Cash,315.0
369899578.0,44198187.0,525531.0,1.0,831.1,2023-08-19 14:17:49,2023-08-19 14:31:49,2023-08-19 14:32:49,2313.22,Cash,7302.0
1944466212.0,70798876.0,990993.0,1.0,263.7,2024-09-09 14:02:49,2024-09-09 14:21:49,2024-09-09 14:20:49,2523.57,UPI,4024.0
4064447117.0,6061349.0,284460.0,1.0,505.95,2024-02-25 22:19:59,2024-02-25 22:34:59,2024-02-25 22:53:59,2534.24,Cash,394.0
1553685597.0,22822088.0,647462.0,3.0,326.42,2024-10-28 00:27:04,2024-10-28 00:43:04,2024-10-28 01:13:04,2962.71,Card,3414.0
3682284811.0,96009692.0,848226.0,1.0,209.59,2024-07-18 20:57:10,2024-07-18 21:13:10,2024-07-18 21:10:10,4471.32,UPI,6603.0
291439357.0,62679120.0,615545.0,2.0,448.16,2023-04-11 02:13:39,2023-04-11 02:30:39,2023-04-11 02:33:39,2008.62,UPI,5860.0
8285784194.0,17390673.0,799952.0,1.0,922.64,2024-09-30 15:47:01,2024-09-30 15:57:01,2024-09-30 15:59:01,1107.52,UPI,9982.0
5058742647.0,29562254.0,679865.0,2.0,347.91,2024-09-17 23:35:30,2024-09-17 23:51:30,2024-09-17 23:55:30,1943.59,UPI,579.0
6917020296.0,34655710.0,747801.0,1.0,277.76,2024-07-10 21:48:57,2024-07-10 22:00:57,2024-07-10 22:03:57,705.42,Card,6483.0
6671181961.0,50968312.0,461804.0,3.0,310.69,2023-10-13 05:37:23,2023-10-13 05:49:23,2023-10-13 05:51:23,2732.0,Wallet,5607.0
5123439997.0,89886179.0,89084.0,2.0,598.83,2024-02-15 18:57:33,2024-02-15 19:13:33,2024-02-15 19:15:33,1789.27,Cash,2403.0
8510183245.0,3897936.0,587420.0,3.0,357.42,2024-10-01 20:56:57,2024-10-01 21:07:57,2024-10-01 21:02:57,2914.71,Wallet,466.0
6081384585.0,94529626.0,942001.0,1.0,671.55,2024-03-04 04:03:00,2024-03-04 04:19:00,2024-03-04 04:20:00,4519.77,Cash,1823.0
4423613746.0,98088303.0,969851.0,3.0,340.66,2023-08-27 18:01:35,2023-08-27 18:11:35,2023-08-27 18:20:35,4916.33,UPI,1660.0
1530472691.0,82169898.0,611575.0,1.0,482.06,2024-08-09 14:17:38,2024-08-09 14:35:38,2024-08-09 14:46:38,3469.84,UPI,7153.0
7009303199.0,85519349.0,600767.0,3.0,722.42,2024-02-25 10:37:03,2024-02-25 10:51:03,2024-02-25 10:59:03,3223.07,UPI,2783.0
5386652055.0,71252391.0,329351.0,3.0,310.87,2024-04-16 15:24:06,2024-04-16 15:40:06,2024-04-16 15:47:06,2799.46,Card,2212.0
4413239746.0,22915611.0,131937.0,1.0,287.81,2023-04-10 07:24:44,2023-04-10 07:41:44,2023-04-10 07:54:44,811.95,UPI,7096.0
4988875078.0,65514005.0,53833.0,1.0,134.69,2023-07-23 15:48:57,2023-07-23 16:02:57,2023-07-23 16:16:57,3485.65,UPI,7938.0
1617565217.0,43518622.0,726958.0,1.0,887.48,2024-06-01 12:51:43,2024-06-01 13:03:43,2024-06-01 13:02:43,2865.04,UPI,4961.0
392038758.0,24144240.0,863930.0,3.0,242.57,2024-07-23 18:36:20,2024-07-23 18:50:20,2024-07-23 18:58:20,3639.23,Card,9624.0
1828727552.0,12455156.0,820973.0,3.0,114.52,2024-03-26 14:32:53,2024-03-26 14:51:53,2024-03-26 14:54:53,2106.13,Cash,3243.0
7119397338.0,25850478.0,124290.0,2.0,39.65,2024-10-28 22:53:36,2024-10-28 23:10:36,2024-10-28 23:13:36,874.78,Cash,6526.0
2611271708.0,11446157.0,798639.0,3.0,211.25,2024-04-26 05:34:58,2024-04-26 05:44:58,2024-04-26 05:47:58,1171.77,Card,3166.0
7162509481.0,1174162.0,606256.0,3.0,369.28,2024-10-17 00:59:37,2024-10-17 01:11:37,2024-10-17 01:06:37,1157.52,Wallet,6948.0
131913576.0,48228547.0,871592.0,3.0,870.29,2023-10-17 03:00:39,2023-10-17 03:10:39,2023-10-17 03:12:39,2136.82,Wallet,3581.0
6627201490.0,28991365.0,812607.0,1.0,416.65,2023-12-10 14:55:32,2023-12-10 15:06:32,2023-12-10 15:17:32,1393.12,Cash,8796.0
4644950813.0,81655250.0,153019.0,3.0,947.95,2023-08-21 09:02:19,2023-08-21 09:22:19,2023-08-21 09:27:19,2392.8,Card,3353.0
9434934993.0,92027021.0,397973.0,1.0,728.73,2024-08-09 07:08:04,2024-08-09 07:26:04,2024-08-09 07:39:04,698.38,Cash,5431.0
2556317798.0,29562072.0,679284.0,3.0,877.89,2023-09-14 03:54:55,2023-09-14 04:05:55,2023-09-14 04:03:55,1675.35,Cash,8303.0
2826150539.0,24456825.0,859361.0,3.0,432.39,2023-11-05 10:24:11,2023-11-05 10:42:11,2023-11-05 10:47:11,2121.58,Card,6711.0
4283803308.0,4543215.0,942001.0,1.0,671.55,2023-12-08 04:15:17,2023-12-08 04:28:17,2023-12-08 04:32:17,2653.37,UPI,7787.0
6873424093.0,35705377.0,34186.0,3.0,925.65,2024-02-10 23:18:46,2024-02-10 23:28:46,2024-02-10 23:29:46,2891.16,UPI,4281.0
4741294126.0,66354642.0,604184.0,3.0,397.55,2024-09-05 08:27:06,2024-09-05 08:37:06,2024-09-05 08:38:06,2218.23,Cash,5064.0
4967241271.0,45708879.0,587645.0,2.0,801.81,2023-05-03 22:35:20,2023-05-03 22:55:20,2023-05-03 22:56:20,641.98,Wallet,6076.0
9554079946.0,69516494.0,561860.0,1.0,874.78,2023-12-23 09:57:12,2023-12-23 10:10:12,2023-12-23 10:10:12,3528.74,Wallet,8757.0
4601205399.0,97111069.0,673058.0,2.0,765.76,2023-07-14 20:15:51,2023-07-14 20:34:51,2023-07-14 20:39:51,3250.65,Wallet,2051.0
5633967304.0,72605638.0,704868.0,2.0,193.46,2024-01-30 19:14:01,2024-01-30 19:33:01,2024-01-30 19:48:01,2009.59,Cash,619.0
4168163237.0,47503133.0,592784.0,1.0,280.35,2023-07-06 00:28:47,2023-07-06 00:44:47,2023-07-06 00:56:47,1178.88,Wallet,7103.0
5924297360.0,59197894.0,654623.0,3.0,422.14,2024-09-09 21:59:31,2024-09-09 22:12:31,2024-09-09 22:27:31,723.44,Wallet,235.0
2120299901.0,28499191.0,767398.0,2.0,22.14,2024-06-12 09:32:04,2024-06-12 09:45:04,2024-06-12 09:41:04,1204.42,Card,5282.0
1070876534.0,59329145.0,712307.0,2.0,264.89,2024-02-21 19:01:21,2024-02-21 19:12:21,2024-02-21 19:08:21,4573.95,Cash,7142.0
7032280048.0,18567760.0,274207.0,2.0,328.51,2023-09-15 22:21:31,2023-09-15 22:32:31,2023-09-15 22:35:31,1403.74,UPI,9632.0
156346853.0,57331847.0,490602.0,1.0,549.47,2023-03-30 09:00:22,2023-03-30 09:13:22,2023-03-30 09:28:22,1506.38,Card,5266.0
6873267326.0,45546750.0,319388.0,1.0,657.8,2024-02-10 07:52:23,2024-02-10 08:03:23,2024-02-10 08:11:23,2229.88,Cash,9190.0
1370661468.0,64795608.0,187399.0,3.0,53.49,2023-09-27 02:02:46,2023-09-27 02:20:46,2023-09-27 02:24:46,957.45,Wallet,9329.0
3612128358.0,8513589.0,4452.0,1.0,169.88,2024-04-24 23:13:39,2024-04-24 23:29:39,2024-04-24 23:28:39,1654.11,UPI,4147.0
1736953222.0,86704661.0,146840.0,2.0,786.85,2024-02-18 14:00:30,2024-02-18 14:11:30,2024-02-18 14:21:30,3889.08,Wallet,865.0
9107923488.0,85354059.0,4452.0,1.0,169.88,2023-11-20 04:53:01,2023-11-20 05:07:01,2023-11-20 05:11:01,2768.96,Wallet,129.0
4378877600.0,46989310.0,952168.0,2.0,236.95,2023-11-27 11:09:25,2023-11-27 11:29:25,2023-11-27 11:43:25,1365.37,Wallet,8602.0
3232762361.0,22613559.0,124290.0,3.0,39.65,2023-07-24 15:36:05,2023-07-24 15:47:05,2023-07-24 15:45:05,2843.52,Wallet,6335.0
1831641377.0,76971644.0,219598.0,3.0,367.08,2024-03-19 04:14:41,2024-03-19 04:29:41,2024-03-19 04:39:41,3402.24,Cash,8563.0
562428866.0,57833505.0,432617.0,3.0,863.18,2023-04-17 19:29:17,2023-04-17 19:46:17,2023-04-17 20:00:17,896.97,Card,5415.0
4607715908.0,59095971.0,555121.0,2.0,354.91,2024-08-24 22:51:27,2024-08-24 23:03:27,2024-08-24 23:10:27,4650.66,UPI,8376.0
4804575203.0,53974737.0,587420.0,3.0,357.42,2023-05-23 21:43:41,2023-05-23 21:56:41,2023-05-23 22:19:41,1762.54,Wallet,7722.0
8287234948.0,47939657.0,953175.0,1.0,225.21,2024-10-07 07:48:35,2024-10-07 08:01:35,2024-10-07 08:04:35,1856.75,UPI,1362.0
6074452586.0,78806824.0,965755.0,1.0,532.57,2023-09-01 08:30:26,2023-09-01 08:46:26,2023-09-01 08:50:26,81.35,Cash,5358.0
6821790656.0,66710182.0,487931.0,2.0,709.08,2024-08-03 13:10:35,2024-08-03 13:22:35,2024-08-03 13:23:35,2094.62,Wallet,3938.0
7821942520.0,84468124.0,490939.0,1.0,80.25,2024-02-12 23:57:16,2024-02-13 00:12:16,2024-02-13 00:13:16,2732.91,Wallet,5805.0
3012496270.0,27604184.0,848226.0,2.0,209.59,2023-04-06 03:45:57,2023-04-06 04:04:57,2023-04-06 04:04:57,2270.44,UPI,6783.0
8980370750.0,76971644.0,56589.0,1.0,517.77,2023-09-15 14:47:03,2023-09-15 15:04:03,2023-09-15 15:05:03,901.58,Card,5440.0
6535672015.0,4758426.0,798639.0,3.0,211.25,2023-05-05 08:41:49,2023-05-05 08:55:49,2023-05-05 09:00:49,2685.35,UPI,8612.0
6999060704.0,15534747.0,137909.0,2.0,864.3,2023-04-28 15:55:23,2023-04-28 16:11:23,2023-04-28 16:18:23,672.73,Wallet,7616.0
9403732731.0,73393269.0,131748.0,2.0,81.35,2024-05-26 15:50:08,2024-05-26 16:03:08,2024-05-26 16:07:08,2995.55,Cash,9483.0
5649255352.0,84119685.0,449106.0,3.0,48.55,2024-10-30 23:39:54,2024-10-30 23:50:54,2024-10-30 23:52:54,3938.48,Cash,1418.0
5034409841.0,46629917.0,700048.0,1.0,141.28,2023-08-15 03:17:51,2023-08-15 03:32:51,2023-08-15 03:50:51,2746.95,Wallet,7048.0
9072111617.0,49985597.0,112390.0,1.0,877.98,2024-09-15 22:20:56,2024-09-15 22:30:56,2024-09-15 22:27:56,2799.39,UPI,8322.0
9556880451.0,48778633.0,621677.0,3.0,317.8,2023-10-08 11:26:54,2023-10-08 11:39:54,2023-10-08 11:34:54,4818.86,Card,6502.0
4602796463.0,22047134.0,859361.0,3.0,432.39,2024-09-12 05:20:17,2024-09-12 05:39:17,2024-09-12 05:44:17,2500.69,UPI,8616.0
6061353924.0,49241309.0,291238.0,1.0,746.03,2024-03-03 22:15:37,2024-03-03 22:26:37,2024-03-03 22:23:37,1424.69,Wallet,5328.0
4366519080.0,63339001.0,764014.0,2.0,612.04,2023-05-29 17:54:41,2023-05-29 18:10:41,2023-05-29 18:06:41,2771.3,Cash,2822.0
1324817141.0,71694275.0,739448.0,1.0,755.66,2023-08-17 22:02:37,2023-08-17 22:14:37,2023-08-17 22:12:37,5053.37,Card,7839.0
5419080144.0,55404382.0,89084.0,2.0,598.83,2024-11-01 16:44:12,2024-11-01 16:59:12,2024-11-01 16:54:12,2197.72,Cash,7631.0
8813470284.0,57537308.0,77308.0,1.0,223.27,2024-01-04 05:16:34,2024-01-04 05:35:34,2024-01-04 05:30:34,1665.1,Card,7291.0
3182992799.0,81906973.0,449106.0,2.0,48.55,2023-10-18 13:55:00,2023-10-18 14:12:00,2023-10-18 14:25:00,4329.87,Cash,707.0
7792996715.0,22081691.0,961614.0,3.0,227.22,2024-01-03 15:04:47,2024-01-03 15:14:47,2024-01-03 15:09:47,949.2,Card,1556.0
6962624734.0,88866835.0,491314.0,3.0,973.44,2023-04-27 08:57:43,2023-04-27 09:12:43,2023-04-27 09:17:43,3579.41,Wallet,3730.0
5948662456.0,35988028.0,848226.0,1.0,209.59,2023-06-29 18:25:14,2023-06-29 18:45:14,2023-06-29 18:47:14,4187.66,Card,4341.0
3395675979.0,88202341.0,300159.0,1.0,44.35,2023-06-10 15:59:50,2023-06-10 16:10:50,2023-06-10 16:07:50,2930.34,Cash,4842.0
7550368787.0,51592174.0,237083.0,2.0,577.13,2023-12-30 17:50:47,2023-12-30 18:05:47,2023-12-30 18:17:47,5268.01,Cash,6776.0
8357671697.0,97388817.0,677169.0,3.0,261.03,2024-04-14 00:42:08,2024-04-14 00:56:08,2024-04-14 00:55:08,39.65,Wallet,7960.0
9600704922.0,90372221.0,833557.0,3.0,422.87,2023-11-13 12:31:56,2023-11-13 12:51:56,2023-11-13 12:50:56,2378.52,Cash,7419.0
9915229426.0,12832151.0,112390.0,2.0,877.98,2024-02-03 02:47:57,2024-02-03 02:57:57,2024-02-03 02:57:57,37.8,Cash,9437.0
9927474026.0,94137242.0,567671.0,1.0,418.48,2023-03-28 04:07:24,2023-03-28 04:20:24,2023-03-28 04:33:24,530.85,Cash,2201.0
6310535397.0,21461764.0,968887.0,1.0,40.7,2023-05-26 17:46:19,2023-05-26 18:03:19,2023-05-26 18:03:19,5015.88,Card,724.0
8045941430.0,67829645.0,723678.0,2.0,675.46,2023-05-24 15:07:03,2023-05-24 15:22:03,2023-05-24 15:22:03,2667.64,Wallet,4497.0
4390394582.0,49795571.0,171602.0,2.0,883.44,2024-11-02 11:28:29,2024-11-02 11:38:29,2024-11-02 11:38:29,1170.39,Cash,9251.0
5062545226.0,84275450.0,673058.0,2.0,765.76,2023-11-28 04:16:44,2023-11-28 04:36:44,2023-11-28 04:33:44,2945.03,Wallet,5297.0
2836701831.0,62323608.0,837480.0,3.0,217.4,2024-06-13 14:15:45,2024-06-13 14:27:45,2024-06-13 14:31:45,354.52,Card,5443.0
4115492281.0,32540616.0,435929.0,1.0,856.89,2024-01-07 01:31:47,2024-01-07 01:51:47,2024-01-07 01:52:47,4248.74,Wallet,3859.0
3554645781.0,26227445.0,53833.0,3.0,134.69,2024-04-25 14:58:42,2024-04-25 15:15:42,2024-04-25 15:24:42,2108.47,Card,2659.0
3983605701.0,19067680.0,264803.0,3.0,995.98,2024-01-27 12:28:20,2024-01-27 12:43:20,2024-01-27 12:52:20,3627.25,Card,6323.0
8581516385.0,8241122.0,500633.0,1.0,154.5,2023-12-14 19:30:41,2023-12-14 19:49:41,2023-12-14 19:49:41,681.54,Card,5072.0
8290229112.0,88923048.0,473647.0,1.0,43.05,2024-03-09 05:06:27,2024-03-09 05:19:27,2024-03-09 05:16:27,517.77,Wallet,3964.0
1195560119.0,83039559.0,606256.0,1.0,369.28,2023-04-03 17:20:14,2023-04-03 17:33:14,2023-04-03 17:36:14,552.2,Cash,4616.0
5077327994.0,243838.0,700048.0,1.0,141.28,2023-08-01 20:07:55,2023-08-01 20:26:55,2023-08-01 20:23:55,2694.01,Card,7335.0
2945185661.0,81102955.0,903336.0,3.0,551.88,2023-07-09 12:02:20,2023-07-09 12:20:20,2023-07-09 12:18:20,374.68,Card,1453.0
3951005873.0,52085702.0,587420.0,3.0,357.42,2024-10-03 15:03:55,2024-10-03 15:14:55,2024-10-03 15:09:55,832.06,Wallet,3311.0
3490816523.0,25128143.0,880510.0,3.0,951.43,2024-01-27 20:17:17,2024-01-27 20:28:17,2024-01-27 20:43:17,4284.99,Card,6186.0
6739114301.0,51544662.0,33955.0,1.0,186.08,2023-03-26 18:06:22,2023-03-26 18:26:22,2023-03-26 18:28:22,671.55,UPI,2641.0
5728818155.0,31000129.0,243235.0,3.0,109.03,2023-11-03 00:57:05,2023-11-03 01:10:05,2023-11-03 01:18:05,2215.55,Cash,1826.0
7713651693.0,8351747.0,891833.0,1.0,493.19,2023-08-07 01:57:01,2023-08-07 02:11:01,2023-08-07 02:16:01,422.87,Wallet,1825.0
5452048621.0,22483684.0,706112.0,2.0,478.79,2024-10-22 15:15:22,2024-10-22 15:28:22,2024-10-22 15:43:22,947.95,Wallet,8316.0
2297027645.0,36578947.0,897083.0,1.0,972.69,2024-04-17 20:56:49,2024-04-17 21:16:49,2024-04-17 21:11:49,2036.46,Card,6118.0
2438302298.0,77862447.0,954722.0,2.0,616.45,2023-04-24 00:00:48,2023-04-24 00:18:48,2023-04-24 00:33:48,1175.49,Cash,9218.0
578811216.0,75739462.0,563740.0,1.0,96.33,2024-06-18 10:23:42,2024-06-18 10:37:42,2024-06-18 10:55:42,1980.99,Wallet,9220.0
8684710720.0,74172010.0,621677.0,3.0,317.8,2023-09-12 02:25:31,2023-09-12 02:37:31,2023-09-12 02:36:31,1644.14,Cash,5285.0
1249797614.0,54797119.0,327290.0,1.0,862.28,2024-06-27 18:33:11,2024-06-27 18:43:11,2024-06-27 18:44:11,2735.5,Card,4020.0
8013026217.0,52337289.0,672059.0,1.0,672.73,2023-03-21 12:31:23,2023-03-21 12:41:23,2023-03-21 12:41:23,2368.0,Cash,2524.0
5421697986.0,95971469.0,606256.0,2.0,369.28,2023-05-26 02:27:40,2023-05-26 02:45:40,2023-05-26 02:49:40,3487.72,Wallet,8132.0
8922741261.0,22133362.0,863930.0,3.0,242.57,2024-08-11 00:35:08,2024-08-11 00:53:08,2024-08-11 00:54:08,2993.51,Cash,3160.0
3441102335.0,12077371.0,516376.0,3.0,877.43,2023-11-04 00:26:33,2023-11-04 00:39:33,2023-11-04 00:39:33,1197.76,Wallet,422.0
6065607924.0,91868185.0,63769.0,2.0,878.07,2024-05-08 08:15:44,2024-05-08 08:33:44,2024-05-08 08:32:44,965.88,UPI,6894.0
5153395650.0,94033330.0,478531.0,1.0,825.46,2023-03-23 15:24:35,2023-03-23 15:34:35,2023-03-23 15:38:35,1099.91,Card,3067.0
2215235447.0,88215615.0,298985.0,1.0,183.76,2024-09-16 17:11:09,2024-09-16 17:25:09,2024-09-16 17:21:09,163.03,Card,4283.0
5678676134.0,76917159.0,319388.0,1.0,657.8,2024-09-21 15:30:00,2024-09-21 15:50:00,2024-09-21 15:46:00,1292.08,Card,8198.0
5045588926.0,67092149.0,60619.0,1.0,726.41,2023-07-04 16:03:56,2023-07-04 16:23:56,2023-07-04 16:24:56,2558.43,UPI,4315.0
1677502866.0,24644542.0,969851.0,1.0,340.66,2024-01-18 08:32:32,2024-01-18 08:46:32,2024-01-18 08:43:32,83.18,UPI,7141.0
4777610024.0,81808190.0,433521.0,3.0,321.33,2024-05-25 03:32:47,2024-05-25 03:47:47,2024-05-25 03:57:47,1801.32,Cash,6498.0
477350788.0,3638834.0,762527.0,2.0,690.08,2023-10-12 05:02:47,2023-10-12 05:18:47,2023-10-12 05:13:47,941.19,UPI,4511.0
4616699342.0,11446157.0,818990.0,2.0,163.55,2023-04-16 07:19:57,2023-04-16 07:39:57,2023-04-16 07:35:57,277.2,Card,6080.0
8849914077.0,32527479.0,154179.0,3.0,582.87,2024-01-30 00:01:27,2024-01-30 00:18:27,2024-01-30 00:17:27,3890.81,Wallet,7826.0
9183435457.0,25722990.0,107548.0,1.0,891.6,2024-10-21 23:54:41,2024-10-22 00:07:41,2024-10-22 00:03:41,2131.39,Card,1285.0
6922646336.0,92416428.0,799952.0,3.0,922.64,2023-06-23 23:49:44,2023-06-24 00:02:44,2023-06-24 00:05:44,3777.74,Cash,1172.0
3228806806.0,70543108.0,679865.0,2.0,347.91,2023-06-29 08:21:20,2023-06-29 08:31:20,2023-06-29 08:54:20,1475.75,Wallet,5166.0
4893095476.0,21409946.0,444361.0,2.0,822.63,2024-10-04 21:08:49,2024-10-04 21:24:49,2024-10-04 21:36:49,2376.4,Card,1079.0
7773468233.0,22210238.0,462526.0,2.0,449.97,2023-10-05 08:15:49,2023-10-05 08:28:49,2023-10-05 08:30:49,2685.53,Wallet,4796.0
5928657526.0,22076522.0,473929.0,2.0,440.19,2023-10-14 12:34:49,2023-10-14 12:48:49,2023-10-14 12:49:49,2020.58,Card,6758.0
4435936422.0,47206881.0,837480.0,2.0,217.4,2023-12-01 19:44:39,2023-12-01 19:59:39,2023-12-01 19:58:39,1250.93,Wallet,5011.0
6031122324.0,28603182.0,298985.0,1.0,183.76,2024-06-25 15:25:20,2024-06-25 15:38:20,2024-06-25 15:39:20,3472.94,UPI,5583.0
7286969496.0,75913572.0,366066.0,3.0,918.58,2023-06-21 15:49:03,2023-06-21 16:03:03,2023-06-21 16:00:03,2193.54,Card,5476.0
4665508413.0,77035814.0,433521.0,2.0,321.33,2023-11-02 01:31:14,2023-11-02 01:48:14,2023-11-02 01:48:14,2902.2,Cash,9749.0
9224598372.0,50015282.0,962054.0,1.0,16.86,2024-03-31 13:19:14,2024-03-31 13:32:14,2024-03-31 13:27:14,3973.73,UPI,6119.0
842020543.0,99231937.0,927651.0,1.0,426.72,2024-08-14 11:06:48,2024-08-14 11:17:48,2024-08-14 11:21:48,1387.32,UPI,9009.0
7237143327.0,96253172.0,820973.0,1.0,114.52,2023-06-09 20:54:07,2023-06-09 21:07:07,2023-06-09 21:07:07,1430.36,UPI,2030.0
5095141954.0,1469696.0,133542.0,1.0,68.49,2023-08-05 08:19:54,2023-08-05 08:37:54,2023-08-05 08:32:54,3229.91,Card,4053.0
6229535077.0,77869660.0,739534.0,2.0,994.56,2024-04-01 05:57:44,2024-04-01 06:07:44,2024-04-01 06:04:44,2219.96,Cash,2817.0
2984879441.0,16379942.0,557908.0,1.0,942.37,2024-04-22 07:45:06,2024-04-22 07:57:06,2024-04-22 08:01:06,736.92,Cash,7081.0
785895477.0,11389698.0,771228.0,2.0,83.18,2023-03-19 18:55:34,2023-03-19 19:10:34,2023-03-19 19:38:34,397.68,Wallet,7016.0
6220343481.0,79895967.0,525531.0,3.0,831.1,2023-06-02 23:01:29,2023-06-02 23:13:29,2023-06-02 23:17:29,3373.51,UPI,6972.0
5897343054.0,52815265.0,991434.0,1.0,237.62,2023-03-21 04:16:27,2023-03-21 04:28:27,2023-03-21 04:50:27,171.2,Card,2232.0
60465.0,15808945.0,361361.0,2.0,826.21,2024-10-23 05:23:29,2024-10-23 05:34:29,2024-10-23 05:39:29,589.47,UPI,3943.0
2245476104.0,8628482.0,327290.0,3.0,862.28,2023-06-01 09:19:59,2023-06-01 09:30:59,2023-06-01 09:33:59,3898.9,Wallet,9265.0
6347292505.0,83597876.0,658389.0,1.0,152.55,2024-06-24 19:43:14,2024-06-24 19:56:14,2024-06-24 20:02:14,951.43,Cash,7351.0
8321900643.0,1655637.0,611575.0,2.0,482.06,2023-10-31 21:33:55,2023-10-31 21:49:55,2023-10-31 21:51:55,3517.14,Card,2208.0
9639033064.0,20314691.0,949818.0,1.0,483.05,2024-08-15 21:12:38,2024-08-15 21:22:38,2024-08-15 21:18:38,3291.28,Card,7263.0
2748368258.0,92404798.0,478531.0,3.0,825.46,2023-08-03 23:54:52,2023-08-04 00:07:52,2023-08-04 00:02:52,870.29,Card,4838.0
1444371693.0,9274874.0,455083.0,3.0,959.01,2023-05-06 08:21:49,2023-05-06 08:37:49,2023-05-06 08:41:49,869.55,Card,4875.0
7111342746.0,35459748.0,914071.0,1.0,296.94,2024-10-19 15:38:16,2024-10-19 15:48:16,2024-10-19 15:50:16,2441.75,Card,8928.0
9457576236.0,80800079.0,52729.0,3.0,316.02,2023-11-29 18:09:10,2023-11-29 18:28:10,2023-11-29 18:34:10,826.21,UPI,4040.0
4167252733.0,70589930.0,991434.0,2.0,237.62,2023-11-27 16:52:53,2023-11-27 17:02:53,2023-11-27 17:01:53,878.07,Cash,3501.0
4304875010.0,89995124.0,425341.0,1.0,486.28,2024-01-27 05:15:05,2024-01-27 05:35:05,2024-01-27 05:30:05,1994.43,UPI,1214.0
4870910859.0,88532418.0,516376.0,3.0,877.43,2023-07-04 04:47:00,2023-07-04 05:05:00,2023-07-04 05:00:00,1609.67,Card,7224.0
3674118222.0,32868927.0,839170.0,2.0,481.63,2024-07-25 07:34:25,2024-07-25 07:48:25,2024-07-25 07:54:25,634.28,UPI,8436.0
38408517.0,39674723.0,378287.0,2.0,332.84,2023-11-26 08:38:03,2023-11-26 08:58:03,2023-11-26 09:20:03,88.43,Cash,5135.0
3081609596.0,7076456.0,712003.0,3.0,671.68,2023-04-09 04:16:53,2023-04-09 04:34:53,2023-04-09 04:34:53,3555.24,Card,9310.0
1390229631.0,67952740.0,654623.0,1.0,422.14,2023-08-07 07:39:06,2023-08-07 07:56:06,2023-08-07 08:06:06,959.01,UPI,8090.0
7498092418.0,50968312.0,799688.0,1.0,309.62,2023-10-12 11:56:11,2023-10-12 12:10:11,2023-10-12 12:17:11,918.36,Cash,2681.0
3334055527.0,79298972.0,784673.0,2.0,491.39,2023-04-18 12:19:04,2023-04-18 12:32:04,2023-04-18 12:36:04,1874.14,Cash,1180.0
8729426842.0,37904682.0,942001.0,2.0,671.55,2023-06-07 03:07:57,2023-06-07 03:21:57,2023-06-07 03:16:57,2010.82,Wallet,5045.0
1722808791.0,51014003.0,432617.0,1.0,863.18,2023-05-16 12:18:04,2023-05-16 12:35:04,2023-05-16 12:31:04,4509.16,Cash,8921.0
9775070757.0,55042740.0,264803.0,1.0,995.98,2024-03-15 06:50:36,2024-03-15 07:08:36,2024-03-15 07:15:36,1717.21,UPI,2715.0
4737779056.0,43980719.0,491521.0,3.0,556.35,2024-08-08 23:52:43,2024-08-09 00:06:43,2024-08-09 00:01:43,785.67,Wallet,2211.0
2047483376.0,11493380.0,51036.0,2.0,931.61,2023-10-15 15:42:58,2023-10-15 15:57:58,2023-10-15 15:59:58,4363.62,Card,272.0
4758632331.0,34853377.0,753354.0,2.0,423.56,2023-09-06 03:07:59,2023-09-06 03:20:59,2023-09-06 03:47:59,329.79,UPI,343.0
4741574337.0,40841791.0,851978.0,2.0,715.72,2024-02-09 01:49:09,2024-02-09 02:04:09,2024-02-09 02:08:09,3284.15,Cash,7533.0
5805120939.0,12277039.0,747801.0,1.0,277.76,2024-07-10 12:50:15,2024-07-10 13:06:15,2024-07-10 13:18:15,3209.77,Wallet,1933.0
7550508.0,93127511.0,140154.0,2.0,171.2,2023-10-20 10:54:27,2023-10-20 11:07:27,2023-10-20 11:06:27,1067.68,Card,70.0
1966056265.0,63802820.0,305754.0,1.0,979.99,2024-08-11 04:52:11,2024-08-11 05:12:11,2024-08-11 05:17:11,3447.86,Card,3255.0
6363072906.0,29095552.0,26060.0,2.0,342.94,2024-07-08 15:33:40,2024-07-08 15:43:40,2024-07-08 15:40:40,1191.83,Card,8282.0
7389054351.0,25585013.0,563740.0,3.0,96.33,2023-12-22 06:50:03,2023-12-22 07:01:03,2023-12-22 07:00:03,3840.78,Cash,8356.0
7146572423.0,80954112.0,557908.0,2.0,942.37,2023-06-01 18:32:03,2023-06-01 18:47:03,2023-06-01 18:50:03,3748.84,UPI,9720.0
4590810848.0,20298398.0,516376.0,3.0,877.43,2023-05-24 12:11:07,2023-05-24 12:22:07,2023-05-24 12:20:07,2867.36,Cash,9423.0
9226364404.0,29858395.0,876139.0,3.0,415.75,2023-11-22 23:38:13,2023-11-22 23:56:13,2023-11-23 00:26:13,2455.82,Wallet,3041.0
6687792641.0,93924203.0,914071.0,2.0,296.94,2024-05-20 06:53:38,2024-05-20 07:10:38,2024-05-20 07:11:38,1545.05,Wallet,6901.0
5183577434.0,2134827.0,376447.0,1.0,724.84,2024-01-03 19:52:56,2024-01-03 20:12:56,2024-01-03 20:17:56,805.28,Card,2731.0
7440785414.0,72132838.0,397973.0,1.0,728.73,2023-11-01 08:29:02,2023-11-01 08:43:02,2023-11-01 08:40:02,4073.91,UPI,7406.0
7932057095.0,73363613.0,26060.0,2.0,342.94,2023-09-20 03:04:19,2023-09-20 03:22:19,2023-09-20 03:18:19,1009.42,UPI,9586.0
6126906924.0,33675108.0,602241.0,1.0,976.55,2023-12-01 22:19:22,2023-12-01 22:36:22,2023-12-01 22:37:22,505.31,Card,7608.0
8997788831.0,72495274.0,146840.0,2.0,786.85,2023-03-23 23:23:53,2023-03-23 23:42:53,2023-03-23 23:38:53,2656.18,Card,892.0
3480516243.0,23567263.0,34186.0,3.0,925.65,2024-08-05 23:53:45,2024-08-06 00:07:45,2024-08-06 00:12:45,2854.52,UPI,7052.0
1234692850.0,76971644.0,354409.0,3.0,325.08,2024-03-19 05:50:32,2024-03-19 06:09:32,2024-03-19 06:05:32,310.69,UPI,8707.0
4954911880.0,82359623.0,136533.0,2.0,826.21,2023-04-09 03:59:19,2023-04-09 04:14:19,2023-04-09 04:19:19,2079.76,Wallet,7624.0
504060154.0,55060796.0,839170.0,2.0,481.63,2023-07-18 20:40:32,2023-07-18 20:59:32,2023-07-18 21:15:32,1828.77,Card,5771.0
8723752267.0,13494314.0,137909.0,2.0,864.3,2024-07-09 03:05:36,2024-07-09 03:22:36,2024-07-09 03:24:36,3290.63,Card,5975.0
5724116944.0,93938425.0,366066.0,1.0,918.58,2024-06-20 20:28:08,2024-06-20 20:40:08,2024-06-20 20:50:08,3853.5,Cash,8923.0
8161349145.0,19080489.0,144124.0,3.0,162.67,2024-03-12 10:56:36,2024-03-12 11:15:36,2024-03-12 11:22:36,3929.07,Cash,4594.0
2985254380.0,73377004.0,449106.0,2.0,48.55,2023-11-04 05:17:43,2023-11-04 05:27:43,2023-11-04 05:27:43,2389.3,Cash,9198.0
9837170359.0,42723554.0,739534.0,3.0,994.56,2023-04-12 08:37:24,2023-04-12 08:54:24,2023-04-12 08:55:24,1785.4,Card,9111.0
3915323515.0,32987624.0,681063.0,3.0,321.28,2024-09-11 00:36:04,2024-09-11 00:52:04,2024-09-11 00:50:04,3105.35,Card,5303.0
8829163586.0,11387110.0,615545.0,3.0,448.16,2024-01-16 06:39:05,2024-01-16 06:59:05,2024-01-16 06:58:05,2922.5,Card,1301.0
961526405.0,63083547.0,516376.0,1.0,877.43,2024-10-10 13:33:00,2024-10-10 13:46:00,2024-10-10 13:51:00,1022.7,Cash,6651.0
5792721465.0,49617892.0,615545.0,3.0,448.16,2024-10-18 04:31:16,2024-10-18 04:47:16,2024-10-18 04:49:16,4645.02,Card,7236.0
8094117960.0,95018817.0,317242.0,2.0,198.15,2023-04-04 10:06:06,2023-04-04 10:19:06,2023-04-04 10:31:06,1473.88,Cash,7897.0
9318325652.0,89986926.0,606256.0,2.0,369.28,2024-04-12 11:16:31,2024-04-12 11:28:31,2024-04-12 11:29:31,1967.45,UPI,155.0
852676412.0,65570302.0,679284.0,1.0,877.89,2024-08-11 14:07:16,2024-08-11 14:22:16,2024-08-11 14:29:16,3996.42,Wallet,6068.0
6487883093.0,37309023.0,990993.0,2.0,263.7,2024-10-19 01:28:09,2024-10-19 01:42:09,2024-10-19 01:44:09,423.56,Card,8843.0
5398965602.0,99412119.0,661577.0,3.0,720.95,2024-06-09 05:12:42,2024-06-09 05:31:42,2024-06-09 05:44:42,2721.96,Card,5367.0
6149664144.0,52678787.0,681063.0,2.0,321.28,2024-10-21 02:14:42,2024-10-21 02:25:42,2024-10-21 02:43:42,3045.23,Card,2595.0
6231586256.0,12755730.0,329351.0,2.0,310.87,2023-05-03 23:11:50,2023-05-03 23:28:50,2023-05-03 23:27:50,1467.19,UPI,6970.0
4598622116.0,85518832.0,462526.0,1.0,449.97,2024-03-19 06:18:28,2024-03-19 06:28:28,2024-03-19 06:48:28,2982.31,Cash,2501.0
8971796779.0,21786873.0,952168.0,3.0,236.95,2024-07-03 07:25:02,2024-07-03 07:37:02,2024-07-03 07:37:02,1673.85,Wallet,6345.0
2148246883.0,93563435.0,131136.0,3.0,37.8,2023-09-21 08:05:46,2023-09-21 08:22:46,2023-09-21 08:23:46,2742.01,Card,2098.0
4357632507.0,6150721.0,298985.0,3.0,183.76,2024-09-13 02:31:41,2024-09-13 02:49:41,2024-09-13 02:47:41,923.84,Cash,886.0
3323576462.0,20163931.0,114414.0,1.0,832.06,2023-12-10 23:24:46,2023-12-10 23:34:46,2023-12-10 23:31:46,2160.52,UPI,2647.0
4220834107.0,74682740.0,876139.0,3.0,415.75,2023-09-29 21:58:34,2023-09-29 22:17:34,2023-09-29 22:19:34,422.14,UPI,3816.0
4409513224.0,12814732.0,721521.0,3.0,417.39,2024-10-26 17:06:24,2024-10-26 17:24:24,2024-10-26 17:39:24,947.24,Card,2470.0
5610159677.0,90184276.0,760684.0,3.0,71.6,2023-08-31 12:25:40,2023-08-31 12:41:40,2023-08-31 12:39:40,1883.53,Wallet,1911.0
6259219127.0,21577948.0,714999.0,1.0,882.51,2023-05-12 21:31:44,2023-05-12 21:47:44,2023-05-12 21:52:44,2162.88,Card,1861.0
5628497118.0,50229203.0,51036.0,1.0,931.61,2024-10-24 08:05:56,2024-10-24 08:19:56,2024-10-24 08:34:56,2543.92,Card,7916.0
1508576390.0,81541985.0,602241.0,2.0,976.55,2023-07-27 08:37:51,2023-07-27 08:49:51,2023-07-27 09:13:51,1407.4,UPI,2534.0
5922953060.0,96628029.0,34186.0,1.0,925.65,2024-09-13 18:08:03,2024-09-13 18:23:03,2024-09-13 18:25:03,1867.74,Card,6461.0
5130838561.0,10524732.0,771228.0,1.0,83.18,2023-07-26 19:47:28,2023-07-26 20:06:28,2023-07-26 20:08:28,319.8,Wallet,5623.0
3217749279.0,40643232.0,327290.0,3.0,862.28,2023-09-29 04:16:36,2023-09-29 04:36:36,2023-09-29 04:31:36,995.64,Cash,1852.0
9279422297.0,15043066.0,954722.0,3.0,616.45,2023-04-07 10:39:15,2023-04-07 10:55:15,2023-04-07 10:54:15,2129.39,Card,2698.0
222955546.0,51661209.0,566052.0,1.0,87.3,2023-09-27 18:47:23,2023-09-27 19:02:23,2023-09-27 19:24:23,123.3,Wallet,6514.0
8290493339.0,69340015.0,602241.0,3.0,976.55,2024-01-29 17:37:49,2024-01-29 17:50:49,2024-01-29 17:49:49,316.02,Card,4728.0
6418952352.0,34381941.0,667163.0,3.0,441.2,2023-08-31 15:44:34,2023-08-31 16:04:34,2023-08-31 16:02:34,2310.95,Card,736.0
8978231928.0,73799927.0,243235.0,3.0,109.03,2024-10-30 16:12:20,2024-10-30 16:31:20,2024-10-30 16:39:20,1938.5,Wallet,1396.0
3746306403.0,47625855.0,890623.0,1.0,354.52,2023-07-03 01:48:54,2023-07-03 01:59:54,2023-07-03 02:02:54,2987.17,Wallet,7362.0
3157198428.0,61753272.0,927651.0,1.0,426.72,2024-10-30 05:05:11,2024-10-30 05:15:11,2024-10-30 05:11:11,635.77,Cash,8431.0
981939883.0,51119088.0,461804.0,1.0,310.69,2023-05-03 16:43:24,2023-05-03 16:58:24,2023-05-03 17:08:24,3449.49,Cash,9433.0
6569836274.0,5228136.0,913428.0,2.0,392.22,2024-06-24 17:12:34,2024-06-24 17:30:34,2024-06-24 17:41:34,939.55,Cash,357.0
5695124358.0,90144978.0,317242.0,3.0,198.15,2024-05-16 05:05:56,2024-05-16 05:22:56,2024-05-16 05:18:56,1927.44,Cash,1708.0
773335066.0,26935187.0,833557.0,1.0,422.87,2023-07-24 21:59:43,2023-07-24 22:14:43,2023-07-24 22:13:43,2980.84,Card,8054.0
3618712852.0,27049432.0,970529.0,3.0,827.44,2023-10-14 05:20:24,2023-10-14 05:33:24,2023-10-14 05:34:24,3254.15,Wallet,9081.0
6009732867.0,6982488.0,94225.0,1.0,77.11,2024-08-02 07:29:36,2024-08-02 07:39:36,2024-08-02 07:34:36,2793.26,Cash,5502.0
7269785858.0,47939657.0,274207.0,1.0,328.51,2024-08-04 03:58:54,2024-08-04 04:17:54,2024-08-04 04:17:54,2799.31,Cash,1264.0
5798831066.0,42102289.0,33955.0,2.0,186.08,2024-04-16 21:48:06,2024-04-16 21:58:06,2024-04-16 21:54:06,1395.01,UPI,9700.0
5330654120.0,90299101.0,969851.0,1.0,340.66,2024-11-03 03:47:18,2024-11-03 04:06:18,2024-11-03 04:01:18,2238.94,Wallet,1479.0
462189338.0,34755436.0,839170.0,1.0,481.63,2023-09-04 03:35:49,2023-09-04 03:51:49,2023-09-04 03:46:49,3958.23,Card,4391.0
7536187765.0,19091057.0,927651.0,2.0,426.72,2024-04-15 19:33:23,2024-04-15 19:50:23,2024-04-15 19:47:23,4205.85,Cash,3177.0
9938820107.0,27304727.0,51036.0,3.0,931.61,2023-11-07 10:46:13,2023-11-07 11:02:13,2023-11-07 11:00:13,3090.23,Cash,4521.0
9410751894.0,44859592.0,652118.0,1.0,22.04,2024-07-25 06:19:25,2024-07-25 06:30:25,2024-07-25 06:28:25,755.91,Cash,8533.0
9172888683.0,71956734.0,14145.0,3.0,630.84,2024-06-18 01:08:02,2024-06-18 01:21:02,2024-06-18 01:23:02,308.31,UPI,787.0
8018695018.0,68419593.0,124290.0,3.0,39.65,2023-05-04 00:11:26,2023-05-04 00:29:26,2023-05-04 00:39:26,651.93,UPI,811.0
7456610316.0,74231111.0,901144.0,2.0,340.36,2024-07-03 05:52:52,2024-07-03 06:06:52,2024-07-03 06:09:52,4217.75,Wallet,9051.0
5627902734.0,69415494.0,927651.0,3.0,426.72,2023-03-16 19:11:26,2023-03-16 19:25:26,2023-03-16 19:26:26,3265.08,UPI,1809.0
5189768940.0,50045027.0,327290.0,2.0,862.28,2023-10-05 08:20:29,2023-10-05 08:33:29,2023-10-05 08:34:29,530.85,Cash,2998.0
173709007.0,43034188.0,306177.0,3.0,769.24,2023-10-09 03:17:24,2023-10-09 03:27:24,2023-10-09 03:48:24,2685.03,UPI,3627.0
1485229334.0,17132416.0,667163.0,1.0,441.2,2023-07-19 05:19:43,2023-07-19 05:36:43,2023-07-19 05:32:43,2966.09,Card,2234.0
9334479603.0,49147776.0,34200.0,2.0,319.8,2023-04-16 20:15:21,2023-04-16 20:27:21,2023-04-16 20:27:21,2248.31,Card,624.0
8674211510.0,10562528.0,654297.0,1.0,13.25,2023-09-01 10:58:12,2023-09-01 11:16:12,2023-09-01 11:18:12,1028.49,Wallet,2569.0
390257855.0,5228136.0,937542.0,1.0,97.04,2023-04-22 18:15:18,2023-04-22 18:34:18,2023-04-22 18:38:18,2763.17,UPI,6446.0
6642374542.0,32019725.0,462526.0,2.0,449.97,2024-08-30 20:29:58,2024-08-30 20:44:58,2024-08-30 20:44:58,4537.51,Cash,3744.0
6585999443.0,93730857.0,444361.0,1.0,822.63,2023-06-10 06:26:25,2023-06-10 06:39:25,2023-06-10 06:39:25,354.52,UPI,8058.0
622705569.0,93723634.0,337168.0,2.0,545.49,2024-07-07 09:20:21,2024-07-07 09:33:21,2024-07-07 09:31:21,990.34,Card,7060.0
1635083835.0,79135318.0,681063.0,2.0,321.28,2023-09-27 08:43:18,2023-09-27 09:01:18,2023-09-27 09:16:18,2104.24,Card,8601.0
7359512417.0,96511007.0,606256.0,3.0,369.28,2024-08-30 06:37:00,2024-08-30 06:49:00,2024-08-30 07:03:00,1010.15,Card,8982.0
9237698013.0,79895967.0,382511.0,3.0,702.54,2024-08-15 20:42:56,2024-08-15 20:55:56,2024-08-15 20:54:56,2101.0,UPI,901.0
3492935177.0,3660263.0,757274.0,1.0,98.32,2024-03-24 00:55:20,2024-03-24 01:11:20,2024-03-24 01:13:20,899.58,Wallet,5029.0
4324086468.0,68486301.0,734789.0,1.0,395.82,2024-02-25 04:33:09,2024-02-25 04:43:09,2024-02-25 04:47:09,3675.75,Card,9966.0
9171218505.0,89968482.0,378230.0,1.0,166.42,2024-05-31 15:09:35,2024-05-31 15:19:35,2024-05-31 15:42:35,4727.19,Cash,3856.0
5068157547.0,46741896.0,186168.0,3.0,878.8,2023-10-10 13:05:06,2023-10-10 13:23:06,2023-10-10 13:20:06,3073.17,UPI,6731.0
8558710948.0,70459847.0,880510.0,1.0,951.43,2024-06-21 18:44:51,2024-06-21 18:57:51,2024-06-21 19:01:51,3199.48,Wallet,8970.0
3184669775.0,71643758.0,34200.0,3.0,319.8,2024-05-13 02:47:12,2024-05-13 02:58:12,2024-05-13 03:26:12,4406.88,Cash,2888.0
7079324691.0,38902193.0,398340.0,3.0,651.93,2023-04-04 09:05:35,2023-04-04 09:25:35,2023-04-04 09:23:35,1955.04,UPI,7275.0
4210311922.0,56195475.0,120532.0,2.0,697.53,2023-05-17 20:54:34,2023-05-17 21:10:34,2023-05-17 21:12:34,340.36,UPI,1290.0
7660037070.0,82585664.0,784673.0,3.0,491.39,2024-02-16 20:58:57,2024-02-16 21:08:57,2024-02-16 21:04:57,2558.05,Wallet,9854.0
9410025634.0,59643062.0,9436.0,3.0,88.43,2024-01-28 03:08:47,2024-01-28 03:23:47,2024-01-28 03:26:47,3566.13,Card,9721.0
6798589010.0,18035010.0,11422.0,1.0,127.16,2023-09-27 15:18:51,2023-09-27 15:29:51,2023-09-27 15:38:51,935.2,UPI,7780.0
5401466202.0,12305040.0,478531.0,3.0,825.46,2024-09-26 19:49:44,2024-09-26 20:01:44,2024-09-26 20:14:44,4220.5,Card,916.0
9102648124.0,81533356.0,859361.0,3.0,432.39,2024-01-06 15:27:13,2024-01-06 15:39:13,2024-01-06 15:49:13,2393.42,UPI,3462.0
1969956670.0,32203588.0,848226.0,1.0,209.59,2024-10-24 01:26:23,2024-10-24 01:46:23,2024-10-24 01:54:23,730.66,Wallet,4929.0
1194228460.0,61516967.0,140489.0,3.0,650.2,2024-03-11 16:11:01,2024-03-11 16:26:01,2024-03-11 16:25:01,4057.11,Card,4890.0
9628463148.0,12814732.0,566052.0,3.0,87.3,2024-08-25 16:54:55,2024-08-25 17:14:55,2024-08-25 17:19:55,4238.73,UPI,8746.0
7745364283.0,25585013.0,654623.0,1.0,422.14,2023-06-18 18:50:01,2023-06-18 19:08:01,2023-06-18 19:11:01,722.02,Wallet,7277.0
9892343037.0,55472026.0,131748.0,3.0,81.35,2024-07-31 02:40:27,2024-07-31 02:54:27,2024-07-31 03:13:27,879.67,Cash,498.0
1588828749.0,11540364.0,53833.0,3.0,134.69,2023-11-17 13:40:42,2023-11-17 13:53:42,2023-11-17 13:56:42,3402.86,UPI,3483.0
4037647778.0,63802820.0,144124.0,2.0,162.67,2023-03-17 05:37:10,2023-03-17 05:49:10,2023-03-17 05:48:10,1697.37,Wallet,4943.0
6664301655.0,57474553.0,367391.0,1.0,939.55,2023-07-31 01:34:44,2023-07-31 01:50:44,2023-07-31 01:48:44,4469.96,Wallet,4944.0
7096225581.0,6319646.0,6405.0,1.0,236.51,2024-06-27 13:54:51,2024-06-27 14:05:51,2024-06-27 14:10:51,2458.6,Wallet,7008.0
79029185.0,39645619.0,820973.0,3.0,114.52,2024-06-06 13:46:34,2024-06-06 14:05:34,2024-06-06 14:20:34,1039.32,Cash,5208.0
7831967187.0,81528623.0,993331.0,3.0,102.44,2023-06-06 00:47:41,2023-06-06 01:01:41,2023-06-06 01:01:41,923.84,Card,1288.0
482214790.0,31156674.0,51036.0,3.0,931.61,2023-04-10 05:37:48,2023-04-10 05:48:48,2023-04-10 05:52:48,631.7,Wallet,7028.0
5931307224.0,2361575.0,891833.0,1.0,493.19,2023-11-27 08:46:41,2023-11-27 08:58:41,2023-11-27 09:22:41,4401.93,Cash,7790.0
6410432854.0,28995786.0,894539.0,3.0,445.48,2023-11-23 13:40:14,2023-11-23 13:53:14,2023-11-23 13:59:14,831.1,Wallet,1051.0
6124624375.0,26844216.0,644847.0,2.0,622.81,2024-09-12 04:06:44,2024-09-12 04:26:44,2024-09-12 04:32:44,2750.43,Wallet,2393.0
8992870838.0,46504355.0,757274.0,2.0,98.32,2023-09-17 06:19:15,2023-09-17 06:36:15,2023-09-17 06:31:15,2952.73,Cash,3644.0
8377146126.0,33331259.0,291238.0,3.0,746.03,2024-02-27 17:32:31,2024-02-27 17:51:31,2024-02-27 17:47:31,3171.87,Wallet,3287.0
7852428533.0,9246851.0,602241.0,3.0,976.55,2023-06-05 06:19:09,2023-06-05 06:31:09,2023-06-05 06:37:09,895.48,Wallet,4845.0
9258876870.0,26303194.0,131748.0,1.0,81.35,2024-03-14 16:02:39,2024-03-14 16:16:39,2024-03-14 16:13:39,1155.09,Wallet,3914.0
6810940082.0,84953008.0,606256.0,3.0,369.28,2023-11-02 14:40:54,2023-11-02 14:52:54,2023-11-02 14:55:54,1995.03,Cash,3807.0
3330538479.0,98246574.0,771228.0,2.0,83.18,2024-01-23 16:21:51,2024-01-23 16:31:51,2024-01-23 16:30:51,2408.31,Card,8911.0
7270469981.0,22210238.0,131748.0,1.0,81.35,2023-07-28 03:37:24,2023-07-28 03:50:24,2023-07-28 03:47:24,4419.3,UPI,5723.0
5636241570.0,94281220.0,306177.0,1.0,769.24,2024-06-21 20:13:31,2024-06-21 20:24:31,2024-06-21 20:28:31,482.06,UPI,6451.0
4467471002.0,74179536.0,51036.0,1.0,931.61,2023-11-27 13:08:59,2023-11-27 13:28:59,2023-11-27 13:44:59,1496.97,Wallet,2206.0
6201821502.0,45166203.0,555121.0,3.0,354.91,2024-05-03 13:04:47,2024-05-03 13:23:47,2024-05-03 13:30:47,1548.37,UPI,5847.0
6144140039.0,66233704.0,324809.0,1.0,608.0,2024-03-22 18:58:48,2024-03-22 19:18:48,2024-03-22 19:13:48,223.27,Cash,4633.0
3310749597.0,95372766.0,611575.0,3.0,482.06,2023-07-05 04:10:43,2023-07-05 04:30:43,2023-07-05 04:40:43,1718.88,Cash,8028.0
5085488484.0,67215939.0,56589.0,1.0,517.77,2023-12-09 11:46:45,2023-12-09 11:56:45,2023-12-09 11:53:45,3736.39,Cash,9241.0
587498345.0,69863493.0,970529.0,2.0,827.44,2024-06-28 03:45:22,2024-06-28 04:04:22,2024-06-28 04:18:22,3056.03,Cash,4586.0
5136205193.0,82804543.0,473929.0,1.0,440.19,2023-08-22 07:04:34,2023-08-22 07:18:34,2023-08-22 07:17:34,1273.97,Card,9587.0
9321319130.0,48943848.0,807452.0,1.0,144.19,2023-12-31 11:47:11,2023-12-31 12:01:11,2023-12-31 12:00:11,1466.04,Card,7781.0
9113393578.0,82359623.0,832348.0,1.0,831.43,2023-12-09 00:01:07,2023-12-09 00:15:07,2023-12-09 00:16:07,1634.71,Cash,6880.0
3860678807.0,65488134.0,378287.0,3.0,332.84,2023-04-19 14:13:34,2023-04-19 14:27:34,2023-04-19 14:37:34,1834.92,Card,9444.0
3603683788.0,31026200.0,478531.0,1.0,825.46,2023-08-18 09:47:35,2023-08-18 09:57:35,2023-08-18 09:52:35,3085.77,UPI,2472.0
4472082279.0,41181125.0,753354.0,2.0,423.56,2023-10-15 04:30:26,2023-10-15 04:42:26,2023-10-15 04:41:26,3887.92,UPI,1425.0
4104732514.0,35156679.0,927651.0,1.0,426.72,2024-06-13 19:44:54,2024-06-13 20:04:54,2024-06-13 20:04:54,1358.46,Cash,4237.0
9050314096.0,75510747.0,196719.0,2.0,217.5,2023-05-26 07:15:43,2023-05-26 07:34:43,2023-05-26 07:31:43,883.44,Wallet,9917.0
9296105870.0,77614510.0,692985.0,2.0,197.39,2024-02-21 17:03:42,2024-02-21 17:20:42,2024-02-21 17:22:42,697.26,Wallet,6696.0
4678456188.0,21701991.0,306177.0,3.0,769.24,2023-12-12 12:42:19,2023-12-12 12:58:19,2023-12-12 13:26:19,3601.48,Card,1864.0
812386333.0,72605638.0,567671.0,2.0,418.48,2024-09-18 10:20:36,2024-09-18 10:33:36,2024-09-18 10:29:36,1207.74,UPI,4529.0
8100314462.0,15345667.0,760828.0,1.0,563.45,2024-02-10 14:36:00,2024-02-10 14:55:00,2024-02-10 15:20:00,3322.54,Card,3141.0
781509952.0,41878908.0,131748.0,2.0,81.35,2023-04-02 18:57:48,2023-04-02 19:14:48,2023-04-02 19:12:48,3133.36,Card,8020.0
1918416669.0,99695529.0,77308.0,1.0,223.27,2023-05-08 22:55:16,2023-05-08 23:14:16,2023-05-08 23:19:16,4309.86,UPI,8311.0
1152165724.0,90448312.0,687218.0,3.0,317.82,2024-01-04 10:15:15,2024-01-04 10:35:15,2024-01-04 11:00:15,1243.42,Wallet,9365.0
9664390656.0,16420489.0,968887.0,1.0,40.7,2023-08-09 09:21:19,2023-08-09 09:37:19,2023-08-09 09:39:19,3445.68,UPI,1181.0
2686950796.0,22081691.0,961614.0,2.0,227.22,2023-05-15 08:13:32,2023-05-15 08:30:32,2023-05-15 08:49:32,3339.57,Cash,59.0
7332801173.0,89472859.0,118820.0,1.0,12.32,2023-06-12 14:45:29,2023-06-12 15:01:29,2023-06-12 15:02:29,2144.77,Cash,4575.0
3503438244.0,24745800.0,123983.0,2.0,785.67,2024-02-14 01:04:54,2024-02-14 01:15:54,2024-02-14 01:13:54,3086.21,Wallet,7133.0
4044591373.0,65782437.0,578097.0,3.0,267.61,2024-04-19 14:16:19,2024-04-19 14:33:19,2024-04-19 14:38:19,1042.86,Cash,7305.0
7817195618.0,40703374.0,945635.0,3.0,778.9,2023-05-16 23:58:22,2023-05-17 00:09:22,2023-05-17 00:11:22,2901.47,Card,7138.0
8974710941.0,96109948.0,962591.0,1.0,130.01,2024-09-03 04:46:02,2024-09-03 04:58:02,2024-09-03 05:13:02,1827.41,Card,9285.0
2811268404.0,98691989.0,433521.0,2.0,321.33,2023-07-21 16:42:28,2023-07-21 16:57:28,2023-07-21 17:27:28,2599.65,UPI,6744.0
7251548462.0,8955057.0,114414.0,3.0,832.06,2024-07-07 17:24:52,2024-07-07 17:43:52,2024-07-07 17:46:52,1796.47,UPI,2421.0
352037003.0,47955004.0,992178.0,3.0,632.43,2024-01-28 03:46:56,2024-01-28 04:04:56,2024-01-28 04:00:56,2839.76,Card,2840.0
8510312737.0,89361574.0,313754.0,1.0,136.6,2024-03-06 14:58:39,2024-03-06 15:13:39,2024-03-06 15:09:39,2119.66,Wallet,8121.0
3242700095.0,84468124.0,490939.0,1.0,80.25,2024-10-14 01:14:18,2024-10-14 01:26:18,2024-10-14 01:21:18,1838.81,Cash,1242.0
5833898647.0,18256339.0,851978.0,2.0,715.72,2023-10-09 08:46:04,2023-10-09 08:59:04,2023-10-09 09:04:04,4095.44,Wallet,4349.0
7212771842.0,80315623.0,60619.0,3.0,726.41,2023-04-29 21:57:29,2023-04-29 22:13:29,2023-04-29 22:09:29,4306.01,Cash,977.0
7799757050.0,19556566.0,91670.0,1.0,439.24,2024-05-31 20:17:20,2024-05-31 20:33:20,2024-05-31 20:33:20,3377.8,Cash,3275.0
9593303695.0,22054087.0,951463.0,2.0,787.4,2023-07-05 11:15:43,2023-07-05 11:26:43,2023-07-05 11:34:43,1291.17,Cash,7693.0
7709693536.0,59353207.0,89084.0,2.0,598.83,2023-09-05 19:40:37,2023-09-05 19:56:37,2023-09-05 20:04:37,1440.87,Card,5168.0
5092922964.0,92123198.0,114414.0,3.0,832.06,2023-11-22 14:16:24,2023-11-22 14:26:24,2023-11-22 14:21:24,2986.95,UPI,6730.0
8318806722.0,67696145.0,196719.0,2.0,217.5,2024-07-25 12:29:19,2024-07-25 12:41:19,2024-07-25 13:08:19,4507.49,UPI,9356.0
4352870279.0,60620291.0,153019.0,2.0,947.95,2024-07-23 14:04:34,2024-07-23 14:18:34,2024-07-23 14:47:34,2821.85,UPI,3700.0
6722040962.0,83412446.0,945635.0,1.0,778.9,2023-11-14 02:28:33,2023-11-14 02:40:33,2023-11-14 02:38:33,2739.45,Card,4165.0
1690831615.0,20625627.0,566052.0,2.0,87.3,2023-05-25 17:46:52,2023-05-25 18:04:52,2023-05-25 17:59:52,1465.71,Cash,4786.0
6475689021.0,16341776.0,397973.0,1.0,728.73,2023-05-20 20:52:25,2023-05-20 21:10:25,2023-05-20 21:13:25,1036.38,Cash,6086.0
8361280131.0,28280172.0,954722.0,2.0,616.45,2024-09-21 00:07:16,2024-09-21 00:21:16,2024-09-21 00:32:16,2583.14,Wallet,4486.0
2664549359.0,90586443.0,440875.0,1.0,275.03,2024-06-17 09:06:43,2024-06-17 09:19:43,2024-06-17 09:25:43,644.8,Wallet,7423.0
9510912773.0,9274874.0,555121.0,1.0,354.91,2023-05-07 10:04:14,2023-05-07 10:15:14,2023-05-07 10:15:14,310.69,UPI,8608.0
3654462337.0,35826539.0,659290.0,2.0,319.34,2023-09-23 03:12:41,2023-09-23 03:27:41,2023-09-23 03:36:41,3741.32,Card,4221.0
2308652017.0,54877984.0,566052.0,3.0,87.3,2023-08-08 15:02:32,2023-08-08 15:21:32,2023-08-08 15:24:32,2378.27,Card,6245.0
8300200841.0,58214883.0,587420.0,2.0,357.42,2024-03-15 15:34:39,2024-03-15 15:50:39,2024-03-15 15:46:39,1243.72,Card,1335.0
5027243163.0,85072416.0,540618.0,3.0,317.05,2024-03-19 12:55:48,2024-03-19 13:11:48,2024-03-19 13:16:48,2522.68,Card,9495.0
713290065.0,42227189.0,799459.0,3.0,852.02,2023-11-05 11:13:41,2023-11-05 11:24:41,2023-11-05 11:28:41,3218.36,UPI,3612.0
2006434350.0,20956158.0,136533.0,1.0,826.21,2023-06-24 15:43:32,2023-06-24 15:53:32,2023-06-24 15:58:32,988.35,Wallet,6914.0
6587221270.0,20496835.0,120385.0,1.0,597.91,2023-12-23 00:58:59,2023-12-23 01:18:59,2023-12-23 01:21:59,1596.47,Wallet,4061.0
969705468.0,25447967.0,256051.0,3.0,400.92,2024-01-06 20:16:18,2024-01-06 20:31:18,2024-01-06 20:34:18,1772.45,UPI,4493.0
4492000627.0,63262519.0,798639.0,1.0,211.25,2023-05-30 10:49:32,2023-05-30 11:03:32,2023-05-30 10:59:32,962.81,UPI,798.0
977290328.0,14428954.0,942001.0,2.0,671.55,2023-12-14 10:22:15,2023-12-14 10:41:15,2023-12-14 11:06:15,4122.35,Cash,5087.0
8735245723.0,33331259.0,672059.0,3.0,672.73,2023-07-04 15:53:03,2023-07-04 16:05:03,2023-07-04 16:00:03,114.52,Wallet,2539.0
6299539090.0,80796977.0,784673.0,3.0,491.39,2024-08-30 00:55:24,2024-08-30 01:13:24,2024-08-30 01:14:24,3665.54,Cash,9493.0
2177211652.0,15808945.0,784827.0,1.0,274.25,2023-06-29 22:32:02,2023-06-29 22:44:02,2023-06-29 23:08:02,160.07,UPI,4254.0
8972569491.0,72366758.0,51036.0,3.0,931.61,2023-11-26 12:35:15,2023-11-26 12:53:15,2023-11-26 13:23:15,1678.35,Cash,2493.0
7658414712.0,54216497.0,349294.0,3.0,934.75,2023-09-14 17:57:43,2023-09-14 18:08:43,2023-09-14 18:05:43,2373.52,Wallet,7059.0
2069355540.0,98540377.0,183929.0,1.0,738.74,2024-07-27 16:24:39,2024-07-27 16:38:39,2024-07-27 16:40:39,1677.93,Cash,5647.0
4084790776.0,75674671.0,812607.0,3.0,416.65,2024-09-09 14:15:37,2024-09-09 14:25:37,2024-09-09 14:30:37,2732.87,UPI,5993.0
8716008121.0,38613642.0,658389.0,3.0,152.55,2023-12-21 13:58:26,2023-12-21 14:14:26,2023-12-21 14:09:26,4747.65,Card,8525.0
9781965606.0,8164639.0,784827.0,2.0,274.25,2023-07-12 16:39:41,2023-07-12 16:56:41,2023-07-12 16:54:41,1216.28,Cash,2586.0
8380133046.0,40392019.0,681063.0,3.0,321.28,2024-02-05 17:25:35,2024-02-05 17:45:35,2024-02-05 17:47:35,1587.58,UPI,6748.0
691827543.0,6637282.0,621677.0,1.0,317.8,2023-04-15 13:23:53,2023-04-15 13:33:53,2023-04-15 13:31:53,889.75,UPI,8884.0
5750245858.0,41146001.0,217710.0,3.0,58.59,2023-04-07 00:49:00,2023-04-07 01:01:00,2023-04-07 01:11:00,1009.47,Cash,8260.0
1578150657.0,32054313.0,382511.0,2.0,702.54,2024-10-16 06:10:47,2024-10-16 06:25:47,2024-10-16 06:41:47,2462.7,Wallet,1680.0
9069556587.0,41811800.0,747801.0,1.0,277.76,2024-02-29 11:58:29,2024-02-29 12:16:29,2024-02-29 12:31:29,854.66,Card,931.0
8396347551.0,36737539.0,913428.0,1.0,392.22,2023-09-30 19:12:44,2023-09-30 19:26:44,2023-09-30 19:23:44,3956.37,Cash,1806.0
6083487488.0,11143197.0,820973.0,3.0,114.52,2024-03-11 03:23:00,2024-03-11 03:39:00,2024-03-11 03:46:00,2226.74,Cash,1224.0
3191281184.0,67538982.0,853932.0,3.0,941.19,2023-07-01 16:09:53,2023-07-01 16:27:53,2023-07-01 16:26:53,1663.96,Card,8818.0
6397409024.0,12059049.0,762527.0,2.0,690.08,2024-01-03 08:18:04,2024-01-03 08:35:04,2024-01-03 08:48:04,3874.95,Cash,8981.0
9021529086.0,12272282.0,107548.0,3.0,891.6,2024-03-16 18:58:55,2024-03-16 19:10:55,2024-03-16 19:09:55,2280.99,Card,6322.0
8214544415.0,56780331.0,537274.0,3.0,702.71,2023-12-28 17:28:42,2023-12-28 17:48:42,2023-12-28 17:48:42,3542.65,Card,6712.0
8569302709.0,7378768.0,131937.0,3.0,287.81,2023-10-07 19:29:11,2023-10-07 19:42:11,2023-10-07 19:41:11,309.62,Card,4362.0
2219192870.0,41155125.0,799952.0,3.0,922.64,2024-01-18 01:38:44,2024-01-18 01:50:44,2024-01-18 02:04:44,883.44,UPI,6756.0
8537081061.0,57956497.0,894539.0,2.0,445.48,2023-08-16 01:03:14,2023-08-16 01:19:14,2023-08-16 01:28:14,2333.58,Wallet,8106.0
9284683425.0,30755306.0,91670.0,3.0,439.24,2024-05-16 06:40:24,2024-05-16 06:50:24,2024-05-16 06:53:24,2256.38,Card,8569.0
9774193601.0,19523014.0,451933.0,1.0,568.94,2023-05-30 10:59:10,2023-05-30 11:17:10,2023-05-30 11:43:10,5245.35,Card,3607.0
7496826261.0,21658322.0,219598.0,3.0,367.08,2023-11-17 05:25:38,2023-11-17 05:40:38,2023-11-17 05:44:38,2371.62,Wallet,5287.0
1058749075.0,51592174.0,677169.0,1.0,261.03,2023-08-26 23:09:46,2023-08-26 23:24:46,2023-08-26 23:25:46,1837.92,Cash,4311.0
7128038799.0,6724509.0,961614.0,1.0,227.22,2024-03-10 18:26:41,2024-03-10 18:42:41,2024-03-10 18:47:41,2041.18,Card,5108.0
3596318350.0,59398136.0,700048.0,2.0,141.28,2024-10-13 09:36:43,2024-10-13 09:52:43,2024-10-13 09:55:43,2579.76,Cash,6168.0
3187042843.0,8651281.0,378230.0,2.0,166.42,2024-01-01 20:55:16,2024-01-01 21:09:16,2024-01-01 21:19:16,1373.43,UPI,5806.0
4673500573.0,59620534.0,70969.0,1.0,631.7,2023-10-15 14:42:31,2023-10-15 15:02:31,2023-10-15 14:59:31,3831.31,Cash,7195.0
881900445.0,34567918.0,328457.0,3.0,858.57,2024-08-06 02:06:11,2024-08-06 02:26:11,2024-08-06 02:28:11,215.65,Card,7796.0
9874112459.0,12799092.0,739448.0,2.0,755.66,2024-09-26 23:24:36,2024-09-26 23:38:36,2024-09-26 23:39:36,80.25,Cash,5610.0
4531430634.0,32585389.0,952168.0,1.0,236.95,2023-05-17 06:11:20,2023-05-17 06:25:20,2023-05-17 06:23:20,4039.16,UPI,2081.0
6715699166.0,76987910.0,107548.0,2.0,891.6,2023-08-01 19:08:52,2023-08-01 19:20:52,2023-08-01 19:15:52,1919.23,Cash,6556.0
4171748538.0,63083547.0,652118.0,3.0,22.04,2023-07-06 22:46:24,2023-07-06 23:05:24,2023-07-06 23:05:24,601.9,UPI,8246.0
4093115982.0,10508763.0,444361.0,3.0,822.63,2023-05-24 17:04:41,2023-05-24 17:21:41,2023-05-24 17:16:41,2022.07,UPI,9898.0
2515279840.0,21573815.0,461804.0,1.0,310.69,2023-12-24 01:39:21,2023-12-24 01:51:21,2023-12-24 01:53:21,2843.77,Cash,8492.0
4981424948.0,79628054.0,679865.0,1.0,347.91,2024-10-13 22:25:34,2024-10-13 22:42:34,2024-10-13 22:41:34,738.74,UPI,9629.0
1911064507.0,40055711.0,500633.0,2.0,154.5,2024-02-27 17:56:11,2024-02-27 18:16:11,2024-02-27 18:17:11,4031.66,UPI,838.0
6438392384.0,29562072.0,654623.0,1.0,422.14,2024-09-14 20:08:42,2024-09-14 20:18:42,2024-09-14 20:21:42,999.78,Card,2652.0
5859840400.0,5754255.0,552883.0,3.0,888.16,2023-10-21 23:48:32,2023-10-21 23:59:32,2023-10-21 23:59:32,647.86,UPI,9665.0
7640576778.0,83236183.0,305754.0,3.0,979.99,2024-02-13 17:38:08,2024-02-13 17:53:08,2024-02-13 18:00:08,5011.05,Card,5765.0
5453475937.0,1719710.0,131748.0,1.0,81.35,2023-09-18 12:08:26,2023-09-18 12:24:26,2023-09-18 12:23:26,3217.91,Cash,9393.0
653610300.0,78394303.0,684939.0,1.0,727.95,2023-04-24 03:31:24,2023-04-24 03:50:24,2023-04-24 03:53:24,1829.29,Wallet,7532.0
730299055.0,16400639.0,679321.0,1.0,738.46,2024-10-21 18:07:22,2024-10-21 18:26:22,2024-10-21 18:21:22,2760.39,Wallet,7751.0
8396250231.0,46088132.0,721521.0,2.0,417.39,2024-02-26 03:07:04,2024-02-26 03:27:04,2024-02-26 03:51:04,242.57,Wallet,4782.0
8556969682.0,48228547.0,532965.0,1.0,307.23,2023-05-21 05:59:01,2023-05-21 06:18:01,2023-05-21 06:16:01,2606.53,UPI,4867.0
7159670875.0,37691544.0,684939.0,3.0,727.95,2024-06-22 09:14:03,2024-06-22 09:34:03,2024-06-22 09:59:03,1405.86,Card,6794.0
4922278509.0,76533277.0,644847.0,2.0,622.81,2023-05-31 07:00:00,2023-05-31 07:15:00,2023-05-31 07:19:00,2552.45,Wallet,7213.0
8151274002.0,91550885.0,34186.0,2.0,925.65,2024-06-15 15:52:32,2024-06-15 16:09:32,2024-06-15 16:13:32,2737.59,Cash,9763.0
5373978100.0,82179338.0,433521.0,3.0,321.33,2024-01-16 16:39:24,2024-01-16 16:52:24,2024-01-16 16:56:24,2675.69,Wallet,9378.0
6210207010.0,1601161.0,859361.0,1.0,432.39,2023-06-27 08:18:16,2023-06-27 08:37:16,2023-06-27 08:36:16,1553.52,UPI,8717.0
1837403174.0,84993732.0,14145.0,3.0,630.84,2023-05-03 21:32:45,2023-05-03 21:48:45,2023-05-03 21:51:45,849.48,Card,8168.0
1148265823.0,21809858.0,542300.0,3.0,255.35,2024-10-29 08:25:53,2024-10-29 08:42:53,2024-10-29 08:47:53,1198.97,UPI,3769.0
8472487149.0,74761384.0,837480.0,2.0,217.4,2024-02-12 05:29:12,2024-02-12 05:49:12,2024-02-12 06:10:12,1484.96,Cash,1217.0
9111535172.0,9274874.0,784673.0,1.0,491.39,2024-05-08 17:42:04,2024-05-08 17:57:04,2024-05-08 17:57:04,354.52,Wallet,3465.0
6558001978.0,88520326.0,478531.0,3.0,825.46,2024-02-19 15:05:47,2024-02-19 15:17:47,2024-02-19 15:18:47,1177.64,Cash,4832.0
2762095386.0,84066402.0,623234.0,2.0,329.79,2024-08-11 16:29:49,2024-08-11 16:46:49,2024-08-11 16:49:49,786.85,UPI,5015.0
2406325099.0,31718565.0,734789.0,3.0,395.82,2023-11-13 22:39:53,2023-11-13 22:55:53,2023-11-13 23:21:53,1623.98,Card,7671.0
4274182127.0,22020776.0,798639.0,2.0,211.25,2024-09-26 16:46:47,2024-09-26 17:03:47,2024-09-26 17:07:47,4992.15,Wallet,1192.0
7271609994.0,11616535.0,425341.0,3.0,486.28,2023-04-25 20:58:47,2023-04-25 21:08:47,2023-04-25 21:03:47,3007.32,UPI,8298.0
9182539734.0,66359719.0,557908.0,3.0,942.37,2023-07-06 15:35:53,2023-07-06 15:52:53,2023-07-06 15:54:53,1557.06,Cash,5109.0
7891517071.0,78412820.0,56589.0,1.0,517.77,2024-01-31 17:11:17,2024-01-31 17:30:17,2024-01-31 17:55:17,2474.5,Cash,714.0
3666182849.0,63793401.0,51036.0,1.0,931.61,2024-11-03 11:37:13,2024-11-03 11:51:13,2024-11-03 11:55:13,856.05,UPI,3345.0
8724590445.0,10729474.0,741341.0,1.0,923.84,2023-06-02 15:59:43,2023-06-02 16:10:43,2023-06-02 16:14:43,1934.86,UPI,7447.0
7919863938.0,4378755.0,945635.0,3.0,778.9,2024-08-29 23:35:57,2024-08-29 23:53:57,2024-08-29 23:51:57,1024.37,Card,1853.0
3545539999.0,49449238.0,287070.0,1.0,443.17,2024-01-08 15:59:54,2024-01-08 16:10:54,2024-01-08 16:25:54,3469.35,Cash,2915.0
7463392603.0,46684081.0,812607.0,3.0,416.65,2024-02-11 09:20:45,2024-02-11 09:39:45,2024-02-11 10:02:45,1131.6,UPI,6725.0
7296733293.0,86715467.0,615545.0,3.0,448.16,2024-02-09 03:46:39,2024-02-09 04:02:39,2024-02-09 04:19:39,3845.82,Card,2734.0
7118924734.0,66310963.0,552496.0,2.0,508.0,2023-10-10 05:21:44,2023-10-10 05:41:44,2023-10-10 05:42:44,3580.46,Card,5373.0
2529809156.0,71905368.0,513199.0,1.0,422.23,2024-05-21 14:38:44,2024-05-21 14:56:44,2024-05-21 15:18:44,2728.49,UPI,6071.0
2216699744.0,5540556.0,807452.0,2.0,144.19,2024-06-14 02:41:43,2024-06-14 02:52:43,2024-06-14 02:56:43,939.55,Wallet,8449.0
8257221712.0,5277675.0,677542.0,2.0,212.61,2023-10-07 04:05:52,2023-10-07 04:23:52,2023-10-07 04:52:52,140.8,Cash,987.0
1357352531.0,9246851.0,799952.0,2.0,922.64,2023-06-07 13:43:08,2023-06-07 13:59:08,2023-06-07 13:58:08,4202.96,Card,8829.0
2108138590.0,67918495.0,602241.0,2.0,976.55,2023-11-08 12:59:26,2023-11-08 13:09:26,2023-11-08 13:39:26,1181.36,UPI,2521.0
5648212121.0,37633848.0,41853.0,1.0,910.44,2023-12-28 00:03:12,2023-12-28 00:19:12,2023-12-28 00:17:12,3820.42,Wallet,599.0
3951878528.0,28458746.0,949818.0,1.0,483.05,2023-12-23 01:02:42,2023-12-23 01:12:42,2023-12-23 01:33:42,372.99,Card,516.0
8310385249.0,97315135.0,39154.0,1.0,946.86,2023-07-29 19:09:41,2023-07-29 19:20:41,2023-07-29 19:21:41,1439.56,Cash,4282.0
7513562596.0,88130777.0,144124.0,1.0,162.67,2024-07-05 09:03:19,2024-07-05 09:23:19,2024-07-05 09:22:19,909.62,Cash,4978.0
6304586678.0,38496400.0,679321.0,3.0,738.46,2023-09-25 15:08:53,2023-09-25 15:25:53,2023-09-25 15:24:53,1823.12,UPI,2069.0
5222812863.0,65294340.0,451812.0,1.0,530.85,2024-04-11 02:15:28,2024-04-11 02:34:28,2024-04-11 02:33:28,1608.38,UPI,9659.0
5393039591.0,40419593.0,378230.0,1.0,166.42,2024-10-04 07:41:16,2024-10-04 08:00:16,2024-10-04 08:00:16,225.21,UPI,8293.0
6708586922.0,91072336.0,799952.0,3.0,922.64,2024-05-23 16:52:07,2024-05-23 17:11:07,2024-05-23 17:33:07,1435.7,UPI,3845.0
3177552965.0,99231937.0,328457.0,2.0,858.57,2024-05-17 13:22:20,2024-05-17 13:38:20,2024-05-17 13:39:20,3176.5,Wallet,162.0
607125614.0,55425478.0,661577.0,3.0,720.95,2024-05-06 11:07:24,2024-05-06 11:18:24,2024-05-06 11:31:24,3303.42,Cash,6238.0
139417019.0,75566105.0,992178.0,1.0,632.43,2023-07-09 20:06:51,2023-07-09 20:18:51,2023-07-09 20:23:51,561.59,UPI,6806.0
1893231742.0,51661209.0,913428.0,2.0,392.22,2024-10-19 04:23:53,2024-10-19 04:34:53,2024-10-19 04:39:53,4078.0,Cash,7244.0
3580010065.0,95590889.0,89084.0,3.0,598.83,2023-05-09 02:49:46,2023-05-09 03:07:46,2023-05-09 03:12:46,3658.91,UPI,4966.0
962319394.0,44723662.0,876139.0,1.0,415.75,2023-08-22 00:07:05,2023-08-22 00:20:05,2023-08-22 00:34:05,1246.94,Cash,7814.0
8321726382.0,82918668.0,970529.0,2.0,827.44,2023-04-15 13:22:44,2023-04-15 13:42:44,2023-04-15 13:37:44,1787.9,UPI,8641.0
1485682761.0,70363568.0,70969.0,3.0,631.7,2023-10-03 19:11:52,2023-10-03 19:26:52,2023-10-03 19:29:52,217.5,Card,5550.0
5008756947.0,73661993.0,36412.0,1.0,397.68,2023-08-26 16:15:41,2023-08-26 16:25:41,2023-08-26 16:23:41,504.2,UPI,6239.0
1334996274.0,11493380.0,771228.0,3.0,83.18,2023-07-10 16:09:06,2023-07-10 16:19:06,2023-07-10 16:18:06,1261.7,Wallet,8461.0
2914506024.0,31940833.0,274207.0,1.0,328.51,2024-02-27 16:10:19,2024-02-27 16:23:19,2024-02-27 16:20:19,2230.61,UPI,9636.0
8811831663.0,74682740.0,136533.0,3.0,826.21,2023-04-11 01:17:20,2023-04-11 01:33:20,2023-04-11 01:36:20,1254.05,Wallet,2183.0
875427533.0,10686446.0,669378.0,3.0,212.14,2024-03-27 11:56:09,2024-03-27 12:09:09,2024-03-27 12:24:09,2505.6,Card,3308.0
5865390748.0,30042971.0,700048.0,3.0,141.28,2024-10-01 03:21:09,2024-10-01 03:41:09,2024-10-01 03:45:09,3835.46,UPI,9446.0
4054828941.0,99893898.0,77308.0,1.0,223.27,2023-12-15 21:50:57,2023-12-15 22:09:57,2023-12-15 22:28:57,2497.98,UPI,943.0
1257568604.0,9981089.0,839170.0,1.0,481.63,2023-09-28 17:25:52,2023-09-28 17:35:52,2023-09-28 17:36:52,1937.41,Cash,7359.0
2738862626.0,56572297.0,34200.0,1.0,319.8,2024-01-21 04:31:08,2024-01-21 04:41:08,2024-01-21 04:51:08,2563.4,Wallet,20.0
7352532839.0,9738801.0,313754.0,3.0,136.6,2024-02-28 19:04:46,2024-02-28 19:17:46,2024-02-28 19:14:46,2184.8,Card,565.0
520221662.0,53025962.0,57405.0,1.0,607.67,2023-07-20 19:20:42,2023-07-20 19:35:42,2023-07-20 19:34:42,3252.54,Wallet,5354.0
7818925535.0,45477575.0,848226.0,1.0,209.59,2023-11-02 09:59:32,2023-11-02 10:11:32,2023-11-02 10:14:32,2912.9,Wallet,3488.0
3476023750.0,43990799.0,925482.0,1.0,475.04,2023-06-02 20:43:59,2023-06-02 21:03:59,2023-06-02 21:01:59,3505.44,Wallet,6330.0
8945838922.0,13415362.0,114414.0,3.0,832.06,2023-05-22 09:43:39,2023-05-22 09:54:39,2023-05-22 09:52:39,1609.53,Cash,9294.0
2233053313.0,15830066.0,222892.0,2.0,869.22,2023-10-14 20:23:47,2023-10-14 20:40:47,2023-10-14 20:43:47,2419.41,Cash,5235.0
1844073851.0,38808614.0,799688.0,2.0,309.62,2024-02-06 08:44:48,2024-02-06 09:02:48,2024-02-06 08:58:48,3496.85,Card,9511.0
8348125769.0,29584848.0,707935.0,3.0,820.9,2023-12-08 18:15:56,2023-12-08 18:27:56,2023-12-08 18:37:56,3498.69,UPI,4692.0
8475818223.0,12832151.0,721521.0,2.0,417.39,2023-11-16 04:11:04,2023-11-16 04:21:04,2023-11-16 04:41:04,3876.19,Card,3969.0
4270941188.0,47274329.0,34200.0,1.0,319.8,2024-01-13 09:26:19,2024-01-13 09:37:19,2024-01-13 09:39:19,1781.72,Wallet,5895.0
2611200126.0,91448742.0,679865.0,1.0,347.91,2024-05-12 02:52:07,2024-05-12 03:11:07,2024-05-12 03:16:07,469.82,Wallet,3341.0
8573833987.0,12988801.0,654297.0,3.0,13.25,2024-02-11 13:33:15,2024-02-11 13:47:15,2024-02-11 13:42:15,4027.79,UPI,8349.0
2979246068.0,61763552.0,361361.0,3.0,826.21,2024-02-23 02:42:53,2024-02-23 02:57:53,2024-02-23 03:22:53,2722.28,Wallet,4928.0
6779895105.0,64535602.0,112390.0,3.0,877.98,2024-09-10 12:43:15,2024-09-10 13:02:15,2024-09-10 13:05:15,3231.88,Cash,2361.0
1731478314.0,67215939.0,6405.0,2.0,236.51,2024-07-30 05:14:35,2024-07-30 05:33:35,2024-07-30 05:41:35,4467.79,Card,1205.0
3692405872.0,41878908.0,661577.0,3.0,720.95,2023-07-31 12:17:00,2023-07-31 12:27:00,2023-07-31 12:28:00,941.19,Wallet,5834.0
8853713324.0,58505903.0,799688.0,2.0,309.62,2023-08-07 01:57:04,2023-08-07 02:11:04,2023-08-07 02:06:04,1163.18,Card,3535.0
979766779.0,57081917.0,784673.0,3.0,491.39,2024-04-23 22:02:29,2024-04-23 22:17:29,2024-04-23 22:18:29,2428.41,Card,7125.0
5709672475.0,16543242.0,91670.0,2.0,439.24,2023-08-14 02:30:24,2023-08-14 02:48:24,2023-08-14 02:43:24,895.76,UPI,5734.0
3855709201.0,13651980.0,820973.0,3.0,114.52,2024-04-23 22:23:51,2024-04-23 22:36:51,2024-04-23 22:51:51,1013.9,UPI,905.0
6861065282.0,57523973.0,832348.0,3.0,831.43,2023-08-18 18:41:22,2023-08-18 18:54:22,2023-08-18 19:08:22,310.69,UPI,7053.0
7919724613.0,81200164.0,112390.0,1.0,877.98,2023-03-21 15:25:10,2023-03-21 15:44:10,2023-03-21 15:54:10,2379.82,Cash,7184.0
7882742057.0,32293017.0,365133.0,1.0,915.45,2024-07-26 15:41:14,2024-07-26 15:51:14,2024-07-26 15:46:14,612.04,Card,5819.0
1929002406.0,67538982.0,516376.0,3.0,877.43,2023-12-25 21:38:52,2023-12-25 21:49:52,2023-12-25 21:46:52,2088.54,Cash,999.0
2458349464.0,99714944.0,187399.0,2.0,53.49,2023-04-06 12:40:21,2023-04-06 12:50:21,2023-04-06 12:50:21,888.12,Wallet,3079.0
6608328221.0,76020843.0,313754.0,1.0,136.6,2023-07-04 15:36:23,2023-07-04 15:47:23,2023-07-04 15:50:23,2880.22,Cash,5951.0
7736615348.0,84161531.0,397973.0,3.0,728.73,2023-12-06 20:58:03,2023-12-06 21:15:03,2023-12-06 21:13:03,2063.11,Wallet,5792.0
2591738507.0,14705462.0,171602.0,2.0,883.44,2024-10-31 07:36:44,2024-10-31 07:50:44,2024-10-31 07:48:44,4675.99,Card,9640.0
6751537971.0,98444183.0,903336.0,3.0,551.88,2024-07-19 06:03:25,2024-07-19 06:23:25,2024-07-19 06:24:25,307.23,Card,3219.0
9768154003.0,88045094.0,11422.0,2.0,127.16,2024-01-23 03:50:24,2024-01-23 04:10:24,2024-01-23 04:38:24,697.53,UPI,368.0
5887288860.0,40587811.0,146840.0,3.0,786.85,2024-03-01 21:18:19,2024-03-01 21:35:19,2024-03-01 21:32:19,3395.38,Cash,1299.0
3559865135.0,66310963.0,365132.0,3.0,229.38,2024-01-07 15:10:40,2024-01-07 15:21:40,2024-01-07 15:31:40,2680.81,Wallet,4783.0
209044447.0,2058037.0,757274.0,2.0,98.32,2024-10-05 00:02:57,2024-10-05 00:22:57,2024-10-05 00:24:57,1039.47,Cash,3068.0
9643668734.0,34835738.0,747801.0,2.0,277.76,2024-05-18 13:05:12,2024-05-18 13:17:12,2024-05-18 13:38:12,2292.32,Wallet,3860.0
6115465612.0,12338529.0,767398.0,3.0,22.14,2023-09-28 12:41:47,2023-09-28 12:57:47,2023-09-28 12:55:47,3025.66,Wallet,4157.0
8493723088.0,20238921.0,803607.0,1.0,949.73,2023-12-30 06:17:00,2023-12-30 06:36:00,2023-12-30 06:35:00,2918.27,Cash,8268.0
6392024503.0,75640174.0,451812.0,2.0,530.85,2023-09-05 02:48:56,2023-09-05 03:05:56,2023-09-05 03:05:56,4108.93,Wallet,4001.0
9863468109.0,73363613.0,256051.0,3.0,400.92,2024-01-28 04:18:04,2024-01-28 04:29:04,2024-01-28 04:33:04,1394.71,UPI,2857.0
5448628635.0,21658322.0,837480.0,3.0,217.4,2023-05-07 13:19:59,2023-05-07 13:31:59,2023-05-07 13:35:59,545.35,Wallet,9724.0
3329455953.0,31371112.0,34200.0,2.0,319.8,2024-03-01 05:42:55,2024-03-01 05:59:55,2024-03-01 06:02:55,2339.17,Card,1848.0
3584190892.0,60974181.0,26060.0,3.0,342.94,2023-10-17 04:25:37,2023-10-17 04:41:37,2023-10-17 04:46:37,160.07,UPI,7311.0
9097056321.0,16424635.0,540618.0,1.0,317.05,2024-04-08 07:50:28,2024-04-08 08:07:28,2024-04-08 08:05:28,2739.54,Card,1740.0
525741957.0,88866835.0,784673.0,2.0,491.39,2023-05-03 06:11:45,2023-05-03 06:28:45,2023-05-03 06:28:45,3048.43,UPI,7772.0
5387395051.0,37095171.0,925482.0,2.0,475.04,2024-09-18 07:54:17,2024-09-18 08:05:17,2024-09-18 08:18:17,1188.35,Cash,8767.0
6799246060.0,6245778.0,803607.0,3.0,949.73,2023-11-06 06:10:47,2023-11-06 06:25:47,2023-11-06 06:21:47,764.18,Wallet,5394.0
8986314607.0,11047835.0,700048.0,1.0,141.28,2024-08-30 06:54:42,2024-08-30 07:05:42,2024-08-30 07:07:42,3422.97,Cash,4805.0
1085912198.0,93198324.0,697683.0,1.0,123.74,2023-03-21 22:45:08,2023-03-21 23:05:08,2023-03-21 23:00:08,4058.84,Cash,5110.0
3423328091.0,18935489.0,679321.0,2.0,738.46,2023-09-24 21:34:59,2023-09-24 21:54:59,2023-09-24 21:52:59,1013.23,UPI,477.0
9848366909.0,34281470.0,365132.0,2.0,229.38,2023-11-06 02:40:42,2023-11-06 02:58:42,2023-11-06 03:07:42,3636.32,Card,1424.0
936021770.0,79960955.0,107548.0,3.0,891.6,2024-02-02 04:58:39,2024-02-02 05:12:39,2024-02-02 05:15:39,2272.86,UPI,9738.0
8916215165.0,49806393.0,925482.0,3.0,475.04,2023-08-08 02:28:27,2023-08-08 02:45:27,2023-08-08 02:44:27,3939.8,Wallet,1629.0
389558867.0,8375298.0,555121.0,3.0,354.91,2023-09-12 00:13:47,2023-09-12 00:23:47,2023-09-12 00:24:47,212.14,Cash,8488.0
7616883530.0,16410155.0,306177.0,3.0,769.24,2023-09-05 01:44:10,2023-09-05 02:03:10,2023-09-05 02:03:10,2182.8,Card,6202.0
3851744248.0,61763552.0,734789.0,1.0,395.82,2023-04-30 08:27:50,2023-04-30 08:37:50,2023-04-30 08:42:50,3985.16,Wallet,9945.0
4953665655.0,14428954.0,444361.0,2.0,822.63,2024-01-16 22:18:13,2024-01-16 22:36:13,2024-01-16 23:01:13,1570.97,Cash,789.0
962864152.0,24357425.0,455083.0,3.0,959.01,2024-07-19 06:35:56,2024-07-19 06:55:56,2024-07-19 06:50:56,1662.02,Card,2048.0
923668833.0,47125914.0,771228.0,3.0,83.18,2023-05-12 22:14:40,2023-05-12 22:26:40,2023-05-12 22:25:40,1599.98,Card,9443.0
4022122330.0,33871107.0,26060.0,3.0,342.94,2023-12-04 19:25:48,2023-12-04 19:42:48,2023-12-04 19:57:48,4022.8,UPI,7115.0
4564846800.0,79764458.0,500739.0,2.0,359.98,2023-08-10 00:59:51,2023-08-10 01:12:51,2023-08-10 01:26:51,2989.97,UPI,9995.0
690652905.0,75289676.0,451812.0,2.0,530.85,2024-04-24 17:11:57,2024-04-24 17:24:57,2024-04-24 17:25:57,3539.79,Cash,8496.0
716741661.0,43052303.0,799688.0,2.0,309.62,2024-10-15 06:25:15,2024-10-15 06:44:15,2024-10-15 06:46:15,3850.67,UPI,3076.0
6575532281.0,44149982.0,34200.0,1.0,319.8,2024-03-25 01:04:48,2024-03-25 01:15:48,2024-03-25 01:39:48,1220.66,Wallet,858.0
7486807731.0,71189232.0,803607.0,3.0,949.73,2023-12-13 13:24:08,2023-12-13 13:40:08,2023-12-13 13:58:08,4142.77,UPI,1667.0
9721870982.0,79919160.0,272170.0,1.0,140.8,2023-11-12 10:08:16,2023-11-12 10:24:16,2023-11-12 10:20:16,1339.43,Cash,2789.0
8105823343.0,16400639.0,56589.0,1.0,517.77,2023-10-15 08:55:25,2023-10-15 09:10:25,2023-10-15 09:28:25,3202.58,Card,2045.0
7113554979.0,19180962.0,53833.0,1.0,134.69,2023-11-27 04:04:09,2023-11-27 04:21:09,2023-11-27 04:22:09,127.16,Card,4421.0
507373134.0,95269737.0,847349.0,2.0,781.08,2024-10-23 14:51:34,2024-10-23 15:07:34,2024-10-23 15:21:34,4731.51,UPI,9622.0
4674132573.0,98444183.0,537274.0,3.0,702.71,2024-10-21 20:15:16,2024-10-21 20:27:16,2024-10-21 20:51:16,2350.69,UPI,7503.0
487395969.0,93924203.0,561860.0,1.0,874.78,2023-12-13 17:32:31,2023-12-13 17:45:31,2023-12-13 17:43:31,2619.2,Card,8364.0
3962007460.0,93458307.0,378676.0,3.0,881.42,2024-07-31 07:37:21,2024-07-31 07:47:21,2024-07-31 08:06:21,1119.19,UPI,5430.0
2272882287.0,25641500.0,487931.0,2.0,709.08,2024-07-12 23:06:58,2024-07-12 23:21:58,2024-07-12 23:30:58,3442.64,Card,2742.0
4426246696.0,88923048.0,382511.0,2.0,702.54,2023-11-22 22:35:31,2023-11-22 22:51:31,2023-11-22 22:56:31,1763.53,Wallet,6604.0
1714709914.0,86067293.0,256783.0,2.0,906.54,2024-09-10 12:34:01,2024-09-10 12:54:01,2024-09-10 12:54:01,3458.06,UPI,5991.0
3159133564.0,81541985.0,237083.0,2.0,577.13,2023-08-05 08:36:09,2023-08-05 08:56:09,2023-08-05 09:01:09,1824.8,Cash,3571.0
4531739740.0,98088303.0,552496.0,1.0,508.0,2024-06-24 04:12:18,2024-06-24 04:28:18,2024-06-24 04:27:18,1748.85,Card,8908.0
3158981349.0,92038780.0,859361.0,1.0,432.39,2023-10-25 08:51:16,2023-10-25 09:02:16,2023-10-25 08:58:16,524.67,UPI,8618.0
1789010378.0,81533356.0,500633.0,3.0,154.5,2023-07-28 05:08:23,2023-07-28 05:27:23,2023-07-28 05:23:23,2506.08,UPI,8377.0
705203916.0,58929595.0,89084.0,1.0,598.83,2024-08-04 20:52:03,2024-08-04 21:07:03,2024-08-04 21:17:03,2686.57,Wallet,3027.0
7255510932.0,62526813.0,94225.0,1.0,77.11,2024-08-06 11:22:44,2024-08-06 11:40:44,2024-08-06 11:43:44,2241.22,UPI,2875.0
1991167685.0,37309023.0,237083.0,2.0,577.13,2024-03-02 13:26:21,2024-03-02 13:42:21,2024-03-02 13:42:21,123.74,Card,5917.0
5103721089.0,5135207.0,34186.0,3.0,925.65,2023-08-21 00:30:07,2023-08-21 00:44:07,2023-08-21 00:51:07,4045.22,UPI,7585.0
9674006557.0,60561655.0,317242.0,3.0,198.15,2023-05-02 13:10:57,2023-05-02 13:24:57,2023-05-02 13:20:57,4406.9,Cash,5795.0
1073466441.0,42465414.0,681063.0,3.0,321.28,2023-05-30 09:11:42,2023-05-30 09:23:42,2023-05-30 09:34:42,632.43,UPI,8737.0
5407006470.0,95364457.0,70969.0,2.0,631.7,2024-05-24 14:58:37,2024-05-24 15:08:37,2024-05-24 15:12:37,1748.85,Card,204.0
747347782.0,6398761.0,15314.0,3.0,578.85,2023-04-25 06:38:32,2023-04-25 06:56:32,2023-04-25 06:58:32,3048.42,Card,9306.0
8554063149.0,5039883.0,684939.0,3.0,727.95,2024-06-09 04:26:22,2024-06-09 04:37:22,2024-06-09 04:53:22,2713.89,Cash,5696.0
4855215470.0,21573815.0,487065.0,3.0,374.68,2024-03-31 07:48:38,2024-03-31 08:03:38,2024-03-31 08:02:38,3499.44,Wallet,3445.0
5008998072.0,26245432.0,993331.0,1.0,102.44,2024-01-05 09:11:09,2024-01-05 09:30:09,2024-01-05 09:26:09,4861.34,Wallet,1831.0
9696466906.0,40434527.0,118820.0,2.0,12.32,2024-05-01 21:28:23,2024-05-01 21:46:23,2024-05-01 21:51:23,2085.85,Wallet,504.0
7189534591.0,6291143.0,951463.0,1.0,787.4,2023-08-18 15:16:56,2023-08-18 15:27:56,2023-08-18 15:23:56,3354.47,Cash,1239.0
9965941354.0,82286725.0,707935.0,1.0,820.9,2023-11-13 19:55:32,2023-11-13 20:13:32,2023-11-13 20:29:32,625.45,Card,9546.0
1275232752.0,83304571.0,747801.0,1.0,277.76,2023-08-24 07:35:20,2023-08-24 07:46:20,2023-08-24 07:50:20,422.23,UPI,9761.0
343479370.0,5043760.0,566052.0,1.0,87.3,2024-05-03 12:35:40,2024-05-03 12:55:40,2024-05-03 12:59:40,1820.87,Cash,4894.0
2485933387.0,21573815.0,890232.0,1.0,432.0,2024-07-10 17:30:21,2024-07-10 17:45:21,2024-07-10 17:46:21,1489.6,UPI,5729.0
6735843326.0,52085702.0,992178.0,1.0,632.43,2024-10-24 05:41:04,2024-10-24 05:53:04,2024-10-24 06:00:04,3348.38,UPI,6190.0
6384313098.0,47295676.0,644847.0,1.0,622.81,2023-12-07 02:25:53,2023-12-07 02:43:53,2023-12-07 02:51:53,3180.96,Card,1995.0
1022032613.0,59436131.0,903336.0,1.0,551.88,2023-12-10 08:16:59,2023-12-10 08:35:59,2023-12-10 08:34:59,2830.88,Card,2314.0
8026892264.0,93341057.0,487931.0,3.0,709.08,2023-09-24 14:10:07,2023-09-24 14:25:07,2023-09-24 14:29:07,3867.59,Cash,8942.0
7158825499.0,63571453.0,952124.0,2.0,127.08,2024-04-14 21:33:07,2024-04-14 21:47:07,2024-04-14 21:47:07,1275.88,Wallet,6206.0
5327013494.0,89418072.0,901144.0,2.0,340.36,2024-04-18 08:19:55,2024-04-18 08:29:55,2024-04-18 08:37:55,968.65,Wallet,1387.0
1002526452.0,97475543.0,444361.0,2.0,822.63,2023-07-31 23:19:05,2023-07-31 23:29:05,2023-07-31 23:33:05,5001.82,Cash,852.0
4650525854.0,71694275.0,317242.0,2.0,198.15,2024-01-17 10:55:53,2024-01-17 11:12:53,2024-01-17 11:39:53,209.59,Cash,7455.0
6260291784.0,75038062.0,697683.0,1.0,123.74,2024-07-08 19:24:57,2024-07-08 19:40:57,2024-07-08 19:44:57,359.98,Cash,365.0
1884314278.0,15534747.0,264803.0,2.0,995.98,2023-09-15 23:42:07,2023-09-15 23:57:07,2023-09-16 00:01:07,847.01,Card,979.0
7074219396.0,36737539.0,760828.0,3.0,563.45,2024-05-04 13:09:12,2024-05-04 13:28:12,2024-05-04 13:39:12,1474.63,UPI,3890.0
807183459.0,76212152.0,684939.0,3.0,727.95,2023-09-05 11:59:41,2023-09-05 12:12:41,2023-09-05 12:18:41,3111.71,Wallet,4336.0
598539940.0,76970363.0,876139.0,1.0,415.75,2023-07-28 17:31:14,2023-07-28 17:45:14,2023-07-28 17:41:14,2753.61,Wallet,2514.0
427702490.0,71607166.0,120385.0,1.0,597.91,2024-01-20 21:29:03,2024-01-20 21:44:03,2024-01-20 21:43:03,891.72,Wallet,3710.0
955844536.0,4597433.0,784673.0,3.0,491.39,2023-03-29 12:08:35,2023-03-29 12:19:35,2023-03-29 12:22:35,2719.11,UPI,1207.0
5397640599.0,2684440.0,89084.0,1.0,598.83,2024-05-24 20:01:10,2024-05-24 20:13:10,2024-05-24 20:16:10,720.95,Card,6297.0
3451246886.0,36774480.0,451812.0,2.0,530.85,2024-05-22 09:25:46,2024-05-22 09:42:46,2024-05-22 09:38:46,2937.69,UPI,1620.0
8487733248.0,12500465.0,378287.0,3.0,332.84,2023-04-26 12:34:26,2023-04-26 12:50:26,2023-04-26 13:19:26,778.9,Wallet,311.0
2921621434.0,41194825.0,532965.0,3.0,307.23,2023-08-17 21:00:25,2023-08-17 21:10:25,2023-08-17 21:15:25,1380.46,UPI,7990.0
4757133884.0,34655710.0,812607.0,3.0,416.65,2024-08-03 13:51:39,2024-08-03 14:11:39,2024-08-03 14:15:39,123.74,UPI,2289.0
1793847102.0,93563435.0,131748.0,3.0,81.35,2024-09-09 01:52:04,2024-09-09 02:12:04,2024-09-09 02:10:04,1760.2,Cash,4170.0
6197760573.0,5763963.0,799952.0,3.0,922.64,2023-03-27 07:49:31,2023-03-27 08:06:31,2023-03-27 08:04:31,1233.03,Card,939.0
6818660907.0,38420886.0,298985.0,2.0,183.76,2024-07-10 08:05:05,2024-07-10 08:15:05,2024-07-10 08:11:05,1228.81,Card,6281.0
7807587130.0,74174956.0,962591.0,2.0,130.01,2023-12-11 13:20:26,2023-12-11 13:34:26,2023-12-11 13:32:26,2515.16,Card,9094.0
4540563647.0,79257353.0,222892.0,2.0,869.22,2023-05-14 22:05:58,2023-05-14 22:19:58,2023-05-14 22:22:58,582.87,Card,8238.0
2480913332.0,95912198.0,876139.0,1.0,415.75,2023-10-16 13:16:53,2023-10-16 13:30:53,2023-10-16 14:00:53,3394.38,Cash,616.0
5735481292.0,85907588.0,945635.0,3.0,778.9,2024-06-17 23:50:28,2024-06-18 00:00:28,2024-06-18 00:17:28,2015.59,UPI,4445.0
7112326373.0,46848302.0,690565.0,3.0,951.27,2023-05-13 11:18:17,2023-05-13 11:34:17,2023-05-13 11:30:17,3624.08,Cash,5870.0
614274161.0,10240052.0,604184.0,3.0,397.55,2023-09-27 09:06:29,2023-09-27 09:22:29,2023-09-27 09:25:29,264.89,Cash,8724.0
5512258335.0,1469696.0,687218.0,2.0,317.82,2024-03-23 00:19:43,2024-03-23 00:30:43,2024-03-23 00:30:43,242.57,Cash,4082.0
1214757247.0,46675763.0,53833.0,3.0,134.69,2023-09-06 17:44:49,2023-09-06 18:01:49,2023-09-06 17:58:49,3474.87,Card,9274.0
4211686231.0,66354642.0,94225.0,2.0,77.11,2023-06-09 04:56:26,2023-06-09 05:10:26,2023-06-09 05:08:26,4088.63,Cash,1748.0
5288088590.0,9314637.0,951463.0,2.0,787.4,2023-12-22 07:57:54,2023-12-22 08:16:54,2023-12-22 08:17:54,2440.09,Wallet,6865.0
1193525681.0,60399360.0,186168.0,1.0,878.8,2024-09-17 00:09:49,2024-09-17 00:28:49,2024-09-17 00:29:49,1845.59,Wallet,2182.0
5132095929.0,96373206.0,487931.0,2.0,709.08,2024-06-29 21:04:38,2024-06-29 21:21:38,2024-06-29 21:30:38,4864.21,Card,6435.0
7703144556.0,31328762.0,196719.0,2.0,217.5,2023-12-21 05:49:15,2023-12-21 06:07:15,2023-12-21 06:28:15,5086.05,Cash,9043.0
6786199145.0,21701991.0,589812.0,3.0,163.03,2024-09-04 08:02:43,2024-09-04 08:17:43,2024-09-04 08:13:43,965.78,Cash,9698.0
2463627380.0,24644542.0,623234.0,3.0,329.79,2024-08-03 00:58:53,2024-08-03 01:15:53,2024-08-03 01:15:53,2378.62,UPI,4889.0
6331115638.0,99729547.0,298985.0,1.0,183.76,2023-07-15 22:06:21,2023-07-15 22:18:21,2023-07-15 22:13:21,4180.33,Cash,4236.0
9212312136.0,6959437.0,952124.0,3.0,127.08,2023-12-06 02:27:00,2023-12-06 02:44:00,2023-12-06 02:56:00,517.03,UPI,6109.0
6788500162.0,48033969.0,677169.0,1.0,261.03,2024-07-10 01:32:46,2024-07-10 01:42:46,2024-07-10 01:55:46,329.79,Wallet,2229.0
2166421384.0,85218071.0,41853.0,1.0,910.44,2024-05-18 15:43:45,2024-05-18 15:55:45,2024-05-18 16:03:45,1861.47,Cash,1730.0
2744509800.0,69276352.0,378676.0,2.0,881.42,2023-08-31 10:07:20,2023-08-31 10:21:20,2023-08-31 10:22:20,98.32,Cash,7252.0
8806260669.0,15631726.0,611575.0,1.0,482.06,2023-10-17 13:03:52,2023-10-17 13:19:52,2023-10-17 13:46:52,275.03,UPI,4955.0
7773287963.0,93563435.0,942001.0,1.0,671.55,2023-03-22 02:12:29,2023-03-22 02:29:29,2023-03-22 02:34:29,3262.86,Wallet,4225.0
8153845667.0,30192942.0,449106.0,2.0,48.55,2024-08-09 08:44:33,2024-08-09 08:58:33,2024-08-09 08:55:33,4095.5,Wallet,3671.0
8345887091.0,54145987.0,667163.0,2.0,441.2,2024-10-13 15:25:55,2024-10-13 15:40:55,2024-10-13 15:44:55,2193.68,Wallet,8412.0
6638429050.0,75739462.0,799688.0,2.0,309.62,2024-09-18 07:34:35,2024-09-18 07:48:35,2024-09-18 07:52:35,2413.79,Cash,7135.0
4132900691.0,42262168.0,837480.0,2.0,217.4,2024-09-11 00:54:34,2024-09-11 01:04:34,2024-09-11 01:11:34,2615.9,Card,3325.0
2119346062.0,18259715.0,222892.0,1.0,869.22,2023-07-03 12:44:21,2023-07-03 12:58:21,2023-07-03 12:54:21,217.4,Cash,7453.0
689310626.0,69416782.0,952124.0,2.0,127.08,2024-10-01 13:06:45,2024-10-01 13:23:45,2024-10-01 13:37:45,1868.3,Cash,9373.0
9246993674.0,21701991.0,490602.0,2.0,549.47,2023-11-10 03:43:03,2023-11-10 03:53:03,2023-11-10 04:06:03,874.28,Card,7248.0
2282234185.0,94706375.0,734789.0,1.0,395.82,2024-07-14 05:45:34,2024-07-14 05:55:34,2024-07-14 05:52:34,2600.22,Wallet,7104.0
9697170386.0,48776805.0,992178.0,2.0,632.43,2024-10-07 10:23:41,2024-10-07 10:42:41,2024-10-07 10:37:41,2391.01,Wallet,84.0
6376147802.0,60495351.0,799952.0,1.0,922.64,2024-07-16 21:24:19,2024-07-16 21:37:19,2024-07-16 21:51:19,197.39,Cash,6373.0
7415158732.0,30192942.0,433521.0,1.0,321.33,2024-01-05 20:01:50,2024-01-05 20:15:50,2024-01-05 20:32:50,3310.78,Card,6551.0
343300311.0,37095171.0,962591.0,2.0,130.01,2024-08-04 01:20:23,2024-08-04 01:37:23,2024-08-04 01:43:23,2120.74,Wallet,9607.0
3922539531.0,10048910.0,647462.0,1.0,326.42,2024-09-24 15:36:04,2024-09-24 15:54:04,2024-09-24 15:54:04,1858.86,UPI,7568.0
7634516705.0,2058037.0,154179.0,1.0,582.87,2023-10-15 14:39:27,2023-10-15 14:56:27,2023-10-15 15:01:27,2803.07,UPI,8148.0
8731122718.0,50572914.0,847349.0,3.0,781.08,2023-04-23 05:36:37,2023-04-23 05:56:37,2023-04-23 06:09:37,1980.68,Card,1633.0
9471236505.0,5540556.0,669378.0,3.0,212.14,2024-10-05 10:53:10,2024-10-05 11:12:10,2024-10-05 11:35:10,2872.87,Cash,3786.0
9497014025.0,79764458.0,492958.0,3.0,84.2,2024-11-03 04:48:42,2024-11-03 05:01:42,2024-11-03 05:14:42,1475.14,Wallet,7713.0
592358946.0,54952806.0,378676.0,3.0,881.42,2024-08-22 01:54:12,2024-08-22 02:14:12,2024-08-22 02:17:12,2564.32,Card,6235.0
9680783354.0,20517871.0,41853.0,3.0,910.44,2023-04-09 01:52:19,2023-04-09 02:11:19,2023-04-09 02:11:19,4361.99,Cash,7329.0
6109792602.0,20148223.0,723678.0,3.0,675.46,2023-09-13 01:59:51,2023-09-13 02:16:51,2023-09-13 02:19:51,2711.74,UPI,2636.0
2734817654.0,6184558.0,365132.0,3.0,229.38,2023-04-12 09:38:01,2023-04-12 09:51:01,2023-04-12 09:48:01,3676.83,Wallet,5492.0
6380542008.0,76917159.0,961614.0,2.0,227.22,2023-06-08 17:37:20,2023-06-08 17:49:20,2023-06-08 17:48:20,3087.38,UPI,9709.0
4784760589.0,97111069.0,820973.0,3.0,114.52,2024-03-21 03:58:41,2024-03-21 04:17:41,2024-03-21 04:14:41,1639.04,Wallet,12.0
1577703194.0,25641500.0,647462.0,1.0,326.42,2024-04-28 02:35:49,2024-04-28 02:48:49,2024-04-28 02:46:49,1072.62,Card,4312.0
6758737749.0,70363568.0,186168.0,2.0,878.8,2023-10-26 01:52:58,2023-10-26 02:05:58,2023-10-26 02:08:58,2635.52,UPI,1458.0
4081640450.0,97557157.0,136533.0,2.0,826.21,2024-03-16 16:59:58,2024-03-16 17:16:58,2024-03-16 17:20:58,1137.59,UPI,6693.0
9258266990.0,76512976.0,492958.0,1.0,84.2,2024-03-31 07:48:47,2024-03-31 08:05:47,2024-03-31 08:05:47,503.05,Wallet,708.0
2109410707.0,19741509.0,91670.0,3.0,439.24,2024-08-07 20:09:41,2024-08-07 20:27:41,2024-08-07 20:27:41,5477.53,Wallet,1837.0
576022547.0,31681710.0,243235.0,2.0,109.03,2024-04-07 05:57:50,2024-04-07 06:09:50,2024-04-07 06:05:50,4924.66,Card,3028.0
2106943908.0,27604184.0,133542.0,1.0,68.49,2024-01-28 16:53:04,2024-01-28 17:03:04,2024-01-28 17:00:04,1032.4,Cash,8901.0
6541281594.0,51812283.0,26060.0,1.0,342.94,2023-11-18 10:31:04,2023-11-18 10:43:04,2023-11-18 10:53:04,486.28,Wallet,5063.0
2664220988.0,92091019.0,183929.0,3.0,738.74,2023-05-05 20:23:41,2023-05-05 20:38:41,2023-05-05 20:39:41,3117.45,Card,2504.0
493514666.0,12141418.0,542300.0,2.0,255.35,2023-11-20 23:03:29,2023-11-20 23:17:29,2023-11-20 23:23:29,1421.52,Wallet,1953.0
9658669384.0,29664214.0,658389.0,2.0,152.55,2023-09-06 21:29:00,2023-09-06 21:41:00,2023-09-06 21:37:00,764.69,UPI,3047.0
8765283513.0,21461764.0,449106.0,3.0,48.55,2024-02-23 20:01:21,2024-02-23 20:18:21,2024-02-23 20:42:21,1738.07,Cash,1948.0
6421427812.0,21948041.0,51036.0,2.0,931.61,2023-10-05 01:14:20,2023-10-05 01:33:20,2023-10-05 01:36:20,4518.73,UPI,970.0
4467093205.0,8025622.0,739448.0,3.0,755.66,2023-10-24 12:37:26,2023-10-24 12:49:26,2023-10-24 12:50:26,1067.68,UPI,7763.0
7560862152.0,34755436.0,328457.0,3.0,858.57,2023-04-15 08:48:53,2023-04-15 09:05:53,2023-04-15 09:07:53,1409.57,UPI,3002.0
8218080678.0,53538932.0,365133.0,1.0,915.45,2024-05-04 18:57:03,2024-05-04 19:10:03,2024-05-04 19:40:03,4113.75,Cash,8276.0
8196173573.0,59110513.0,481843.0,3.0,297.68,2024-07-17 18:24:30,2024-07-17 18:36:30,2024-07-17 18:53:30,2030.37,Wallet,2767.0
1174856327.0,10855630.0,654623.0,2.0,422.14,2024-06-16 21:24:53,2024-06-16 21:39:53,2024-06-16 21:49:53,2279.72,UPI,6059.0
9754365788.0,17805991.0,949818.0,3.0,483.05,2023-12-02 21:33:02,2023-12-02 21:45:02,2023-12-02 21:49:02,532.57,Cash,591.0
8398774908.0,90448312.0,256051.0,1.0,400.92,2024-02-26 19:43:25,2024-02-26 19:54:25,2024-02-26 19:58:25,186.08,Wallet,9103.0
626433439.0,41640262.0,913428.0,1.0,392.22,2024-02-17 23:29:34,2024-02-17 23:47:34,2024-02-17 23:45:34,4972.56,UPI,2862.0
3097299525.0,80862136.0,257719.0,3.0,281.73,2023-10-12 15:30:57,2023-10-12 15:41:57,2023-10-12 15:42:57,530.85,Wallet,3803.0
5367488413.0,18113428.0,592784.0,3.0,280.35,2023-12-12 04:48:42,2023-12-12 05:08:42,2023-12-12 05:09:42,3863.99,UPI,2328.0
3700795655.0,47515046.0,153019.0,3.0,947.95,2023-06-10 18:37:56,2023-06-10 18:47:56,2023-06-10 18:46:56,704.1,Card,9435.0
3161904185.0,82374625.0,654623.0,2.0,422.14,2024-01-13 14:18:11,2024-01-13 14:36:11,2024-01-13 14:37:11,1241.11,Wallet,3978.0
8149944548.0,16436359.0,968887.0,2.0,40.7,2024-07-24 23:07:04,2024-07-24 23:24:04,2024-07-24 23:29:04,3094.56,Cash,1525.0
4961830447.0,3408982.0,144124.0,3.0,162.67,2024-09-06 01:36:17,2024-09-06 01:50:17,2024-09-06 01:55:17,2369.49,UPI,1475.0
613578154.0,53974737.0,287070.0,3.0,443.17,2024-08-03 04:51:31,2024-08-03 05:02:31,2024-08-03 05:15:31,3210.52,Cash,6192.0
2582466700.0,65368179.0,444361.0,2.0,822.63,2024-09-10 16:13:12,2024-09-10 16:25:12,2024-09-10 16:32:12,976.55,Wallet,1151.0
3840910839.0,77869660.0,592784.0,1.0,280.35,2023-09-10 19:54:37,2023-09-10 20:11:37,2023-09-10 20:24:37,1732.44,Wallet,7541.0
399559401.0,84456355.0,658389.0,2.0,152.55,2023-11-01 19:21:58,2023-11-01 19:35:58,2023-11-01 20:02:58,3474.58,UPI,7190.0
4037817241.0,48716374.0,561860.0,3.0,874.78,2023-12-19 13:40:46,2023-12-19 14:00:46,2023-12-19 14:09:46,1385.27,Wallet,5518.0
582598096.0,75213636.0,689769.0,2.0,46.62,2023-10-27 23:11:55,2023-10-27 23:25:55,2023-10-27 23:26:55,1296.1,UPI,2347.0
9218060399.0,80286283.0,949818.0,3.0,483.05,2024-10-25 08:35:30,2024-10-25 08:46:30,2024-10-25 08:45:30,4320.63,Card,5212.0
6650174202.0,14255231.0,833557.0,2.0,422.87,2023-07-10 03:29:39,2023-07-10 03:41:39,2023-07-10 03:38:39,5263.87,UPI,7523.0
2715902884.0,67711384.0,672059.0,3.0,672.73,2024-08-27 03:36:14,2024-08-27 03:46:14,2024-08-27 03:41:14,4064.39,UPI,2786.0
7957986242.0,69761993.0,41853.0,2.0,910.44,2023-12-10 10:40:31,2023-12-10 10:58:31,2023-12-10 10:59:31,2007.76,Card,3876.0
7148568995.0,30447453.0,397973.0,3.0,728.73,2023-04-06 07:37:41,2023-04-06 07:55:41,2023-04-06 08:15:41,1296.49,UPI,7569.0
670358911.0,20834589.0,124290.0,2.0,39.65,2023-12-21 10:05:05,2023-12-21 10:20:05,2023-12-21 10:16:05,4368.88,Card,8511.0
6098277214.0,46876240.0,11422.0,2.0,127.16,2023-03-22 13:39:16,2023-03-22 13:53:16,2023-03-22 13:51:16,3510.24,Wallet,1643.0
4621664126.0,5386246.0,491314.0,3.0,973.44,2024-07-17 12:11:28,2024-07-17 12:25:28,2024-07-17 12:37:28,2834.89,Wallet,1464.0
6336460663.0,95018817.0,820541.0,3.0,576.22,2023-08-28 06:50:04,2023-08-28 07:00:04,2023-08-28 07:10:04,2094.1,UPI,5377.0
909027635.0,77214094.0,444361.0,3.0,822.63,2023-06-24 20:36:32,2023-06-24 20:53:32,2023-06-24 21:12:32,2667.33,Cash,1141.0
2854202683.0,23081177.0,51036.0,3.0,931.61,2023-10-18 18:01:41,2023-10-18 18:19:41,2023-10-18 18:27:41,5105.99,Card,9411.0
7936387697.0,36998375.0,992178.0,3.0,632.43,2023-03-29 00:26:50,2023-03-29 00:44:50,2023-03-29 00:46:50,3584.24,Card,3840.0
8337736091.0,66768157.0,613942.0,1.0,545.0,2024-04-04 00:35:20,2024-04-04 00:52:20,2024-04-04 00:56:20,3301.22,Cash,189.0
4404350734.0,57892837.0,298985.0,2.0,183.76,2024-01-16 16:51:01,2024-01-16 17:03:01,2024-01-16 17:27:01,1946.25,Card,7014.0
6565246127.0,12455156.0,803607.0,2.0,949.73,2024-05-18 16:03:10,2024-05-18 16:17:10,2024-05-18 16:14:10,821.95,UPI,8560.0
3494650073.0,49806393.0,642612.0,2.0,517.03,2024-03-03 22:07:45,2024-03-03 22:21:45,2024-03-03 22:20:45,959.08,Card,8628.0
1920923798.0,71189232.0,451812.0,3.0,530.85,2024-05-01 07:47:34,2024-05-01 07:58:34,2024-05-01 07:53:34,887.48,UPI,3162.0
5069524975.0,90246977.0,913428.0,3.0,392.22,2024-07-24 01:20:16,2024-07-24 01:31:16,2024-07-24 01:36:16,517.77,Cash,2046.0
3873368520.0,53392567.0,812607.0,2.0,416.65,2023-10-04 08:14:42,2023-10-04 08:34:42,2023-10-04 08:32:42,3741.7,UPI,7958.0
3111414152.0,56195475.0,587645.0,1.0,801.81,2024-08-01 07:14:37,2024-08-01 07:29:37,2024-08-01 07:27:37,2560.91,Card,2162.0
7104489974.0,47618810.0,53833.0,1.0,134.69,2023-06-28 21:55:05,2023-06-28 22:12:05,2023-06-28 22:10:05,3690.39,Cash,2635.0
3211566084.0,45383958.0,621677.0,1.0,317.8,2024-02-24 14:06:37,2024-02-24 14:21:37,2024-02-24 14:18:37,1460.67,Card,8701.0
2416717644.0,11493300.0,183929.0,3.0,738.74,2023-09-12 18:28:43,2023-09-12 18:41:43,2023-09-12 18:47:43,4066.1,Wallet,7211.0
4535670244.0,22210238.0,890232.0,2.0,432.0,2024-05-17 08:01:08,2024-05-17 08:20:08,2024-05-17 08:15:08,2266.44,Wallet,3944.0
7309958460.0,3282647.0,961614.0,1.0,227.22,2024-01-20 02:48:17,2024-01-20 03:08:17,2024-01-20 03:22:17,418.48,Wallet,2127.0
9996182478.0,39976965.0,592784.0,3.0,280.35,2023-04-18 13:13:06,2023-04-18 13:30:06,2023-04-18 13:30:06,340.36,UPI,2861.0
2231942521.0,15931134.0,659290.0,2.0,319.34,2023-12-24 02:28:15,2023-12-24 02:43:15,2023-12-24 03:09:15,2575.76,Wallet,2594.0
554028972.0,3421258.0,734789.0,2.0,395.82,2023-09-26 07:50:32,2023-09-26 08:00:32,2023-09-26 08:04:32,1183.85,Wallet,3008.0
8756001290.0,85340038.0,726958.0,1.0,887.48,2023-05-06 17:37:11,2023-05-06 17:54:11,2023-05-06 17:49:11,2600.2,UPI,6634.0
8047899303.0,11254582.0,684939.0,2.0,727.95,2023-09-28 01:45:21,2023-09-28 02:00:21,2023-09-28 02:00:21,1028.26,UPI,757.0
9720683332.0,87641623.0,542300.0,3.0,255.35,2024-06-23 20:18:46,2024-06-23 20:36:46,2024-06-23 20:33:46,1692.04,Card,3258.0
218670241.0,70220141.0,131748.0,1.0,81.35,2023-06-07 03:22:10,2023-06-07 03:38:10,2023-06-07 03:54:10,497.09,UPI,5323.0
1382880255.0,94078407.0,820541.0,2.0,576.22,2024-08-11 13:26:47,2024-08-11 13:43:47,2024-08-11 13:48:47,2410.88,Card,3709.0
332975964.0,99824171.0,490602.0,1.0,549.47,2023-09-21 01:37:40,2023-09-21 01:52:40,2023-09-21 02:11:40,2545.55,Cash,9477.0
2638683222.0,2457734.0,652118.0,2.0,22.04,2024-10-30 05:28:47,2024-10-30 05:38:47,2024-10-30 05:43:47,887.48,Card,2769.0
9150146711.0,54923640.0,734789.0,2.0,395.82,2024-04-29 18:20:35,2024-04-29 18:35:35,2024-04-29 18:40:35,2357.91,Wallet,4316.0
1553626879.0,6579892.0,602241.0,3.0,976.55,2024-10-26 14:35:25,2024-10-26 14:49:25,2024-10-26 14:54:25,4260.55,UPI,284.0
9271384187.0,67749649.0,186168.0,2.0,878.8,2023-11-28 03:30:12,2023-11-28 03:42:12,2023-11-28 03:47:12,3778.41,Card,7338.0
1409544327.0,86444757.0,677542.0,3.0,212.61,2024-07-13 16:18:13,2024-07-13 16:34:13,2024-07-13 16:39:13,1892.02,Wallet,8983.0
637100019.0,62868582.0,677169.0,1.0,261.03,2023-10-23 18:20:24,2023-10-23 18:34:24,2023-10-23 18:36:24,2537.11,Wallet,7033.0
186083059.0,67829645.0,337168.0,3.0,545.49,2024-07-01 20:22:07,2024-07-01 20:32:07,2024-07-01 20:36:07,1855.64,Wallet,6265.0
1804073530.0,10048910.0,661577.0,1.0,720.95,2024-06-19 17:25:06,2024-06-19 17:43:06,2024-06-19 17:41:06,2824.36,UPI,3590.0
5291430311.0,75081265.0,894539.0,2.0,445.48,2023-10-19 19:02:56,2023-10-19 19:14:56,2023-10-19 19:41:56,1993.93,Cash,5941.0
6947225582.0,89051578.0,34200.0,3.0,319.8,2024-04-03 08:47:01,2024-04-03 08:58:01,2024-04-03 08:55:01,475.04,Cash,7428.0
5710643134.0,38420886.0,712307.0,3.0,264.89,2023-04-16 16:59:10,2023-04-16 17:16:10,2023-04-16 17:44:10,634.18,Card,443.0
8329733630.0,46717997.0,36412.0,2.0,397.68,2024-03-04 03:52:58,2024-03-04 04:04:58,2024-03-04 04:11:58,1816.98,Cash,4453.0
6772651293.0,27049432.0,818522.0,2.0,96.09,2023-12-15 18:31:13,2023-12-15 18:50:13,2023-12-15 18:51:13,1303.9,UPI,6405.0
581212790.0,21461764.0,219598.0,2.0,367.08,2024-06-29 08:47:32,2024-06-29 09:03:32,2024-06-29 09:11:32,3835.87,Wallet,5239.0
4766571706.0,71176678.0,131748.0,3.0,81.35,2023-05-05 17:44:23,2023-05-05 18:00:23,2023-05-05 18:11:23,397.68,Card,9452.0
9961298199.0,37926207.0,336847.0,1.0,936.98,2023-11-27 06:20:52,2023-11-27 06:33:52,2023-11-27 06:29:52,2762.95,Wallet,4313.0
8102675591.0,51119088.0,679865.0,1.0,347.91,2024-02-03 22:50:53,2024-02-03 23:00:53,2024-02-03 23:13:53,609.82,UPI,910.0
604050223.0,29689766.0,818990.0,1.0,163.55,2024-04-18 08:03:01,2024-04-18 08:23:01,2024-04-18 08:22:01,918.58,Card,3993.0
782327552.0,45586151.0,52729.0,2.0,316.02,2023-07-07 19:53:54,2023-07-07 20:10:54,2023-07-07 20:12:54,2751.67,Cash,36.0
6156638188.0,70589930.0,525531.0,1.0,831.1,2023-03-17 04:57:05,2023-03-17 05:15:05,2023-03-17 05:22:05,2569.47,Card,2280.0
6475299855.0,5238055.0,567671.0,1.0,418.48,2023-10-13 22:08:45,2023-10-13 22:19:45,2023-10-13 22:24:45,3096.82,Cash,2010.0
689110145.0,84161531.0,378676.0,3.0,881.42,2023-05-03 06:46:48,2023-05-03 06:56:48,2023-05-03 07:17:48,1235.24,UPI,7768.0
2785467351.0,59009727.0,587645.0,3.0,801.81,2024-05-12 13:19:57,2024-05-12 13:36:57,2024-05-12 13:51:57,2848.42,Wallet,4300.0
7188270379.0,86487478.0,704868.0,2.0,193.46,2024-04-15 06:19:27,2024-04-15 06:30:27,2024-04-15 06:36:27,5245.33,UPI,6350.0
9209192342.0,42227189.0,799952.0,3.0,922.64,2024-03-05 06:50:05,2024-03-05 07:06:05,2024-03-05 07:16:05,679.28,UPI,984.0
3193016310.0,58115779.0,990993.0,3.0,263.7,2023-12-02 05:09:03,2023-12-02 05:29:03,2023-12-02 05:50:03,803.12,Cash,9359.0
9743228131.0,34839913.0,131748.0,3.0,81.35,2024-07-09 08:44:54,2024-07-09 08:58:54,2024-07-09 08:59:54,4156.96,UPI,7677.0
4417542973.0,84937877.0,131937.0,2.0,287.81,2024-08-23 11:53:24,2024-08-23 12:11:24,2024-08-23 12:11:24,2434.22,Card,9068.0
3065857200.0,82359623.0,222892.0,1.0,869.22,2024-06-26 02:36:03,2024-06-26 02:54:03,2024-06-26 02:57:03,4340.64,Cash,551.0
6994732191.0,35278126.0,94225.0,2.0,77.11,2023-07-24 11:19:55,2023-07-24 11:37:55,2023-07-24 11:47:55,4027.04,Card,9762.0
7663189769.0,85006599.0,937542.0,2.0,97.04,2023-08-01 12:35:29,2023-08-01 12:55:29,2023-08-01 13:18:29,368.54,Card,5387.0
5012619147.0,66130660.0,287070.0,1.0,443.17,2023-05-03 10:08:16,2023-05-03 10:21:16,2023-05-03 10:50:16,1861.22,Card,6333.0
7456088789.0,36737539.0,799952.0,1.0,922.64,2023-04-09 00:01:59,2023-04-09 00:16:59,2023-04-09 00:21:59,3073.92,Wallet,6143.0
3270559373.0,13604883.0,382511.0,1.0,702.54,2023-03-19 13:25:27,2023-03-19 13:45:27,2023-03-19 13:51:27,2266.96,Cash,2056.0
4703798183.0,21597477.0,557908.0,3.0,942.37,2023-12-23 06:48:16,2023-12-23 07:05:16,2023-12-23 07:15:16,3135.96,Cash,1584.0
3968840556.0,93723634.0,818522.0,3.0,96.09,2024-09-09 22:11:16,2024-09-09 22:22:16,2024-09-09 22:27:16,3002.12,UPI,7173.0
2331647373.0,84848018.0,832348.0,1.0,831.43,2023-08-11 06:31:20,2023-08-11 06:41:20,2023-08-11 06:46:20,1263.26,Cash,9713.0
6683347454.0,34697768.0,847349.0,2.0,781.08,2023-05-25 15:18:36,2023-05-25 15:38:36,2023-05-25 15:48:36,3293.03,Wallet,3592.0
5710259220.0,17287733.0,222892.0,1.0,869.22,2023-04-15 15:28:40,2023-04-15 15:46:40,2023-04-15 15:50:40,3128.46,Wallet,670.0
9871546057.0,39418109.0,894539.0,1.0,445.48,2024-05-12 03:34:53,2024-05-12 03:54:53,2024-05-12 03:50:53,976.19,UPI,3643.0
5459704311.0,47295676.0,77308.0,1.0,223.27,2023-12-01 10:39:33,2023-12-01 10:50:33,2023-12-01 10:53:33,1092.66,UPI,5461.0
3426702134.0,50229203.0,542300.0,3.0,255.35,2024-08-23 09:02:45,2024-08-23 09:12:45,2024-08-23 09:22:45,217.4,Card,1126.0
7671357353.0,16420489.0,256051.0,1.0,400.92,2024-02-18 16:36:29,2024-02-18 16:52:29,2024-02-18 16:49:29,1968.97,Wallet,2511.0
9656230693.0,40305293.0,604184.0,3.0,397.55,2023-04-16 08:23:43,2023-04-16 08:35:43,2023-04-16 08:47:43,936.98,Cash,9243.0
3315369956.0,9105829.0,33955.0,3.0,186.08,2023-04-21 07:44:03,2023-04-21 08:02:03,2023-04-21 08:09:03,3947.39,Card,8224.0
1762287720.0,94404245.0,851978.0,3.0,715.72,2024-08-30 07:15:06,2024-08-30 07:27:06,2024-08-30 07:28:06,1498.34,Card,9563.0
4816206081.0,36142455.0,667163.0,2.0,441.2,2023-05-12 14:07:49,2023-05-12 14:27:49,2023-05-12 14:32:49,1239.96,Card,3112.0
2808133351.0,11071601.0,94225.0,1.0,77.11,2023-12-03 11:14:33,2023-12-03 11:27:33,2023-12-03 11:27:33,2922.68,Cash,3774.0
3444569396.0,57967753.0,237083.0,3.0,577.13,2024-09-25 19:12:11,2024-09-25 19:31:11,2024-09-25 19:27:11,2526.45,UPI,8264.0
9704671447.0,25977417.0,306177.0,2.0,769.24,2023-12-05 22:44:34,2023-12-05 22:56:34,2023-12-05 22:57:34,3530.03,Cash,8476.0
6454001692.0,2136830.0,319388.0,1.0,657.8,2023-09-09 17:10:08,2023-09-09 17:30:08,2023-09-09 17:42:08,4369.13,UPI,8872.0
2624508626.0,63262519.0,70969.0,3.0,631.7,2024-02-28 00:12:59,2024-02-28 00:27:59,2024-02-28 00:24:59,326.56,Wallet,9228.0
932273820.0,17287733.0,513199.0,3.0,422.23,2024-05-06 02:04:58,2024-05-06 02:16:58,2024-05-06 02:21:58,1912.65,Cash,8621.0
7908614088.0,12622901.0,600767.0,3.0,722.42,2023-05-14 15:42:09,2023-05-14 16:02:09,2023-05-14 16:16:09,6721.46,Card,523.0
9730765358.0,82708090.0,654623.0,2.0,422.14,2023-08-20 21:45:23,2023-08-20 21:58:23,2023-08-20 21:57:23,1354.27,UPI,9210.0
4748284156.0,38969732.0,118820.0,1.0,12.32,2023-09-18 20:15:02,2023-09-18 20:27:02,2023-09-18 20:25:02,3484.22,Card,5517.0
1829286278.0,45052594.0,6405.0,2.0,236.51,2023-09-27 17:13:16,2023-09-27 17:32:16,2023-09-27 17:34:16,2529.56,Card,120.0
3180415318.0,22076522.0,697683.0,1.0,123.74,2024-07-07 05:06:55,2024-07-07 05:16:55,2024-07-07 05:43:55,1790.18,Card,983.0
1008158736.0,62971413.0,721521.0,1.0,417.39,2024-06-10 15:00:16,2024-06-10 15:14:16,2024-06-10 15:23:16,814.33,Card,8514.0
5092816701.0,89531595.0,337168.0,3.0,545.49,2024-06-03 19:10:02,2024-06-03 19:22:02,2024-06-03 19:52:02,2717.67,Cash,7588.0
4339850858.0,16230299.0,914071.0,1.0,296.94,2023-10-25 22:24:54,2023-10-25 22:34:54,2023-10-25 22:50:54,626.19,UPI,8440.0
1564040362.0,93924203.0,217710.0,1.0,58.59,2023-08-01 11:56:52,2023-08-01 12:08:52,2023-08-01 12:05:52,4091.56,UPI,3281.0
4856827800.0,43784632.0,398340.0,1.0,651.93,2024-08-20 03:23:58,2024-08-20 03:33:58,2024-08-20 03:30:58,1785.77,Card,9380.0
2465711187.0,48511124.0,513199.0,2.0,422.23,2023-03-30 10:56:02,2023-03-30 11:08:02,2023-03-30 11:03:02,2295.91,Wallet,7144.0
7741314063.0,32054313.0,26060.0,2.0,342.94,2024-09-13 19:17:00,2024-09-13 19:34:00,2024-09-13 19:36:00,2559.45,UPI,3886.0
6973696848.0,21779155.0,965755.0,3.0,532.57,2023-04-23 15:48:37,2023-04-23 16:07:37,2023-04-23 16:16:37,2455.38,UPI,3543.0
443178123.0,56248757.0,587645.0,1.0,801.81,2024-08-29 00:57:24,2024-08-29 01:09:24,2024-08-29 01:15:24,464.47,UPI,5562.0
2155491764.0,77869660.0,194682.0,2.0,912.29,2024-08-29 01:12:55,2024-08-29 01:31:55,2024-08-29 01:26:55,1496.14,Card,201.0
282887897.0,97492493.0,491521.0,3.0,556.35,2023-09-19 23:21:12,2023-09-19 23:36:12,2023-09-19 23:32:12,3330.24,Wallet,1577.0
1014190951.0,70798876.0,913428.0,2.0,392.22,2023-04-25 16:00:01,2023-04-25 16:19:01,2023-04-25 16:14:01,1856.87,Cash,1074.0
4632027192.0,64162093.0,298985.0,2.0,183.76,2024-07-09 02:43:22,2024-07-09 02:59:22,2024-07-09 02:58:22,2036.3,Cash,7992.0
9196809062.0,58979427.0,222892.0,2.0,869.22,2024-05-19 02:58:20,2024-05-19 03:16:20,2024-05-19 03:31:20,3159.25,Cash,2301.0
3802671506.0,55028958.0,876139.0,2.0,415.75,2023-07-30 07:51:28,2023-07-30 08:04:28,2023-07-30 08:04:28,4557.7,Wallet,7462.0
931138604.0,38133873.0,378676.0,2.0,881.42,2023-08-24 16:18:57,2023-08-24 16:28:57,2023-08-24 16:24:57,1521.46,UPI,8292.0
6507222211.0,46623192.0,131136.0,2.0,37.8,2024-01-15 06:54:51,2024-01-15 07:14:51,2024-01-15 07:25:51,3387.81,Wallet,681.0
9091185978.0,4606533.0,552883.0,2.0,888.16,2023-07-22 08:48:30,2023-07-22 09:08:30,2023-07-22 09:08:30,938.72,Wallet,413.0
6314310505.0,42272393.0,615545.0,2.0,448.16,2024-02-16 04:34:10,2024-02-16 04:46:10,2024-02-16 04:47:10,785.67,Wallet,8019.0
2711467206.0,21658322.0,124290.0,1.0,39.65,2023-04-07 00:50:13,2023-04-07 01:03:13,2023-04-07 00:58:13,2764.55,Cash,9015.0
1359318731.0,72675976.0,120532.0,1.0,697.53,2024-08-27 22:36:25,2024-08-27 22:52:25,2024-08-27 22:47:25,831.43,Wallet,7047.0
4521042050.0,99734256.0,57405.0,2.0,607.67,2024-04-25 08:00:21,2024-04-25 08:14:21,2024-04-25 08:17:21,2669.97,Wallet,5597.0
1317016672.0,87256913.0,818522.0,3.0,96.09,2024-09-20 23:46:52,2024-09-21 00:03:52,2024-09-21 00:07:52,3869.92,Wallet,9048.0
7624598493.0,69516494.0,661577.0,1.0,720.95,2024-04-18 06:44:36,2024-04-18 07:02:36,2024-04-18 07:09:36,2629.91,Wallet,4792.0
1753431230.0,9048817.0,222892.0,2.0,869.22,2024-03-24 13:44:38,2024-03-24 13:56:38,2024-03-24 13:51:38,3944.12,Wallet,9147.0
8650539199.0,41640262.0,194682.0,1.0,912.29,2023-12-04 05:05:17,2023-12-04 05:25:17,2023-12-04 05:37:17,1272.55,Card,5658.0
3276478503.0,10048910.0,329351.0,3.0,310.87,2024-04-03 14:28:23,2024-04-03 14:39:23,2024-04-03 14:36:23,2477.66,Cash,663.0
5080943123.0,2164524.0,15314.0,1.0,578.85,2023-09-21 13:42:13,2023-09-21 14:01:13,2023-09-21 14:22:13,1496.54,Wallet,2977.0
6158083683.0,78158536.0,832348.0,3.0,831.43,2024-03-08 17:19:17,2024-03-08 17:37:17,2024-03-08 17:42:17,3096.42,Cash,4050.0
9228072842.0,93370787.0,883013.0,1.0,989.88,2023-07-25 06:05:17,2023-07-25 06:21:17,2023-07-25 06:26:17,959.14,UPI,1829.0
4028432722.0,77397957.0,951463.0,3.0,787.4,2024-05-21 17:41:24,2024-05-21 18:01:24,2024-05-21 18:06:24,1937.88,Card,8183.0
3679730192.0,83404008.0,707935.0,1.0,820.9,2023-07-05 14:27:32,2023-07-05 14:40:32,2023-07-05 14:35:32,2775.88,Cash,9630.0
71793937.0,13189939.0,94225.0,1.0,77.11,2024-04-20 23:44:39,2024-04-21 00:02:39,2024-04-21 00:00:39,2269.58,Cash,9947.0
47467466.0,55693909.0,120385.0,1.0,597.91,2023-09-05 16:53:11,2023-09-05 17:04:11,2023-09-05 17:02:11,102.44,Wallet,2532.0
4538136436.0,18170800.0,726958.0,2.0,887.48,2023-05-23 03:28:54,2023-05-23 03:40:54,2023-05-23 03:45:54,2282.55,Card,5084.0
8750169461.0,96989204.0,373536.0,2.0,494.17,2024-09-07 06:42:34,2024-09-07 06:54:34,2024-09-07 06:55:34,4677.25,UPI,7647.0
9371021811.0,76850859.0,753354.0,3.0,423.56,2024-10-24 11:37:31,2024-10-24 11:57:31,2024-10-24 11:55:31,1217.12,Card,2565.0
679274212.0,91243571.0,721521.0,2.0,417.39,2024-10-19 19:09:22,2024-10-19 19:26:22,2024-10-19 19:21:22,1922.55,Card,5840.0
6601671674.0,49136375.0,500739.0,2.0,359.98,2023-07-09 06:22:00,2023-07-09 06:35:00,2023-07-09 06:48:00,2353.53,Cash,7944.0
2708441500.0,23286884.0,14145.0,1.0,630.84,2024-01-12 21:05:00,2024-01-12 21:21:00,2024-01-12 21:17:00,2396.22,Card,6831.0
9548480220.0,82594354.0,799688.0,1.0,309.62,2023-09-08 12:13:28,2023-09-08 12:30:28,2023-09-08 12:33:28,3568.09,Wallet,3238.0
5440864021.0,44409533.0,324809.0,3.0,608.0,2023-09-15 07:33:04,2023-09-15 07:52:04,2023-09-15 07:51:04,1988.09,Card,7285.0
5705224767.0,3897936.0,604184.0,2.0,397.55,2023-06-02 17:35:56,2023-06-02 17:52:56,2023-06-02 17:48:56,2322.96,Card,562.0
9945458771.0,8733344.0,63769.0,3.0,878.07,2024-08-27 15:06:31,2024-08-27 15:16:31,2024-08-27 15:26:31,910.44,Cash,6268.0
336832815.0,10769994.0,647462.0,3.0,326.42,2023-12-09 04:14:59,2023-12-09 04:27:59,2023-12-09 04:38:59,935.81,UPI,7500.0
9543126726.0,24308515.0,600767.0,3.0,722.42,2024-05-01 12:03:22,2024-05-01 12:22:22,2024-05-01 12:34:22,2520.83,Cash,6769.0
5134666123.0,38613642.0,942001.0,1.0,671.55,2024-05-02 13:28:58,2024-05-02 13:48:58,2024-05-02 13:49:58,887.15,UPI,6562.0
5663657880.0,69632084.0,859361.0,1.0,432.39,2024-05-06 11:20:40,2024-05-06 11:35:40,2024-05-06 11:59:40,2630.49,UPI,5302.0
5352647396.0,49756591.0,606256.0,3.0,369.28,2023-10-11 20:42:36,2023-10-11 21:02:36,2023-10-11 21:00:36,1833.25,Cash,3566.0
7995172779.0,40703374.0,913428.0,2.0,392.22,2023-06-15 13:44:44,2023-06-15 14:02:44,2023-06-15 14:15:44,438.47,Cash,3605.0
605779703.0,8881320.0,888807.0,1.0,230.58,2024-03-07 23:02:42,2024-03-07 23:19:42,2024-03-07 23:16:42,1354.81,UPI,1208.0
685688121.0,60371334.0,337168.0,3.0,545.49,2023-10-27 01:01:25,2023-10-27 01:17:25,2023-10-27 01:34:25,2302.74,Wallet,1618.0
5966726971.0,57833505.0,26060.0,2.0,342.94,2023-09-06 18:01:18,2023-09-06 18:16:18,2023-09-06 18:21:18,2597.42,Wallet,4449.0
6763510083.0,4055790.0,11422.0,1.0,127.16,2023-06-07 10:27:39,2023-06-07 10:41:39,2023-06-07 10:36:39,3215.35,Cash,3310.0
6735813139.0,90448312.0,171602.0,3.0,883.44,2023-04-04 01:07:06,2023-04-04 01:25:06,2023-04-04 01:21:06,951.27,Cash,3811.0
8361205778.0,47274329.0,820973.0,2.0,114.52,2023-06-20 08:36:50,2023-06-20 08:52:50,2023-06-20 08:50:50,2288.64,Wallet,6955.0
3640952655.0,50105174.0,954722.0,2.0,616.45,2023-06-01 16:31:24,2023-06-01 16:48:24,2023-06-01 17:02:24,1325.12,Cash,7623.0
6395279829.0,34588087.0,833557.0,2.0,422.87,2023-10-26 04:59:56,2023-10-26 05:09:56,2023-10-26 05:08:56,3312.98,Cash,7226.0
339410846.0,61618079.0,760684.0,1.0,71.6,2023-05-06 15:36:15,2023-05-06 15:50:15,2023-05-06 15:45:15,967.74,Card,298.0
8924056486.0,74172010.0,820973.0,2.0,114.52,2024-04-08 00:45:25,2024-04-08 00:59:25,2024-04-08 01:24:25,2577.32,UPI,4989.0
6616322616.0,61763552.0,927651.0,1.0,426.72,2023-12-03 10:48:35,2023-12-03 11:05:35,2023-12-03 11:09:35,1998.9,Wallet,4706.0
4178578583.0,69340015.0,291238.0,1.0,746.03,2024-09-29 05:23:08,2024-09-29 05:39:08,2024-09-29 05:39:08,858.84,UPI,9868.0
7558107764.0,50968312.0,692985.0,3.0,197.39,2024-03-13 22:01:27,2024-03-13 22:16:27,2024-03-13 22:14:27,3414.46,Cash,4233.0
7894708851.0,78678612.0,455755.0,3.0,44.09,2024-04-12 01:37:57,2024-04-12 01:49:57,2024-04-12 01:47:57,481.63,Wallet,5005.0
1916638346.0,20163931.0,9436.0,2.0,88.43,2023-06-28 17:22:05,2023-06-28 17:40:05,2023-06-28 17:52:05,223.49,Cash,7021.0
4973943462.0,68341636.0,704868.0,3.0,193.46,2024-10-29 18:19:37,2024-10-29 18:36:37,2024-10-29 18:56:37,1903.83,Card,1572.0
6567129123.0,66135710.0,891833.0,1.0,493.19,2023-09-09 12:41:26,2023-09-09 12:54:26,2023-09-09 12:59:26,3012.34,Cash,2238.0
8702642032.0,23676689.0,107548.0,1.0,891.6,2023-08-22 20:13:04,2023-08-22 20:31:04,2023-08-22 20:34:04,1137.72,Card,8386.0
7857954356.0,76864442.0,903336.0,3.0,551.88,2024-01-20 18:49:03,2024-01-20 19:08:03,2024-01-20 19:04:03,2866.57,Wallet,4809.0
5376218500.0,24644542.0,644847.0,2.0,622.81,2023-11-16 15:45:17,2023-11-16 16:00:17,2023-11-16 16:09:17,888.16,Card,2758.0
3452449295.0,71252391.0,555121.0,2.0,354.91,2023-10-09 06:35:23,2023-10-09 06:54:23,2023-10-09 06:55:23,1395.83,UPI,5485.0
1694826296.0,12277039.0,709916.0,1.0,33.76,2023-05-09 19:36:29,2023-05-09 19:49:29,2023-05-09 19:47:29,2463.99,Card,1298.0
9449954611.0,97111119.0,63769.0,1.0,878.07,2023-08-12 07:24:03,2023-08-12 07:34:03,2023-08-12 07:41:03,50.12,Cash,9188.0
7722059222.0,63630649.0,888807.0,1.0,230.58,2023-11-16 23:07:52,2023-11-16 23:21:52,2023-11-16 23:36:52,4544.95,Cash,7000.0
2871448124.0,81091233.0,798639.0,2.0,211.25,2024-05-28 05:42:27,2024-05-28 06:00:27,2024-05-28 06:04:27,1538.55,Cash,779.0
4158839033.0,38969732.0,4452.0,1.0,169.88,2024-09-22 12:13:30,2024-09-22 12:29:30,2024-09-22 12:30:30,1618.32,Cash,478.0
9936118648.0,54885705.0,961614.0,1.0,227.22,2024-03-04 18:42:25,2024-03-04 18:58:25,2024-03-04 19:07:25,71.84,Wallet,9973.0
6804747901.0,89619421.0,848226.0,2.0,209.59,2024-01-31 02:45:25,2024-01-31 03:01:25,2024-01-31 03:04:25,2389.91,Wallet,8759.0
7579444448.0,53354003.0,500633.0,3.0,154.5,2024-06-06 16:01:20,2024-06-06 16:20:20,2024-06-06 16:22:20,491.39,Wallet,8726.0
4379043082.0,88167544.0,587420.0,2.0,357.42,2023-05-12 04:35:08,2023-05-12 04:45:08,2023-05-12 04:45:08,831.1,Cash,8366.0
4212894712.0,20310720.0,883013.0,1.0,989.88,2024-06-09 14:49:20,2024-06-09 15:04:20,2024-06-09 15:06:20,1512.77,Cash,790.0
7962511808.0,60371334.0,687218.0,1.0,317.82,2024-02-11 10:18:16,2024-02-11 10:32:16,2024-02-11 10:35:16,2861.63,UPI,8138.0
6478815087.0,22293666.0,67197.0,3.0,552.2,2024-07-18 08:01:45,2024-07-18 08:13:45,2024-07-18 08:10:45,2516.92,Cash,5317.0
6239166986.0,6724509.0,679865.0,3.0,347.91,2024-05-23 06:21:35,2024-05-23 06:41:35,2024-05-23 06:49:35,578.85,Cash,7457.0
9894863460.0,35826539.0,945635.0,1.0,778.9,2023-03-25 08:37:29,2023-03-25 08:51:29,2023-03-25 08:48:29,3219.23,Wallet,1882.0
2982638677.0,48554440.0,706112.0,2.0,478.79,2024-01-13 17:26:15,2024-01-13 17:36:15,2024-01-13 17:34:15,3688.89,Wallet,741.0
3284797515.0,13164195.0,925482.0,3.0,475.04,2024-09-10 03:50:34,2024-09-10 04:07:34,2024-09-10 04:20:34,3000.61,UPI,5617.0
8895501673.0,15066187.0,82484.0,1.0,914.88,2023-07-11 17:07:37,2023-07-11 17:19:37,2023-07-11 17:20:37,3624.66,Wallet,71.0
914992221.0,90882023.0,194682.0,3.0,912.29,2023-07-27 04:17:11,2023-07-27 04:37:11,2023-07-27 04:41:11,517.77,Cash,8948.0
2067729457.0,79916464.0,679321.0,3.0,738.46,2023-09-23 01:34:46,2023-09-23 01:48:46,2023-09-23 01:47:46,1286.82,Cash,9617.0
5389250154.0,94179692.0,481843.0,2.0,297.68,2024-09-15 02:36:25,2024-09-15 02:55:25,2024-09-15 02:51:25,2638.02,UPI,9502.0
4352973016.0,35912599.0,883013.0,3.0,989.88,2024-10-07 08:49:35,2024-10-07 09:07:35,2024-10-07 09:36:35,822.63,Cash,4271.0
7667555396.0,13796199.0,365133.0,1.0,915.45,2024-02-03 11:37:39,2024-02-03 11:54:39,2024-02-03 12:09:39,5488.33,Wallet,9693.0
168804744.0,25128143.0,925482.0,1.0,475.04,2023-10-28 07:21:34,2023-10-28 07:34:34,2023-10-28 07:34:34,3450.59,Card,4909.0
854218304.0,84377964.0,863930.0,2.0,242.57,2023-11-04 06:29:07,2023-11-04 06:40:07,2023-11-04 06:37:07,1897.86,Cash,7464.0
2616618240.0,12402437.0,171602.0,3.0,883.44,2024-03-14 00:46:30,2024-03-14 00:56:30,2024-03-14 00:57:30,3909.27,Wallet,4931.0
8891144024.0,47590944.0,492958.0,1.0,84.2,2023-04-06 20:40:40,2023-04-06 20:53:40,2023-04-06 20:57:40,1286.76,Cash,6524.0
4606856320.0,57102800.0,217710.0,2.0,58.59,2024-08-03 07:23:35,2024-08-03 07:33:35,2024-08-03 07:35:35,726.41,Wallet,6745.0
1876194333.0,51945420.0,540618.0,2.0,317.05,2024-03-27 08:38:09,2024-03-27 08:49:09,2024-03-27 08:51:09,1630.26,Cash,973.0
1471186096.0,51503088.0,455083.0,2.0,959.01,2023-11-21 02:10:26,2023-11-21 02:24:26,2023-11-21 02:39:26,2890.99,UPI,7605.0
4763556417.0,91602727.0,18035.0,3.0,968.94,2023-04-01 00:44:27,2023-04-01 00:54:27,2023-04-01 00:52:27,968.94,UPI,6077.0
5961097387.0,75474920.0,992178.0,2.0,632.43,2023-08-27 04:34:57,2023-08-27 04:53:57,2023-08-27 04:53:57,2425.77,Wallet,6574.0
1509646137.0,31456752.0,481843.0,3.0,297.68,2024-04-12 17:05:00,2024-04-12 17:21:00,2024-04-12 17:30:00,4104.67,Card,1608.0
7533431274.0,23984022.0,63769.0,3.0,878.07,2023-08-11 15:37:28,2023-08-11 15:52:28,2023-08-11 15:52:28,1728.15,UPI,9841.0
3598818329.0,22293666.0,196719.0,2.0,217.5,2023-07-29 03:19:44,2023-07-29 03:33:44,2023-07-29 03:34:44,2790.82,UPI,7756.0
2561337790.0,30823988.0,853932.0,3.0,941.19,2024-10-09 07:00:06,2024-10-09 07:13:06,2024-10-09 07:09:06,1213.78,Cash,7529.0
2359692348.0,5418547.0,284460.0,3.0,505.95,2024-08-31 00:34:00,2024-08-31 00:47:00,2024-08-31 00:51:00,1914.18,Card,5838.0
3146098826.0,12799092.0,513199.0,3.0,422.23,2024-06-20 23:11:38,2024-06-20 23:21:38,2024-06-20 23:24:38,3453.75,UPI,7486.0
8638050442.0,52770036.0,689769.0,3.0,46.62,2023-11-16 23:29:41,2023-11-16 23:46:41,2023-11-16 23:50:41,130.18,Card,5766.0
1833854180.0,60062501.0,992178.0,2.0,632.43,2023-03-23 07:12:41,2023-03-23 07:31:41,2023-03-23 07:56:41,4585.63,Cash,2729.0
5687148136.0,32527479.0,859361.0,2.0,432.39,2023-06-24 00:46:15,2023-06-24 00:56:15,2023-06-24 00:57:15,1438.64,Cash,6902.0
7133253616.0,14940427.0,654297.0,1.0,13.25,2024-08-14 08:08:21,2024-08-14 08:26:21,2024-08-14 08:37:21,4564.38,Wallet,4215.0
7899569162.0,90745023.0,500633.0,1.0,154.5,2023-08-15 08:52:13,2023-08-15 09:06:13,2023-08-15 09:13:13,1702.84,UPI,1568.0
6119637917.0,77961205.0,903336.0,3.0,551.88,2024-06-28 20:45:43,2024-06-28 20:59:43,2024-06-28 21:04:43,1146.21,UPI,1994.0
4924477011.0,7333934.0,500633.0,3.0,154.5,2024-01-13 19:20:13,2024-01-13 19:32:13,2024-01-13 19:33:13,3957.29,Cash,7432.0
577458306.0,94165062.0,863930.0,1.0,242.57,2023-10-03 07:10:04,2023-10-03 07:23:04,2023-10-03 07:18:04,2931.44,Wallet,5190.0
1605287230.0,7076456.0,871592.0,2.0,870.29,2023-08-08 06:37:33,2023-08-08 06:52:33,2023-08-08 06:52:33,3945.48,UPI,9638.0
5743074720.0,44828791.0,589812.0,2.0,163.03,2024-02-08 03:10:10,2024-02-08 03:26:10,2024-02-08 03:22:10,40.7,UPI,1693.0
1645477578.0,47625855.0,473929.0,3.0,440.19,2023-07-20 07:52:09,2023-07-20 08:10:09,2023-07-20 08:05:09,1617.86,Cash,3781.0
6231311270.0,91144803.0,965755.0,1.0,532.57,2023-12-07 18:40:58,2023-12-07 18:51:58,2023-12-07 19:06:58,2173.29,UPI,9174.0
4629648516.0,93507573.0,689769.0,2.0,46.62,2023-08-21 22:22:49,2023-08-21 22:41:49,2023-08-21 22:42:49,39.65,Wallet,9074.0
2706229594.0,81337068.0,36412.0,3.0,397.68,2024-10-04 07:45:22,2024-10-04 08:04:22,2024-10-04 08:01:22,3260.52,Cash,8098.0
6814009039.0,10605484.0,291238.0,2.0,746.03,2023-11-03 13:06:48,2023-11-03 13:17:48,2023-11-03 13:13:48,1344.57,Card,1902.0
5604135912.0,11478478.0,757274.0,2.0,98.32,2024-08-19 16:21:47,2024-08-19 16:31:47,2024-08-19 16:33:47,4032.27,Cash,9095.0
766789724.0,60446619.0,709916.0,1.0,33.76,2024-08-20 23:33:16,2024-08-20 23:47:16,2024-08-20 23:49:16,2837.18,Cash,5563.0
2727595593.0,80875034.0,739534.0,1.0,994.56,2023-11-17 01:01:45,2023-11-17 01:21:45,2023-11-17 01:18:45,3069.89,UPI,4539.0
9887978407.0,43256928.0,968887.0,2.0,40.7,2023-07-16 13:01:35,2023-07-16 13:15:35,2023-07-16 13:17:35,5037.57,Wallet,6998.0
6825742544.0,29689766.0,365132.0,2.0,229.38,2024-02-04 18:41:53,2024-02-04 18:52:53,2024-02-04 18:54:53,901.77,Wallet,1807.0
7081192087.0,15529446.0,847349.0,2.0,781.08,2023-07-29 09:53:46,2023-07-29 10:12:46,2023-07-29 10:20:46,261.03,Card,8032.0
3185620074.0,57526322.0,305754.0,1.0,979.99,2023-08-14 15:30:46,2023-08-14 15:47:46,2023-08-14 16:02:46,816.38,Wallet,9834.0
7162086351.0,74231111.0,962591.0,1.0,130.01,2023-11-15 01:00:52,2023-11-15 01:13:52,2023-11-15 01:09:52,270.71,Cash,1427.0
5504768409.0,84850688.0,39154.0,3.0,946.86,2023-08-07 22:37:10,2023-08-07 22:50:10,2023-08-07 23:03:10,2102.5,Card,8204.0
6721093047.0,22054087.0,473929.0,3.0,440.19,2024-03-10 14:22:58,2024-03-10 14:38:58,2024-03-10 14:38:58,2875.06,Wallet,2535.0
1134990529.0,63971358.0,704868.0,2.0,193.46,2024-07-24 19:01:49,2024-07-24 19:18:49,2024-07-24 19:23:49,2294.08,Cash,8451.0
4632975114.0,92409489.0,287070.0,2.0,443.17,2023-05-15 17:15:03,2023-05-15 17:27:03,2023-05-15 17:32:03,508.0,Card,9715.0
1471897083.0,78439088.0,228286.0,2.0,179.08,2023-12-06 21:55:53,2023-12-06 22:08:53,2023-12-06 22:04:53,1831.85,Wallet,1202.0
6081974624.0,79764458.0,621677.0,1.0,317.8,2024-03-19 20:30:47,2024-03-19 20:41:47,2024-03-19 20:39:47,1275.19,Card,9400.0
806680874.0,14632090.0,739534.0,2.0,994.56,2023-11-15 16:59:28,2023-11-15 17:16:28,2023-11-15 17:17:28,5405.1,Card,8823.0
8213018419.0,16640907.0,689769.0,3.0,46.62,2023-04-10 20:32:03,2023-04-10 20:49:03,2023-04-10 21:10:03,1078.17,Wallet,8241.0
4610876894.0,59485034.0,654297.0,1.0,13.25,2023-08-14 21:47:48,2023-08-14 21:58:48,2023-08-14 21:58:48,4185.1,Wallet,2338.0
9116180240.0,17696094.0,890623.0,1.0,354.52,2023-05-23 18:17:19,2023-05-23 18:34:19,2023-05-23 18:36:19,994.56,Card,3371.0
8916648395.0,8138417.0,952168.0,3.0,236.95,2023-07-15 16:37:10,2023-07-15 16:56:10,2023-07-15 16:55:10,2209.24,UPI,7363.0
3626990751.0,81940369.0,171602.0,2.0,883.44,2023-05-10 19:15:23,2023-05-10 19:28:23,2023-05-10 19:43:23,3325.83,Card,6025.0
2544173358.0,43295656.0,487931.0,3.0,709.08,2024-11-03 16:41:57,2024-11-03 16:51:57,2024-11-03 16:51:57,3448.92,UPI,7408.0
3654075570.0,81906973.0,94225.0,1.0,77.11,2023-06-25 00:32:19,2023-06-25 00:42:19,2023-06-25 00:40:19,2328.2,Card,7126.0
9846277624.0,78732957.0,677169.0,2.0,261.03,2024-09-17 13:06:52,2024-09-17 13:21:52,2024-09-17 13:21:52,3983.77,Card,9346.0
8600159148.0,64748953.0,799459.0,3.0,852.02,2023-08-15 05:35:55,2023-08-15 05:47:55,2023-08-15 06:00:55,3157.47,Wallet,728.0
9184012674.0,54139038.0,171602.0,3.0,883.44,2024-07-20 23:21:27,2024-07-20 23:32:27,2024-07-20 23:31:27,2492.95,Wallet,4097.0
5842678913.0,6756256.0,962054.0,1.0,16.86,2024-06-02 11:01:26,2024-06-02 11:16:26,2024-06-02 11:15:26,3908.76,Wallet,4580.0
6284066457.0,68341636.0,51036.0,3.0,931.61,2023-03-19 04:24:51,2023-03-19 04:42:51,2023-03-19 04:43:51,3535.59,Card,2910.0
957188879.0,88067569.0,561860.0,1.0,874.78,2024-01-12 21:44:51,2024-01-12 22:01:51,2024-01-12 21:58:51,5268.85,UPI,1907.0
2027766693.0,91024604.0,969851.0,1.0,340.66,2023-07-17 21:27:20,2023-07-17 21:38:20,2023-07-17 21:35:20,212.61,Card,3794.0
5201172375.0,18199057.0,621677.0,2.0,317.8,2024-01-07 13:28:44,2024-01-07 13:46:44,2024-01-07 14:16:44,1394.24,Wallet,7831.0
5211206337.0,84824280.0,679865.0,2.0,347.91,2024-03-04 19:18:55,2024-03-04 19:35:55,2024-03-04 19:38:55,900.93,Wallet,2346.0
519985157.0,35455991.0,91670.0,1.0,439.24,2023-06-07 03:23:41,2023-06-07 03:34:41,2023-06-07 03:31:41,2029.48,Card,5177.0
2599819074.0,66310963.0,378230.0,3.0,166.42,2023-05-08 05:51:42,2023-05-08 06:02:42,2023-05-08 05:59:42,2668.26,Card,1133.0
6564176767.0,28221067.0,146840.0,3.0,786.85,2024-04-11 11:04:11,2024-04-11 11:18:11,2024-04-11 11:42:11,338.14,Cash,4401.0
5969684091.0,13604883.0,771228.0,2.0,83.18,2023-12-02 15:45:34,2023-12-02 15:56:34,2023-12-02 15:53:34,2571.47,Cash,2395.0
8152246475.0,46989310.0,478531.0,1.0,825.46,2023-04-07 22:30:36,2023-04-07 22:47:36,2023-04-07 22:45:36,1388.41,UPI,6694.0
1954493018.0,41612464.0,820973.0,3.0,114.52,2024-08-25 16:15:20,2024-08-25 16:25:20,2024-08-25 16:27:20,1380.66,Wallet,8332.0
3695589383.0,91868185.0,41853.0,2.0,910.44,2024-01-13 01:15:18,2024-01-13 01:33:18,2024-01-13 01:28:18,1372.1,UPI,3457.0
6340807810.0,57537308.0,673058.0,3.0,765.76,2024-07-12 00:41:44,2024-07-12 00:51:44,2024-07-12 00:47:44,2726.23,Cash,3415.0
8029845822.0,90621147.0,435929.0,3.0,856.89,2023-07-05 23:53:30,2023-07-06 00:13:30,2023-07-06 00:18:30,650.2,Card,5344.0
8208755570.0,46564935.0,487931.0,3.0,709.08,2023-12-12 21:18:05,2023-12-12 21:38:05,2023-12-12 21:35:05,3751.55,Wallet,9133.0
9622488249.0,96629258.0,837480.0,1.0,217.4,2024-06-26 09:26:51,2024-06-26 09:38:51,2024-06-26 09:42:51,1198.32,Card,8033.0
5410788959.0,40055711.0,853932.0,3.0,941.19,2024-06-12 10:25:56,2024-06-12 10:40:56,2024-06-12 10:45:56,4301.42,Wallet,3980.0
7087374685.0,48268435.0,677542.0,3.0,212.61,2024-09-21 17:43:45,2024-09-21 17:54:45,2024-09-21 17:59:45,799.92,Cash,817.0
1469556300.0,65514005.0,951463.0,3.0,787.4,2023-09-26 23:36:47,2023-09-26 23:55:47,2023-09-26 23:52:47,1070.56,Card,5797.0
864290652.0,57392064.0,473647.0,3.0,43.05,2023-10-30 02:05:01,2023-10-30 02:19:01,2023-10-30 02:15:01,1797.36,Wallet,1291.0
3052167498.0,92636025.0,659290.0,2.0,319.34,2023-07-24 17:07:37,2023-07-24 17:25:37,2023-07-24 17:23:37,671.55,UPI,299.0
8370088792.0,9107360.0,491521.0,1.0,556.35,2023-05-16 19:30:48,2023-05-16 19:40:48,2023-05-16 19:39:48,1475.02,Wallet,3302.0
8955500595.0,58415368.0,925482.0,1.0,475.04,2023-05-07 18:03:53,2023-05-07 18:23:53,2023-05-07 18:33:53,2564.44,Cash,2064.0
6946637946.0,70372270.0,540618.0,2.0,317.05,2024-02-18 03:58:21,2024-02-18 04:17:21,2024-02-18 04:29:21,1456.54,Cash,1781.0
5461546808.0,21948041.0,673058.0,1.0,765.76,2023-12-21 13:44:24,2023-12-21 13:56:24,2023-12-21 14:20:24,3877.99,Card,618.0
9921425481.0,29653387.0,700048.0,3.0,141.28,2023-05-17 05:10:03,2023-05-17 05:24:03,2023-05-17 05:53:03,5288.24,Card,3681.0
3583323379.0,10418604.0,690565.0,1.0,951.27,2024-04-03 07:28:25,2024-04-03 07:45:25,2024-04-03 07:45:25,2297.51,Cash,8973.0
3427534518.0,73807097.0,77308.0,1.0,223.27,2024-10-12 13:22:22,2024-10-12 13:36:22,2024-10-12 13:57:22,724.84,Wallet,2624.0
9997994965.0,13796199.0,461804.0,2.0,310.69,2023-12-27 14:02:18,2023-12-27 14:20:18,2023-12-27 14:17:18,2780.28,Card,4117.0
5015358514.0,4057678.0,891833.0,1.0,493.19,2024-08-12 20:45:12,2024-08-12 20:59:12,2024-08-12 21:00:12,727.95,Wallet,1814.0
5769065545.0,1108176.0,376447.0,3.0,724.84,2024-01-28 20:41:13,2024-01-28 21:01:13,2024-01-28 21:04:13,2822.13,Card,430.0
4062815570.0,98152679.0,492958.0,1.0,84.2,2024-02-24 04:51:16,2024-02-24 05:06:16,2024-02-24 05:08:16,790.64,Wallet,7933.0
39405769.0,24621386.0,880510.0,2.0,951.43,2023-04-07 12:46:40,2023-04-07 12:56:40,2023-04-07 13:11:40,941.25,Card,9711.0
9553518696.0,83304462.0,336847.0,3.0,936.98,2023-07-11 11:05:50,2023-07-11 11:21:50,2023-07-11 11:20:50,1586.15,UPI,5230.0
8023712979.0,83701325.0,328457.0,2.0,858.57,2023-05-12 17:29:24,2023-05-12 17:44:24,2023-05-12 17:42:24,547.92,Wallet,6085.0
1111747100.0,83236183.0,677169.0,1.0,261.03,2023-07-19 06:27:04,2023-07-19 06:40:04,2023-07-19 06:43:04,2496.85,UPI,3425.0
3598180305.0,75836905.0,492958.0,1.0,84.2,2023-08-31 08:47:45,2023-08-31 08:58:45,2023-08-31 08:56:45,1266.29,Wallet,5557.0
8171660349.0,79628054.0,118820.0,3.0,12.32,2024-05-09 18:36:38,2024-05-09 18:48:38,2024-05-09 18:43:38,776.24,Wallet,4988.0
3644704128.0,39717448.0,186168.0,1.0,878.8,2024-06-01 09:53:45,2024-06-01 10:11:45,2024-06-01 10:07:45,2294.34,Wallet,5017.0
1254907139.0,94854830.0,183929.0,1.0,738.74,2023-07-13 04:51:45,2023-07-13 05:01:45,2023-07-13 05:05:45,5351.42,Card,5434.0
9810593187.0,46313756.0,942001.0,3.0,671.55,2023-05-19 00:01:09,2023-05-19 00:13:09,2023-05-19 00:23:09,215.65,Cash,7871.0
3205629870.0,95001589.0,552883.0,1.0,888.16,2024-05-27 18:40:01,2024-05-27 18:50:01,2024-05-27 18:46:01,1943.47,UPI,5179.0
8608459871.0,14472401.0,39154.0,3.0,946.86,2023-09-21 17:40:05,2023-09-21 17:56:05,2023-09-21 17:58:05,1327.4,Card,991.0
2730458449.0,13383642.0,425341.0,1.0,486.28,2024-02-10 06:37:24,2024-02-10 06:48:24,2024-02-10 06:58:24,633.25,Cash,3121.0
2807397566.0,28663279.0,669378.0,2.0,212.14,2024-05-19 10:01:31,2024-05-19 10:12:31,2024-05-19 10:16:31,1361.06,Cash,7020.0
7217535512.0,81541985.0,954722.0,3.0,616.45,2023-11-11 22:24:06,2023-11-11 22:39:06,2023-11-11 22:35:06,3067.96,Cash,1878.0
3321951407.0,40305293.0,901144.0,2.0,340.36,2023-09-13 12:12:36,2023-09-13 12:32:36,2023-09-13 12:29:36,2431.72,Cash,4907.0
7189146676.0,10789681.0,18035.0,2.0,968.94,2024-05-20 18:34:01,2024-05-20 18:49:01,2024-05-20 18:52:01,825.46,UPI,3579.0
5601251774.0,96629258.0,602241.0,2.0,976.55,2024-10-10 08:16:56,2024-10-10 08:31:56,2024-10-10 08:52:56,5452.58,Card,5547.0
8884350133.0,55425478.0,851978.0,1.0,715.72,2024-09-22 20:04:15,2024-09-22 20:16:15,2024-09-22 20:18:15,2062.98,Card,5763.0
8168306307.0,98152679.0,557908.0,2.0,942.37,2023-12-17 21:03:27,2023-12-17 21:18:27,2023-12-17 21:19:27,2114.74,Cash,1149.0
7689275881.0,54580166.0,564692.0,1.0,215.65,2024-02-03 05:39:09,2024-02-03 05:49:09,2024-02-03 05:48:09,3865.87,Card,3005.0
6593510732.0,87266831.0,741341.0,1.0,923.84,2023-09-10 13:51:38,2023-09-10 14:05:38,2023-09-10 14:16:38,483.24,Wallet,6479.0
3066405445.0,53354003.0,883013.0,3.0,989.88,2023-06-14 08:49:51,2023-06-14 09:06:51,2023-06-14 09:10:51,1378.13,Wallet,7452.0
5319633841.0,95364457.0,137909.0,2.0,864.3,2024-05-05 14:34:11,2024-05-05 14:44:11,2024-05-05 14:47:11,325.08,Cash,6455.0
1113665104.0,83034412.0,82484.0,3.0,914.88,2024-06-11 22:58:08,2024-06-11 23:13:08,2024-06-11 23:09:08,48.55,Card,2189.0
8436983782.0,98896871.0,376447.0,3.0,724.84,2024-10-22 01:59:03,2024-10-22 02:15:03,2024-10-22 02:11:03,1182.33,Cash,7152.0
1958942711.0,30643619.0,669378.0,2.0,212.14,2024-05-12 08:53:28,2024-05-12 09:03:28,2024-05-12 09:03:28,2110.06,Cash,16.0
6485627928.0,59769142.0,257719.0,2.0,281.73,2024-09-13 05:34:48,2024-09-13 05:49:48,2024-09-13 05:48:48,2340.3,Wallet,5274.0
8147959428.0,31000129.0,712307.0,2.0,264.89,2024-07-23 13:43:34,2024-07-23 13:53:34,2024-07-23 13:56:34,2209.3,Wallet,1405.0
3697060283.0,57642258.0,949818.0,2.0,483.05,2024-08-25 01:09:57,2024-08-25 01:21:57,2024-08-25 01:26:57,786.85,UPI,7959.0
2039437258.0,20298398.0,992178.0,2.0,632.43,2023-12-12 05:58:54,2023-12-12 06:14:54,2023-12-12 06:16:54,958.05,Card,1811.0
7655293952.0,23348269.0,337168.0,1.0,545.49,2024-02-16 07:50:03,2024-02-16 08:03:03,2024-02-16 08:07:03,1666.47,UPI,5026.0
39791095.0,625395.0,700048.0,3.0,141.28,2024-04-06 10:58:05,2024-04-06 11:17:05,2024-04-06 11:22:05,480.85,Card,9008.0
8071046067.0,33651554.0,26060.0,2.0,342.94,2024-09-28 16:37:38,2024-09-28 16:48:38,2024-09-28 16:47:38,3899.51,Card,8228.0
2656326203.0,92356639.0,613942.0,1.0,545.0,2023-11-16 18:30:26,2023-11-16 18:47:26,2023-11-16 18:52:26,4655.33,Wallet,4807.0
2366866840.0,99772709.0,52729.0,1.0,316.02,2023-04-22 03:14:20,2023-04-22 03:27:20,2023-04-22 03:27:20,3037.23,Wallet,4946.0
8227348656.0,25977417.0,487931.0,1.0,709.08,2023-12-01 17:46:08,2023-12-01 17:59:08,2023-12-01 17:56:08,3738.11,UPI,7004.0
3917024194.0,53640286.0,927651.0,1.0,426.72,2024-09-30 20:51:24,2024-09-30 21:05:24,2024-09-30 21:07:24,123.74,Card,3948.0
3101265.0,89617089.0,300159.0,1.0,44.35,2024-05-23 03:21:47,2024-05-23 03:37:47,2024-05-23 03:40:47,3567.73,UPI,974.0
9907835880.0,67340606.0,432617.0,3.0,863.18,2024-10-15 15:50:00,2024-10-15 16:09:00,2024-10-15 16:07:00,3163.07,Card,3705.0
3396210655.0,52075070.0,700048.0,3.0,141.28,2023-10-24 02:12:18,2023-10-24 02:28:18,2023-10-24 02:25:18,3220.8,UPI,73.0
3000018472.0,24104630.0,70969.0,2.0,631.7,2024-08-18 05:31:01,2024-08-18 05:48:01,2024-08-18 05:49:01,995.98,Card,8855.0
7166339556.0,6319646.0,667163.0,1.0,441.2,2024-06-22 07:50:15,2024-06-22 08:08:15,2024-06-22 08:06:15,1441.75,Cash,543.0
2194351161.0,22800586.0,561860.0,3.0,874.78,2023-05-09 11:41:54,2023-05-09 11:53:54,2023-05-09 11:51:54,1104.78,Cash,7824.0
3224986973.0,66761643.0,876139.0,3.0,415.75,2024-02-16 07:42:13,2024-02-16 07:57:13,2024-02-16 07:58:13,3040.52,Wallet,813.0
6882280967.0,14472401.0,305754.0,2.0,979.99,2023-09-15 15:55:38,2023-09-15 16:09:38,2023-09-15 16:11:38,532.57,Card,759.0
8556188247.0,46623192.0,721521.0,3.0,417.39,2023-10-05 18:10:58,2023-10-05 18:23:58,2023-10-05 18:21:58,618.09,Card,4376.0
5236345617.0,61851054.0,613942.0,1.0,545.0,2023-09-28 01:47:50,2023-09-28 01:57:50,2023-09-28 01:57:50,1760.51,Cash,6664.0
5153146875.0,31156674.0,677169.0,1.0,261.03,2023-06-06 08:29:54,2023-06-06 08:48:54,2023-06-06 08:57:54,2435.01,Wallet,4342.0
2011151353.0,67908555.0,525531.0,3.0,831.1,2024-05-15 03:44:23,2024-05-15 03:54:23,2024-05-15 03:51:23,2920.78,UPI,399.0
9880145668.0,39317905.0,433521.0,3.0,321.33,2024-02-28 16:49:31,2024-02-28 17:08:31,2024-02-28 17:21:31,183.76,UPI,4181.0
2724264210.0,98687927.0,990993.0,3.0,263.7,2024-10-24 16:22:22,2024-10-24 16:35:22,2024-10-24 16:48:22,1784.61,Wallet,6773.0
871734663.0,93321933.0,4452.0,1.0,169.88,2024-06-03 01:50:59,2024-06-03 02:10:59,2024-06-03 02:22:59,4708.18,Wallet,9673.0
3883638432.0,6245778.0,89084.0,1.0,598.83,2023-07-26 03:44:48,2023-07-26 03:54:48,2023-07-26 04:20:48,1183.46,UPI,8865.0
1282422181.0,188838.0,478531.0,1.0,825.46,2024-02-19 14:40:22,2024-02-19 14:52:22,2024-02-19 14:59:22,1116.88,UPI,9970.0
4500802008.0,41164215.0,228286.0,3.0,179.08,2024-06-17 05:46:01,2024-06-17 06:03:01,2024-06-17 06:06:01,3437.39,Cash,5152.0
8209715885.0,17597449.0,807452.0,2.0,144.19,2023-05-25 15:23:42,2023-05-25 15:40:42,2023-05-25 15:41:42,3093.76,Card,6096.0
9391482926.0,56352626.0,490602.0,3.0,549.47,2023-09-12 03:03:03,2023-09-12 03:18:03,2023-09-12 03:27:03,1367.96,Cash,9151.0
7217765772.0,5238055.0,672059.0,1.0,672.73,2024-07-05 14:03:12,2024-07-05 14:22:12,2024-07-05 14:25:12,1673.94,Wallet,3866.0
7848556658.0,97191387.0,36412.0,3.0,397.68,2024-04-27 11:27:23,2024-04-27 11:41:23,2024-04-27 11:38:23,4917.07,UPI,1924.0
9000851345.0,81822494.0,623234.0,3.0,329.79,2024-03-10 16:58:45,2024-03-10 17:11:45,2024-03-10 17:16:45,1403.83,Cash,8857.0
3019634875.0,58170168.0,118820.0,1.0,12.32,2024-10-29 19:38:02,2024-10-29 19:54:02,2024-10-29 19:53:02,2475.72,UPI,3385.0
7013612817.0,22036818.0,237083.0,2.0,577.13,2023-09-09 08:10:47,2023-09-09 08:28:47,2023-09-09 08:54:47,3498.93,Cash,9892.0
59461109.0,67708491.0,991434.0,3.0,237.62,2023-05-06 13:44:41,2023-05-06 13:55:41,2023-05-06 13:55:41,2017.98,UPI,5800.0
740245864.0,45659330.0,901144.0,2.0,340.36,2023-05-18 10:58:35,2023-05-18 11:12:35,2023-05-18 11:11:35,3424.25,Card,7006.0
8432648823.0,69364309.0,26060.0,2.0,342.94,2023-05-19 07:31:48,2023-05-19 07:42:48,2023-05-19 07:45:48,3956.33,Card,1938.0
5863164527.0,38671747.0,433521.0,1.0,321.33,2023-11-13 17:50:55,2023-11-13 18:08:55,2023-11-13 18:16:55,2786.32,Wallet,5908.0
8615999186.0,96001315.0,6405.0,2.0,236.51,2024-09-08 20:23:37,2024-09-08 20:34:37,2024-09-08 20:35:37,2559.47,Cash,5925.0
1743268828.0,53332493.0,9436.0,1.0,88.43,2024-05-02 18:06:34,2024-05-02 18:24:34,2024-05-02 18:29:34,332.84,Wallet,959.0
5475369740.0,49433260.0,133542.0,2.0,68.49,2024-05-12 05:49:07,2024-05-12 06:03:07,2024-05-12 06:04:07,838.01,Wallet,9184.0
6520584496.0,67215939.0,820973.0,3.0,114.52,2023-10-24 05:26:59,2023-10-24 05:46:59,2023-10-24 06:03:59,5289.56,Card,1697.0
3854394048.0,89531595.0,300159.0,2.0,44.35,2023-10-15 20:31:09,2023-10-15 20:44:09,2023-10-15 20:40:09,2081.91,Wallet,3107.0
4105779656.0,58644651.0,243235.0,3.0,109.03,2024-04-02 17:11:26,2024-04-02 17:24:26,2024-04-02 17:28:26,1232.77,Card,8329.0
5960266785.0,97419742.0,760684.0,3.0,71.6,2023-11-21 05:59:29,2023-11-21 06:18:29,2023-11-21 06:15:29,3443.16,Wallet,5546.0
7380998329.0,96989204.0,621677.0,3.0,317.8,2023-07-29 21:02:03,2023-07-29 21:16:03,2023-07-29 21:16:03,2068.22,Wallet,3963.0
460625201.0,26716400.0,131748.0,1.0,81.35,2024-05-17 02:28:25,2024-05-17 02:46:25,2024-05-17 02:44:25,3070.55,UPI,6314.0
5442705208.0,38420886.0,739534.0,2.0,994.56,2024-08-27 03:15:33,2024-08-27 03:32:33,2024-08-27 03:27:33,1639.8,Cash,3642.0
643302284.0,24153726.0,726958.0,3.0,887.48,2024-05-30 22:57:11,2024-05-30 23:14:11,2024-05-30 23:25:11,2883.95,UPI,5863.0
6141016209.0,20469626.0,451812.0,2.0,530.85,2024-04-13 18:07:18,2024-04-13 18:25:18,2024-04-13 18:25:18,2161.37,Cash,9283.0
4058658914.0,96001315.0,937542.0,3.0,97.04,2024-02-09 09:28:42,2024-02-09 09:48:42,2024-02-09 09:48:42,2294.77,Cash,2679.0
4731454539.0,62419778.0,140154.0,3.0,171.2,2024-01-05 06:57:10,2024-01-05 07:09:10,2024-01-05 07:09:10,1777.65,Card,4463.0
148408710.0,60565603.0,448752.0,2.0,160.07,2024-01-01 01:57:47,2024-01-01 02:13:47,2024-01-01 02:17:47,423.56,Wallet,6403.0
3263142674.0,12455156.0,969851.0,1.0,340.66,2024-01-30 08:20:13,2024-01-30 08:30:13,2024-01-30 08:31:13,229.38,Card,8822.0
9591201821.0,38478423.0,146840.0,3.0,786.85,2023-11-12 20:19:56,2023-11-12 20:39:56,2023-11-12 20:52:56,1072.81,Card,8617.0
2227944524.0,93938425.0,914071.0,1.0,296.94,2023-06-07 08:48:45,2023-06-07 09:02:45,2023-06-07 09:06:45,1805.43,Card,8339.0
2307375554.0,95768401.0,328457.0,1.0,858.57,2024-01-31 15:32:00,2024-01-31 15:49:00,2024-01-31 16:01:00,1267.61,UPI,1653.0
8521887524.0,5961261.0,131937.0,3.0,287.81,2024-04-13 14:08:15,2024-04-13 14:21:15,2024-04-13 14:34:15,2256.06,Wallet,1585.0
3298709387.0,22321208.0,604184.0,1.0,397.55,2023-07-01 06:00:58,2023-07-01 06:19:58,2023-07-01 06:24:58,3170.94,Card,8715.0
8608686211.0,29689766.0,336847.0,3.0,936.98,2023-07-27 05:09:13,2023-07-27 05:21:13,2023-07-27 05:32:13,1083.76,Cash,1761.0
5125482761.0,89531595.0,118820.0,3.0,12.32,2023-05-28 07:20:31,2023-05-28 07:30:31,2023-05-28 07:40:31,2442.59,UPI,7584.0
7388146343.0,78806824.0,721521.0,2.0,417.39,2023-09-24 11:44:47,2023-09-24 11:58:47,2023-09-24 12:11:47,2748.69,Wallet,5069.0
7064723322.0,19259955.0,257719.0,3.0,281.73,2023-10-15 11:44:30,2023-10-15 12:03:30,2023-10-15 12:20:30,2618.64,Cash,485.0
1766291529.0,74682740.0,799459.0,3.0,852.02,2024-07-12 18:52:29,2024-07-12 19:12:29,2024-07-12 19:27:29,4787.26,UPI,6409.0
8183491568.0,85074810.0,684939.0,1.0,727.95,2023-09-15 13:51:46,2023-09-15 14:05:46,2023-09-15 14:17:46,280.35,UPI,8725.0
6419111681.0,19216141.0,784673.0,1.0,491.39,2024-01-24 10:55:37,2024-01-24 11:08:37,2024-01-24 11:08:37,965.3,Wallet,118.0
9193945481.0,28277304.0,991434.0,3.0,237.62,2024-08-22 19:41:10,2024-08-22 20:00:10,2024-08-22 20:06:10,1350.28,Card,1313.0
3937750618.0,46504355.0,41853.0,3.0,910.44,2023-08-26 10:11:23,2023-08-26 10:30:23,2023-08-26 10:30:23,2894.09,Cash,9651.0
2056682923.0,18940384.0,654297.0,1.0,13.25,2024-05-27 19:41:13,2024-05-27 19:59:13,2024-05-27 20:11:13,2549.18,Cash,2611.0
7229998672.0,41194825.0,970529.0,3.0,827.44,2023-09-10 20:59:23,2023-09-10 21:17:23,2023-09-10 21:31:23,2884.57,Card,1448.0
7028582657.0,36578947.0,487931.0,1.0,709.08,2024-11-01 13:48:41,2024-11-01 14:03:41,2024-11-01 14:13:41,820.99,Wallet,2563.0
1732091066.0,93018527.0,851978.0,1.0,715.72,2024-05-12 10:04:49,2024-05-12 10:17:49,2024-05-12 10:14:49,217.5,Wallet,1395.0
9389363975.0,35302195.0,679865.0,2.0,347.91,2024-01-08 05:39:17,2024-01-08 05:51:17,2024-01-08 06:14:17,1719.21,Card,7434.0
9477050930.0,1449273.0,187399.0,1.0,53.49,2023-09-01 00:03:51,2023-09-01 00:18:51,2023-09-01 00:21:51,1904.93,Card,5914.0
6808771388.0,88739922.0,264803.0,3.0,995.98,2024-04-29 17:49:09,2024-04-29 18:07:09,2024-04-29 18:08:09,2555.89,Wallet,5100.0
7616458551.0,86294036.0,67197.0,1.0,552.2,2023-05-05 09:21:14,2023-05-05 09:31:14,2023-05-05 09:44:14,1534.27,Card,3552.0
2784959025.0,59207798.0,962054.0,3.0,16.86,2023-04-07 02:30:48,2023-04-07 02:46:48,2023-04-07 02:49:48,4477.39,Card,3392.0
2716611235.0,85626346.0,9436.0,1.0,88.43,2024-02-19 06:09:33,2024-02-19 06:29:33,2024-02-19 06:30:33,2442.24,UPI,6048.0
3797871396.0,5712468.0,140154.0,1.0,171.2,2023-12-19 02:07:29,2023-12-19 02:26:29,2023-12-19 02:31:29,2792.89,UPI,9116.0
5895445193.0,39093069.0,897083.0,2.0,972.69,2023-09-18 20:11:21,2023-09-18 20:29:21,2023-09-18 20:36:21,1401.58,Wallet,141.0
5281640953.0,65396354.0,611575.0,3.0,482.06,2024-05-19 19:05:42,2024-05-19 19:19:42,2024-05-19 19:20:42,166.42,Wallet,7665.0
9006387145.0,61226563.0,968887.0,3.0,40.7,2023-07-16 09:59:48,2023-07-16 10:10:48,2023-07-16 10:19:48,4408.49,UPI,5827.0
2015702046.0,46828932.0,219598.0,3.0,367.08,2023-05-17 06:52:38,2023-05-17 07:11:38,2023-05-17 07:25:38,1517.0,UPI,3940.0
9260334793.0,15487049.0,992178.0,3.0,632.43,2024-07-10 06:45:25,2024-07-10 06:56:25,2024-07-10 06:59:25,2371.67,Wallet,534.0
5912752928.0,29562254.0,833557.0,1.0,422.87,2023-12-20 18:21:00,2023-12-20 18:31:00,2023-12-20 18:30:00,2865.64,Wallet,9782.0
7691723645.0,93675757.0,455755.0,2.0,44.09,2024-08-04 13:29:48,2024-08-04 13:42:48,2024-08-04 13:45:48,2681.87,Cash,8799.0
9166904790.0,57674875.0,194682.0,3.0,912.29,2024-01-19 19:01:10,2024-01-19 19:15:10,2024-01-19 19:13:10,2523.87,Wallet,7580.0
1668797251.0,27698051.0,133542.0,2.0,68.49,2023-05-18 00:30:10,2023-05-18 00:44:10,2023-05-18 00:49:10,1926.44,Card,8469.0
3350348511.0,2442235.0,726958.0,2.0,887.48,2023-10-05 05:12:12,2023-10-05 05:23:12,2023-10-05 05:18:12,816.38,Cash,7638.0
2475154947.0,13760839.0,317242.0,3.0,198.15,2024-01-14 11:00:14,2024-01-14 11:12:14,2024-01-14 11:19:14,2982.06,Cash,7518.0
1348544692.0,72489544.0,587420.0,3.0,357.42,2024-04-15 17:01:06,2024-04-15 17:14:06,2024-04-15 17:20:06,2488.09,Cash,3713.0
6770208707.0,8241122.0,228286.0,1.0,179.08,2024-05-01 22:08:36,2024-05-01 22:21:36,2024-05-01 22:19:36,3610.34,Cash,2297.0
9500356395.0,99729547.0,284460.0,1.0,505.95,2024-10-29 01:18:06,2024-10-29 01:35:06,2024-10-29 01:36:06,729.04,Wallet,290.0
6280233997.0,1507408.0,118820.0,2.0,12.32,2023-08-23 20:29:30,2023-08-23 20:43:30,2023-08-23 20:38:30,898.19,Card,5885.0
935645101.0,63368244.0,677169.0,1.0,261.03,2023-09-27 02:26:38,2023-09-27 02:44:38,2023-09-27 03:14:38,2584.5,UPI,1225.0
3492077995.0,97466783.0,863930.0,3.0,242.57,2023-06-23 23:55:59,2023-06-24 00:05:59,2023-06-24 00:01:59,2128.53,Wallet,3854.0
6971044672.0,68985290.0,120532.0,2.0,697.53,2024-03-21 16:06:32,2024-03-21 16:18:32,2024-03-21 16:30:32,2352.04,Cash,7286.0
9417710958.0,75892474.0,70969.0,1.0,631.7,2023-09-20 15:55:11,2023-09-20 16:05:11,2023-09-20 16:01:11,1297.95,Wallet,60.0
114851727.0,46875863.0,11422.0,1.0,127.16,2024-10-04 03:16:47,2024-10-04 03:26:47,2024-10-04 03:25:47,1944.29,Wallet,1875.0
7521503340.0,65660660.0,642612.0,2.0,517.03,2024-05-30 06:58:58,2024-05-30 07:18:58,2024-05-30 07:15:58,1596.34,Wallet,4346.0
7709878408.0,90745023.0,555121.0,1.0,354.91,2023-08-09 17:53:59,2023-08-09 18:05:59,2023-08-09 18:07:59,1449.45,Cash,7579.0
7941755463.0,19705695.0,851978.0,1.0,715.72,2024-09-30 09:35:04,2024-09-30 09:51:04,2024-09-30 09:54:04,556.76,Wallet,8249.0
4540271027.0,23126356.0,257719.0,1.0,281.73,2024-05-14 03:55:16,2024-05-14 04:10:16,2024-05-14 04:12:16,2499.3,Cash,1564.0
8022168472.0,70230254.0,67197.0,1.0,552.2,2024-02-20 22:33:43,2024-02-20 22:52:43,2024-02-20 23:00:43,2966.15,Cash,5909.0
3808358945.0,78014505.0,257719.0,2.0,281.73,2023-08-26 03:06:53,2023-08-26 03:17:53,2023-08-26 03:26:53,2926.42,Wallet,2764.0
5112444865.0,45868300.0,747801.0,3.0,277.76,2024-06-06 21:04:35,2024-06-06 21:24:35,2024-06-06 21:19:35,4296.62,Card,6581.0
9965551056.0,33658749.0,123983.0,2.0,785.67,2023-06-24 01:59:08,2023-06-24 02:19:08,2023-06-24 02:25:08,947.95,UPI,7136.0
7695708103.0,51119088.0,487065.0,3.0,374.68,2024-05-16 15:41:47,2024-05-16 15:53:47,2024-05-16 15:54:47,1864.07,Cash,1626.0
7022728237.0,21677923.0,455083.0,1.0,959.01,2023-06-03 04:14:03,2023-06-03 04:29:03,2023-06-03 04:29:03,2066.42,Card,4570.0
2062715135.0,13197985.0,661577.0,2.0,720.95,2024-08-20 15:38:50,2024-08-20 15:51:50,2024-08-20 15:51:50,1107.38,Card,7132.0
3287815959.0,73061709.0,34186.0,1.0,925.65,2024-08-09 19:43:10,2024-08-09 19:54:10,2024-08-09 20:15:10,2999.16,UPI,2716.0
9015471552.0,23081177.0,679865.0,2.0,347.91,2024-04-13 19:32:29,2024-04-13 19:46:29,2024-04-13 19:46:29,1434.89,UPI,526.0
1595123446.0,30188374.0,137909.0,2.0,864.3,2024-02-27 00:40:54,2024-02-27 00:53:54,2024-02-27 00:55:54,864.3,Cash,8150.0
4888577440.0,35237846.0,697683.0,2.0,123.74,2024-05-19 00:42:46,2024-05-19 01:02:46,2024-05-19 00:57:46,2010.17,Card,5802.0
9039053330.0,82425179.0,94225.0,3.0,77.11,2023-08-16 10:15:50,2023-08-16 10:26:50,2023-08-16 10:25:50,2077.55,UPI,8513.0
3091360904.0,59252433.0,799459.0,1.0,852.02,2024-06-16 04:26:49,2024-06-16 04:42:49,2024-06-16 04:42:49,1758.62,UPI,102.0
6821938492.0,90346920.0,256051.0,3.0,400.92,2023-09-06 16:46:35,2023-09-06 17:03:35,2023-09-06 17:04:35,2645.3,UPI,8675.0
4553785640.0,94486311.0,818990.0,2.0,163.55,2024-08-13 16:37:43,2024-08-13 16:49:43,2024-08-13 16:50:43,2646.91,UPI,5627.0
4005611015.0,5763963.0,613942.0,3.0,545.0,2024-03-29 23:52:07,2024-03-30 00:03:07,2024-03-30 00:17:07,1543.49,UPI,1497.0
8480910658.0,73799927.0,871592.0,3.0,870.29,2023-08-28 20:19:24,2023-08-28 20:34:24,2023-08-28 20:39:24,728.73,Card,4434.0
1922667245.0,66252737.0,378287.0,3.0,332.84,2023-09-24 16:33:09,2023-09-24 16:43:09,2023-09-24 16:44:09,2382.03,UPI,4663.0
379758677.0,54139038.0,171602.0,2.0,883.44,2023-12-26 22:43:09,2023-12-26 22:55:09,2023-12-26 23:08:09,1514.31,Card,6636.0
4903380842.0,71229024.0,317242.0,3.0,198.15,2024-06-03 05:27:05,2024-06-03 05:47:05,2024-06-03 05:53:05,2029.84,Card,6905.0
9244122658.0,1588560.0,26060.0,3.0,342.94,2024-03-12 16:42:38,2024-03-12 16:52:38,2024-03-12 17:15:38,4095.18,UPI,9332.0
5054410467.0,49147776.0,60619.0,2.0,726.41,2023-07-01 12:16:23,2023-07-01 12:27:23,2023-07-01 12:24:23,1031.51,UPI,9030.0
9877212995.0,30065862.0,739534.0,3.0,994.56,2024-05-04 01:18:51,2024-05-04 01:34:51,2024-05-04 01:29:51,1394.21,Card,6829.0
8375236356.0,22974816.0,890232.0,1.0,432.0,2023-09-22 18:45:02,2023-09-22 19:02:02,2023-09-22 19:06:02,3194.98,Card,557.0
2652063230.0,24144240.0,604184.0,3.0,397.55,2023-11-22 02:11:55,2023-11-22 02:31:55,2023-11-22 02:32:55,154.78,Card,1784.0
7258243894.0,72797175.0,473929.0,3.0,440.19,2024-07-14 23:08:25,2024-07-14 23:19:25,2024-07-14 23:18:25,1073.16,Card,9247.0
5980648426.0,23982977.0,373536.0,2.0,494.17,2023-12-15 03:26:00,2023-12-15 03:43:00,2023-12-15 03:59:00,995.87,UPI,3979.0
365104159.0,19581959.0,771228.0,2.0,83.18,2023-11-27 04:56:51,2023-11-27 05:08:51,2023-11-27 05:27:51,1770.48,Card,5202.0
7038005775.0,49617531.0,284460.0,1.0,505.95,2023-07-02 02:09:47,2023-07-02 02:19:47,2023-07-02 02:15:47,4684.11,Cash,8520.0
1456792223.0,80875034.0,33797.0,2.0,888.12,2024-08-13 21:18:36,2024-08-13 21:29:36,2024-08-13 21:24:36,154.53,UPI,8756.0
6673964264.0,34526442.0,133542.0,1.0,68.49,2024-10-18 05:43:01,2024-10-18 05:57:01,2024-10-18 05:58:01,4073.52,Wallet,7039.0
5780280518.0,74230420.0,883013.0,1.0,989.88,2024-08-23 22:34:52,2024-08-23 22:48:52,2024-08-23 22:51:52,4501.34,Card,4303.0
6220137166.0,16485871.0,11422.0,1.0,127.16,2023-12-09 22:09:35,2023-12-09 22:20:35,2023-12-09 22:35:35,1135.56,Cash,9282.0
2615887425.0,18465047.0,784827.0,3.0,274.25,2023-10-28 19:55:41,2023-10-28 20:05:41,2023-10-28 20:15:41,1311.74,Cash,8175.0
5610987488.0,85626346.0,611575.0,2.0,482.06,2023-08-14 12:07:35,2023-08-14 12:18:35,2023-08-14 12:14:35,1825.29,Card,9441.0
6038240765.0,48002829.0,51036.0,2.0,931.61,2023-05-27 00:19:57,2023-05-27 00:30:57,2023-05-27 00:30:57,1312.62,Cash,1431.0
5004974422.0,83660688.0,567671.0,1.0,418.48,2023-07-03 18:13:28,2023-07-03 18:32:28,2023-07-03 18:31:28,1589.73,Card,1361.0
2349863203.0,20310720.0,726958.0,3.0,887.48,2023-12-20 21:03:38,2023-12-20 21:18:38,2023-12-20 21:22:38,2752.02,Cash,5204.0
9487956261.0,62600289.0,4452.0,1.0,169.88,2023-07-25 07:28:56,2023-07-25 07:44:56,2023-07-25 07:54:56,2858.7,Cash,7714.0
7169945062.0,32830199.0,376447.0,3.0,724.84,2023-06-14 02:25:15,2023-06-14 02:37:15,2023-06-14 02:40:15,3552.63,UPI,7109.0
5393866026.0,13164195.0,256051.0,2.0,400.92,2023-04-10 00:45:20,2023-04-10 00:56:20,2023-04-10 00:51:20,1608.96,Cash,6010.0
7266772806.0,79942821.0,137909.0,1.0,864.3,2024-09-06 23:10:12,2024-09-06 23:24:12,2024-09-06 23:28:12,1746.31,Card,6023.0
2411227007.0,46875863.0,337168.0,1.0,545.49,2024-06-09 14:40:18,2024-06-09 14:54:18,2024-06-09 14:57:18,1406.39,Wallet,4672.0
960728650.0,34526570.0,187399.0,3.0,53.49,2023-04-16 07:58:44,2023-04-16 08:09:44,2023-04-16 08:16:44,426.72,UPI,245.0
2326500581.0,24308515.0,123983.0,2.0,785.67,2024-07-21 05:29:04,2024-07-21 05:49:04,2024-07-21 05:54:04,699.45,UPI,6327.0
9489310879.0,42989999.0,891833.0,3.0,493.19,2024-10-15 05:22:12,2024-10-15 05:36:12,2024-10-15 05:33:12,1479.13,UPI,545.0
2341242955.0,8228843.0,171602.0,1.0,883.44,2024-01-12 18:22:15,2024-01-12 18:41:15,2024-01-12 19:00:15,3830.72,UPI,296.0
1023485121.0,63310076.0,94225.0,3.0,77.11,2024-02-11 17:16:30,2024-02-11 17:36:30,2024-02-11 17:38:30,2017.92,Cash,5019.0
9742218709.0,83412446.0,891833.0,2.0,493.19,2024-09-25 13:18:53,2024-09-25 13:28:53,2024-09-25 13:27:53,2931.03,Cash,8354.0
9039933820.0,69219122.0,317242.0,3.0,198.15,2023-12-09 15:07:56,2023-12-09 15:18:56,2023-12-09 15:17:56,2739.91,Card,6194.0
1391881327.0,50557979.0,123983.0,3.0,785.67,2024-07-01 21:17:49,2024-07-01 21:34:49,2024-07-01 21:38:49,1331.1,UPI,4496.0
3360648053.0,2584499.0,131136.0,1.0,37.8,2023-05-15 08:19:15,2023-05-15 08:38:15,2023-05-15 08:43:15,1278.25,Wallet,2575.0
9758418980.0,69219122.0,949818.0,2.0,483.05,2023-07-05 11:42:10,2023-07-05 11:58:10,2023-07-05 11:54:10,2212.5,Card,6889.0
9859459525.0,67952740.0,667163.0,2.0,441.2,2023-07-13 02:25:28,2023-07-13 02:44:28,2023-07-13 02:44:28,1720.18,Card,6296.0
6924226309.0,62526567.0,604184.0,2.0,397.55,2024-09-27 03:45:48,2024-09-27 04:02:48,2024-09-27 04:13:48,163.03,Cash,3837.0
7672052920.0,20238921.0,228286.0,3.0,179.08,2023-12-07 00:58:00,2023-12-07 01:11:00,2023-12-07 01:07:00,651.93,Wallet,411.0
4597359399.0,57967753.0,552496.0,3.0,508.0,2024-09-20 03:03:14,2024-09-20 03:14:14,2024-09-20 03:12:14,4536.47,UPI,5685.0
665402174.0,51557673.0,894539.0,2.0,445.48,2024-04-16 02:03:25,2024-04-16 02:20:25,2024-04-16 02:17:25,4360.12,Cash,8025.0
3986082657.0,49152878.0,604184.0,1.0,397.55,2024-02-17 12:37:53,2024-02-17 12:56:53,2024-02-17 12:55:53,2960.99,Wallet,6770.0
4275746826.0,44410149.0,120532.0,3.0,697.53,2024-03-05 10:45:46,2024-03-05 10:57:46,2024-03-05 10:54:46,1872.54,UPI,1223.0
525864604.0,33651554.0,6405.0,3.0,236.51,2024-03-24 21:04:29,2024-03-24 21:22:29,2024-03-24 21:24:29,5498.39,Cash,1465.0
4473658819.0,376144.0,432617.0,2.0,863.18,2023-12-05 00:25:25,2023-12-05 00:39:25,2023-12-05 00:35:25,941.19,Cash,9592.0
8824559505.0,88553721.0,578097.0,3.0,267.61,2024-08-14 13:46:11,2024-08-14 14:06:11,2024-08-14 14:03:11,2459.51,UPI,8997.0
1824646473.0,51670882.0,378287.0,3.0,332.84,2023-04-02 06:47:43,2023-04-02 07:02:43,2023-04-02 06:57:43,3568.61,Cash,7750.0
776389097.0,10797688.0,243235.0,1.0,109.03,2024-02-10 07:33:39,2024-02-10 07:50:39,2024-02-10 08:05:39,2232.88,Cash,6468.0
4908634706.0,88223261.0,839170.0,3.0,481.63,2023-10-15 22:19:25,2023-10-15 22:36:25,2023-10-15 22:37:25,3086.11,Wallet,9135.0
3516204561.0,64562786.0,677169.0,2.0,261.03,2023-09-09 05:31:58,2023-09-09 05:48:58,2023-09-09 05:48:58,3338.89,Card,2887.0
9510792757.0,625395.0,937542.0,1.0,97.04,2023-11-04 05:02:14,2023-11-04 05:12:14,2023-11-04 05:12:14,1067.61,Cash,4424.0
3504903228.0,31776996.0,256783.0,1.0,906.54,2023-06-30 00:16:00,2023-06-30 00:26:00,2023-06-30 00:34:00,3239.13,Card,3144.0
3438202422.0,43860025.0,602241.0,2.0,976.55,2023-10-08 15:49:10,2023-10-08 16:06:10,2023-10-08 16:33:10,2921.39,UPI,7813.0
3007616042.0,77869660.0,451933.0,2.0,568.94,2024-07-14 07:20:08,2024-07-14 07:36:08,2024-07-14 07:58:08,3455.69,UPI,6767.0
4656199468.0,13581527.0,373536.0,3.0,494.17,2023-10-29 19:29:19,2023-10-29 19:46:19,2023-10-29 20:16:19,3086.0,UPI,9118.0
6994560237.0,96109948.0,366066.0,2.0,918.58,2024-07-03 11:16:07,2024-07-03 11:29:07,2024-07-03 11:27:07,2730.52,UPI,9648.0
8442552565.0,12851610.0,385113.0,1.0,816.38,2023-11-05 16:16:52,2023-11-05 16:31:52,2023-11-05 16:58:52,1850.58,UPI,6340.0
414299117.0,41008070.0,470449.0,3.0,827.77,2023-07-28 06:31:14,2023-07-28 06:50:14,2023-07-28 06:50:14,2257.55,Cash,3924.0
8146956033.0,44888581.0,490602.0,2.0,549.47,2024-08-10 00:55:00,2024-08-10 01:07:00,2024-08-10 01:03:00,1465.27,Card,8774.0
7919748594.0,75213636.0,481843.0,1.0,297.68,2024-09-20 00:30:20,2024-09-20 00:47:20,2024-09-20 00:49:20,1908.42,Wallet,8863.0
7834171020.0,52915166.0,687218.0,2.0,317.82,2024-01-04 12:16:25,2024-01-04 12:36:25,2024-01-04 12:39:25,309.62,Card,9046.0
3735968672.0,211163.0,767398.0,3.0,22.14,2023-12-22 22:27:36,2023-12-22 22:43:36,2023-12-22 22:41:36,3555.45,UPI,4579.0
3864051985.0,31776996.0,490939.0,1.0,80.25,2024-04-06 02:54:19,2024-04-06 03:13:19,2024-04-06 03:41:19,4519.31,Cash,879.0
8299074079.0,59930550.0,600767.0,1.0,722.42,2024-06-08 10:14:10,2024-06-08 10:25:10,2024-06-08 10:26:10,645.44,Cash,6840.0
891333736.0,96853930.0,552496.0,1.0,508.0,2023-09-24 20:13:03,2023-09-24 20:28:03,2023-09-24 20:57:03,2152.26,Wallet,1742.0
2874220576.0,99734256.0,146840.0,2.0,786.85,2023-10-04 07:00:43,2023-10-04 07:13:43,2023-10-04 07:10:43,4341.21,Wallet,7563.0
6375536946.0,94430842.0,937542.0,3.0,97.04,2024-01-10 12:35:54,2024-01-10 12:51:54,2024-01-10 12:52:54,2163.71,UPI,5825.0
1966054573.0,31389750.0,552883.0,1.0,888.16,2023-05-09 11:57:58,2023-05-09 12:12:58,2023-05-09 12:38:58,5121.92,UPI,1054.0
1565942558.0,40858753.0,272170.0,2.0,140.8,2024-08-04 14:20:41,2024-08-04 14:34:41,2024-08-04 14:34:41,2536.81,UPI,6447.0
4624281313.0,11493380.0,490939.0,2.0,80.25,2024-10-22 11:12:07,2024-10-22 11:27:07,2024-10-22 11:30:07,3736.79,Card,2814.0
6884010758.0,22210238.0,818990.0,2.0,163.55,2024-04-27 22:17:57,2024-04-27 22:36:57,2024-04-27 22:38:57,4982.72,Wallet,7988.0
4351744653.0,9423628.0,851978.0,1.0,715.72,2023-04-03 14:10:21,2023-04-03 14:26:21,2023-04-03 14:45:21,3342.15,UPI,6150.0
8698000932.0,43519553.0,690565.0,2.0,951.27,2024-05-28 20:20:44,2024-05-28 20:33:44,2024-05-28 20:57:44,1441.0,Card,2282.0
3844380421.0,6344345.0,131937.0,3.0,287.81,2023-10-19 12:46:22,2023-10-19 13:05:22,2023-10-19 13:01:22,1515.54,Wallet,8571.0
7105842598.0,99707100.0,897083.0,1.0,972.69,2023-08-24 14:49:37,2023-08-24 15:06:37,2023-08-24 15:01:37,5027.5,UPI,1069.0
8993722297.0,69088723.0,952124.0,2.0,127.08,2023-07-04 15:54:33,2023-07-04 16:14:33,2023-07-04 16:17:33,1914.81,Cash,7896.0
2929439019.0,63858550.0,654623.0,1.0,422.14,2023-10-28 17:21:14,2023-10-28 17:37:14,2023-10-28 17:35:14,377.8,Wallet,4113.0
1661854320.0,79169760.0,382511.0,2.0,702.54,2024-09-28 09:51:29,2024-09-28 10:11:29,2024-09-28 10:16:29,2680.38,UPI,9324.0
3082165628.0,49617892.0,621677.0,3.0,317.8,2023-05-02 21:32:37,2023-05-02 21:48:37,2023-05-02 21:44:37,3474.38,UPI,8856.0
1745045814.0,88532418.0,677169.0,1.0,261.03,2023-11-30 08:45:34,2023-11-30 09:04:34,2023-11-30 09:01:34,3143.65,Card,2971.0
813387880.0,92455970.0,897083.0,1.0,972.69,2023-07-08 11:31:53,2023-07-08 11:43:53,2023-07-08 11:42:53,3950.66,Wallet,602.0
8189879400.0,66427343.0,491521.0,1.0,556.35,2023-11-16 04:22:20,2023-11-16 04:33:20,2023-11-16 04:29:20,2078.87,Cash,4806.0
8465045467.0,13604883.0,136533.0,3.0,826.21,2024-05-01 05:32:15,2024-05-01 05:48:15,2024-05-01 05:46:15,1239.22,Wallet,1065.0
9232350528.0,4055790.0,67197.0,2.0,552.2,2023-10-03 08:17:06,2023-10-03 08:29:06,2023-10-03 08:28:06,894.54,Cash,7604.0
1728666371.0,23126356.0,131748.0,1.0,81.35,2024-05-12 12:29:32,2024-05-12 12:47:32,2024-05-12 13:10:32,3258.36,Cash,271.0
6131815766.0,65514005.0,564692.0,2.0,215.65,2023-03-17 23:50:57,2023-03-18 00:05:57,2023-03-18 00:05:57,2043.07,Wallet,5313.0
6438773635.0,67302239.0,965755.0,2.0,532.57,2024-07-19 03:53:24,2024-07-19 04:07:24,2024-07-19 04:02:24,4912.61,UPI,3926.0
6912676966.0,29324437.0,26060.0,1.0,342.94,2023-06-10 13:50:41,2023-06-10 14:06:41,2023-06-10 14:06:41,961.64,Wallet,4021.0
2840314717.0,26432512.0,679321.0,3.0,738.46,2023-06-27 23:33:21,2023-06-27 23:52:21,2023-06-27 23:51:21,1825.16,Wallet,627.0
9508359721.0,3002538.0,679865.0,2.0,347.91,2024-08-24 15:46:55,2024-08-24 15:57:55,2024-08-24 16:06:55,746.29,UPI,9954.0
2244679313.0,4458329.0,557908.0,3.0,942.37,2024-08-05 06:57:07,2024-08-05 07:09:07,2024-08-05 07:13:07,127.16,Card,2803.0
9407544177.0,66310963.0,34200.0,1.0,319.8,2024-11-03 07:53:59,2024-11-03 08:03:59,2024-11-03 08:07:59,979.99,Card,9387.0
2528398796.0,87889031.0,552496.0,3.0,508.0,2023-04-06 23:42:43,2023-04-07 00:02:43,2023-04-07 00:13:43,2625.78,Wallet,3422.0
9464988762.0,13567338.0,33955.0,3.0,186.08,2023-10-02 17:16:55,2023-10-02 17:29:55,2023-10-02 17:25:55,916.92,UPI,8996.0
6373867899.0,66655397.0,36412.0,2.0,397.68,2023-11-08 08:41:48,2023-11-08 08:52:48,2023-11-08 08:57:48,1064.83,Card,5350.0
4028185110.0,4789829.0,367391.0,1.0,939.55,2023-04-25 15:18:14,2023-04-25 15:36:14,2023-04-25 15:43:14,3405.22,Cash,6415.0
9717018638.0,73679086.0,613942.0,3.0,545.0,2024-07-13 02:36:06,2024-07-13 02:50:06,2024-07-13 02:58:06,197.39,Card,5154.0
4898477588.0,66766629.0,287070.0,2.0,443.17,2024-02-15 20:07:56,2024-02-15 20:20:56,2024-02-15 20:15:56,3778.85,UPI,151.0
4723165081.0,29562254.0,461804.0,3.0,310.69,2024-02-02 08:53:11,2024-02-02 09:09:11,2024-02-02 09:05:11,1182.98,UPI,5171.0
2845954128.0,31324823.0,237083.0,2.0,577.13,2024-07-04 16:45:53,2024-07-04 16:58:53,2024-07-04 16:56:53,1467.79,Cash,9643.0
23158044.0,31681710.0,669378.0,1.0,212.14,2023-05-19 19:28:28,2023-05-19 19:41:28,2023-05-19 19:41:28,2726.7,UPI,919.0
1486548042.0,13465850.0,222892.0,3.0,869.22,2023-10-12 11:17:23,2023-10-12 11:35:23,2023-10-12 11:44:23,3856.34,Card,350.0
708351411.0,69762479.0,659290.0,2.0,319.34,2023-10-16 05:31:05,2023-10-16 05:43:05,2023-10-16 05:51:05,3373.0,Cash,4668.0
5512110908.0,40192266.0,654623.0,2.0,422.14,2023-11-22 02:06:53,2023-11-22 02:20:53,2023-11-22 02:46:53,2082.1,Cash,2944.0
2295441899.0,58644651.0,820973.0,3.0,114.52,2024-02-18 07:50:22,2024-02-18 08:06:22,2024-02-18 08:14:22,2679.68,Cash,9178.0
4867173151.0,35885052.0,287070.0,2.0,443.17,2023-10-24 22:00:36,2023-10-24 22:14:36,2023-10-24 22:16:36,494.17,Card,2590.0
4635037652.0,69925688.0,256783.0,3.0,906.54,2024-01-23 20:40:54,2024-01-23 20:55:54,2024-01-23 20:50:54,493.19,Wallet,3882.0
2209259378.0,86995126.0,305754.0,1.0,979.99,2023-12-23 12:41:15,2023-12-23 12:52:15,2023-12-23 12:47:15,2342.26,Card,205.0
4079286483.0,22227829.0,487065.0,2.0,374.68,2023-05-19 13:09:58,2023-05-19 13:22:58,2023-05-19 13:24:58,435.28,Card,7987.0
9506078962.0,27336589.0,114414.0,2.0,832.06,2024-07-05 22:01:58,2024-07-05 22:13:58,2024-07-05 22:27:58,1267.45,Card,82.0
6894691072.0,83577942.0,606256.0,2.0,369.28,2024-03-22 11:55:52,2024-03-22 12:13:52,2024-03-22 12:17:52,2650.68,Cash,9991.0
4481256065.0,66499992.0,937542.0,2.0,97.04,2024-04-04 13:57:44,2024-04-04 14:07:44,2024-04-04 14:29:44,1395.84,Card,414.0
5050919809.0,46885873.0,760828.0,1.0,563.45,2024-05-13 07:04:41,2024-05-13 07:24:41,2024-05-13 07:27:41,4439.75,Card,769.0
1328085383.0,67538982.0,131937.0,2.0,287.81,2023-05-11 11:37:52,2023-05-11 11:50:52,2023-05-11 11:47:52,1091.9,Wallet,5624.0
5382246981.0,87266309.0,897083.0,2.0,972.69,2023-08-30 21:51:30,2023-08-30 22:08:30,2023-08-30 22:12:30,4419.12,Card,7639.0
5647827263.0,96171594.0,264803.0,2.0,995.98,2024-05-07 07:55:24,2024-05-07 08:10:24,2024-05-07 08:09:24,1513.03,Card,1592.0
9244268951.0,64316806.0,712003.0,1.0,671.68,2023-10-30 09:28:13,2023-10-30 09:40:13,2023-10-30 09:44:13,568.94,UPI,3802.0
6217777735.0,12059049.0,305754.0,2.0,979.99,2024-07-22 11:23:06,2024-07-22 11:39:06,2024-07-22 11:34:06,1730.26,Card,6305.0
3682639473.0,99301505.0,654297.0,1.0,13.25,2023-11-21 23:48:53,2023-11-22 00:03:53,2023-11-21 23:59:53,2777.46,Wallet,6740.0
3859331666.0,23676689.0,677542.0,1.0,212.61,2023-07-02 07:37:25,2023-07-02 07:49:25,2023-07-02 07:48:25,1299.18,Wallet,433.0
7971689217.0,64932019.0,642612.0,3.0,517.03,2023-10-18 13:04:32,2023-10-18 13:24:32,2023-10-18 13:38:32,4281.75,Wallet,9430.0
6822492679.0,98540377.0,767398.0,3.0,22.14,2023-07-28 06:09:08,2023-07-28 06:25:08,2023-07-28 06:39:08,2513.48,Cash,181.0
7211194993.0,16561710.0,734789.0,2.0,395.82,2023-09-04 03:48:51,2023-09-04 03:59:51,2023-09-04 03:59:51,827.77,Cash,8397.0
461485679.0,4594944.0,723678.0,1.0,675.46,2023-08-08 00:06:45,2023-08-08 00:18:45,2023-08-08 00:22:45,4205.78,Wallet,1194.0
3209732414.0,87335844.0,264803.0,1.0,995.98,2024-04-18 10:50:25,2024-04-18 11:06:25,2024-04-18 11:06:25,1028.26,Card,5828.0
6537694730.0,75490147.0,930284.0,3.0,189.47,2024-08-15 00:38:15,2024-08-15 00:54:15,2024-08-15 00:58:15,162.67,UPI,6753.0
7653097776.0,63184222.0,487065.0,1.0,374.68,2023-07-16 06:38:44,2023-07-16 06:58:44,2023-07-16 06:59:44,2232.82,Cash,9888.0
4928556641.0,97475543.0,589812.0,2.0,163.03,2023-09-19 14:53:57,2023-09-19 15:11:57,2023-09-19 15:18:57,2275.2,Card,1415.0
5905518100.0,86995126.0,604184.0,1.0,397.55,2023-09-25 06:34:07,2023-09-25 06:47:07,2023-09-25 06:51:07,581.92,Wallet,1527.0
8337948336.0,25706121.0,687218.0,2.0,317.82,2023-07-04 05:26:59,2023-07-04 05:42:59,2023-07-04 05:47:59,4230.25,Cash,3130.0
8814435884.0,69908484.0,256783.0,1.0,906.54,2024-08-11 13:59:47,2024-08-11 14:11:47,2024-08-11 14:13:47,3209.28,Card,6139.0
6645415772.0,64906311.0,704868.0,2.0,193.46,2024-07-02 06:51:43,2024-07-02 07:04:43,2024-07-02 07:00:43,2890.11,UPI,4689.0
5274039950.0,87059497.0,41853.0,1.0,910.44,2023-12-14 20:20:39,2023-12-14 20:34:39,2023-12-14 20:31:39,827.44,Card,8162.0
7404052550.0,45166203.0,33955.0,3.0,186.08,2023-09-13 07:03:41,2023-09-13 07:21:41,2023-09-13 07:18:41,2358.73,UPI,1541.0
8179058864.0,76970363.0,222892.0,1.0,869.22,2023-05-18 17:45:29,2023-05-18 17:59:29,2023-05-18 17:57:29,530.59,UPI,4798.0
5195997912.0,29562072.0,951463.0,2.0,787.4,2024-07-20 15:16:32,2024-07-20 15:34:32,2024-07-20 15:29:32,3184.63,Wallet,452.0
3320194259.0,68219091.0,734789.0,1.0,395.82,2023-12-07 18:55:10,2023-12-07 19:10:10,2023-12-07 19:06:10,2141.25,UPI,7661.0
8185684967.0,46686696.0,784673.0,2.0,491.39,2023-05-05 22:30:30,2023-05-05 22:48:30,2023-05-05 22:49:30,3101.41,Card,4939.0
2324568019.0,59677346.0,313754.0,2.0,136.6,2023-07-06 05:05:30,2023-07-06 05:18:30,2023-07-06 05:25:30,1885.21,UPI,851.0
3522645150.0,22483684.0,513199.0,2.0,422.23,2023-05-16 07:33:57,2023-05-16 07:52:57,2023-05-16 07:53:57,1588.47,UPI,7906.0
4510488834.0,90586443.0,63769.0,1.0,878.07,2024-09-08 20:39:29,2024-09-08 20:53:29,2024-09-08 20:53:29,2554.48,Card,7374.0
9433427403.0,46848302.0,623234.0,2.0,329.79,2023-05-17 20:56:25,2023-05-17 21:11:25,2023-05-17 21:24:25,236.95,Wallet,3500.0
8065436106.0,5763963.0,490602.0,1.0,549.47,2024-01-22 01:40:31,2024-01-22 01:59:31,2024-01-22 01:59:31,592.46,Card,5306.0
846586265.0,10418604.0,585299.0,1.0,799.46,2023-07-02 16:41:26,2023-07-02 16:52:26,2023-07-02 17:02:26,2302.23,Cash,8483.0
4337013612.0,30823988.0,739534.0,2.0,994.56,2023-05-15 12:29:43,2023-05-15 12:42:43,2023-05-15 12:45:43,422.5,Card,436.0
8916023990.0,3588443.0,34186.0,2.0,925.65,2024-05-18 04:28:04,2024-05-18 04:47:04,2024-05-18 04:58:04,134.69,UPI,1671.0
6018805430.0,35358395.0,440875.0,1.0,275.03,2023-09-04 07:24:40,2023-09-04 07:37:40,2023-09-04 07:41:40,4118.37,Card,1404.0
2676353168.0,25595836.0,327290.0,3.0,862.28,2024-09-10 11:19:07,2024-09-10 11:32:07,2024-09-10 11:31:07,3310.03,Cash,9589.0
1069724600.0,10945990.0,890623.0,3.0,354.52,2023-07-26 11:43:20,2023-07-26 11:56:20,2023-07-26 12:05:20,3298.22,Cash,3971.0
5503476312.0,36774480.0,604184.0,3.0,397.55,2024-06-16 15:46:53,2024-06-16 16:03:53,2024-06-16 16:07:53,242.57,Wallet,519.0
4439677910.0,91791128.0,961614.0,2.0,227.22,2024-02-26 09:32:38,2024-02-26 09:44:38,2024-02-26 09:44:38,1646.89,Wallet,2972.0
8045361592.0,16543242.0,602241.0,1.0,976.55,2024-10-11 11:49:32,2024-10-11 12:04:32,2024-10-11 12:06:32,2264.11,Wallet,5631.0
1873731593.0,20209237.0,647462.0,2.0,326.42,2023-11-24 07:41:32,2023-11-24 07:58:32,2023-11-24 08:01:32,630.84,Wallet,4037.0
1126011099.0,53557741.0,714999.0,2.0,882.51,2024-02-21 21:53:21,2024-02-21 22:09:21,2024-02-21 22:08:21,3092.96,Card,2608.0
4100626744.0,15484407.0,760684.0,3.0,71.6,2024-10-21 01:03:46,2024-10-21 01:19:46,2024-10-21 01:24:46,13.25,UPI,9922.0
8616880376.0,16256136.0,859361.0,2.0,432.39,2024-03-18 04:01:22,2024-03-18 04:15:22,2024-03-18 04:35:22,102.44,Wallet,800.0
1427911940.0,20634789.0,451933.0,3.0,568.94,2024-02-24 07:00:38,2024-02-24 07:14:38,2024-02-24 07:17:38,689.16,UPI,6456.0
4416398885.0,10945990.0,863930.0,1.0,242.57,2024-10-22 06:38:37,2024-10-22 06:57:37,2024-10-22 06:56:37,404.44,Card,5229.0
2584579895.0,94713625.0,953175.0,1.0,225.21,2024-01-12 20:46:24,2024-01-12 20:57:24,2024-01-12 20:55:24,4261.37,Card,7435.0
7770651576.0,87266309.0,114414.0,3.0,832.06,2023-09-04 00:18:49,2023-09-04 00:28:49,2023-09-04 00:51:49,3258.88,UPI,4887.0
3705985582.0,34897081.0,473647.0,3.0,43.05,2023-08-19 23:20:01,2023-08-19 23:35:01,2023-08-19 23:36:01,1623.7,Wallet,775.0
5160295213.0,22133362.0,186168.0,3.0,878.8,2024-01-25 20:44:59,2024-01-25 20:59:59,2024-01-25 20:59:59,3428.33,Cash,3844.0
4374285559.0,53399500.0,820541.0,3.0,576.22,2024-09-02 02:58:44,2024-09-02 03:11:44,2024-09-02 03:18:44,1063.23,UPI,47.0
9096638812.0,70243933.0,240179.0,3.0,90.56,2023-12-05 01:56:14,2023-12-05 02:11:14,2023-12-05 02:10:14,3559.69,UPI,5392.0
2888179397.0,51341672.0,818522.0,3.0,96.09,2023-08-26 18:51:22,2023-08-26 19:09:22,2023-08-26 19:17:22,3461.96,UPI,3841.0
3387165389.0,376144.0,146840.0,3.0,786.85,2024-07-14 09:14:56,2024-07-14 09:24:56,2024-07-14 09:24:56,3280.88,Card,4084.0
1925647539.0,13424885.0,397973.0,1.0,728.73,2023-08-14 15:30:54,2023-08-14 15:48:54,2023-08-14 15:49:54,2294.95,UPI,3545.0
6160848562.0,59769142.0,397973.0,2.0,728.73,2023-09-10 19:43:37,2023-09-10 19:57:37,2023-09-10 20:02:37,1022.08,Card,3525.0
2343495895.0,2584499.0,552496.0,3.0,508.0,2024-08-04 14:24:51,2024-08-04 14:34:51,2024-08-04 14:33:51,1706.95,UPI,693.0
8812220964.0,66742602.0,659290.0,2.0,319.34,2023-08-29 16:20:14,2023-08-29 16:38:14,2023-08-29 16:43:14,2111.11,Wallet,457.0
8640364495.0,51670882.0,398340.0,3.0,651.93,2023-05-13 22:51:47,2023-05-13 23:03:47,2023-05-13 23:13:47,1012.07,Card,9349.0
4610687284.0,27698051.0,723678.0,1.0,675.46,2023-09-26 10:32:31,2023-09-26 10:48:31,2023-09-26 10:53:31,1094.43,Cash,8136.0
189431942.0,58115779.0,51036.0,3.0,931.61,2024-01-23 12:27:16,2024-01-23 12:47:16,2024-01-23 12:45:16,163.03,UPI,3363.0
1746826454.0,36462363.0,798639.0,2.0,211.25,2024-01-05 01:38:52,2024-01-05 01:52:52,2024-01-05 01:50:52,261.03,Card,5269.0
948345459.0,66629497.0,993331.0,1.0,102.44,2024-03-23 04:13:06,2024-03-23 04:25:06,2024-03-23 04:35:06,1015.2,UPI,4933.0
9959881029.0,35782051.0,654623.0,2.0,422.14,2024-09-30 03:23:06,2024-09-30 03:34:06,2024-09-30 03:44:06,3893.9,UPI,1798.0
621213006.0,43377076.0,739448.0,3.0,755.66,2024-07-22 04:28:26,2024-07-22 04:39:26,2024-07-22 04:40:26,1244.79,UPI,5501.0
1772464528.0,66655397.0,954722.0,1.0,616.45,2023-09-07 21:03:04,2023-09-07 21:22:04,2023-09-07 21:23:04,1709.44,Cash,3203.0
7732863862.0,89476734.0,194682.0,2.0,912.29,2023-08-02 03:54:51,2023-08-02 04:11:51,2023-08-02 04:13:51,3828.04,Cash,946.0
3064828239.0,6186471.0,689769.0,1.0,46.62,2024-02-18 07:37:33,2024-02-18 07:49:33,2024-02-18 07:54:33,4356.46,UPI,2142.0
6363526452.0,53292177.0,965755.0,3.0,532.57,2023-10-10 23:01:54,2023-10-10 23:16:54,2023-10-10 23:18:54,3611.55,Wallet,385.0
6988011282.0,74212242.0,807452.0,1.0,144.19,2024-10-30 17:00:05,2024-10-30 17:18:05,2024-10-30 17:17:05,2171.93,Wallet,1783.0
8523250818.0,77673290.0,799459.0,2.0,852.02,2024-02-11 18:54:06,2024-02-11 19:05:06,2024-02-11 19:01:06,2236.59,UPI,621.0
5595210484.0,93507573.0,60619.0,3.0,726.41,2023-05-17 01:03:53,2023-05-17 01:19:53,2023-05-17 01:27:53,639.5,Card,9488.0
1461081366.0,13604883.0,33955.0,1.0,186.08,2024-08-15 23:06:55,2024-08-15 23:16:55,2024-08-15 23:23:55,3593.55,Cash,9873.0
4922364507.0,79628054.0,313754.0,3.0,136.6,2024-07-06 08:46:32,2024-07-06 08:57:32,2024-07-06 08:59:32,2661.33,Cash,5995.0
6597871211.0,59815512.0,478531.0,3.0,825.46,2024-05-03 00:28:32,2024-05-03 00:47:32,2024-05-03 00:48:32,2777.48,UPI,5678.0
2719816862.0,85074810.0,876139.0,3.0,415.75,2024-09-20 20:49:22,2024-09-20 21:09:22,2024-09-20 21:24:22,332.84,Wallet,7023.0
9830788650.0,87160527.0,587645.0,1.0,801.81,2023-07-07 07:55:06,2023-07-07 08:12:06,2023-07-07 08:17:06,2924.55,UPI,4149.0
140980199.0,27504517.0,492958.0,2.0,84.2,2024-03-05 14:09:06,2024-03-05 14:27:06,2024-03-05 14:36:06,769.7,UPI,4915.0
7595842583.0,90150193.0,555121.0,1.0,354.91,2024-02-24 07:57:06,2024-02-24 08:13:06,2024-02-24 08:18:06,3399.47,Cash,8390.0
2390228992.0,46699982.0,328457.0,2.0,858.57,2023-07-31 16:49:38,2023-07-31 17:08:38,2023-07-31 17:08:38,2179.55,Card,9041.0
8178738469.0,95873651.0,140154.0,3.0,171.2,2023-06-12 05:47:37,2023-06-12 06:03:37,2023-06-12 06:13:37,4117.53,Card,8914.0
9964671001.0,79591237.0,256051.0,1.0,400.92,2024-03-14 17:53:53,2024-03-14 18:06:53,2024-03-14 18:02:53,3829.3,Card,966.0
1258689954.0,89886179.0,623234.0,3.0,329.79,2024-03-31 02:27:00,2024-03-31 02:41:00,2024-03-31 02:43:00,2868.78,Card,615.0
4647158015.0,13461704.0,990993.0,3.0,263.7,2023-11-18 13:28:26,2023-11-18 13:40:26,2023-11-18 13:52:26,2279.47,UPI,7293.0
2382974038.0,83610315.0,461804.0,1.0,310.69,2024-05-16 16:47:07,2024-05-16 17:01:07,2024-05-16 17:04:07,2282.13,UPI,926.0
3663827875.0,28499191.0,604184.0,3.0,397.55,2023-11-02 20:27:10,2023-11-02 20:46:10,2023-11-02 21:10:10,209.59,UPI,6347.0
6501113916.0,22210238.0,871592.0,3.0,870.29,2024-01-07 16:47:53,2024-01-07 17:05:53,2024-01-07 17:09:53,4185.2,UPI,1179.0
3300719369.0,32830199.0,739534.0,1.0,994.56,2024-05-25 03:37:12,2024-05-25 03:57:12,2024-05-25 04:02:12,105.29,Wallet,5896.0
3239722852.0,26935187.0,39154.0,3.0,946.86,2023-07-02 09:26:30,2023-07-02 09:43:30,2023-07-02 09:39:30,4981.57,UPI,4223.0
6694899030.0,36142455.0,361361.0,3.0,826.21,2024-09-21 16:34:57,2024-09-21 16:44:57,2024-09-21 16:57:57,2823.27,Card,8102.0
992895707.0,18259715.0,324809.0,1.0,608.0,2023-05-14 22:40:49,2023-05-14 22:51:49,2023-05-14 22:57:49,592.58,Cash,9473.0
8432150432.0,9650263.0,621677.0,2.0,317.8,2024-05-11 16:21:59,2024-05-11 16:33:59,2024-05-11 16:33:59,755.01,Wallet,4627.0
6220520171.0,42366724.0,764014.0,2.0,612.04,2023-12-01 00:07:19,2023-12-01 00:21:19,2023-12-01 00:20:19,1721.87,UPI,8663.0
735608722.0,3292927.0,784673.0,3.0,491.39,2024-06-08 09:29:25,2024-06-08 09:48:25,2024-06-08 10:02:25,1276.51,Card,1469.0
7303161073.0,98444183.0,94225.0,1.0,77.11,2024-03-15 00:03:10,2024-03-15 00:15:10,2024-03-15 00:20:10,4591.66,Cash,1900.0
9783380107.0,70976153.0,243235.0,3.0,109.03,2024-06-09 08:07:30,2024-06-09 08:18:30,2024-06-09 08:18:30,2408.28,Card,5057.0
3835886077.0,8384106.0,839170.0,2.0,481.63,2023-11-19 17:33:59,2023-11-19 17:51:59,2023-11-19 17:49:59,796.88,Card,9564.0
8140652447.0,11705793.0,585299.0,1.0,799.46,2024-04-15 11:28:24,2024-04-15 11:39:24,2024-04-15 11:36:24,2649.69,Card,7412.0
6412390967.0,66023110.0,196719.0,2.0,217.5,2024-02-03 20:15:40,2024-02-03 20:35:40,2024-02-03 20:37:40,3014.75,Card,7479.0
6688575911.0,48943848.0,848226.0,1.0,209.59,2023-12-26 18:44:13,2023-12-26 19:01:13,2023-12-26 19:04:13,5088.41,Wallet,7327.0
3890111511.0,68965787.0,305754.0,3.0,979.99,2024-09-09 23:37:46,2024-09-09 23:52:46,2024-09-10 00:11:46,3935.46,UPI,9572.0
5145256852.0,57770044.0,888807.0,3.0,230.58,2024-09-10 19:14:18,2024-09-10 19:25:18,2024-09-10 19:43:18,1501.57,Cash,1703.0
7375057413.0,12799092.0,237083.0,1.0,577.13,2023-05-17 22:25:56,2023-05-17 22:35:56,2023-05-17 22:44:56,1114.88,Card,3471.0
3047491006.0,61182897.0,14145.0,1.0,630.84,2024-09-21 21:50:52,2024-09-21 22:03:52,2024-09-21 22:08:52,3752.62,Cash,5187.0
7715738110.0,81605722.0,820973.0,1.0,114.52,2023-05-10 22:12:57,2023-05-10 22:25:57,2023-05-10 22:29:57,514.14,Card,552.0
6191554160.0,77869660.0,154179.0,3.0,582.87,2023-07-20 23:13:31,2023-07-20 23:26:31,2023-07-20 23:24:31,580.42,Cash,2824.0
896919031.0,42366724.0,378230.0,3.0,166.42,2024-10-08 03:01:32,2024-10-08 03:12:32,2024-10-08 03:11:32,1440.73,Wallet,1710.0
1535818185.0,99772709.0,803607.0,1.0,949.73,2024-05-03 16:30:31,2024-05-03 16:42:31,2024-05-03 16:37:31,1140.16,Card,4353.0
4428830794.0,701493.0,131748.0,1.0,81.35,2024-06-18 23:21:18,2024-06-18 23:41:18,2024-06-18 23:44:18,2948.82,UPI,917.0
3610035622.0,20956158.0,561860.0,3.0,874.78,2024-04-04 03:34:32,2024-04-04 03:46:32,2024-04-04 03:44:32,622.81,Card,3119.0
8674445072.0,50080663.0,891833.0,3.0,493.19,2024-08-04 05:22:43,2024-08-04 05:42:43,2024-08-04 05:44:43,2038.01,UPI,2711.0
9623704312.0,38613295.0,425341.0,3.0,486.28,2024-02-24 22:05:43,2024-02-24 22:21:43,2024-02-24 22:23:43,580.18,Card,6961.0
7786002894.0,30373140.0,237083.0,1.0,577.13,2023-12-21 12:56:24,2023-12-21 13:06:24,2023-12-21 13:12:24,899.56,Cash,6248.0
3264409553.0,70976153.0,336847.0,2.0,936.98,2023-03-30 18:35:29,2023-03-30 18:48:29,2023-03-30 19:12:29,840.34,Wallet,6402.0
7736534043.0,22915611.0,14145.0,3.0,630.84,2023-05-28 08:20:29,2023-05-28 08:33:29,2023-05-28 08:29:29,1003.46,Card,6419.0
5936596117.0,67729191.0,952124.0,1.0,127.08,2024-10-25 12:09:18,2024-10-25 12:28:18,2024-10-25 12:23:18,3014.85,Card,6545.0
1980087245.0,38875754.0,306177.0,3.0,769.24,2023-06-16 19:27:33,2023-06-16 19:46:33,2023-06-16 19:49:33,2606.6,Card,9649.0
8861557989.0,52913011.0,398340.0,3.0,651.93,2024-08-25 06:07:25,2024-08-25 06:22:25,2024-08-25 06:18:25,4574.66,Cash,3806.0
6702391437.0,13130974.0,256051.0,2.0,400.92,2024-01-21 17:57:30,2024-01-21 18:15:30,2024-01-21 18:32:30,4179.5,Card,230.0
6385452188.0,38875754.0,564692.0,3.0,215.65,2024-06-04 21:25:31,2024-06-04 21:39:31,2024-06-04 21:43:31,2664.35,UPI,9692.0
8813216380.0,85177880.0,876139.0,3.0,415.75,2024-10-09 11:57:06,2024-10-09 12:17:06,2024-10-09 12:27:06,3340.2,Cash,2007.0
5563712992.0,4597433.0,354409.0,2.0,325.08,2024-01-11 16:23:07,2024-01-11 16:43:07,2024-01-11 16:47:07,3233.68,UPI,3019.0
966468552.0,70459847.0,949818.0,2.0,483.05,2023-06-24 01:44:48,2023-06-24 01:55:48,2023-06-24 01:53:48,2561.55,Card,1720.0
4368529506.0,76327561.0,461804.0,2.0,310.69,2024-06-30 01:22:42,2024-06-30 01:34:42,2024-06-30 01:40:42,1081.17,UPI,4721.0
3777009463.0,25829710.0,491314.0,1.0,973.44,2024-09-01 08:11:47,2024-09-01 08:24:47,2024-09-01 08:23:47,264.89,Wallet,7493.0
3560912801.0,20163931.0,894539.0,3.0,445.48,2024-09-08 23:49:45,2024-09-09 00:07:45,2024-09-09 00:02:45,1052.23,Wallet,9987.0
1741224538.0,90621147.0,306177.0,2.0,769.24,2023-03-29 00:24:22,2023-03-29 00:40:22,2023-03-29 00:40:22,134.69,Cash,8219.0
4579251445.0,1507408.0,131136.0,2.0,37.8,2023-08-28 15:35:23,2023-08-28 15:48:23,2023-08-28 15:48:23,1057.68,Card,5398.0
3438127101.0,59141605.0,287070.0,1.0,443.17,2023-11-27 16:40:08,2023-11-27 16:50:08,2023-11-27 16:52:08,296.94,Cash,4892.0
9741958794.0,13164195.0,903336.0,3.0,551.88,2024-08-20 07:33:07,2024-08-20 07:43:07,2024-08-20 07:51:07,6173.45,Card,6124.0
882082341.0,75828735.0,470449.0,3.0,827.77,2024-10-10 12:35:06,2024-10-10 12:49:06,2024-10-10 13:00:06,5094.56,Wallet,2118.0
3629321763.0,79369660.0,757274.0,3.0,98.32,2024-08-06 18:45:52,2024-08-06 19:03:52,2024-08-06 19:05:52,2988.51,Cash,756.0
888938572.0,12695670.0,240179.0,2.0,90.56,2023-04-02 20:33:35,2023-04-02 20:49:35,2023-04-02 20:54:35,597.91,Cash,7991.0
5263181887.0,90150193.0,264803.0,1.0,995.98,2024-09-28 22:00:44,2024-09-28 22:13:44,2024-09-28 22:18:44,1239.9,Card,2272.0
7071557807.0,19375332.0,667163.0,3.0,441.2,2024-04-29 11:05:40,2024-04-29 11:24:40,2024-04-29 11:32:40,3848.05,Cash,7427.0
6888804296.0,2442235.0,542300.0,2.0,255.35,2024-10-24 22:24:07,2024-10-24 22:40:07,2024-10-24 22:42:07,2930.92,Cash,1605.0
814182718.0,65134271.0,930284.0,3.0,189.47,2023-11-17 22:17:49,2023-11-17 22:30:49,2023-11-17 22:25:49,2233.84,Card,8501.0
3513524740.0,1301661.0,373536.0,1.0,494.17,2024-07-03 12:00:31,2024-07-03 12:20:31,2024-07-03 12:42:31,1395.67,Card,3550.0
1234169434.0,22112867.0,378230.0,1.0,166.42,2023-10-17 20:52:10,2023-10-17 21:03:10,2023-10-17 21:07:10,3644.99,Card,4588.0
2577990012.0,71902700.0,500633.0,2.0,154.5,2023-09-22 03:03:12,2023-09-22 03:13:12,2023-09-22 03:13:12,2577.46,Card,2923.0
8446065263.0,79773912.0,153019.0,3.0,947.95,2023-11-15 01:53:57,2023-11-15 02:10:57,2023-11-15 02:16:57,2838.28,Card,6585.0
4220970302.0,90621147.0,812607.0,2.0,416.65,2024-11-01 09:44:24,2024-11-01 10:03:24,2024-11-01 09:59:24,2598.47,UPI,6692.0
5712516128.0,11503405.0,228286.0,3.0,179.08,2023-07-14 21:20:01,2023-07-14 21:33:01,2023-07-14 21:34:01,2661.8,Card,2367.0
807167715.0,26521850.0,14145.0,1.0,630.84,2024-08-28 21:17:15,2024-08-28 21:32:15,2024-08-28 21:29:15,951.27,Card,8011.0
213972345.0,71252391.0,927651.0,3.0,426.72,2024-06-14 23:11:09,2024-06-14 23:26:09,2024-06-14 23:28:09,3895.71,Card,8230.0
1013762407.0,51174875.0,552496.0,1.0,508.0,2024-10-19 06:57:40,2024-10-19 07:14:40,2024-10-19 07:38:40,2519.44,UPI,9729.0
5234194751.0,14207332.0,94225.0,1.0,77.11,2024-02-19 04:44:03,2024-02-19 05:02:03,2024-02-19 05:06:03,3494.6,Card,6396.0
1389077693.0,37947202.0,319388.0,3.0,657.8,2023-06-27 17:53:27,2023-06-27 18:12:27,2023-06-27 18:26:27,716.35,UPI,6110.0
1895143216.0,43295656.0,621677.0,1.0,317.8,2023-03-25 20:13:10,2023-03-25 20:23:10,2023-03-25 20:28:10,2921.03,Card,4450.0
3667250123.0,7728406.0,324809.0,3.0,608.0,2024-03-04 06:15:23,2024-03-04 06:27:23,2024-03-04 06:53:23,715.72,Cash,6149.0
6430529802.0,6459100.0,709916.0,2.0,33.76,2023-07-23 14:58:31,2023-07-23 15:14:31,2023-07-23 15:09:31,2974.48,Wallet,8070.0
4856277700.0,67729191.0,592784.0,2.0,280.35,2023-08-17 22:46:53,2023-08-17 23:05:53,2023-08-17 23:21:53,1070.91,UPI,7129.0
1492403962.0,11389698.0,4452.0,1.0,169.88,2023-07-09 01:43:47,2023-07-09 02:03:47,2023-07-09 02:06:47,5366.78,Wallet,9347.0
4348167632.0,93675757.0,140154.0,2.0,171.2,2023-11-29 05:51:03,2023-11-29 06:04:03,2023-11-29 05:59:03,2152.66,UPI,3894.0
3682471195.0,90856813.0,953175.0,2.0,225.21,2023-12-06 04:17:47,2023-12-06 04:30:47,2023-12-06 04:44:47,2138.69,UPI,2934.0
6888837939.0,67708491.0,274207.0,3.0,328.51,2024-03-27 14:51:12,2024-03-27 15:05:12,2024-03-27 15:00:12,1159.32,Wallet,3284.0
2278004109.0,99301505.0,954722.0,1.0,616.45,2024-09-01 03:50:07,2024-09-01 04:00:07,2024-09-01 04:07:07,2292.05,Card,4873.0
7471013149.0,46185579.0,398340.0,2.0,651.93,2024-10-13 12:41:47,2024-10-13 13:00:47,2024-10-13 13:08:47,1656.84,UPI,1821.0
755745232.0,3844290.0,871592.0,3.0,870.29,2024-10-02 01:53:01,2024-10-02 02:09:01,2024-10-02 02:20:01,1086.05,Cash,4725.0
2963187161.0,91448742.0,799688.0,2.0,309.62,2024-06-18 12:05:53,2024-06-18 12:24:53,2024-06-18 12:36:53,169.88,Card,401.0
3980591844.0,96903782.0,566052.0,3.0,87.3,2023-06-20 03:28:07,2023-06-20 03:45:07,2023-06-20 03:50:07,2917.28,Wallet,2402.0
9960808976.0,78748184.0,123983.0,2.0,785.67,2024-04-08 03:34:02,2024-04-08 03:53:02,2024-04-08 03:50:02,4324.68,Card,7919.0
8740552000.0,34095555.0,876139.0,1.0,415.75,2023-05-16 11:42:38,2023-05-16 12:00:38,2023-05-16 12:11:38,391.21,Wallet,101.0
9230099449.0,60319216.0,969851.0,2.0,340.66,2023-05-08 03:58:30,2023-05-08 04:14:30,2023-05-08 04:10:30,3331.12,Card,3810.0
4277432248.0,91408854.0,337168.0,2.0,545.49,2023-05-10 21:31:20,2023-05-10 21:45:20,2023-05-10 21:41:20,3536.17,Wallet,7932.0
3624765984.0,36400756.0,689769.0,2.0,46.62,2023-12-11 08:21:44,2023-12-11 08:35:44,2023-12-11 08:30:44,4517.75,Card,6689.0
8533110341.0,10524732.0,880510.0,3.0,951.43,2023-06-14 08:57:05,2023-06-14 09:14:05,2023-06-14 09:21:05,1621.58,UPI,4410.0
5036664068.0,2667357.0,952168.0,3.0,236.95,2023-11-06 07:46:44,2023-11-06 08:03:44,2023-11-06 08:00:44,1666.89,UPI,3086.0
9989636336.0,191616.0,762527.0,1.0,690.08,2024-05-24 07:26:24,2024-05-24 07:45:24,2024-05-24 07:59:24,2425.95,Cash,7821.0
2843642858.0,46208150.0,615545.0,1.0,448.16,2024-03-14 06:53:23,2024-03-14 07:05:23,2024-03-14 07:07:23,831.1,Cash,632.0
7510849424.0,82585664.0,140154.0,2.0,171.2,2024-03-08 04:12:08,2024-03-08 04:30:08,2024-03-08 04:29:08,1640.42,Wallet,3213.0
8744806310.0,8395343.0,491521.0,3.0,556.35,2023-07-03 23:48:25,2023-07-04 00:02:25,2023-07-03 23:59:25,3826.97,Card,2798.0
7605774154.0,6150721.0,33955.0,1.0,186.08,2024-02-02 23:43:14,2024-02-02 23:57:14,2024-02-02 23:55:14,1536.89,Cash,1252.0
6904233594.0,65514005.0,771228.0,2.0,83.18,2024-08-09 21:50:28,2024-08-09 22:04:28,2024-08-09 22:00:28,2570.78,UPI,3701.0
6371336060.0,8241122.0,820973.0,2.0,114.52,2024-07-21 20:11:14,2024-07-21 20:22:14,2024-07-21 20:19:14,631.7,Wallet,6887.0
8137624530.0,22210238.0,462526.0,2.0,449.97,2023-10-24 23:59:43,2023-10-25 00:15:43,2023-10-25 00:27:43,3147.61,UPI,2268.0
9131474241.0,98246574.0,367391.0,1.0,939.55,2024-10-18 17:00:08,2024-10-18 17:12:08,2024-10-18 17:07:08,340.66,Card,1940.0
7413772322.0,98709982.0,14145.0,2.0,630.84,2023-06-12 15:41:13,2023-06-12 15:56:13,2023-06-12 15:58:13,2586.5,Card,3120.0
9400852015.0,44149982.0,952124.0,1.0,127.08,2024-07-01 06:50:33,2024-07-01 07:08:33,2024-07-01 07:19:33,2754.81,Card,448.0
4867437863.0,13164195.0,677542.0,1.0,212.61,2024-01-25 03:01:54,2024-01-25 03:11:54,2024-01-25 03:25:54,3132.92,Wallet,540.0
4219458877.0,87222820.0,812607.0,1.0,416.65,2023-12-27 02:46:02,2023-12-27 03:00:02,2023-12-27 03:22:02,951.43,Card,4216.0
35135941.0,28205701.0,306177.0,1.0,769.24,2024-07-29 18:08:33,2024-07-29 18:26:33,2024-07-29 18:21:33,1216.16,UPI,229.0
4754258275.0,10019218.0,14145.0,1.0,630.84,2023-09-16 13:44:16,2023-09-16 13:54:16,2023-09-16 13:52:16,2315.11,Card,9261.0
9195687538.0,74548003.0,897083.0,2.0,972.69,2024-01-06 11:46:39,2024-01-06 12:06:39,2024-01-06 12:36:39,212.14,Wallet,3319.0
344554037.0,78847070.0,140154.0,3.0,171.2,2023-11-10 08:19:48,2023-11-10 08:34:48,2023-11-10 08:52:48,3774.14,Card,1578.0
7503255456.0,82948843.0,140489.0,3.0,650.2,2023-08-03 21:15:59,2023-08-03 21:30:59,2023-08-03 21:46:59,5414.01,Card,2121.0
5903638531.0,78209683.0,613942.0,1.0,545.0,2023-05-02 16:44:25,2023-05-02 16:58:25,2023-05-02 16:56:25,3051.04,Card,9390.0
1670694517.0,92356639.0,704868.0,3.0,193.46,2024-08-09 17:39:54,2024-08-09 17:55:54,2024-08-09 17:50:54,3118.23,Cash,5284.0
2369121788.0,60062501.0,444361.0,1.0,822.63,2024-05-28 21:18:47,2024-05-28 21:37:47,2024-05-28 21:41:47,2951.41,UPI,797.0
6012082951.0,88866835.0,34186.0,2.0,925.65,2023-05-17 06:08:38,2023-05-17 06:23:38,2023-05-17 06:26:38,3669.77,Card,918.0
3675914158.0,89361574.0,329351.0,1.0,310.87,2024-03-08 06:12:12,2024-03-08 06:23:12,2024-03-08 06:36:12,2124.26,Card,5296.0
1396605672.0,20956158.0,451812.0,2.0,530.85,2024-01-07 01:58:28,2024-01-07 02:09:28,2024-01-07 02:06:28,1723.88,Card,4916.0
4260996213.0,77035814.0,642612.0,2.0,517.03,2023-04-12 12:45:55,2023-04-12 12:55:55,2023-04-12 13:12:55,1730.33,Wallet,9334.0
4749534376.0,53100521.0,566052.0,1.0,87.3,2024-05-19 00:36:01,2024-05-19 00:49:01,2024-05-19 00:44:01,1648.07,Card,1895.0
6095091385.0,34839913.0,123983.0,2.0,785.67,2024-07-11 07:02:45,2024-07-11 07:18:45,2024-07-11 07:31:45,2486.58,Cash,7745.0
1131338162.0,21201299.0,451933.0,2.0,568.94,2024-02-03 11:57:08,2024-02-03 12:11:08,2024-02-03 12:09:08,2695.16,Cash,9381.0
6100236720.0,83660688.0,274207.0,2.0,328.51,2023-08-24 13:01:44,2023-08-24 13:12:44,2023-08-24 13:14:44,4190.59,Cash,9207.0
3363683548.0,43367112.0,679284.0,3.0,877.89,2024-02-09 10:16:54,2024-02-09 10:32:54,2024-02-09 10:32:54,2065.75,Card,3280.0
8721540965.0,38902882.0,328457.0,2.0,858.57,2024-07-05 13:01:49,2024-07-05 13:13:49,2024-07-05 13:12:49,5604.64,UPI,5347.0
1712456261.0,90448312.0,669378.0,1.0,212.14,2023-10-15 10:37:57,2023-10-15 10:50:57,2023-10-15 10:49:57,418.48,Cash,8831.0
760930025.0,49756591.0,969851.0,1.0,340.66,2023-06-19 18:28:51,2023-06-19 18:48:51,2023-06-19 18:46:51,873.51,Card,1159.0
5652465358.0,57523973.0,712307.0,1.0,264.89,2024-06-17 18:13:50,2024-06-17 18:23:50,2024-06-17 18:44:50,2293.55,Card,6475.0
3580915899.0,87954926.0,51036.0,1.0,931.61,2023-10-23 18:14:42,2023-10-23 18:28:42,2023-10-23 18:23:42,2660.98,UPI,7596.0
1174382816.0,773410.0,284460.0,2.0,505.95,2024-08-14 20:51:31,2024-08-14 21:05:31,2024-08-14 21:06:31,1838.15,Card,7777.0
3200474667.0,15631726.0,60619.0,3.0,726.41,2024-09-17 19:02:43,2024-09-17 19:14:43,2024-09-17 19:10:43,2976.81,Wallet,9420.0
7474651061.0,63238941.0,712003.0,1.0,671.68,2023-06-09 22:33:12,2023-06-09 22:52:12,2023-06-09 22:47:12,3731.78,Cash,261.0
1892282465.0,80517784.0,67197.0,3.0,552.2,2023-08-23 01:50:45,2023-08-23 02:00:45,2023-08-23 01:59:45,2849.48,Wallet,2383.0
3859828998.0,701493.0,287070.0,1.0,443.17,2023-04-14 03:46:30,2023-04-14 04:01:30,2023-04-14 04:00:30,2721.16,Wallet,2510.0
2554590672.0,19482392.0,306177.0,3.0,769.24,2023-12-03 12:50:10,2023-12-03 13:02:10,2023-12-03 13:05:10,3840.61,Wallet,6195.0
9667675052.0,40871915.0,77308.0,2.0,223.27,2023-09-29 13:18:03,2023-09-29 13:36:03,2023-09-29 13:40:03,2282.92,UPI,8886.0
8382437838.0,46185579.0,848226.0,2.0,209.59,2024-05-30 16:04:35,2024-05-30 16:17:35,2024-05-30 16:15:35,1907.89,Wallet,7062.0
6247090607.0,90038364.0,298985.0,2.0,183.76,2023-10-07 15:37:13,2023-10-07 15:54:13,2023-10-07 15:56:13,1801.01,Wallet,3279.0
5004073261.0,27304827.0,451933.0,1.0,568.94,2024-06-16 17:23:11,2024-06-16 17:38:11,2024-06-16 17:51:11,1228.31,Cash,908.0
6595898122.0,67896836.0,901144.0,1.0,340.36,2024-07-13 20:46:07,2024-07-13 20:57:07,2024-07-13 20:53:07,1080.49,UPI,3390.0
9844371682.0,31527100.0,799688.0,1.0,309.62,2023-06-10 20:30:20,2023-06-10 20:40:20,2023-06-10 20:35:20,1742.0,Wallet,4326.0
7198169379.0,26844216.0,726958.0,1.0,887.48,2023-07-13 21:02:59,2023-07-13 21:14:59,2023-07-13 21:22:59,865.68,Card,8643.0
2815855636.0,38808614.0,883013.0,1.0,989.88,2023-07-28 10:14:31,2023-07-28 10:29:31,2023-07-28 10:32:31,3710.55,Card,3090.0
6033660622.0,65618148.0,658389.0,3.0,152.55,2023-04-12 15:11:35,2023-04-12 15:24:35,2023-04-12 15:31:35,1321.76,Wallet,6157.0
7944056454.0,10729474.0,853932.0,1.0,941.19,2023-05-22 23:35:19,2023-05-22 23:50:19,2023-05-22 23:52:19,3162.64,Wallet,7892.0
4354264440.0,25722990.0,667163.0,2.0,441.2,2023-12-13 11:06:13,2023-12-13 11:20:13,2023-12-13 11:32:13,1607.15,Cash,3183.0
5623096090.0,68703613.0,237083.0,1.0,577.13,2023-08-25 12:42:53,2023-08-25 12:54:53,2023-08-25 12:54:53,1565.76,Wallet,4345.0
701856661.0,11143197.0,681063.0,2.0,321.28,2024-06-10 01:20:43,2024-06-10 01:32:43,2024-06-10 01:31:43,3622.14,Card,4604.0
1911276445.0,73799927.0,264803.0,1.0,995.98,2024-10-20 14:44:26,2024-10-20 14:54:26,2024-10-20 15:06:26,1896.67,Wallet,2675.0
9323909987.0,47990044.0,398340.0,1.0,651.93,2024-05-09 03:55:26,2024-05-09 04:15:26,2024-05-09 04:13:26,77.11,UPI,5192.0
1988898073.0,78157360.0,942001.0,1.0,671.55,2024-02-21 11:34:59,2024-02-21 11:44:59,2024-02-21 11:54:59,1541.22,UPI,5850.0
6457671753.0,51048402.0,382511.0,1.0,702.54,2024-01-07 23:32:14,2024-01-07 23:51:14,2024-01-07 23:48:14,2200.47,Wallet,1402.0
3556497272.0,9347990.0,880510.0,3.0,951.43,2024-10-18 10:21:52,2024-10-18 10:32:52,2024-10-18 10:35:52,96.09,UPI,6798.0
2182762247.0,54347213.0,291238.0,2.0,746.03,2023-09-06 20:37:30,2023-09-06 20:47:30,2023-09-06 20:43:30,1308.92,Cash,6497.0
6026842782.0,75928073.0,397973.0,2.0,728.73,2024-08-27 19:51:30,2024-08-27 20:11:30,2024-08-27 20:10:30,2610.0,Wallet,5333.0
1227108607.0,69242672.0,525531.0,1.0,831.1,2024-09-18 12:33:42,2024-09-18 12:49:42,2024-09-18 12:52:42,3901.39,Card,3750.0
9362226645.0,28428852.0,131937.0,2.0,287.81,2024-05-12 05:01:14,2024-05-12 05:18:14,2024-05-12 05:27:14,3503.23,Wallet,1666.0
6313785973.0,28603182.0,564692.0,3.0,215.65,2023-03-21 03:09:21,2023-03-21 03:28:21,2023-03-21 03:38:21,2326.58,UPI,2420.0
1297253359.0,77811864.0,63769.0,1.0,878.07,2024-04-24 09:19:28,2024-04-24 09:29:28,2024-04-24 09:38:28,1250.24,Cash,6975.0
6138091203.0,41261495.0,376447.0,2.0,724.84,2023-09-09 05:55:23,2023-09-09 06:11:23,2023-09-09 06:06:23,1284.92,Card,1513.0
4770739350.0,61753272.0,425341.0,3.0,486.28,2024-07-12 19:43:00,2024-07-12 19:55:00,2024-07-12 20:22:00,3259.93,Card,8704.0
6253838449.0,19393135.0,448752.0,1.0,160.07,2024-06-11 00:39:02,2024-06-11 00:49:02,2024-06-11 00:51:02,938.37,Card,445.0
1015708455.0,24153726.0,444361.0,3.0,822.63,2023-09-04 17:57:41,2023-09-04 18:11:41,2023-09-04 18:19:41,3175.14,Wallet,8295.0
2201201842.0,6398761.0,137909.0,1.0,864.3,2023-10-02 13:13:35,2023-10-02 13:29:35,2023-10-02 13:24:35,1547.91,Card,703.0
200000051.0,8632679.0,552496.0,1.0,508.0,2023-10-04 20:08:09,2023-10-04 20:21:09,2023-10-04 20:17:09,1442.99,UPI,4060.0
409570377.0,12574626.0,712307.0,1.0,264.89,2024-03-27 14:39:35,2024-03-27 14:57:35,2024-03-27 15:12:35,1524.99,Card,1353.0
5944464513.0,34095555.0,913428.0,3.0,392.22,2023-03-25 16:40:17,2023-03-25 16:57:17,2023-03-25 16:55:17,1371.17,Wallet,700.0
7064377287.0,26716400.0,564692.0,3.0,215.65,2024-09-02 07:38:33,2024-09-02 07:48:33,2024-09-02 07:48:33,328.51,Wallet,766.0
7763036477.0,26285589.0,953175.0,3.0,225.21,2024-08-14 20:19:07,2024-08-14 20:39:07,2024-08-14 20:34:07,4277.29,Cash,2997.0
7494002152.0,91382237.0,228286.0,3.0,179.08,2024-05-01 06:30:27,2024-05-01 06:48:27,2024-05-01 06:44:27,2287.2,Card,3171.0
692127479.0,67538982.0,739534.0,2.0,994.56,2024-07-09 23:14:20,2024-07-09 23:27:20,2024-07-09 23:22:20,3284.88,Wallet,4870.0
7544245121.0,87160527.0,689769.0,1.0,46.62,2024-09-26 17:57:33,2024-09-26 18:11:33,2024-09-26 18:19:33,4067.24,UPI,8428.0
4429641190.0,11562458.0,669378.0,2.0,212.14,2023-06-18 05:43:31,2023-06-18 06:03:31,2023-06-18 06:04:31,3518.61,Cash,3257.0
8093366865.0,29451600.0,53833.0,1.0,134.69,2024-10-16 11:46:49,2024-10-16 12:03:49,2024-10-16 12:30:49,1770.01,Cash,8000.0
6269075067.0,81382213.0,89084.0,3.0,598.83,2023-11-15 23:57:36,2023-11-16 00:09:36,2023-11-16 00:06:36,3745.59,Wallet,5023.0
4056304110.0,211163.0,516376.0,2.0,877.43,2023-11-25 12:03:51,2023-11-25 12:19:51,2023-11-25 12:37:51,3567.36,UPI,3514.0
4447978623.0,31076002.0,481843.0,1.0,297.68,2024-08-21 06:54:53,2024-08-21 07:12:53,2024-08-21 07:12:53,2037.9,Cash,6356.0
5875285677.0,62510499.0,953175.0,3.0,225.21,2023-05-20 10:43:49,2023-05-20 10:53:49,2023-05-20 10:57:49,3993.93,Wallet,9163.0
4177774653.0,23844919.0,120385.0,1.0,597.91,2024-05-20 10:41:55,2024-05-20 10:53:55,2024-05-20 10:55:55,294.79,Wallet,5256.0
502632296.0,9450435.0,525531.0,2.0,831.1,2024-05-15 19:31:23,2024-05-15 19:50:23,2024-05-15 19:53:23,4257.49,Card,9501.0
5037688536.0,49756591.0,9436.0,3.0,88.43,2024-02-24 05:35:57,2024-02-24 05:54:57,2024-02-24 06:22:57,903.52,Card,9952.0
6844277478.0,47577193.0,376447.0,1.0,724.84,2024-08-28 16:56:29,2024-08-28 17:16:29,2024-08-28 17:23:29,2190.84,Card,7819.0
3368317718.0,70867736.0,39154.0,1.0,946.86,2024-05-31 23:59:29,2024-06-01 00:17:29,2024-06-01 00:12:29,914.88,UPI,522.0
913881994.0,13251137.0,993331.0,2.0,102.44,2024-08-04 21:23:28,2024-08-04 21:40:28,2024-08-04 21:41:28,317.82,Cash,6960.0
6445700839.0,4988545.0,951463.0,2.0,787.4,2024-03-06 15:35:29,2024-03-06 15:45:29,2024-03-06 15:48:29,1574.46,UPI,9736.0
101613683.0,43377076.0,784827.0,2.0,274.25,2023-06-29 20:45:29,2023-06-29 21:03:29,2023-06-29 20:58:29,1314.09,Card,3603.0
7094586913.0,82900175.0,564692.0,2.0,215.65,2023-10-01 20:55:39,2023-10-01 21:05:39,2023-10-01 21:06:39,1045.98,UPI,3665.0
2478557609.0,58170168.0,968887.0,3.0,40.7,2024-06-15 14:43:39,2024-06-15 14:59:39,2024-06-15 15:12:39,1632.79,Wallet,644.0
9516720368.0,97466783.0,839170.0,1.0,481.63,2024-04-04 20:08:39,2024-04-04 20:21:39,2024-04-04 20:22:39,3117.54,Card,9079.0
3808010352.0,23126356.0,448752.0,2.0,160.07,2024-02-17 02:25:10,2024-02-17 02:42:10,2024-02-17 02:40:10,2359.74,Wallet,7198.0
7921886899.0,11143197.0,673058.0,1.0,765.76,2023-07-01 02:42:43,2023-07-01 03:01:43,2023-07-01 02:58:43,1342.87,Cash,2936.0
6818712547.0,66655397.0,367391.0,2.0,939.55,2023-12-27 06:03:57,2023-12-27 06:15:57,2023-12-27 06:13:57,2620.04,Cash,4196.0
4538204462.0,35812567.0,490602.0,3.0,549.47,2024-02-26 18:16:54,2024-02-26 18:29:54,2024-02-26 18:30:54,3043.32,Card,2047.0
2008331630.0,36833857.0,451933.0,2.0,568.94,2023-07-13 00:34:14,2023-07-13 00:50:14,2023-07-13 00:50:14,1630.96,Wallet,1939.0
3901338038.0,63238941.0,89084.0,2.0,598.83,2024-08-23 03:48:43,2024-08-23 04:04:43,2024-08-23 04:06:43,657.8,Cash,6623.0
1483786406.0,63451391.0,555121.0,2.0,354.91,2023-03-25 07:26:24,2023-03-25 07:41:24,2023-03-25 08:09:24,3934.29,Card,7474.0
5022936426.0,73377004.0,532965.0,1.0,307.23,2023-09-18 03:33:58,2023-09-18 03:46:58,2023-09-18 03:41:58,2217.52,Wallet,894.0
5470875365.0,55042740.0,992178.0,2.0,632.43,2024-03-31 08:06:56,2024-03-31 08:21:56,2024-03-31 08:23:56,4003.77,UPI,3834.0
7144611408.0,33280073.0,490939.0,3.0,80.25,2023-08-18 08:26:18,2023-08-18 08:39:18,2023-08-18 08:37:18,989.77,Cash,3684.0
9411421675.0,61226563.0,56589.0,1.0,517.77,2024-01-24 10:26:23,2024-01-24 10:39:23,2024-01-24 10:42:23,4144.86,Cash,1762.0
7315949343.0,14458150.0,112390.0,1.0,877.98,2023-09-17 22:30:28,2023-09-17 22:50:28,2023-09-17 22:49:28,2639.3,Wallet,3435.0
9430475133.0,24621386.0,798639.0,2.0,211.25,2023-03-25 01:53:58,2023-03-25 02:04:58,2023-03-25 02:07:58,4145.1,Cash,8535.0
3062145702.0,24821281.0,448752.0,2.0,160.07,2024-06-21 14:57:19,2024-06-21 15:09:19,2024-06-21 15:13:19,3288.07,Card,1522.0
6500458984.0,35912599.0,859361.0,1.0,432.39,2023-11-08 07:10:51,2023-11-08 07:28:51,2023-11-08 07:37:51,440.17,Card,9105.0
7429306851.0,62541176.0,712003.0,3.0,671.68,2024-04-22 03:51:02,2024-04-22 04:09:02,2024-04-22 04:10:02,1343.84,Wallet,541.0
2687236003.0,83588803.0,4452.0,2.0,169.88,2024-01-10 21:00:18,2024-01-10 21:12:18,2024-01-10 21:15:18,3207.16,Wallet,7216.0
1885906938.0,13455530.0,672059.0,1.0,672.73,2023-10-09 04:19:26,2023-10-09 04:33:26,2023-10-09 04:40:26,4489.81,Cash,3370.0
9949334146.0,73363613.0,704868.0,1.0,193.46,2024-08-05 02:30:30,2024-08-05 02:45:30,2024-08-05 03:09:30,217.5,Wallet,5747.0
2555454584.0,19182548.0,470449.0,3.0,827.77,2023-08-12 17:17:51,2023-08-12 17:34:51,2023-08-12 17:55:51,1626.42,Cash,8438.0
2503209946.0,26844216.0,661577.0,1.0,720.95,2024-04-28 11:08:57,2024-04-28 11:27:57,2024-04-28 11:26:57,1069.03,Cash,9791.0
2329563439.0,78157360.0,186168.0,3.0,878.8,2023-11-02 23:45:47,2023-11-02 23:56:47,2023-11-03 00:19:47,1139.89,UPI,4924.0
1041536174.0,93018527.0,89084.0,1.0,598.83,2023-06-15 08:48:09,2023-06-15 09:00:09,2023-06-15 09:12:09,2780.93,Card,3516.0
6631188689.0,8361353.0,63769.0,2.0,878.07,2024-03-28 12:16:12,2024-03-28 12:32:12,2024-03-28 12:27:12,3536.2,Cash,8559.0
9300178512.0,26936578.0,818522.0,2.0,96.09,2023-07-25 12:36:42,2023-07-25 12:55:42,2023-07-25 12:58:42,1204.48,Cash,4802.0
1086881691.0,77035814.0,621677.0,3.0,317.8,2024-04-10 17:22:10,2024-04-10 17:37:10,2024-04-10 17:35:10,1914.71,Cash,7392.0
8008880980.0,57505804.0,589812.0,3.0,163.03,2024-04-18 15:35:40,2024-04-18 15:48:40,2024-04-18 15:52:40,1909.21,Card,2473.0
2417680703.0,30823988.0,687218.0,3.0,317.82,2024-02-11 00:31:27,2024-02-11 00:48:27,2024-02-11 01:02:27,2694.25,Card,6343.0
1117730990.0,96640716.0,820973.0,1.0,114.52,2024-08-23 19:54:08,2024-08-23 20:07:08,2024-08-23 20:07:08,998.06,Cash,9260.0
1678557345.0,49136375.0,329351.0,1.0,310.87,2024-05-12 17:05:42,2024-05-12 17:20:42,2024-05-12 17:20:42,1308.24,Wallet,4525.0
4505129824.0,17341194.0,382511.0,2.0,702.54,2023-11-14 13:03:17,2023-11-14 13:13:17,2023-11-14 13:16:17,2663.24,Cash,2152.0
8737295686.0,69749541.0,490602.0,3.0,549.47,2023-12-11 09:08:04,2023-12-11 09:28:04,2023-12-11 09:23:04,930.92,Wallet,8046.0
7997347191.0,31813.0,803607.0,3.0,949.73,2024-07-11 03:32:42,2024-07-11 03:48:42,2024-07-11 04:01:42,4498.83,Wallet,1071.0
1930645698.0,35554129.0,140489.0,3.0,650.2,2024-08-07 13:10:30,2024-08-07 13:27:30,2024-08-07 13:31:30,3514.7,Card,7356.0
5393373590.0,5712468.0,112390.0,2.0,877.98,2024-09-27 17:09:25,2024-09-27 17:27:25,2024-09-27 17:36:25,487.51,Card,6485.0
5851854765.0,82032191.0,587645.0,2.0,801.81,2023-11-24 14:55:43,2023-11-24 15:07:43,2023-11-24 15:16:43,1865.04,Wallet,6517.0
3765179520.0,43784632.0,373536.0,1.0,494.17,2024-06-23 04:54:32,2024-06-23 05:04:32,2024-06-23 05:27:32,3700.97,Wallet,558.0
683969424.0,98225598.0,540618.0,3.0,317.05,2023-08-10 06:18:01,2023-08-10 06:31:01,2023-08-10 06:42:01,2629.12,Cash,9050.0
8459624382.0,64489709.0,602241.0,3.0,976.55,2023-08-22 18:10:23,2023-08-22 18:27:23,2023-08-22 18:40:23,786.02,Wallet,4822.0
7110044004.0,62807542.0,298985.0,1.0,183.76,2023-04-24 13:55:37,2023-04-24 14:14:37,2023-04-24 14:21:37,941.87,UPI,3631.0
4302375314.0,96253172.0,942001.0,2.0,671.55,2024-03-03 08:30:46,2024-03-03 08:44:46,2024-03-03 08:49:46,3332.44,Card,5249.0
1245307588.0,13760839.0,669378.0,2.0,212.14,2023-04-24 15:47:55,2023-04-24 15:57:55,2023-04-24 16:07:55,1800.39,Cash,6815.0
3876260101.0,70420271.0,451933.0,1.0,568.94,2023-09-11 12:39:37,2023-09-11 12:59:37,2023-09-11 12:57:37,22.14,Wallet,2.0
3162263618.0,23676689.0,94225.0,3.0,77.11,2023-05-27 12:38:57,2023-05-27 12:52:57,2023-05-27 12:54:57,2824.3,Card,4551.0
655792395.0,11254582.0,798639.0,1.0,211.25,2024-04-19 23:04:28,2024-04-19 23:14:28,2024-04-19 23:20:28,1028.96,Wallet,7858.0
7624743284.0,40392019.0,257719.0,3.0,281.73,2023-08-15 05:18:43,2023-08-15 05:37:43,2023-08-15 05:44:43,3542.84,UPI,9012.0
4783962671.0,57765367.0,272170.0,1.0,140.8,2023-10-09 17:47:42,2023-10-09 17:59:42,2023-10-09 18:07:42,2056.76,Card,5097.0
7166787473.0,97928541.0,425341.0,2.0,486.28,2024-08-24 06:10:50,2024-08-24 06:25:50,2024-08-24 06:54:50,2983.11,Card,7514.0
9395228070.0,40275138.0,52729.0,2.0,316.02,2024-09-12 19:58:05,2024-09-12 20:12:05,2024-09-12 20:11:05,1849.78,Cash,9838.0
902157975.0,80371626.0,440875.0,1.0,275.03,2023-04-12 01:03:47,2023-04-12 01:14:47,2023-04-12 01:11:47,946.86,Cash,4981.0
6947741744.0,49617531.0,272170.0,2.0,140.8,2023-07-10 08:05:17,2023-07-10 08:17:17,2023-07-10 08:22:17,936.96,UPI,5608.0
4788498083.0,16420489.0,451812.0,2.0,530.85,2023-09-17 02:54:21,2023-09-17 03:09:21,2023-09-17 03:25:21,2208.78,Wallet,8318.0
8070127087.0,27709218.0,120532.0,2.0,697.53,2024-08-22 06:10:47,2024-08-22 06:21:47,2024-08-22 06:26:47,2506.63,Card,7473.0
5191429552.0,14944819.0,734789.0,3.0,395.82,2023-12-23 17:06:45,2023-12-23 17:23:45,2023-12-23 17:35:45,2418.97,UPI,8644.0
5220651138.0,91768226.0,448752.0,2.0,160.07,2024-03-13 02:23:30,2024-03-13 02:42:30,2024-03-13 02:39:30,2783.14,Cash,7709.0
2758734705.0,54797119.0,563740.0,3.0,96.33,2023-08-02 23:12:45,2023-08-02 23:29:45,2023-08-02 23:31:45,1460.54,UPI,1576.0
2907887532.0,85838438.0,937542.0,1.0,97.04,2023-11-19 12:58:27,2023-11-19 13:10:27,2023-11-19 13:09:27,3870.66,UPI,954.0
7388846009.0,59094034.0,561860.0,2.0,874.78,2024-02-22 09:01:52,2024-02-22 09:19:52,2024-02-22 09:18:52,616.45,UPI,6586.0
2606843929.0,29415527.0,354409.0,1.0,325.08,2024-06-14 14:07:30,2024-06-14 14:24:30,2024-06-14 14:20:30,2095.62,Cash,2825.0
5637567433.0,91562028.0,513199.0,2.0,422.23,2024-09-02 01:14:14,2024-09-02 01:28:14,2024-09-02 01:23:14,2428.45,Wallet,5612.0
8838095431.0,41194825.0,592784.0,1.0,280.35,2023-05-06 10:54:36,2023-05-06 11:05:36,2023-05-06 11:07:36,2640.35,UPI,221.0
1564649286.0,77869660.0,425341.0,3.0,486.28,2023-12-06 03:51:09,2023-12-06 04:07:09,2023-12-06 04:12:09,827.44,Card,1221.0
4098166849.0,33741801.0,771228.0,2.0,83.18,2023-10-12 00:21:16,2023-10-12 00:40:16,2023-10-12 01:04:16,4892.12,Wallet,1712.0
8091143423.0,25128143.0,611575.0,3.0,482.06,2023-11-23 22:56:41,2023-11-23 23:14:41,2023-11-23 23:17:41,3293.8,Card,7167.0
3024045336.0,54877984.0,600767.0,2.0,722.42,2024-04-15 01:47:11,2024-04-15 02:02:11,2024-04-15 02:06:11,2790.23,Cash,535.0
6152984028.0,60732869.0,153019.0,2.0,947.95,2023-08-29 00:50:01,2023-08-29 01:10:01,2023-08-29 01:16:01,2124.37,Card,8407.0
3450790653.0,87266831.0,803607.0,3.0,949.73,2023-08-27 18:14:12,2023-08-27 18:29:12,2023-08-27 18:27:12,1861.71,Card,5053.0
8028917900.0,57340963.0,491521.0,1.0,556.35,2023-07-18 00:50:09,2023-07-18 01:06:09,2023-07-18 01:08:09,2365.92,Card,6121.0
7781884407.0,90666073.0,196719.0,3.0,217.5,2024-08-11 15:59:31,2024-08-11 16:12:31,2024-08-11 16:14:31,773.17,Wallet,906.0
3483689828.0,7687234.0,9436.0,2.0,88.43,2023-07-28 06:45:11,2023-07-28 06:59:11,2023-07-28 06:59:11,4559.56,UPI,4252.0
8341286014.0,31076002.0,767398.0,3.0,22.14,2024-08-29 15:39:57,2024-08-29 15:52:57,2024-08-29 15:56:57,2399.69,Card,5560.0
7936106887.0,95309983.0,367391.0,2.0,939.55,2024-05-07 14:59:53,2024-05-07 15:17:53,2024-05-07 15:20:53,577.13,UPI,3254.0
2247354978.0,6668498.0,589812.0,2.0,163.03,2024-09-26 10:17:58,2024-09-26 10:34:58,2024-09-26 10:30:58,1322.72,Cash,6533.0
5347701114.0,22036818.0,337168.0,2.0,545.49,2023-10-16 18:07:51,2023-10-16 18:22:51,2023-10-16 18:20:51,374.68,Card,1786.0
7846068436.0,93507573.0,914071.0,3.0,296.94,2023-11-29 12:57:39,2023-11-29 13:17:39,2023-11-29 13:19:39,3379.35,Card,5453.0
9893439302.0,67277562.0,14145.0,2.0,630.84,2023-09-05 20:15:31,2023-09-05 20:33:31,2023-09-05 20:29:31,3745.35,Wallet,1326.0
4160816433.0,2219590.0,34186.0,2.0,925.65,2023-12-09 12:20:14,2023-12-09 12:34:14,2023-12-09 12:43:14,3238.22,UPI,7247.0
6000890622.0,62828341.0,33955.0,3.0,186.08,2024-09-14 16:12:21,2024-09-14 16:26:21,2024-09-14 16:23:21,1826.22,UPI,2572.0
7317676958.0,92356639.0,667163.0,1.0,441.2,2023-07-02 03:58:39,2023-07-02 04:14:39,2023-07-02 04:25:39,2967.08,Card,3528.0
8620144614.0,20122449.0,123983.0,2.0,785.67,2024-07-10 22:57:25,2024-07-10 23:13:25,2024-07-10 23:34:25,1435.13,Wallet,5992.0
3940758882.0,40085705.0,136533.0,2.0,826.21,2024-01-24 04:33:57,2024-01-24 04:44:57,2024-01-24 04:48:57,186.08,Card,6738.0
5216555041.0,30188374.0,914071.0,1.0,296.94,2024-03-03 23:15:52,2024-03-03 23:34:52,2024-03-03 23:31:52,3340.8,Wallet,9088.0
5144793312.0,59518795.0,937542.0,1.0,97.04,2024-08-01 00:28:18,2024-08-01 00:38:18,2024-08-01 00:38:18,724.84,UPI,1614.0
7241413847.0,10048910.0,684939.0,3.0,727.95,2023-04-15 10:19:09,2023-04-15 10:39:09,2023-04-15 10:34:09,2620.23,Wallet,6198.0
3567610983.0,1816969.0,337168.0,2.0,545.49,2023-08-19 04:01:26,2023-08-19 04:18:26,2023-08-19 04:35:26,3657.49,Cash,9376.0
16878685.0,37556526.0,432617.0,2.0,863.18,2024-04-09 02:29:02,2024-04-09 02:44:02,2024-04-09 02:47:02,4267.94,Cash,9683.0
951657166.0,63624332.0,679321.0,3.0,738.46,2024-04-21 07:50:58,2024-04-21 08:04:58,2024-04-21 07:59:58,3588.19,UPI,9165.0
4189022307.0,21597477.0,968887.0,1.0,40.7,2024-05-05 23:06:40,2024-05-05 23:23:40,2024-05-05 23:24:40,2928.14,Card,2087.0
7378521428.0,10857389.0,833557.0,3.0,422.87,2024-04-24 20:57:07,2024-04-24 21:13:07,2024-04-24 21:11:07,1225.86,UPI,1360.0
6266311709.0,67708491.0,644847.0,3.0,622.81,2024-06-25 01:44:46,2024-06-25 01:54:46,2024-06-25 01:56:46,1654.8,Cash,7575.0
7985347262.0,22483684.0,15314.0,2.0,578.85,2024-07-31 08:42:13,2024-07-31 08:58:13,2024-07-31 08:57:13,1777.54,Wallet,7376.0
992764262.0,69240186.0,324809.0,3.0,608.0,2023-11-14 03:16:33,2023-11-14 03:35:33,2023-11-14 03:33:33,971.71,Cash,7160.0
3080291353.0,93937586.0,888807.0,2.0,230.58,2024-08-16 19:05:58,2024-08-16 19:22:58,2024-08-16 19:25:58,2790.84,Wallet,6073.0
5532188237.0,211163.0,131136.0,1.0,37.8,2024-06-09 10:45:42,2024-06-09 11:05:42,2024-06-09 11:01:42,4861.55,UPI,593.0
6814658453.0,55278329.0,661577.0,2.0,720.95,2023-09-28 11:21:00,2023-09-28 11:41:00,2023-09-28 11:37:00,552.2,Card,4395.0
4861499558.0,2684440.0,615545.0,3.0,448.16,2024-03-20 16:37:21,2024-03-20 16:54:21,2024-03-20 16:55:21,1381.1,Wallet,818.0
2521042570.0,28394354.0,516376.0,3.0,877.43,2024-05-17 10:43:36,2024-05-17 11:03:36,2024-05-17 11:01:36,3010.69,Cash,1165.0
5217781278.0,85658166.0,34200.0,3.0,319.8,2023-06-27 02:48:57,2023-06-27 02:59:57,2023-06-27 03:13:57,3074.48,UPI,7586.0
8006034379.0,43784632.0,807452.0,1.0,144.19,2024-05-03 06:21:51,2024-05-03 06:32:51,2024-05-03 06:37:51,3400.58,Card,250.0
7380913411.0,49869358.0,723678.0,2.0,675.46,2024-06-07 17:13:55,2024-06-07 17:32:55,2024-06-07 17:45:55,367.08,UPI,1515.0
7706841114.0,68016312.0,461804.0,3.0,310.69,2024-02-27 02:58:03,2024-02-27 03:16:03,2024-02-27 03:13:03,1317.62,Card,2640.0
1561779937.0,76359458.0,367391.0,1.0,939.55,2024-03-27 22:00:35,2024-03-27 22:13:35,2024-03-27 22:15:35,1882.99,Cash,6721.0
7196559586.0,85658166.0,77308.0,2.0,223.27,2024-08-19 11:25:51,2024-08-19 11:43:51,2024-08-19 11:38:51,1685.6,Cash,5031.0
2359961993.0,28995786.0,500633.0,2.0,154.5,2024-06-18 09:33:24,2024-06-18 09:43:24,2024-06-18 09:43:24,1895.12,Cash,5711.0
243819964.0,98225598.0,880510.0,3.0,951.43,2023-12-03 09:22:31,2023-12-03 09:42:31,2023-12-03 09:43:31,1812.09,Wallet,2690.0
4806735178.0,8651281.0,677169.0,2.0,261.03,2024-06-12 17:02:41,2024-06-12 17:14:41,2024-06-12 17:13:41,1275.37,Card,2954.0
9198762300.0,46185579.0,131937.0,2.0,287.81,2023-12-02 09:04:36,2023-12-02 09:15:36,2023-12-02 09:11:36,1570.51,Wallet,2950.0
1105231941.0,29600229.0,585299.0,1.0,799.46,2024-01-20 01:05:02,2024-01-20 01:20:02,2024-01-20 01:25:02,3493.45,UPI,8263.0
5533955218.0,38969732.0,552496.0,2.0,508.0,2024-06-20 04:24:16,2024-06-20 04:37:16,2024-06-20 04:33:16,5096.95,Card,505.0
5130246751.0,87641623.0,33797.0,1.0,888.12,2023-05-08 06:03:22,2023-05-08 06:20:22,2023-05-08 06:16:22,1592.03,Card,6697.0
4528445001.0,20163931.0,689769.0,2.0,46.62,2024-04-19 12:35:43,2024-04-19 12:53:43,2024-04-19 13:02:43,1640.29,Wallet,4608.0
9503959018.0,31084686.0,473929.0,1.0,440.19,2024-09-18 10:42:59,2024-09-18 10:55:59,2024-09-18 10:58:59,3593.97,Cash,5793.0
4107052604.0,34668988.0,306177.0,2.0,769.24,2023-11-21 10:42:25,2023-11-21 11:00:25,2023-11-21 11:02:25,2777.59,UPI,6503.0
5578822558.0,8817168.0,298985.0,3.0,183.76,2023-08-06 17:49:31,2023-08-06 18:01:31,2023-08-06 18:16:31,196.64,UPI,8477.0
5506634472.0,6579892.0,894539.0,1.0,445.48,2024-09-22 18:05:59,2024-09-22 18:18:59,2024-09-22 18:36:59,4019.21,Wallet,2597.0
4112426763.0,97825663.0,41853.0,1.0,910.44,2024-09-24 20:50:53,2024-09-24 21:03:53,2024-09-24 21:00:53,2042.79,Card,4456.0
7157334145.0,90021871.0,18035.0,3.0,968.94,2023-10-09 08:57:19,2023-10-09 09:10:19,2023-10-09 09:08:19,239.54,Wallet,2656.0
8423458672.0,60698094.0,491521.0,1.0,556.35,2023-03-19 23:47:20,2023-03-20 00:04:20,2023-03-20 00:09:20,1745.1,Card,3274.0
3011683470.0,65121696.0,712307.0,1.0,264.89,2023-03-20 07:30:42,2023-03-20 07:45:42,2023-03-20 07:50:42,4549.72,Cash,9138.0
1884947290.0,75244116.0,455083.0,2.0,959.01,2023-09-09 01:31:33,2023-09-09 01:48:33,2023-09-09 01:51:33,831.43,Wallet,15.0
558163882.0,39317905.0,585299.0,2.0,799.46,2024-07-11 11:44:58,2024-07-11 12:00:58,2024-07-11 12:07:58,3633.09,Wallet,9681.0
824869105.0,66943324.0,376447.0,2.0,724.84,2024-08-27 16:34:48,2024-08-27 16:44:48,2024-08-27 16:41:48,2516.52,UPI,6495.0
4193492511.0,10683250.0,51036.0,2.0,931.61,2023-10-02 15:15:52,2023-10-02 15:34:52,2023-10-02 15:33:52,316.02,Wallet,7954.0
120996684.0,92455970.0,690565.0,2.0,951.27,2023-10-02 11:21:59,2023-10-02 11:35:59,2023-10-02 11:45:59,3139.62,Card,5536.0
2531932780.0,91500615.0,726958.0,3.0,887.48,2023-07-16 12:03:45,2023-07-16 12:15:45,2023-07-16 12:17:45,3340.23,Wallet,1872.0
8095547865.0,27620326.0,89084.0,2.0,598.83,2023-03-19 12:51:21,2023-03-19 13:11:21,2023-03-19 13:07:21,3355.93,Wallet,3136.0
6894204435.0,10700664.0,992178.0,3.0,632.43,2023-06-17 18:35:31,2023-06-17 18:53:31,2023-06-17 18:48:31,697.38,Cash,4816.0
9514917126.0,43599910.0,425341.0,2.0,486.28,2024-07-29 07:47:08,2024-07-29 08:03:08,2024-07-29 08:13:08,1620.95,UPI,7084.0
9329665908.0,57102800.0,140154.0,2.0,171.2,2023-07-15 08:14:21,2023-07-15 08:32:21,2023-07-15 08:34:21,2049.58,Card,6777.0
1435406360.0,1174162.0,723678.0,3.0,675.46,2023-12-11 07:44:46,2023-12-11 08:01:46,2023-12-11 07:58:46,2259.17,Wallet,4834.0
3460843508.0,32797235.0,883013.0,3.0,989.88,2023-10-21 00:52:10,2023-10-21 01:05:10,2023-10-21 01:04:10,3465.32,UPI,2021.0
4762084133.0,72564495.0,433521.0,3.0,321.33,2024-09-29 23:21:00,2024-09-29 23:38:00,2024-09-29 23:43:00,1969.21,Card,9848.0
3884862300.0,51544662.0,712003.0,1.0,671.68,2024-02-21 09:01:55,2024-02-21 09:18:55,2024-02-21 09:25:55,951.43,Card,5609.0
1990946411.0,82286725.0,237083.0,1.0,577.13,2024-05-16 22:59:16,2024-05-16 23:15:16,2024-05-16 23:12:16,2524.56,Cash,2239.0
5054937065.0,9274874.0,552496.0,2.0,508.0,2024-08-24 16:53:46,2024-08-24 17:11:46,2024-08-24 17:24:46,965.37,UPI,7336.0
9431652023.0,59890331.0,63769.0,1.0,878.07,2024-09-06 22:22:22,2024-09-06 22:35:22,2024-09-06 22:39:22,5320.2,Cash,7227.0
2268736598.0,19259955.0,243235.0,1.0,109.03,2023-07-07 08:07:32,2023-07-07 08:25:32,2023-07-07 08:21:32,2006.71,Cash,1320.0
2793638565.0,26844216.0,120532.0,2.0,697.53,2024-02-11 08:28:16,2024-02-11 08:41:16,2024-02-11 08:36:16,2375.75,UPI,9500.0
4168839407.0,12088552.0,487065.0,2.0,374.68,2023-04-06 00:04:24,2023-04-06 00:15:24,2023-04-06 00:14:24,822.68,Cash,4657.0
7406514357.0,20298398.0,611575.0,2.0,482.06,2024-02-07 14:09:56,2024-02-07 14:25:56,2024-02-07 14:21:56,3698.78,Card,3342.0
6087916798.0,89968482.0,557908.0,3.0,942.37,2023-11-17 16:39:04,2023-11-17 16:53:04,2023-11-17 17:03:04,1692.4,UPI,168.0
4319962076.0,36146306.0,644847.0,2.0,622.81,2024-01-11 05:52:34,2024-01-11 06:06:34,2024-01-11 06:25:34,1612.18,Cash,4338.0
3904134741.0,58631874.0,120385.0,1.0,597.91,2024-05-02 10:05:45,2024-05-02 10:19:45,2024-05-02 10:24:45,782.49,UPI,7931.0
3770123374.0,29415527.0,753354.0,1.0,423.56,2023-11-19 21:52:06,2023-11-19 22:03:06,2023-11-19 22:07:06,1939.04,Cash,8947.0
4494390731.0,34768050.0,714999.0,1.0,882.51,2023-04-28 12:21:37,2023-04-28 12:31:37,2023-04-28 12:39:37,1921.19,Wallet,2236.0
6109777696.0,89699655.0,378230.0,3.0,166.42,2024-10-17 19:48:51,2024-10-17 20:04:51,2024-10-17 20:10:51,3725.57,Card,8590.0
1401372388.0,71411879.0,679321.0,3.0,738.46,2023-04-17 09:37:03,2023-04-17 09:55:03,2023-04-17 09:54:03,426.72,Wallet,6796.0
4283973398.0,18791381.0,361361.0,2.0,826.21,2023-09-14 17:37:13,2023-09-14 17:50:13,2023-09-14 17:52:13,2869.43,Card,2124.0
3261847147.0,67383024.0,455755.0,1.0,44.09,2023-09-16 03:33:23,2023-09-16 03:48:23,2023-09-16 03:56:23,3932.73,Cash,9318.0
3153811191.0,87335844.0,739534.0,3.0,994.56,2024-03-08 06:04:40,2024-03-08 06:16:40,2024-03-08 06:21:40,755.66,Wallet,2009.0
2639216409.0,37702698.0,120532.0,3.0,697.53,2024-03-10 11:45:49,2024-03-10 12:00:49,2024-03-10 12:04:49,880.72,Card,8593.0
5948575331.0,92038780.0,487931.0,2.0,709.08,2024-05-09 22:57:09,2024-05-09 23:12:09,2024-05-09 23:10:09,2112.59,Card,4962.0
7792925364.0,59830126.0,968887.0,1.0,40.7,2024-10-23 02:49:05,2024-10-23 03:06:05,2024-10-23 03:07:05,2656.43,Card,9939.0
7286478750.0,91196901.0,871592.0,2.0,870.29,2023-10-13 03:58:31,2023-10-13 04:13:31,2023-10-13 04:22:31,3482.66,Card,1443.0
9776505630.0,15661674.0,672059.0,3.0,672.73,2023-04-19 03:40:40,2023-04-19 03:59:40,2023-04-19 03:55:40,4167.91,Card,4413.0
4527342708.0,81183415.0,57405.0,2.0,607.67,2023-10-03 13:34:39,2023-10-03 13:47:39,2023-10-03 13:42:39,1558.74,Wallet,7746.0
1124359689.0,97825663.0,799952.0,1.0,922.64,2024-09-13 05:09:44,2024-09-13 05:24:44,2024-09-13 05:37:44,3608.92,Card,960.0
3717458742.0,18113428.0,56589.0,2.0,517.77,2023-08-27 23:43:12,2023-08-27 23:58:12,2023-08-28 00:04:12,509.11,Cash,5744.0
283675535.0,20238921.0,53833.0,3.0,134.69,2023-03-24 17:02:38,2023-03-24 17:17:38,2023-03-24 17:14:38,1413.39,Wallet,8980.0
6039353394.0,86479284.0,692985.0,1.0,197.39,2023-08-08 15:10:38,2023-08-08 15:29:38,2023-08-08 15:25:38,313.77,Cash,4595.0
6735917931.0,47206881.0,264803.0,1.0,995.98,2023-09-27 12:09:29,2023-09-27 12:25:29,2023-09-27 12:24:29,2951.24,Wallet,5893.0
5155256671.0,19523856.0,679865.0,2.0,347.91,2024-08-14 00:52:06,2024-08-14 01:02:06,2024-08-14 00:58:06,2961.15,UPI,5590.0
3984108726.0,31576845.0,832348.0,3.0,831.43,2024-02-27 18:03:05,2024-02-27 18:15:05,2024-02-27 18:19:05,2458.19,Wallet,9136.0
2491374111.0,2361575.0,762527.0,2.0,690.08,2024-08-10 04:50:52,2024-08-10 05:06:52,2024-08-10 05:08:52,1196.3,Wallet,3095.0
2043371805.0,45066676.0,784673.0,3.0,491.39,2024-10-02 06:57:04,2024-10-02 07:08:04,2024-10-02 07:22:04,2756.32,Card,848.0
9657782153.0,87251489.0,89084.0,3.0,598.83,2024-02-29 14:46:40,2024-02-29 14:57:40,2024-02-29 14:53:40,995.98,Card,3109.0
9237289778.0,70168151.0,219598.0,1.0,367.08,2024-05-29 14:49:19,2024-05-29 15:01:19,2024-05-29 15:06:19,4471.64,Card,7022.0
8917116859.0,91562028.0,34186.0,1.0,925.65,2024-07-05 23:35:01,2024-07-05 23:53:01,2024-07-05 23:54:01,1307.18,Card,7287.0
720578658.0,37551429.0,382511.0,2.0,702.54,2024-06-02 08:56:27,2024-06-02 09:10:27,2024-06-02 09:06:27,963.23,UPI,5823.0
9122210530.0,15066187.0,567671.0,3.0,418.48,2024-01-18 04:23:47,2024-01-18 04:39:47,2024-01-18 05:03:47,3972.81,UPI,8353.0
3540524256.0,28205701.0,349294.0,2.0,934.75,2023-10-22 09:11:12,2023-10-22 09:31:12,2023-10-22 09:36:12,1218.01,UPI,8385.0
1909520255.0,71276926.0,361361.0,3.0,826.21,2023-05-23 10:49:53,2023-05-23 11:00:53,2023-05-23 11:17:53,2163.69,Card,1144.0
8022279737.0,83058329.0,784827.0,1.0,274.25,2024-09-08 14:02:47,2024-09-08 14:13:47,2024-09-08 14:11:47,275.03,Wallet,5751.0
7381549355.0,75082508.0,4452.0,2.0,169.88,2023-09-28 13:11:00,2023-09-28 13:30:00,2023-09-28 13:35:00,3144.56,UPI,1370.0
3998829973.0,44149982.0,491521.0,1.0,556.35,2023-10-10 01:09:17,2023-10-10 01:26:17,2023-10-10 01:46:17,2828.4,Card,7818.0
2895464675.0,94281220.0,589812.0,2.0,163.03,2023-04-20 10:15:02,2023-04-20 10:28:02,2023-04-20 10:40:02,935.64,Cash,660.0
3971098657.0,90919603.0,818990.0,3.0,163.55,2024-05-26 02:44:15,2024-05-26 03:04:15,2024-05-26 03:06:15,3993.42,Card,8898.0
5278249111.0,78267238.0,951463.0,2.0,787.4,2024-03-01 21:32:36,2024-03-01 21:45:36,2024-03-01 22:08:36,1485.67,Wallet,4140.0
9810576443.0,42723554.0,681063.0,2.0,321.28,2023-11-01 13:04:35,2023-11-01 13:20:35,2023-11-01 13:24:35,556.35,UPI,5552.0
4128844410.0,76438648.0,741341.0,2.0,923.84,2023-07-20 17:19:50,2023-07-20 17:36:50,2023-07-20 17:37:50,2556.83,Wallet,1271.0
6103869123.0,16376189.0,589812.0,3.0,163.03,2023-06-06 14:27:45,2023-06-06 14:37:45,2023-06-06 14:37:45,1609.25,UPI,6641.0
6595041423.0,57291761.0,183929.0,2.0,738.74,2024-07-23 10:50:18,2024-07-23 11:06:18,2024-07-23 11:04:18,2079.8,Card,3328.0
3991011923.0,19182548.0,726958.0,1.0,887.48,2024-02-07 09:02:38,2024-02-07 09:21:38,2024-02-07 09:21:38,1616.34,Wallet,6308.0
5275440923.0,67046342.0,969851.0,3.0,340.66,2023-03-21 04:50:10,2023-03-21 05:06:10,2023-03-21 05:20:10,932.79,Wallet,2293.0
6468633344.0,29324437.0,15314.0,2.0,578.85,2024-02-23 06:29:28,2024-02-23 06:43:28,2024-02-23 06:40:28,5515.23,Wallet,6862.0
9992859795.0,4356173.0,196719.0,2.0,217.5,2023-11-12 20:07:41,2023-11-12 20:17:41,2023-11-12 20:30:41,820.83,Wallet,805.0
7518488485.0,54222320.0,140489.0,3.0,650.2,2023-04-26 10:29:47,2023-04-26 10:41:47,2023-04-26 10:46:47,1783.54,Wallet,1082.0
9746950023.0,31776996.0,952168.0,3.0,236.95,2023-11-02 06:27:26,2023-11-02 06:39:26,2023-11-02 06:36:26,1562.94,Card,1509.0
2721433550.0,58873572.0,217710.0,2.0,58.59,2023-06-07 14:10:05,2023-06-07 14:28:05,2023-06-07 14:29:05,1076.03,UPI,5717.0
6131680348.0,83701325.0,123983.0,1.0,785.67,2024-07-19 21:57:55,2024-07-19 22:17:55,2024-07-19 22:18:55,2083.65,Card,7707.0
2281544500.0,40692378.0,217710.0,1.0,58.59,2023-06-09 10:08:18,2023-06-09 10:26:18,2023-06-09 10:28:18,2330.28,UPI,8834.0
4283802879.0,61020.0,305754.0,1.0,979.99,2023-05-10 15:23:10,2023-05-10 15:37:10,2023-05-10 15:32:10,2769.12,Wallet,2537.0
8621732366.0,25722990.0,256051.0,1.0,400.92,2023-09-05 18:28:41,2023-09-05 18:46:41,2023-09-05 18:50:41,4527.28,UPI,3968.0
3797679856.0,11562458.0,118820.0,2.0,12.32,2023-12-10 05:08:46,2023-12-10 05:27:46,2023-12-10 05:27:46,4441.0,Cash,7414.0
8532100929.0,31831843.0,726958.0,3.0,887.48,2023-11-06 15:18:46,2023-11-06 15:34:46,2023-11-06 15:39:46,816.38,Card,1355.0
2973976544.0,96795047.0,39154.0,1.0,946.86,2024-09-19 17:19:49,2024-09-19 17:30:49,2024-09-19 17:35:49,1825.81,Wallet,8689.0
814260962.0,14974554.0,15314.0,1.0,578.85,2023-09-14 16:10:25,2023-09-14 16:26:25,2023-09-14 16:24:25,869.22,Cash,1625.0
9411848231.0,59545278.0,183929.0,2.0,738.74,2024-05-15 21:34:39,2024-05-15 21:51:39,2024-05-15 22:06:39,2562.81,UPI,4919.0
6637284724.0,36517334.0,721521.0,2.0,417.39,2023-09-08 10:27:53,2023-09-08 10:44:53,2023-09-08 10:46:53,422.23,UPI,784.0
6497594124.0,39150258.0,487065.0,1.0,374.68,2024-10-24 17:36:05,2024-10-24 17:53:05,2024-10-24 17:58:05,1858.93,Wallet,7559.0
7213146086.0,4862761.0,287070.0,2.0,443.17,2023-03-23 20:08:50,2023-03-23 20:21:50,2023-03-23 20:16:50,1072.95,UPI,8031.0
5110274761.0,24821281.0,373536.0,1.0,494.17,2024-05-23 03:01:39,2024-05-23 03:15:39,2024-05-23 03:16:39,3728.79,Wallet,1782.0
1112110363.0,98625898.0,566052.0,1.0,87.3,2024-01-20 22:23:08,2024-01-20 22:36:08,2024-01-20 22:44:08,775.91,UPI,4297.0
1209202931.0,29451600.0,219598.0,2.0,367.08,2023-06-27 00:09:47,2023-06-27 00:24:47,2023-06-27 00:26:47,2722.78,Card,7637.0
6384745391.0,37095171.0,39154.0,3.0,946.86,2024-08-17 15:55:50,2024-08-17 16:05:50,2024-08-17 16:12:50,1511.16,Cash,7230.0
3367452972.0,61020.0,611575.0,1.0,482.06,2024-08-31 14:07:08,2024-08-31 14:22:08,2024-08-31 14:38:08,2515.48,Cash,4289.0
2317597587.0,68661619.0,894539.0,3.0,445.48,2024-06-17 00:30:57,2024-06-17 00:42:57,2024-06-17 00:40:57,4784.85,Card,2642.0
2254884198.0,54893418.0,970529.0,2.0,827.44,2023-07-01 02:00:32,2023-07-01 02:19:32,2023-07-01 02:23:32,1433.62,UPI,3510.0
679196318.0,18642306.0,799952.0,3.0,922.64,2024-08-19 22:43:03,2024-08-19 23:03:03,2024-08-19 23:00:03,4412.07,Wallet,1274.0
2185319815.0,19180962.0,433521.0,1.0,321.33,2024-03-02 20:40:15,2024-03-02 20:56:15,2024-03-02 20:59:15,3963.77,Card,6724.0
5965281449.0,17597449.0,39154.0,1.0,946.86,2023-06-26 17:36:05,2023-06-26 17:51:05,2023-06-26 17:53:05,3412.11,Cash,3156.0
8616726869.0,37691544.0,217710.0,2.0,58.59,2024-01-10 22:10:37,2024-01-10 22:21:37,2024-01-10 22:46:37,2369.51,Wallet,1772.0
4786027510.0,5001749.0,33955.0,3.0,186.08,2024-09-30 12:17:24,2024-09-30 12:33:24,2024-09-30 12:28:24,418.48,UPI,359.0
4910445344.0,44030130.0,444361.0,2.0,822.63,2024-05-18 08:58:42,2024-05-18 09:11:42,2024-05-18 09:08:42,914.88,Wallet,6994.0
7629577899.0,23348269.0,613942.0,1.0,545.0,2023-12-14 15:42:44,2023-12-14 15:53:44,2023-12-14 16:02:44,2550.73,UPI,8423.0
4769055037.0,66742602.0,82484.0,2.0,914.88,2023-08-10 21:16:44,2023-08-10 21:31:44,2023-08-10 21:46:44,3732.8,Cash,3134.0
8476029654.0,77085443.0,734789.0,2.0,395.82,2023-11-17 08:58:17,2023-11-17 09:14:17,2023-11-17 09:19:17,1585.8,Cash,2666.0
7809866112.0,3999964.0,491521.0,1.0,556.35,2024-07-11 09:22:48,2024-07-11 09:41:48,2024-07-11 09:54:48,3373.17,Cash,992.0
5453896364.0,59840071.0,803607.0,2.0,949.73,2023-06-24 00:27:19,2023-06-24 00:43:19,2023-06-24 00:45:19,908.37,UPI,5854.0
9080432189.0,50080663.0,140489.0,2.0,650.2,2024-08-27 19:41:12,2024-08-27 19:58:12,2024-08-27 20:02:12,3264.51,Card,9910.0
3079758919.0,16410155.0,451933.0,1.0,568.94,2024-08-22 15:55:25,2024-08-22 16:14:25,2024-08-22 16:13:25,1024.08,UPI,7597.0
4076039325.0,27604184.0,832348.0,1.0,831.43,2024-08-12 19:26:07,2024-08-12 19:45:07,2024-08-12 19:56:07,3972.8,Wallet,7367.0
9239241275.0,57291761.0,880510.0,3.0,951.43,2024-02-07 03:19:37,2024-02-07 03:34:37,2024-02-07 03:32:37,169.88,Cash,2815.0
4864829217.0,26521850.0,136533.0,2.0,826.21,2023-09-19 05:05:23,2023-09-19 05:23:23,2023-09-19 05:20:23,144.19,UPI,99.0
5108704843.0,10951674.0,57405.0,2.0,607.67,2024-04-04 14:47:40,2024-04-04 15:04:40,2024-04-04 15:09:40,1179.1,Wallet,4447.0
8049805410.0,23098216.0,378287.0,3.0,332.84,2024-09-27 18:32:00,2024-09-27 18:45:00,2024-09-27 19:11:00,3823.81,Cash,3022.0
4711642504.0,76850859.0,349294.0,2.0,934.75,2024-08-15 13:26:51,2024-08-15 13:39:51,2024-08-15 13:44:51,2497.92,Card,8927.0
8952094523.0,85626346.0,654623.0,2.0,422.14,2023-11-14 18:13:24,2023-11-14 18:30:24,2023-11-14 18:41:24,4876.44,UPI,7536.0
4285784267.0,82169898.0,36412.0,3.0,397.68,2024-04-15 18:41:08,2024-04-15 18:58:08,2024-04-15 18:56:08,2812.89,UPI,3549.0
7494670835.0,38728779.0,970529.0,2.0,827.44,2024-01-18 00:22:22,2024-01-18 00:42:22,2024-01-18 00:45:22,3677.66,Cash,8312.0
7667090453.0,66135710.0,448752.0,1.0,160.07,2023-06-23 23:30:40,2023-06-23 23:49:40,2023-06-23 23:50:40,852.81,Card,3347.0
2193572534.0,19682060.0,378287.0,1.0,332.84,2023-03-26 07:54:02,2023-03-26 08:05:02,2023-03-26 08:33:02,2801.84,UPI,1068.0
5357089776.0,44223796.0,490939.0,3.0,80.25,2024-09-30 23:40:49,2024-09-30 23:53:49,2024-09-30 23:55:49,3880.92,UPI,9284.0
1191016829.0,51661209.0,435929.0,3.0,856.89,2023-06-27 20:22:04,2023-06-27 20:36:04,2023-06-27 20:50:04,2000.2,Wallet,929.0
549484032.0,79206969.0,903336.0,2.0,551.88,2023-04-13 08:20:58,2023-04-13 08:40:58,2023-04-13 08:42:58,3436.16,Card,3884.0
8164076900.0,91408854.0,991434.0,2.0,237.62,2023-06-18 00:05:52,2023-06-18 00:23:52,2023-06-18 00:31:52,4033.94,Wallet,1349.0
7136165651.0,59485034.0,336847.0,3.0,936.98,2024-09-30 12:50:23,2024-09-30 13:07:23,2024-09-30 13:10:23,5318.71,Cash,3853.0
5368349643.0,46504355.0,487931.0,3.0,709.08,2023-05-22 09:04:11,2023-05-22 09:21:11,2023-05-22 09:49:11,3673.15,Card,5706.0
6965901435.0,33741801.0,94225.0,3.0,77.11,2024-10-16 15:42:15,2024-10-16 15:58:15,2024-10-16 15:55:15,2324.43,UPI,6606.0
6687307827.0,88532418.0,706112.0,2.0,478.79,2023-04-19 14:10:40,2023-04-19 14:26:40,2023-04-19 14:31:40,2084.52,Wallet,5988.0
475294138.0,31084686.0,63769.0,2.0,878.07,2023-12-29 17:32:27,2023-12-29 17:45:27,2023-12-29 17:46:27,2500.69,Card,691.0
9047534059.0,41647393.0,673058.0,3.0,765.76,2023-12-08 14:01:55,2023-12-08 14:21:55,2023-12-08 14:25:55,1074.0,UPI,4234.0
2807487047.0,90448312.0,992178.0,3.0,632.43,2024-11-03 13:30:45,2024-11-03 13:41:45,2024-11-03 13:43:45,3868.21,Wallet,90.0
5840148195.0,66269844.0,613942.0,2.0,545.0,2024-01-22 10:00:36,2024-01-22 10:16:36,2024-01-22 10:15:36,1688.23,Wallet,5450.0
3758135932.0,77007315.0,306177.0,3.0,769.24,2023-08-25 00:58:39,2023-08-25 01:17:39,2023-08-25 01:20:39,1629.06,Card,2554.0
1978476136.0,97315135.0,500633.0,2.0,154.5,2024-06-22 20:14:13,2024-06-22 20:29:13,2024-06-22 20:30:13,2183.52,Wallet,3351.0
423648434.0,82989313.0,863930.0,2.0,242.57,2024-10-30 15:25:29,2024-10-30 15:43:29,2024-10-30 15:45:29,3926.19,Wallet,3149.0
7201868330.0,89669139.0,256783.0,3.0,906.54,2024-02-20 20:54:46,2024-02-20 21:11:46,2024-02-20 21:10:46,1845.31,Card,4765.0
9710106935.0,14458150.0,587420.0,1.0,357.42,2023-04-17 15:37:11,2023-04-17 15:57:11,2023-04-17 16:08:11,4495.54,UPI,388.0
4432235479.0,9278983.0,243235.0,1.0,109.03,2024-09-27 17:01:56,2024-09-27 17:17:56,2024-09-27 17:18:56,1175.35,Card,2806.0
6951956244.0,60656482.0,473929.0,2.0,440.19,2023-10-30 01:07:20,2023-10-30 01:27:20,2023-10-30 01:27:20,354.91,Wallet,9554.0
378485826.0,75739462.0,555121.0,1.0,354.91,2024-03-27 11:55:27,2024-03-27 12:15:27,2024-03-27 12:15:27,616.45,UPI,3677.0
8982211913.0,23984022.0,992178.0,1.0,632.43,2024-09-19 18:02:28,2024-09-19 18:14:28,2024-09-19 18:15:28,2492.17,Cash,7318.0
6487868576.0,49136375.0,726958.0,3.0,887.48,2023-10-25 03:04:03,2023-10-25 03:23:03,2023-10-25 03:35:03,209.59,Card,8772.0
2973502797.0,74694186.0,51036.0,2.0,931.61,2024-06-02 03:23:24,2024-06-02 03:39:24,2024-06-02 03:41:24,5868.92,UPI,909.0
4105022903.0,21282544.0,726958.0,3.0,887.48,2023-08-20 19:07:25,2023-08-20 19:19:25,2023-08-20 19:20:25,1134.0,Card,5645.0
3668828731.0,72889295.0,34200.0,1.0,319.8,2024-08-10 03:53:39,2024-08-10 04:07:39,2024-08-10 04:03:39,2975.38,Card,4173.0
8644734267.0,23348269.0,659290.0,1.0,319.34,2023-10-12 07:15:53,2023-10-12 07:25:53,2023-10-12 07:20:53,3446.55,Card,7262.0
3757871565.0,9401406.0,847349.0,2.0,781.08,2023-08-10 07:18:26,2023-08-10 07:37:26,2023-08-10 07:32:26,2012.76,UPI,3635.0
5770510806.0,47955004.0,306177.0,3.0,769.24,2024-01-23 08:46:56,2024-01-23 09:05:56,2024-01-23 09:16:56,127.16,Cash,4185.0
4514836077.0,60834500.0,739448.0,2.0,755.66,2023-06-10 10:09:18,2023-06-10 10:27:18,2023-06-10 10:41:18,401.43,Wallet,1323.0
5927852227.0,37556526.0,51036.0,2.0,931.61,2024-04-12 06:07:28,2024-04-12 06:20:28,2024-04-12 06:18:28,1975.03,Cash,3633.0
350719542.0,18642306.0,555121.0,2.0,354.91,2024-10-06 06:59:00,2024-10-06 07:17:00,2024-10-06 07:14:00,1969.47,Wallet,6884.0
868288823.0,65772743.0,962591.0,3.0,130.01,2024-03-06 19:01:25,2024-03-06 19:17:25,2024-03-06 19:27:25,3268.84,Wallet,8142.0
7199670826.0,22694456.0,491521.0,1.0,556.35,2024-01-17 10:30:50,2024-01-17 10:41:50,2024-01-17 11:08:50,958.97,Card,8599.0
3091948113.0,77306672.0,336847.0,2.0,936.98,2024-02-13 09:49:09,2024-02-13 10:08:09,2024-02-13 10:22:09,443.69,Cash,4309.0
5793742966.0,83412446.0,361361.0,3.0,826.21,2024-01-04 18:10:20,2024-01-04 18:29:20,2024-01-04 18:34:20,140.8,Cash,2618.0
7347109009.0,75632045.0,992178.0,2.0,632.43,2023-09-24 19:23:21,2023-09-24 19:42:21,2023-09-24 19:51:21,3507.67,Cash,507.0
7078912146.0,36142455.0,837480.0,3.0,217.4,2023-09-18 11:38:36,2023-09-18 11:49:36,2023-09-18 11:44:36,3073.16,UPI,6465.0
2480856222.0,30373140.0,107548.0,1.0,891.6,2023-11-08 16:28:56,2023-11-08 16:38:56,2023-11-08 16:41:56,3309.6,Wallet,3447.0
281421547.0,88520326.0,760684.0,2.0,71.6,2023-05-20 20:11:04,2023-05-20 20:22:04,2023-05-20 20:20:04,4398.86,Cash,3521.0
5226963306.0,96628029.0,564692.0,2.0,215.65,2024-06-23 06:42:44,2024-06-23 07:02:44,2024-06-23 07:03:44,397.68,Card,1713.0
7316642056.0,92404798.0,684939.0,3.0,727.95,2024-02-10 00:13:32,2024-02-10 00:23:32,2024-02-10 00:31:32,3157.75,UPI,8815.0
8997415290.0,85490177.0,883013.0,2.0,989.88,2024-08-14 17:03:05,2024-08-14 17:19:05,2024-08-14 17:40:05,1549.44,Cash,7640.0
6737025662.0,44928499.0,848226.0,1.0,209.59,2023-03-28 06:46:34,2023-03-28 07:00:34,2023-03-28 07:01:34,1924.08,UPI,6632.0
8395290763.0,88312515.0,291238.0,1.0,746.03,2024-05-31 19:02:48,2024-05-31 19:15:48,2024-05-31 19:39:48,4696.69,UPI,9679.0
7261119579.0,65903057.0,690565.0,1.0,951.27,2024-07-06 06:23:10,2024-07-06 06:38:10,2024-07-06 06:37:10,448.16,UPI,9530.0
9938037878.0,9796585.0,298985.0,3.0,183.76,2024-10-29 11:29:36,2024-10-29 11:44:36,2024-10-29 11:56:36,905.35,UPI,1403.0
7154987905.0,63802820.0,871592.0,1.0,870.29,2024-10-06 02:34:05,2024-10-06 02:52:05,2024-10-06 03:13:05,1627.23,Cash,8546.0
3605534244.0,57526322.0,373536.0,2.0,494.17,2024-01-17 12:15:12,2024-01-17 12:28:12,2024-01-17 12:30:12,3762.7,Cash,8847.0
5626601040.0,19091057.0,53833.0,2.0,134.69,2024-02-26 23:31:08,2024-02-26 23:48:08,2024-02-26 23:57:08,931.61,Wallet,5148.0
2577064886.0,63948546.0,478531.0,1.0,825.46,2024-06-07 04:38:39,2024-06-07 04:51:39,2024-06-07 04:53:39,1713.44,Card,6228.0
2561362173.0,33481252.0,243235.0,2.0,109.03,2023-05-30 07:42:00,2023-05-30 07:58:00,2023-05-30 07:59:00,2542.56,Cash,1371.0
2793120553.0,6622751.0,397973.0,1.0,728.73,2023-06-24 10:51:53,2023-06-24 11:10:53,2023-06-24 11:11:53,3090.15,Cash,4491.0
4476563699.0,59222551.0,153019.0,2.0,947.95,2023-09-11 02:29:45,2023-09-11 02:47:45,2023-09-11 03:13:45,3655.01,UPI,3285.0
1580021952.0,30317733.0,327290.0,3.0,862.28,2024-10-24 14:22:39,2024-10-24 14:36:39,2024-10-24 14:32:39,3705.07,Cash,1432.0
7263454149.0,13760839.0,739534.0,3.0,994.56,2023-10-14 01:37:23,2023-10-14 01:51:23,2023-10-14 01:50:23,576.22,Card,2363.0
4371924002.0,75944533.0,537274.0,2.0,702.71,2024-10-21 13:20:53,2024-10-21 13:32:53,2024-10-21 13:46:53,316.02,Card,7937.0
2955277471.0,79960955.0,120532.0,2.0,697.53,2023-12-06 13:01:29,2023-12-06 13:15:29,2023-12-06 13:35:29,2514.46,UPI,329.0
9445490338.0,6812439.0,94225.0,3.0,77.11,2023-05-23 22:54:26,2023-05-23 23:07:26,2023-05-23 23:18:26,804.7,Cash,3467.0
2668915104.0,19180962.0,690565.0,1.0,951.27,2023-12-01 20:34:27,2023-12-01 20:44:27,2023-12-01 20:49:27,5494.22,Card,4854.0
1045621584.0,85340038.0,669378.0,3.0,212.14,2023-12-19 00:47:40,2023-12-19 00:57:40,2023-12-19 01:20:40,4374.94,UPI,5516.0
4550545705.0,17805991.0,136533.0,3.0,826.21,2024-06-21 04:44:10,2024-06-21 04:59:10,2024-06-21 05:04:10,5039.37,Card,2260.0
3373390154.0,68703613.0,240179.0,2.0,90.56,2024-07-24 09:07:08,2024-07-24 09:18:08,2024-07-24 09:20:08,576.22,Cash,3618.0
5142985961.0,2457734.0,644847.0,3.0,622.81,2024-02-07 02:49:54,2024-02-07 03:08:54,2024-02-07 03:10:54,2044.41,UPI,6842.0
649220272.0,67696145.0,883013.0,2.0,989.88,2023-09-23 15:12:19,2023-09-23 15:25:19,2023-09-23 15:24:19,795.26,Card,9794.0
5023958886.0,12832151.0,337168.0,1.0,545.49,2024-09-24 05:38:46,2024-09-24 05:58:46,2024-09-24 06:09:46,4198.0,Card,4033.0
9993542681.0,42589311.0,880510.0,1.0,951.43,2023-05-23 04:12:41,2023-05-23 04:26:41,2023-05-23 04:41:41,3564.26,UPI,4596.0
4380367305.0,8955057.0,952168.0,1.0,236.95,2024-04-08 13:39:20,2024-04-08 13:52:20,2024-04-08 13:55:20,1313.89,Wallet,4846.0
3626113485.0,97286925.0,863930.0,2.0,242.57,2024-03-26 01:40:13,2024-03-26 01:51:13,2024-03-26 01:47:13,4059.84,Cash,3800.0
4399099668.0,44050697.0,354409.0,1.0,325.08,2023-06-18 17:12:45,2023-06-18 17:29:45,2023-06-18 17:42:45,2045.24,Wallet,9054.0
3760880745.0,8791577.0,723678.0,1.0,675.46,2024-10-13 21:57:38,2024-10-13 22:15:38,2024-10-13 22:23:38,1342.49,UPI,6613.0
1803155516.0,98088303.0,378287.0,2.0,332.84,2023-06-21 01:36:59,2023-06-21 01:51:59,2023-06-21 01:49:59,1874.24,Cash,2119.0
4413782983.0,47515046.0,799459.0,3.0,852.02,2023-06-01 18:19:57,2023-06-01 18:31:57,2023-06-01 18:34:57,814.87,Cash,5243.0
6766424456.0,21866852.0,721521.0,1.0,417.39,2024-04-10 05:53:16,2024-04-10 06:06:16,2024-04-10 06:11:16,904.88,Cash,7095.0
8701531535.0,52613657.0,219598.0,3.0,367.08,2024-09-02 23:59:51,2024-09-03 00:10:51,2024-09-03 00:20:51,852.02,Card,3977.0
3961971562.0,89811984.0,707935.0,2.0,820.9,2024-04-19 19:39:06,2024-04-19 19:55:06,2024-04-19 19:51:06,263.7,UPI,9322.0
1337510774.0,80800079.0,848226.0,1.0,209.59,2024-07-19 12:41:59,2024-07-19 12:57:59,2024-07-19 12:56:59,1563.84,Card,2685.0
8859147707.0,78394303.0,123983.0,1.0,785.67,2024-03-29 21:44:03,2024-03-29 22:03:03,2024-03-29 22:17:03,1820.22,Cash,8548.0
5850669672.0,24137201.0,611575.0,2.0,482.06,2023-06-10 08:45:50,2023-06-10 09:01:50,2023-06-10 09:03:50,3441.13,UPI,8779.0
1183906926.0,60385293.0,706112.0,2.0,478.79,2023-12-29 20:23:40,2023-12-29 20:35:40,2023-12-29 20:46:40,882.31,UPI,5200.0
6277509652.0,71956734.0,942001.0,3.0,671.55,2024-10-31 08:24:42,2024-10-31 08:37:42,2024-10-31 09:00:42,4850.27,Wallet,4407.0
72748189.0,82286725.0,36412.0,3.0,397.68,2023-06-18 06:33:23,2023-06-18 06:47:23,2023-06-18 07:06:23,3654.1,Wallet,4974.0
3164922639.0,74230420.0,537274.0,3.0,702.71,2024-05-05 23:00:26,2024-05-05 23:18:26,2024-05-05 23:13:26,1727.29,UPI,2759.0
1768504415.0,20209237.0,762527.0,3.0,690.08,2023-09-15 19:49:03,2023-09-15 19:59:03,2023-09-15 19:55:03,1516.6,Wallet,8747.0
8173155169.0,56441247.0,140489.0,1.0,650.2,2024-01-06 14:50:22,2024-01-06 15:05:22,2024-01-06 15:16:22,1245.24,Card,7817.0
6164820061.0,91789216.0,237083.0,2.0,577.13,2023-05-26 23:03:19,2023-05-26 23:18:19,2023-05-26 23:15:19,1332.79,Cash,5943.0
768283559.0,24621386.0,771228.0,3.0,83.18,2024-02-09 01:45:31,2024-02-09 01:59:31,2024-02-09 01:57:31,1780.68,Wallet,6339.0
5091744424.0,53624677.0,328457.0,1.0,858.57,2023-11-15 21:54:35,2023-11-15 22:06:35,2023-11-15 22:22:35,13.25,Cash,8074.0
932482893.0,81088747.0,481843.0,1.0,297.68,2024-07-24 22:54:26,2024-07-24 23:12:26,2024-07-24 23:08:26,342.66,Card,6172.0
4588148640.0,24137201.0,136533.0,3.0,826.21,2023-03-19 19:07:58,2023-03-19 19:27:58,2023-03-19 19:24:58,2884.36,Card,1636.0
8120457107.0,97664747.0,365133.0,2.0,915.45,2024-01-27 18:46:35,2024-01-27 19:02:35,2024-01-27 19:05:35,3823.51,Card,4857.0
6107471725.0,81940369.0,859361.0,1.0,432.39,2023-08-26 07:39:48,2023-08-26 07:49:48,2023-08-26 07:53:48,3945.66,Wallet,763.0
7001417958.0,22358567.0,714999.0,2.0,882.51,2024-03-28 03:48:07,2024-03-28 04:03:07,2024-03-28 04:05:07,817.16,Wallet,8109.0
7983443604.0,39717448.0,124290.0,3.0,39.65,2024-01-18 15:17:19,2024-01-18 15:29:19,2024-01-18 15:31:19,1707.78,Wallet,836.0
3057907418.0,81757554.0,757274.0,2.0,98.32,2024-04-04 22:41:31,2024-04-04 22:59:31,2024-04-04 22:58:31,2382.53,Wallet,1481.0
3312147996.0,67711384.0,890232.0,3.0,432.0,2024-06-06 06:38:07,2024-06-06 06:52:07,2024-06-06 07:06:07,5328.0,Wallet,2557.0
6822269883.0,69276352.0,901144.0,3.0,340.36,2024-01-15 07:25:07,2024-01-15 07:44:07,2024-01-15 07:43:07,999.44,Cash,7543.0
5004539711.0,73933840.0,451933.0,1.0,568.94,2023-07-27 23:59:16,2023-07-28 00:10:16,2023-07-28 00:16:16,3936.23,UPI,7634.0
2426015858.0,22081691.0,487931.0,3.0,709.08,2024-06-03 00:23:01,2024-06-03 00:36:01,2024-06-03 00:46:01,3841.06,Wallet,9273.0
4415332793.0,7333934.0,114414.0,1.0,832.06,2024-04-24 23:57:49,2024-04-25 00:16:49,2024-04-25 00:21:49,96.09,Cash,8089.0
1256813796.0,12832151.0,589812.0,3.0,163.03,2024-05-09 01:43:54,2024-05-09 02:01:54,2024-05-09 02:02:54,4157.79,Cash,4212.0
633633688.0,71694275.0,490939.0,2.0,80.25,2023-09-04 11:22:09,2023-09-04 11:38:09,2023-09-04 11:47:09,5102.81,Cash,8487.0
8311814996.0,50953418.0,112390.0,3.0,877.98,2023-09-09 13:11:42,2023-09-09 13:21:42,2023-09-09 13:34:42,3146.13,Cash,1104.0
1441735184.0,41181125.0,365132.0,3.0,229.38,2024-10-31 15:03:54,2024-10-31 15:20:54,2024-10-31 15:25:54,2119.23,Card,6557.0
1525742840.0,39042103.0,324809.0,3.0,608.0,2024-06-24 12:13:58,2024-06-24 12:29:58,2024-06-24 12:24:58,1791.07,Wallet,6808.0
1947080315.0,54837637.0,883013.0,2.0,989.88,2023-10-09 16:21:21,2023-10-09 16:35:21,2023-10-09 16:50:21,385.71,Wallet,9704.0
5682081545.0,57340963.0,847349.0,3.0,781.08,2024-07-11 16:06:45,2024-07-11 16:23:45,2024-07-11 16:26:45,1276.66,Cash,6729.0
8100817128.0,41494517.0,623234.0,1.0,329.79,2023-04-01 22:04:42,2023-04-01 22:19:42,2023-04-01 22:31:42,369.98,Wallet,43.0
6051792089.0,68906393.0,767398.0,2.0,22.14,2024-07-23 21:53:14,2024-07-23 22:07:14,2024-07-23 22:09:14,2200.67,Cash,8465.0
1158173915.0,27746432.0,451812.0,2.0,530.85,2023-08-13 01:31:00,2023-08-13 01:42:00,2023-08-13 02:08:00,3642.25,Card,5188.0
266072469.0,49529811.0,432617.0,3.0,863.18,2023-08-02 11:10:40,2023-08-02 11:23:40,2023-08-02 11:36:40,877.17,Wallet,6764.0
2529883737.0,94529626.0,760828.0,2.0,563.45,2023-08-10 20:40:24,2023-08-10 20:50:24,2023-08-10 20:47:24,4623.58,UPI,98.0
9090089969.0,10951674.0,552883.0,1.0,888.16,2023-08-02 21:09:48,2023-08-02 21:25:48,2023-08-02 21:33:48,931.23,UPI,2394.0
7102272749.0,10508763.0,592784.0,1.0,280.35,2024-04-09 16:23:16,2024-04-09 16:33:16,2024-04-09 16:36:16,374.68,Cash,8180.0
4948925080.0,21201299.0,328457.0,2.0,858.57,2023-04-27 12:38:19,2023-04-27 12:54:19,2023-04-27 12:50:19,3344.82,Cash,4459.0
9463013186.0,11928321.0,654297.0,3.0,13.25,2023-06-29 17:28:38,2023-06-29 17:38:38,2023-06-29 17:36:38,1175.72,Card,9937.0
5581013292.0,97557157.0,578097.0,1.0,267.61,2024-09-17 19:03:27,2024-09-17 19:14:27,2024-09-17 19:29:27,2823.96,UPI,2765.0
7009619835.0,11063505.0,67197.0,2.0,552.2,2024-10-28 06:21:11,2024-10-28 06:36:11,2024-10-28 06:35:11,1428.03,Cash,2043.0
9177283950.0,33472376.0,124290.0,3.0,39.65,2023-08-24 23:58:44,2023-08-25 00:14:44,2023-08-25 00:24:44,4070.17,Wallet,2717.0
9359187866.0,60732869.0,833557.0,2.0,422.87,2023-12-18 09:30:08,2023-12-18 09:43:08,2023-12-18 09:56:08,3474.61,Card,7485.0
1524480475.0,14161586.0,930284.0,1.0,189.47,2024-06-23 21:01:02,2024-06-23 21:13:02,2024-06-23 21:31:02,3993.19,Cash,3502.0
3829990099.0,60379302.0,435929.0,3.0,856.89,2024-02-05 18:30:30,2024-02-05 18:49:30,2024-02-05 18:45:30,2064.98,Cash,124.0
1058609445.0,51341672.0,120532.0,2.0,697.53,2024-07-09 18:57:06,2024-07-09 19:14:06,2024-07-09 19:10:06,2839.16,Cash,5065.0
1022764286.0,62243869.0,942001.0,1.0,671.55,2024-04-21 14:28:03,2024-04-21 14:46:03,2024-04-21 14:42:03,878.8,Wallet,9716.0
1913299658.0,84377964.0,324809.0,1.0,608.0,2023-12-25 12:59:45,2023-12-25 13:19:45,2023-12-25 13:20:45,1562.68,UPI,5543.0
5305443623.0,80476444.0,930284.0,1.0,189.47,2024-01-13 12:06:38,2024-01-13 12:18:38,2024-01-13 12:14:38,2634.39,UPI,8252.0
4074369199.0,18259715.0,642612.0,3.0,517.03,2024-06-19 03:22:49,2024-06-19 03:37:49,2024-06-19 03:39:49,296.94,Cash,7469.0
9966404015.0,85072416.0,378230.0,2.0,166.42,2023-08-10 11:52:27,2023-08-10 12:09:27,2023-08-10 12:07:27,2615.98,Wallet,993.0
3192917514.0,16617201.0,667163.0,3.0,441.2,2024-05-10 09:01:56,2024-05-10 09:18:56,2024-05-10 09:22:56,53.49,Wallet,1199.0
1256718210.0,6812439.0,542300.0,2.0,255.35,2023-05-24 22:31:15,2023-05-24 22:46:15,2023-05-24 22:56:15,781.08,UPI,6210.0
6067839426.0,30317733.0,654297.0,3.0,13.25,2023-08-24 08:03:08,2023-08-24 08:23:08,2023-08-24 08:22:08,1268.67,Cash,4863.0
2254923956.0,80696046.0,647462.0,1.0,326.42,2024-08-19 18:55:40,2024-08-19 19:12:40,2024-08-19 19:35:40,2936.78,Card,5515.0
7367673526.0,97144544.0,587645.0,3.0,801.81,2024-05-01 09:07:52,2024-05-01 09:18:52,2024-05-01 09:20:52,2679.81,Cash,9060.0
9467422683.0,10562528.0,659290.0,3.0,319.34,2023-09-20 23:55:07,2023-09-21 00:11:07,2023-09-21 00:10:07,530.85,UPI,9249.0
819853692.0,32656885.0,709916.0,3.0,33.76,2024-07-04 17:23:55,2024-07-04 17:40:55,2024-07-04 17:35:55,1540.06,Wallet,1548.0
3070834475.0,80269328.0,435929.0,3.0,856.89,2024-10-03 14:22:48,2024-10-03 14:39:48,2024-10-03 14:44:48,1382.07,Wallet,1904.0
3620552357.0,82918668.0,679865.0,1.0,347.91,2024-06-19 02:55:22,2024-06-19 03:05:22,2024-06-19 03:05:22,1889.35,Wallet,7418.0
5938542755.0,3408982.0,329351.0,1.0,310.87,2023-07-31 17:01:37,2023-07-31 17:18:37,2023-07-31 17:14:37,2934.58,Cash,5103.0
9315535975.0,70220141.0,697683.0,3.0,123.74,2023-11-16 10:16:51,2023-11-16 10:30:51,2023-11-16 10:57:51,1759.05,UPI,4081.0
3547873471.0,11478478.0,880510.0,1.0,951.43,2024-10-08 04:17:08,2024-10-08 04:30:08,2024-10-08 04:35:08,4304.12,Cash,606.0
6546999829.0,27381533.0,120532.0,2.0,697.53,2023-10-06 18:00:56,2023-10-06 18:15:56,2023-10-06 18:18:56,4712.89,Cash,4972.0
9039495201.0,25770577.0,677169.0,3.0,261.03,2024-03-27 19:56:20,2024-03-27 20:14:20,2024-03-27 20:09:20,1258.39,UPI,1970.0
99708985.0,91130614.0,760684.0,2.0,71.6,2023-11-19 04:29:38,2023-11-19 04:46:38,2023-11-19 04:55:38,2255.0,Card,6116.0
6312811061.0,51661209.0,689769.0,2.0,46.62,2024-08-31 13:45:05,2024-08-31 14:03:05,2024-08-31 14:17:05,1004.9,UPI,2948.0
3915885220.0,54580166.0,14145.0,1.0,630.84,2024-06-21 10:35:49,2024-06-21 10:53:49,2024-06-21 10:57:49,1377.68,UPI,1751.0
6654736751.0,45804389.0,853932.0,1.0,941.19,2023-04-25 00:03:41,2023-04-25 00:16:41,2023-04-25 00:12:41,3452.86,Card,232.0
841915361.0,93318833.0,26060.0,2.0,342.94,2024-10-31 19:04:59,2024-10-31 19:17:59,2024-10-31 19:13:59,3398.76,UPI,9005.0
2543233800.0,46686696.0,833557.0,2.0,422.87,2023-09-23 17:11:27,2023-09-23 17:31:27,2023-09-23 17:43:27,1776.61,Wallet,2839.0
5271947935.0,1601161.0,77308.0,1.0,223.27,2024-08-26 23:07:11,2024-08-26 23:22:11,2024-08-26 23:18:11,1112.24,Wallet,3959.0
6339554317.0,17132416.0,319388.0,3.0,657.8,2023-06-14 00:50:23,2023-06-14 01:09:23,2023-06-14 01:05:23,3883.05,UPI,1103.0
1840475676.0,27971619.0,367391.0,1.0,939.55,2024-05-27 03:37:21,2024-05-27 03:55:21,2024-05-27 03:55:21,3010.74,UPI,4372.0
6812031667.0,66023110.0,613942.0,1.0,545.0,2023-12-12 14:29:49,2023-12-12 14:44:49,2023-12-12 14:47:49,4136.46,Cash,1319.0
3031698482.0,75213636.0,563740.0,2.0,96.33,2024-10-11 07:21:20,2024-10-11 07:34:20,2024-10-11 07:38:20,931.61,Wallet,6940.0
7902025520.0,78725001.0,378676.0,1.0,881.42,2024-01-02 21:20:22,2024-01-02 21:40:22,2024-01-02 21:46:22,670.62,Wallet,4096.0
1969446314.0,29584848.0,883013.0,2.0,989.88,2023-09-05 19:47:27,2023-09-05 20:05:27,2023-09-05 20:09:27,1940.6,UPI,2549.0
9949497098.0,8881320.0,566052.0,1.0,87.3,2024-10-28 22:19:08,2024-10-28 22:31:08,2024-10-28 22:40:08,1651.55,Card,1125.0
4572338018.0,59141605.0,256783.0,2.0,906.54,2023-05-04 10:43:53,2023-05-04 11:00:53,2023-05-04 11:07:53,329.79,Cash,7646.0
2964153358.0,78725001.0,4452.0,1.0,169.88,2023-06-12 00:26:35,2023-06-12 00:42:35,2023-06-12 00:37:35,878.8,Card,2541.0
7642038633.0,27709218.0,41853.0,3.0,910.44,2024-03-10 11:32:24,2024-03-10 11:50:24,2024-03-10 12:20:24,511.79,Wallet,6221.0
8208980848.0,17341194.0,26060.0,2.0,342.94,2024-02-21 23:40:40,2024-02-21 23:57:40,2024-02-21 23:53:40,2894.06,UPI,9131.0
3343789681.0,20689141.0,837480.0,1.0,217.4,2023-05-27 21:46:02,2023-05-27 21:57:02,2023-05-27 22:22:02,831.1,Wallet,2723.0
9478305481.0,92409489.0,153019.0,2.0,947.95,2024-02-02 03:53:25,2024-02-02 04:12:25,2024-02-02 04:27:25,1087.04,Wallet,5967.0
3475260976.0,57291761.0,642612.0,1.0,517.03,2023-03-26 18:49:43,2023-03-26 19:09:43,2023-03-26 19:22:43,3819.84,Cash,4036.0
3665443705.0,14330483.0,585299.0,2.0,799.46,2024-08-09 13:18:02,2024-08-09 13:30:02,2024-08-09 13:42:02,1238.18,UPI,9881.0
673592541.0,75213636.0,952168.0,2.0,236.95,2024-04-05 00:24:49,2024-04-05 00:35:49,2024-04-05 00:35:49,1684.03,UPI,5611.0
8074949320.0,14472401.0,328457.0,3.0,858.57,2023-08-17 13:22:57,2023-08-17 13:35:57,2023-08-17 13:32:57,1919.79,Card,9529.0
8056021378.0,95558510.0,240179.0,3.0,90.56,2023-11-04 22:21:56,2023-11-04 22:32:56,2023-11-04 22:43:56,778.27,Wallet,319.0
2331582000.0,6637282.0,747801.0,1.0,277.76,2024-03-16 09:19:08,2024-03-16 09:38:08,2024-03-16 09:35:08,212.14,UPI,9916.0
5844776722.0,10038382.0,305754.0,3.0,979.99,2024-01-10 12:05:56,2024-01-10 12:17:56,2024-01-10 12:18:56,3806.98,UPI,4002.0
8426465860.0,88045094.0,542300.0,2.0,255.35,2024-02-29 23:20:48,2024-02-29 23:32:48,2024-02-29 23:27:48,5206.71,Card,9150.0
9057555029.0,60446619.0,757274.0,2.0,98.32,2024-02-02 19:12:14,2024-02-02 19:30:14,2024-02-02 19:36:14,1623.58,UPI,1898.0
2210486526.0,65406127.0,397973.0,1.0,728.73,2023-12-13 17:24:31,2023-12-13 17:41:31,2023-12-13 17:41:31,141.28,Card,4466.0
6421432903.0,66766629.0,993331.0,2.0,102.44,2024-01-30 17:31:05,2024-01-30 17:47:05,2024-01-30 17:49:05,1251.88,UPI,6271.0
3562901354.0,5039883.0,298985.0,2.0,183.76,2024-05-06 20:47:54,2024-05-06 21:07:54,2024-05-06 21:07:54,1897.97,Cash,7758.0
8194268842.0,17929886.0,455083.0,1.0,959.01,2024-08-15 07:53:53,2024-08-15 08:08:53,2024-08-15 08:13:53,1094.79,Card,5006.0
7524467684.0,22321208.0,925482.0,2.0,475.04,2023-04-25 00:40:16,2023-04-25 00:51:16,2023-04-25 00:50:16,2855.29,Cash,8642.0
1254195766.0,60399360.0,690565.0,2.0,951.27,2023-12-21 04:53:51,2023-12-21 05:08:51,2023-12-21 05:06:51,1601.53,Cash,2418.0
6476646153.0,60967677.0,880510.0,1.0,951.43,2024-10-06 02:25:15,2024-10-06 02:38:15,2024-10-06 02:47:15,2672.31,UPI,9434.0
8278568103.0,28876580.0,478531.0,3.0,825.46,2024-08-06 01:00:19,2024-08-06 01:19:19,2024-08-06 01:16:19,2465.17,Wallet,603.0
8589621333.0,38420886.0,839170.0,1.0,481.63,2023-10-01 13:43:52,2023-10-01 14:00:52,2023-10-01 13:57:52,3157.69,Cash,3452.0
8531683720.0,85747175.0,34200.0,2.0,319.8,2024-10-25 06:24:21,2024-10-25 06:39:21,2024-10-25 06:43:21,1705.25,UPI,4902.0
327291657.0,67729191.0,317242.0,1.0,198.15,2024-07-15 04:35:45,2024-07-15 04:48:45,2024-07-15 04:44:45,1560.19,UPI,2807.0
6159164139.0,35690581.0,563740.0,1.0,96.33,2024-04-06 06:07:59,2024-04-06 06:17:59,2024-04-06 06:22:59,3195.45,Card,5468.0
8029863164.0,50652909.0,376447.0,3.0,724.84,2023-10-22 16:03:26,2023-10-22 16:17:26,2023-10-22 16:15:26,2232.88,Cash,5831.0
9387824629.0,96989204.0,367391.0,3.0,939.55,2023-12-30 18:16:15,2023-12-30 18:30:15,2023-12-30 18:47:15,237.62,UPI,4299.0
3289836195.0,18082040.0,942001.0,2.0,671.55,2024-05-29 02:36:15,2024-05-29 02:48:15,2024-05-29 03:10:15,704.19,Wallet,14.0
5001931575.0,23380116.0,449106.0,1.0,48.55,2024-10-28 20:02:45,2024-10-28 20:14:45,2024-10-28 20:33:45,2224.46,Cash,2266.0
7258292820.0,20689141.0,540618.0,2.0,317.05,2023-08-13 22:07:47,2023-08-13 22:22:47,2023-08-13 22:47:47,3920.14,Card,6032.0
4924862857.0,65294340.0,961614.0,2.0,227.22,2023-08-08 17:00:42,2023-08-08 17:14:42,2023-08-08 17:29:42,4418.8,Card,4543.0
8666314034.0,21697638.0,962591.0,1.0,130.01,2023-04-21 18:59:41,2023-04-21 19:14:41,2023-04-21 19:17:41,951.9,Wallet,9800.0
6775326324.0,16379942.0,592784.0,3.0,280.35,2023-06-17 01:53:29,2023-06-17 02:13:29,2023-06-17 02:21:29,1830.15,Wallet,2109.0
6092636899.0,53025962.0,739534.0,2.0,994.56,2024-10-26 02:02:39,2024-10-26 02:18:39,2024-10-26 02:19:39,237.62,Wallet,9225.0
4115558056.0,98088303.0,39154.0,2.0,946.86,2024-04-17 02:38:53,2024-04-17 02:49:53,2024-04-17 02:49:53,1720.72,Card,3668.0
2352136184.0,75289676.0,328457.0,1.0,858.57,2023-11-21 22:00:06,2023-11-21 22:13:06,2023-11-21 22:37:06,3271.34,Wallet,2373.0
1706445141.0,93370787.0,146840.0,1.0,786.85,2024-03-11 19:01:18,2024-03-11 19:13:18,2024-03-11 19:22:18,1856.94,UPI,4384.0
9000165912.0,65895091.0,60619.0,2.0,726.41,2023-08-20 08:14:44,2023-08-20 08:34:44,2023-08-20 08:57:44,2821.61,Cash,2167.0
7457305850.0,76857266.0,300159.0,2.0,44.35,2023-12-08 11:59:55,2023-12-08 12:16:55,2023-12-08 12:21:55,3303.03,UPI,157.0
9685973820.0,34281470.0,654623.0,1.0,422.14,2024-04-20 03:25:50,2024-04-20 03:36:50,2024-04-20 03:48:50,536.77,Cash,2778.0
168067196.0,11071601.0,563740.0,1.0,96.33,2024-07-16 13:16:12,2024-07-16 13:30:12,2024-07-16 13:35:12,1398.0,Cash,6357.0
6105240201.0,53299455.0,432617.0,3.0,863.18,2024-05-22 23:20:32,2024-05-22 23:40:32,2024-05-22 23:48:32,2915.01,Cash,6959.0
1888247163.0,79630614.0,709916.0,2.0,33.76,2024-02-09 11:35:54,2024-02-09 11:49:54,2024-02-09 11:48:54,48.55,UPI,3503.0
7145162326.0,35459748.0,859361.0,3.0,432.39,2023-06-23 22:29:58,2023-06-23 22:41:58,2023-06-23 22:51:58,1507.31,Card,1102.0
7611231659.0,78841932.0,272170.0,2.0,140.8,2023-09-22 12:05:11,2023-09-22 12:21:11,2023-09-22 12:46:11,1641.37,Card,9771.0
4508784747.0,3483295.0,120385.0,3.0,597.91,2024-03-11 01:43:36,2024-03-11 01:58:36,2024-03-11 02:10:36,1596.72,Wallet,2408.0
2567590825.0,13604883.0,112390.0,1.0,877.98,2023-10-10 20:05:46,2023-10-10 20:19:46,2023-10-10 20:19:46,48.55,UPI,6685.0
9255982861.0,83867512.0,540618.0,3.0,317.05,2024-10-17 05:02:51,2024-10-17 05:12:51,2024-10-17 05:17:51,2748.87,Wallet,1028.0
4102063254.0,86067293.0,525531.0,1.0,831.1,2024-01-13 12:26:27,2024-01-13 12:44:27,2024-01-13 13:06:27,482.06,UPI,6881.0
7373931740.0,49117070.0,51036.0,2.0,931.61,2024-08-27 00:02:31,2024-08-27 00:22:31,2024-08-27 00:24:31,2925.56,Card,9832.0
5682816404.0,10830043.0,140489.0,2.0,650.2,2023-07-10 14:59:43,2023-07-10 15:11:43,2023-07-10 15:15:43,2244.39,UPI,598.0
544018743.0,67310893.0,611575.0,1.0,482.06,2024-03-31 14:16:00,2024-03-31 14:32:00,2024-03-31 14:38:00,2878.88,Cash,4272.0
3292929952.0,29272253.0,378230.0,2.0,166.42,2024-09-10 06:42:18,2024-09-10 06:54:18,2024-09-10 07:05:18,340.66,UPI,3907.0
9144790321.0,15808945.0,140154.0,2.0,171.2,2023-04-17 16:21:59,2023-04-17 16:33:59,2023-04-17 16:48:59,2605.29,Cash,4377.0
9075991438.0,3999964.0,444361.0,3.0,822.63,2023-06-21 23:10:05,2023-06-21 23:26:05,2023-06-21 23:27:05,2562.56,Cash,4007.0
3634813810.0,32527479.0,9436.0,3.0,88.43,2024-08-12 05:08:50,2024-08-12 05:18:50,2024-08-12 05:45:50,2780.54,Wallet,2310.0
8250406975.0,9573071.0,473647.0,3.0,43.05,2023-12-07 11:12:13,2023-12-07 11:22:13,2023-12-07 11:21:13,1148.92,Wallet,2553.0
5877618756.0,80571942.0,969851.0,3.0,340.66,2023-07-07 11:11:17,2023-07-07 11:24:17,2023-07-07 11:20:17,3870.08,Cash,3187.0
2419292139.0,79916464.0,328457.0,1.0,858.57,2024-05-31 22:38:38,2024-05-31 22:50:38,2024-05-31 23:01:38,672.73,UPI,8714.0
9547123332.0,66485571.0,901144.0,3.0,340.36,2023-06-07 13:48:18,2023-06-07 13:58:18,2023-06-07 13:54:18,3485.53,UPI,8485.0
6968636396.0,38902193.0,324809.0,3.0,608.0,2024-04-02 19:35:56,2024-04-02 19:50:56,2024-04-02 19:48:56,500.05,Card,9422.0
5247557644.0,44410149.0,473647.0,1.0,43.05,2023-05-20 08:14:06,2023-05-20 08:27:06,2023-05-20 08:25:06,1631.31,Cash,2953.0
7731193394.0,88553721.0,891833.0,2.0,493.19,2024-10-15 13:06:15,2024-10-15 13:16:15,2024-10-15 13:43:15,729.0,Cash,835.0
6048321120.0,24357425.0,925482.0,3.0,475.04,2024-07-25 10:46:28,2024-07-25 10:59:28,2024-07-25 11:07:28,3163.12,Card,9343.0
8494582006.0,60967677.0,51036.0,3.0,931.61,2023-05-04 15:51:30,2023-05-04 16:07:30,2023-05-04 16:04:30,4761.85,UPI,5540.0
5600781757.0,67386193.0,112390.0,3.0,877.98,2023-06-18 10:14:12,2023-06-18 10:32:12,2023-06-18 10:31:12,786.85,Card,4908.0
495091707.0,56457995.0,378287.0,1.0,332.84,2024-09-16 01:11:00,2024-09-16 01:27:00,2024-09-16 01:39:00,2502.47,Wallet,673.0
3239613823.0,966247.0,647462.0,1.0,326.42,2024-04-18 16:18:41,2024-04-18 16:36:41,2024-04-18 16:37:41,3110.34,Cash,8007.0
3643352219.0,97928781.0,120532.0,3.0,697.53,2023-09-15 09:42:26,2023-09-15 09:53:26,2023-09-15 09:50:26,3041.05,UPI,933.0
2051599638.0,44409533.0,4452.0,2.0,169.88,2023-04-22 10:44:28,2023-04-22 10:55:28,2023-04-22 11:11:28,3392.34,Cash,3115.0
3514859549.0,16561710.0,274207.0,2.0,328.51,2023-12-21 14:25:13,2023-12-21 14:45:13,2023-12-21 14:42:13,4073.75,UPI,8850.0
3907599008.0,31328762.0,658389.0,2.0,152.55,2023-12-12 00:56:26,2023-12-12 01:08:26,2023-12-12 01:08:26,3803.76,Cash,5659.0
1534993603.0,97507853.0,537274.0,1.0,702.71,2024-01-07 00:13:44,2024-01-07 00:25:44,2024-01-07 00:20:44,2593.89,Card,1931.0
8980701254.0,1601161.0,219598.0,2.0,367.08,2024-05-12 14:59:44,2024-05-12 15:17:44,2024-05-12 15:25:44,3330.05,Card,8552.0
6695408903.0,38613642.0,34200.0,1.0,319.8,2023-05-24 13:41:31,2023-05-24 13:56:31,2023-05-24 14:08:31,2136.83,Cash,4609.0
3268455899.0,4439806.0,784827.0,1.0,274.25,2023-09-16 17:06:21,2023-09-16 17:26:21,2023-09-16 17:26:21,5441.63,Wallet,1863.0
7809161755.0,12778027.0,449106.0,1.0,48.55,2023-04-10 16:15:51,2023-04-10 16:32:51,2023-04-10 16:34:51,1355.75,Cash,6950.0
8873697539.0,91384030.0,378287.0,2.0,332.84,2024-02-14 05:21:26,2024-02-14 05:33:26,2024-02-14 05:34:26,2292.56,Cash,2827.0
8603941640.0,82948843.0,818522.0,1.0,96.09,2024-01-06 07:56:17,2024-01-06 08:16:17,2024-01-06 08:12:17,3404.01,Card,4235.0
8308184279.0,57658033.0,799459.0,1.0,852.02,2023-06-19 08:05:51,2023-06-19 08:21:51,2023-06-19 08:26:51,2603.11,Wallet,6421.0
7572826287.0,71252391.0,839170.0,2.0,481.63,2023-04-23 11:47:31,2023-04-23 12:06:31,2023-04-23 12:04:31,1305.17,UPI,5561.0
7478396641.0,77007315.0,555121.0,1.0,354.91,2023-12-05 14:00:20,2023-12-05 14:12:20,2023-12-05 14:24:20,1568.0,Card,1435.0
3569283921.0,53636086.0,183929.0,3.0,738.74,2023-10-27 07:19:26,2023-10-27 07:34:26,2023-10-27 07:33:26,2602.63,UPI,1631.0
9947619677.0,6398761.0,689769.0,2.0,46.62,2024-08-20 20:34:20,2024-08-20 20:50:20,2024-08-20 20:46:20,2743.63,Cash,3563.0
5396237918.0,8228843.0,901144.0,1.0,340.36,2024-01-31 19:59:41,2024-01-31 20:17:41,2024-01-31 20:22:41,1004.55,Cash,4107.0
455878765.0,55733729.0,194682.0,3.0,912.29,2024-07-06 04:10:53,2024-07-06 04:25:53,2024-07-06 04:26:53,959.01,Cash,5818.0
2079195080.0,85518832.0,444361.0,3.0,822.63,2024-03-30 02:33:42,2024-03-30 02:52:42,2024-03-30 02:50:42,957.68,Wallet,8769.0
6104211214.0,62816600.0,913428.0,3.0,392.22,2024-07-21 02:26:58,2024-07-21 02:44:58,2024-07-21 02:46:58,3536.35,UPI,8197.0
9442939134.0,92245432.0,723678.0,1.0,675.46,2024-08-24 11:40:07,2024-08-24 11:52:07,2024-08-24 11:47:07,956.67,UPI,9531.0
3317293496.0,76917159.0,187399.0,3.0,53.49,2024-02-13 08:53:08,2024-02-13 09:03:08,2024-02-13 09:00:08,1740.09,Card,3035.0
8243326501.0,31681710.0,968887.0,1.0,40.7,2024-01-21 11:22:26,2024-01-21 11:35:26,2024-01-21 11:36:26,317.05,Cash,2648.0
4109483569.0,92416428.0,669378.0,3.0,212.14,2024-03-10 18:42:38,2024-03-10 19:01:38,2024-03-10 19:10:38,3758.7,Card,8656.0
5390352336.0,13462905.0,847349.0,1.0,781.08,2024-07-15 04:36:53,2024-07-15 04:47:53,2024-07-15 04:49:53,176.34,Wallet,386.0
2581584982.0,25770577.0,953175.0,2.0,225.21,2023-10-20 02:08:34,2023-10-20 02:26:34,2023-10-20 02:27:34,2315.9,UPI,2416.0
1668737869.0,69908484.0,183929.0,1.0,738.74,2023-03-23 23:45:26,2023-03-24 00:00:26,2023-03-23 23:57:26,2907.39,Wallet,5364.0
5046906329.0,65543312.0,36412.0,2.0,397.68,2023-08-07 07:47:35,2023-08-07 08:00:35,2023-08-07 08:03:35,1438.16,UPI,8270.0
2536833157.0,19067680.0,654623.0,1.0,422.14,2023-05-08 04:44:45,2023-05-08 04:58:45,2023-05-08 04:56:45,999.83,Card,3674.0
9176170352.0,98444183.0,954722.0,3.0,616.45,2023-11-03 08:53:22,2023-11-03 09:06:22,2023-11-03 09:06:22,2360.84,UPI,5525.0
833930925.0,9278983.0,18035.0,3.0,968.94,2024-01-10 16:24:49,2024-01-10 16:44:49,2024-01-10 16:40:49,3217.03,Card,2587.0
8515226099.0,15661901.0,679865.0,3.0,347.91,2023-08-21 17:08:26,2023-08-21 17:27:26,2023-08-21 17:25:26,2541.31,UPI,4709.0
2023020278.0,44477365.0,433521.0,1.0,321.33,2023-06-14 10:11:21,2023-06-14 10:24:21,2023-06-14 10:37:21,2301.59,Card,7298.0
2840526544.0,63360864.0,15314.0,1.0,578.85,2023-03-28 07:24:51,2023-03-28 07:36:51,2023-03-28 07:38:51,3795.46,Cash,323.0
7267422945.0,49260858.0,762527.0,1.0,690.08,2023-05-03 12:11:25,2023-05-03 12:29:25,2023-05-03 12:25:25,6161.48,Wallet,103.0
9400777426.0,86487478.0,473929.0,3.0,440.19,2023-11-17 00:17:09,2023-11-17 00:31:09,2023-11-17 00:39:09,1237.0,UPI,8220.0
3298603544.0,74515162.0,462526.0,2.0,449.97,2023-06-15 23:44:37,2023-06-15 23:54:37,2023-06-16 00:16:37,1394.47,Card,2077.0
4479973293.0,68965787.0,962054.0,3.0,16.86,2024-09-11 19:01:57,2024-09-11 19:11:57,2024-09-11 19:15:57,753.28,Cash,6967.0
356236208.0,62068277.0,365133.0,1.0,915.45,2023-08-08 13:12:46,2023-08-08 13:31:46,2023-08-08 13:36:46,1408.83,Cash,8913.0
6699845542.0,22851478.0,700048.0,1.0,141.28,2023-12-06 14:43:53,2023-12-06 15:02:53,2023-12-06 14:57:53,22.04,UPI,539.0
3106057977.0,30455484.0,287070.0,2.0,443.17,2024-06-07 18:38:09,2024-06-07 18:49:09,2024-06-07 18:46:09,3120.62,Cash,5676.0
1905367587.0,93321933.0,799459.0,1.0,852.02,2023-11-05 08:39:17,2023-11-05 08:59:17,2023-11-05 08:57:17,3512.23,UPI,4803.0
169590729.0,10019218.0,897083.0,1.0,972.69,2024-05-23 05:12:37,2024-05-23 05:28:37,2024-05-23 05:24:37,2086.36,Cash,2744.0
9820743709.0,81822494.0,435929.0,2.0,856.89,2023-12-03 10:14:31,2023-12-03 10:32:31,2023-12-03 10:34:31,4843.24,UPI,6374.0
6605882211.0,33544355.0,462526.0,2.0,449.97,2023-12-03 10:33:46,2023-12-03 10:43:46,2023-12-03 11:08:46,4248.77,UPI,1654.0
9517765444.0,12832151.0,847349.0,3.0,781.08,2023-09-28 04:45:11,2023-09-28 05:02:11,2023-09-28 04:59:11,764.33,Card,9740.0
7766311749.0,74313592.0,228286.0,2.0,179.08,2023-11-28 15:06:39,2023-11-28 15:25:39,2023-11-28 15:23:39,3345.5,Wallet,4101.0
742238239.0,10605484.0,153019.0,1.0,947.95,2023-12-21 21:27:19,2023-12-21 21:41:19,2023-12-21 21:43:19,2252.95,Cash,2739.0
3146141485.0,47625855.0,385113.0,2.0,816.38,2023-12-27 08:28:28,2023-12-27 08:46:28,2023-12-27 08:50:28,2812.23,Cash,1368.0
6633702824.0,20148223.0,53833.0,1.0,134.69,2024-06-19 08:54:43,2024-06-19 09:08:43,2024-06-19 09:05:43,781.08,Cash,1770.0
5033749011.0,41164215.0,672059.0,1.0,672.73,2023-10-22 13:42:49,2023-10-22 14:00:49,2023-10-22 13:58:49,3295.74,Wallet,6066.0
4009496217.0,62416456.0,692985.0,1.0,197.39,2023-07-22 03:10:51,2023-07-22 03:21:51,2023-07-22 03:24:51,2844.19,Wallet,9232.0
4284473821.0,87251489.0,677542.0,2.0,212.61,2024-03-25 08:13:13,2024-03-25 08:29:13,2024-03-25 08:32:13,2082.28,Cash,5343.0
8860588793.0,50781611.0,378287.0,1.0,332.84,2023-08-03 15:12:25,2023-08-03 15:32:25,2023-08-03 15:33:25,2052.47,Wallet,7672.0
5305428485.0,9796585.0,890232.0,3.0,432.0,2023-05-07 02:52:44,2023-05-07 03:11:44,2023-05-07 03:15:44,415.75,Cash,1350.0
676278878.0,99784559.0,120532.0,2.0,697.53,2023-04-08 08:15:45,2023-04-08 08:29:45,2023-04-08 08:28:45,2527.14,Cash,4673.0
9459854097.0,40703374.0,398340.0,3.0,651.93,2023-10-28 22:30:53,2023-10-28 22:47:53,2023-10-28 22:45:53,1682.46,Card,8371.0
3895596621.0,91243571.0,681063.0,1.0,321.28,2023-10-29 04:22:51,2023-10-29 04:32:51,2023-10-29 04:29:51,5579.47,Wallet,5355.0
7750915110.0,49050014.0,585299.0,3.0,799.46,2023-09-18 19:19:02,2023-09-18 19:37:02,2023-09-18 19:44:02,2767.47,Card,1190.0
5173951989.0,43990799.0,968887.0,3.0,40.7,2023-11-11 17:17:15,2023-11-11 17:33:15,2023-11-11 17:29:15,4237.7,Card,4256.0
6388954643.0,80286283.0,600767.0,3.0,722.42,2024-02-23 06:51:22,2024-02-23 07:05:22,2024-02-23 07:03:22,193.46,Card,5845.0
5819387689.0,49152878.0,942001.0,3.0,671.55,2023-09-08 18:10:12,2023-09-08 18:24:12,2023-09-08 18:19:12,2115.04,Wallet,87.0
4184037584.0,68419593.0,901144.0,3.0,340.36,2023-10-15 09:18:29,2023-10-15 09:31:29,2023-10-15 09:31:29,4028.13,Card,1457.0
9525140554.0,91500615.0,153019.0,3.0,947.95,2024-10-15 09:11:28,2024-10-15 09:26:28,2024-10-15 09:27:28,2589.99,Card,8662.0
1617927874.0,84993732.0,365132.0,1.0,229.38,2024-09-14 15:59:03,2024-09-14 16:09:03,2024-09-14 16:12:03,1025.18,UPI,4127.0
1543944105.0,82804543.0,818990.0,3.0,163.55,2024-10-21 17:50:10,2024-10-21 18:00:10,2024-10-21 18:26:10,3442.86,Wallet,3941.0
341580530.0,45804389.0,706112.0,2.0,478.79,2024-07-10 07:11:29,2024-07-10 07:21:29,2024-07-10 07:42:29,986.46,Cash,4398.0
5133661902.0,79695653.0,937542.0,1.0,97.04,2023-11-13 22:43:41,2023-11-13 22:53:41,2023-11-13 23:04:41,870.29,Card,2434.0
4557328309.0,82854537.0,690565.0,2.0,951.27,2024-06-13 01:26:04,2024-06-13 01:40:04,2024-06-13 01:44:04,1159.93,Cash,4409.0
4479421205.0,3893903.0,890232.0,3.0,432.0,2024-07-02 12:16:17,2024-07-02 12:28:17,2024-07-02 12:42:17,923.84,Cash,7940.0
5740294639.0,67908555.0,799688.0,2.0,309.62,2023-07-31 13:04:46,2023-07-31 13:16:46,2023-07-31 13:31:46,2270.85,Wallet,3046.0
8114060961.0,28394354.0,803607.0,3.0,949.73,2023-10-12 17:37:59,2023-10-12 17:54:59,2023-10-12 18:21:59,975.06,Wallet,554.0
5744553133.0,60495351.0,373536.0,1.0,494.17,2024-04-19 03:10:52,2024-04-19 03:28:52,2024-04-19 03:35:52,3112.01,Card,5224.0
5029893308.0,73799927.0,771228.0,2.0,83.18,2024-01-26 14:45:50,2024-01-26 14:58:50,2024-01-26 14:56:50,5337.58,UPI,588.0
9663384689.0,89523804.0,739534.0,1.0,994.56,2023-03-24 16:57:27,2023-03-24 17:15:27,2023-03-24 17:21:27,1731.34,Cash,3539.0
7919240958.0,91614690.0,799459.0,2.0,852.02,2023-05-18 23:59:38,2023-05-19 00:12:38,2023-05-19 00:12:38,3551.54,Cash,6898.0
5211751826.0,77768189.0,15314.0,2.0,578.85,2023-08-31 01:45:48,2023-08-31 01:55:48,2023-08-31 02:06:48,6458.9,Card,2334.0
8713129069.0,13189939.0,470449.0,2.0,827.77,2024-10-16 08:29:07,2024-10-16 08:47:07,2024-10-16 08:47:07,3830.61,UPI,6092.0
1407304162.0,76970363.0,969851.0,3.0,340.66,2023-03-31 18:45:55,2023-03-31 18:59:55,2023-03-31 18:59:55,46.62,Wallet,3909.0
3793875046.0,17675915.0,589812.0,2.0,163.03,2024-01-30 08:17:22,2024-01-30 08:30:22,2024-01-30 08:33:22,913.2,Wallet,5133.0
4903700958.0,66866026.0,131136.0,1.0,37.8,2024-05-30 09:44:35,2024-05-30 09:56:35,2024-05-30 09:59:35,2189.02,Card,7700.0
1989547877.0,60700850.0,398340.0,3.0,651.93,2023-12-14 02:10:55,2023-12-14 02:27:55,2023-12-14 02:28:55,755.66,Card,7712.0
9584857115.0,25829710.0,361361.0,3.0,826.21,2023-12-28 23:03:21,2023-12-28 23:23:21,2023-12-28 23:21:21,2825.52,Card,1139.0
7236760938.0,67918495.0,712307.0,3.0,264.89,2024-06-29 11:59:15,2024-06-29 12:15:15,2024-06-29 12:11:15,1904.83,Card,8999.0
4346903287.0,87463923.0,444361.0,2.0,822.63,2024-10-28 23:39:45,2024-10-28 23:59:45,2024-10-29 00:02:45,752.3,Card,5735.0
6353755071.0,41972994.0,319388.0,1.0,657.8,2024-02-12 00:40:17,2024-02-12 01:00:17,2024-02-12 01:03:17,2335.6,UPI,3012.0
89194627.0,37947202.0,897083.0,3.0,972.69,2024-03-06 18:11:09,2024-03-06 18:27:09,2024-03-06 18:24:09,2925.55,UPI,9507.0
544919267.0,54923640.0,540618.0,2.0,317.05,2024-09-25 14:05:58,2024-09-25 14:16:58,2024-09-25 14:17:58,1388.18,Cash,256.0
6665075012.0,19067680.0,433521.0,3.0,321.33,2024-01-14 03:01:56,2024-01-14 03:21:56,2024-01-14 03:22:56,2174.62,Cash,4501.0
4461389660.0,27513158.0,739448.0,1.0,755.66,2023-07-30 15:02:38,2023-07-30 15:12:38,2023-07-30 15:40:38,3822.25,Wallet,1010.0
8789328634.0,53332493.0,196719.0,2.0,217.5,2024-06-01 01:20:26,2024-06-01 01:32:26,2024-06-01 01:50:26,2138.87,Card,6326.0
147066568.0,44149982.0,832348.0,2.0,831.43,2024-07-12 07:44:16,2024-07-12 07:58:16,2024-07-12 07:55:16,1180.63,Cash,9742.0
6712947216.0,1697604.0,432617.0,1.0,863.18,2023-04-11 04:11:23,2023-04-11 04:24:23,2023-04-11 04:28:23,3566.54,Cash,6826.0
4731158560.0,29361038.0,11422.0,2.0,127.16,2024-03-14 18:21:31,2024-03-14 18:37:31,2024-03-14 18:37:31,3876.32,Card,6232.0
6228958238.0,50650215.0,623234.0,2.0,329.79,2023-08-31 04:13:51,2023-08-31 04:25:51,2023-08-31 04:52:51,827.77,Wallet,3877.0
8006440384.0,20625627.0,490602.0,2.0,549.47,2023-06-09 05:17:06,2023-06-09 05:35:06,2023-06-09 05:34:06,2636.17,Card,4764.0
7330672658.0,57474553.0,604184.0,3.0,397.55,2024-10-25 04:02:42,2024-10-25 04:12:42,2024-10-25 04:08:42,770.59,Wallet,4339.0
1766200974.0,60591625.0,33955.0,1.0,186.08,2024-10-13 14:55:22,2024-10-13 15:08:22,2024-10-13 15:03:22,906.54,UPI,9459.0
2878422829.0,84641682.0,378676.0,2.0,881.42,2024-07-16 05:47:46,2024-07-16 06:06:46,2024-07-16 06:01:46,3560.1,Wallet,3937.0
5862535621.0,76850859.0,642612.0,3.0,517.03,2024-01-03 06:09:00,2024-01-03 06:23:00,2024-01-03 06:25:00,2401.81,Card,6856.0
3781134163.0,61320989.0,491521.0,2.0,556.35,2024-02-03 02:51:21,2024-02-03 03:01:21,2024-02-03 03:09:21,3121.4,UPI,4334.0
7835720444.0,45700473.0,451812.0,1.0,530.85,2024-01-10 23:12:29,2024-01-10 23:24:29,2024-01-10 23:51:29,2706.65,Cash,8093.0
1952343673.0,68965787.0,721521.0,3.0,417.39,2024-02-24 05:57:00,2024-02-24 06:16:00,2024-02-24 06:14:00,4745.09,Cash,3381.0
9406096007.0,67092149.0,692985.0,2.0,197.39,2023-11-24 09:00:17,2023-11-24 09:17:17,2023-11-24 09:30:17,5878.14,Wallet,3158.0
1136528533.0,20956158.0,382511.0,2.0,702.54,2023-08-22 22:30:18,2023-08-22 22:46:18,2023-08-22 22:58:18,545.49,Card,9719.0
9137126466.0,75752515.0,820973.0,1.0,114.52,2023-08-05 09:47:03,2023-08-05 10:03:03,2023-08-05 10:04:03,4786.91,Wallet,7295.0
1495517558.0,96373206.0,914071.0,2.0,296.94,2024-08-17 16:36:22,2024-08-17 16:49:22,2024-08-17 17:14:22,2081.47,Card,6728.0
1643011737.0,32585389.0,677542.0,3.0,212.61,2024-07-14 08:23:35,2024-07-14 08:37:35,2024-07-14 08:42:35,2808.92,Cash,2251.0
4067366774.0,19482392.0,532965.0,3.0,307.23,2024-02-23 19:28:16,2024-02-23 19:39:16,2024-02-23 19:42:16,310.87,Cash,2584.0
1683118802.0,92306841.0,992178.0,3.0,632.43,2023-12-17 15:28:55,2023-12-17 15:46:55,2023-12-17 15:49:55,2544.79,Cash,6768.0
5770514189.0,57340963.0,487065.0,3.0,374.68,2023-12-08 16:21:15,2023-12-08 16:31:15,2023-12-08 16:37:15,267.61,Cash,4910.0
9612669334.0,49985597.0,123983.0,2.0,785.67,2023-06-24 17:15:03,2023-06-24 17:25:03,2023-06-24 17:29:03,4789.72,UPI,9758.0
3262295808.0,15487049.0,146840.0,2.0,786.85,2024-04-19 20:12:41,2024-04-19 20:22:41,2024-04-19 20:26:41,2766.1,Cash,7348.0
1593291198.0,93122847.0,52729.0,2.0,316.02,2024-09-30 22:30:00,2024-09-30 22:40:00,2024-09-30 22:55:00,2056.8,Cash,8741.0
5327721432.0,13585482.0,490939.0,2.0,80.25,2024-09-28 20:06:11,2024-09-28 20:16:11,2024-09-28 20:15:11,299.44,UPI,8418.0
4879497185.0,51014003.0,67197.0,3.0,552.2,2023-10-17 11:44:35,2023-10-17 11:55:35,2023-10-17 11:53:35,4723.23,Wallet,458.0
6883107728.0,97492493.0,820541.0,3.0,576.22,2024-02-11 18:10:33,2024-02-11 18:29:33,2024-02-11 18:27:33,4247.33,Cash,6292.0
1643246998.0,90649019.0,677169.0,3.0,261.03,2023-10-29 16:54:28,2023-10-29 17:12:28,2023-10-29 17:18:28,1700.52,UPI,9371.0
913309291.0,89968482.0,313754.0,3.0,136.6,2024-06-16 09:10:00,2024-06-16 09:23:00,2024-06-16 09:20:00,3661.13,UPI,366.0
8298829689.0,64535602.0,487065.0,2.0,374.68,2023-11-29 12:16:34,2023-11-29 12:26:34,2023-11-29 12:29:34,242.57,Card,2705.0
7155488252.0,12090436.0,587420.0,3.0,357.42,2024-09-28 21:24:26,2024-09-28 21:39:26,2024-09-28 21:36:26,834.86,UPI,8493.0
8316192789.0,25706121.0,131937.0,1.0,287.81,2023-07-07 02:14:55,2023-07-07 02:33:55,2023-07-07 02:34:55,2422.14,Cash,5279.0
3589756658.0,17749347.0,382511.0,3.0,702.54,2023-12-18 09:06:42,2023-12-18 09:17:42,2023-12-18 09:22:42,3124.37,Wallet,7660.0
8371900149.0,99893898.0,542300.0,2.0,255.35,2024-08-31 13:11:39,2024-08-31 13:27:39,2024-08-31 13:28:39,1602.15,Card,3637.0
6659686612.0,90919603.0,991434.0,2.0,237.62,2024-04-20 03:06:24,2024-04-20 03:17:24,2024-04-20 03:12:24,4654.27,Card,8582.0
2937676500.0,11202130.0,654623.0,2.0,422.14,2024-05-25 18:53:00,2024-05-25 19:08:00,2024-05-25 19:16:00,2018.48,Cash,8103.0
9908301442.0,57967753.0,673058.0,1.0,765.76,2023-06-10 08:02:04,2023-06-10 08:20:04,2023-06-10 08:25:04,976.13,Cash,6164.0
3325049330.0,80761521.0,461804.0,1.0,310.69,2023-03-31 19:04:39,2023-03-31 19:20:39,2023-03-31 19:17:39,2830.19,Cash,2665.0
2330986566.0,29941225.0,449106.0,3.0,48.55,2023-03-26 16:31:03,2023-03-26 16:41:03,2023-03-26 16:40:03,559.88,Cash,1004.0
1495975802.0,17390673.0,747801.0,2.0,277.76,2024-01-27 16:30:38,2024-01-27 16:41:38,2024-01-27 16:43:38,781.15,Card,5886.0
4207249029.0,70529459.0,432617.0,2.0,863.18,2023-10-15 17:44:14,2023-10-15 18:04:14,2023-10-15 18:05:14,1839.4,UPI,2477.0
1150143976.0,1588560.0,652118.0,2.0,22.04,2023-08-12 10:30:09,2023-08-12 10:41:09,2023-08-12 10:42:09,3115.75,Card,9083.0
8443390148.0,21577948.0,859361.0,1.0,432.39,2023-06-12 11:03:12,2023-06-12 11:23:12,2023-06-12 11:23:12,3484.02,UPI,8718.0
8358703267.0,20496835.0,317242.0,3.0,198.15,2023-08-20 10:52:12,2023-08-20 11:05:12,2023-08-20 11:07:12,2532.22,Wallet,1562.0
1608084881.0,85907588.0,652118.0,1.0,22.04,2024-03-21 23:37:31,2024-03-21 23:52:31,2024-03-21 23:53:31,307.23,UPI,7323.0
2744486953.0,73891999.0,741341.0,1.0,923.84,2024-09-29 20:05:27,2024-09-29 20:15:27,2024-09-29 20:37:27,626.67,Cash,3082.0
3036885153.0,4789829.0,913428.0,3.0,392.22,2024-02-29 21:09:32,2024-02-29 21:20:32,2024-02-29 21:30:32,3480.03,UPI,3836.0
7335148205.0,85435560.0,123983.0,3.0,785.67,2023-06-30 01:54:07,2023-06-30 02:08:07,2023-06-30 02:04:07,5814.13,Wallet,6440.0
2356580295.0,4597433.0,336847.0,3.0,936.98,2023-08-21 01:33:20,2023-08-21 01:48:20,2023-08-21 01:49:20,3687.29,Wallet,5532.0
8999547266.0,21697638.0,952124.0,3.0,127.08,2023-12-09 16:59:35,2023-12-09 17:13:35,2023-12-09 17:17:35,478.79,Wallet,4340.0
3094439783.0,95873651.0,689769.0,3.0,46.62,2023-11-30 03:55:34,2023-11-30 04:13:34,2023-11-30 04:15:34,114.52,Wallet,9634.0
2753579193.0,2558646.0,120385.0,1.0,597.91,2023-03-29 14:52:03,2023-03-29 15:06:03,2023-03-29 15:05:03,755.66,Card,5215.0
7683077217.0,22047134.0,183929.0,2.0,738.74,2024-04-17 18:12:04,2024-04-17 18:27:04,2024-04-17 18:27:04,870.29,UPI,2846.0
2366099898.0,63339001.0,433521.0,2.0,321.33,2023-05-10 20:45:53,2023-05-10 20:56:53,2023-05-10 20:57:53,987.51,UPI,7752.0
1252810532.0,42102289.0,186168.0,1.0,878.8,2024-07-03 21:22:17,2024-07-03 21:37:17,2024-07-03 21:48:17,2064.17,Wallet,6489.0
6493039553.0,90150193.0,658389.0,2.0,152.55,2024-08-06 11:22:09,2024-08-06 11:41:09,2024-08-06 11:38:09,2955.87,Cash,2112.0
9274842886.0,69761993.0,9436.0,2.0,88.43,2023-11-15 18:46:57,2023-11-15 19:04:57,2023-11-15 18:59:57,3293.42,UPI,586.0
8255275254.0,46615831.0,26060.0,1.0,342.94,2023-12-03 02:03:06,2023-12-03 02:14:06,2023-12-03 02:22:06,3313.64,UPI,3327.0
2136873695.0,2391900.0,707935.0,2.0,820.9,2023-07-09 10:58:32,2023-07-09 11:18:32,2023-07-09 11:14:32,1381.22,Card,2312.0
3253225736.0,61753272.0,14145.0,1.0,630.84,2024-07-19 08:49:06,2024-07-19 09:08:06,2024-07-19 09:11:06,3607.82,Cash,1550.0
7712604853.0,10608845.0,712307.0,1.0,264.89,2023-09-26 23:28:51,2023-09-26 23:48:51,2023-09-26 23:50:51,2265.63,Wallet,1500.0
5698803942.0,31813.0,398340.0,2.0,651.93,2024-10-10 13:10:15,2024-10-10 13:26:15,2024-10-10 13:28:15,1227.21,UPI,8304.0
4393804577.0,69242672.0,723678.0,2.0,675.46,2023-08-30 13:42:05,2023-08-30 13:54:05,2023-08-30 13:56:05,2410.08,Card,7319.0
9307961643.0,82322028.0,697683.0,3.0,123.74,2024-04-24 17:30:07,2024-04-24 17:40:07,2024-04-24 17:40:07,2930.91,Cash,5477.0
14103943.0,9105829.0,228286.0,1.0,179.08,2023-11-24 08:47:35,2023-11-24 09:07:35,2023-11-24 09:18:35,1538.3,Cash,6791.0
4183595096.0,64141971.0,67197.0,1.0,552.2,2024-01-09 06:21:14,2024-01-09 06:40:14,2024-01-09 06:35:14,1715.44,Card,2040.0
9915365099.0,14367270.0,700048.0,1.0,141.28,2023-05-19 11:35:45,2023-05-19 11:48:45,2023-05-19 11:50:45,2197.0,Wallet,5534.0
7979108696.0,63368244.0,274207.0,3.0,328.51,2024-05-20 22:10:25,2024-05-20 22:24:25,2024-05-20 22:33:25,3369.12,Cash,7492.0
8756485728.0,97466783.0,60619.0,3.0,726.41,2024-02-10 21:20:58,2024-02-10 21:32:58,2024-02-10 21:33:58,2861.42,Cash,3947.0
4859441294.0,3468355.0,833557.0,3.0,422.87,2024-05-30 05:59:29,2024-05-30 06:11:29,2024-05-30 06:17:29,367.08,UPI,7446.0
8100291984.0,54885705.0,764014.0,2.0,612.04,2023-08-21 19:19:53,2023-08-21 19:31:53,2023-08-21 19:53:53,631.7,Cash,9440.0
7825714018.0,56548063.0,451933.0,3.0,568.94,2024-08-27 19:59:28,2024-08-27 20:16:28,2024-08-27 20:16:28,3841.27,UPI,1455.0
1785144322.0,8025622.0,131748.0,1.0,81.35,2024-07-22 16:54:23,2024-07-22 17:04:23,2024-07-22 17:14:23,2161.8,Cash,6342.0
242240959.0,64562786.0,60619.0,3.0,726.41,2024-01-26 15:20:01,2024-01-26 15:30:01,2024-01-26 15:34:01,1406.3,Cash,5298.0
3527621284.0,86636273.0,382511.0,2.0,702.54,2024-07-21 04:23:25,2024-07-21 04:38:25,2024-07-21 04:35:25,4854.45,Cash,2779.0
2254856113.0,29973346.0,516376.0,1.0,877.43,2023-04-16 10:26:22,2023-04-16 10:44:22,2023-04-16 10:44:22,2481.23,Cash,1699.0
4295420935.0,97185284.0,131748.0,2.0,81.35,2024-09-04 11:38:12,2024-09-04 11:51:12,2024-09-04 11:53:12,1882.87,Wallet,2096.0
8739415992.0,55042740.0,433521.0,2.0,321.33,2023-06-02 23:08:03,2023-06-02 23:19:03,2023-06-02 23:19:03,1330.09,Wallet,1797.0
2123879653.0,43599910.0,707935.0,3.0,820.9,2024-10-31 08:33:46,2024-10-31 08:43:46,2024-10-31 08:58:46,941.19,Cash,8532.0
1054974834.0,12272282.0,432617.0,2.0,863.18,2023-05-14 18:40:28,2023-05-14 18:58:28,2023-05-14 19:06:28,1785.73,Cash,1031.0
6660596550.0,48554440.0,144124.0,2.0,162.67,2024-06-21 02:56:30,2024-06-21 03:15:30,2024-06-21 03:45:30,1954.48,Wallet,4121.0
1633238374.0,26303194.0,487065.0,1.0,374.68,2023-08-12 10:41:14,2023-08-12 10:52:14,2023-08-12 10:56:14,539.92,UPI,5955.0
8133246330.0,34526570.0,500633.0,2.0,154.5,2023-10-08 13:18:01,2023-10-08 13:38:01,2023-10-08 13:40:01,758.8,Card,1932.0
4696656818.0,28458746.0,784827.0,1.0,274.25,2023-04-11 13:00:06,2023-04-11 13:12:06,2023-04-11 13:26:06,2932.44,Card,2170.0
7590214417.0,69240186.0,361361.0,1.0,826.21,2024-05-09 22:20:28,2024-05-09 22:31:28,2024-05-09 22:53:28,2315.55,Cash,9802.0
1736212920.0,9401406.0,196719.0,1.0,217.5,2024-09-10 15:13:39,2024-09-10 15:30:39,2024-09-10 15:25:39,3377.91,Wallet,6464.0
4507702369.0,27955158.0,4452.0,3.0,169.88,2023-04-23 23:54:06,2023-04-24 00:04:06,2023-04-24 00:06:06,3434.25,Card,4275.0
6458765046.0,83348353.0,112390.0,2.0,877.98,2023-06-29 17:39:33,2023-06-29 17:56:33,2023-06-29 17:53:33,1535.36,Cash,6211.0
47953423.0,96806748.0,585299.0,1.0,799.46,2024-02-27 00:13:46,2024-02-27 00:28:46,2024-02-27 00:32:46,2094.28,UPI,6448.0
1263714922.0,77086539.0,256051.0,2.0,400.92,2023-10-06 01:07:34,2023-10-06 01:24:34,2023-10-06 01:25:34,3523.86,Cash,4718.0
2061768860.0,12469338.0,154179.0,1.0,582.87,2023-09-19 16:43:40,2023-09-19 17:01:40,2023-09-19 17:09:40,925.65,Card,5935.0
4264335652.0,71321741.0,14145.0,3.0,630.84,2023-09-08 06:23:40,2023-09-08 06:41:40,2023-09-08 06:37:40,977.67,UPI,1300.0
3087181728.0,58513300.0,367391.0,1.0,939.55,2023-07-05 06:10:04,2023-07-05 06:21:04,2023-07-05 06:26:04,171.2,UPI,4032.0
599772156.0,35358395.0,34200.0,2.0,319.8,2023-03-24 04:38:22,2023-03-24 04:49:22,2023-03-24 05:02:22,1566.3,Wallet,8240.0
6074313668.0,77614510.0,552883.0,3.0,888.16,2024-09-27 10:46:46,2024-09-27 10:57:46,2024-09-27 11:02:46,277.76,Cash,4921.0
5497551107.0,41647393.0,764014.0,1.0,612.04,2024-08-18 15:51:52,2024-08-18 16:01:52,2024-08-18 15:57:52,562.89,Wallet,1257.0
9102202025.0,98896871.0,832348.0,3.0,831.43,2024-04-10 07:36:32,2024-04-10 07:51:32,2024-04-10 08:15:32,1559.6,UPI,2233.0
8794436743.0,40727086.0,329351.0,3.0,310.87,2023-07-17 06:27:00,2023-07-17 06:41:00,2023-07-17 06:47:00,4346.56,Card,1175.0
3299603042.0,77614510.0,264803.0,1.0,995.98,2024-06-17 04:02:53,2024-06-17 04:21:53,2024-06-17 04:26:53,3296.49,Wallet,4279.0
243077069.0,46623192.0,602241.0,1.0,976.55,2024-04-25 18:34:34,2024-04-25 18:54:34,2024-04-25 19:04:34,1745.32,UPI,677.0
6749594412.0,16436359.0,847349.0,2.0,781.08,2023-11-30 15:16:24,2023-11-30 15:32:24,2023-11-30 15:45:24,3392.98,Cash,2412.0
5378344982.0,33658749.0,146840.0,1.0,786.85,2024-02-17 01:04:36,2024-02-17 01:23:36,2024-02-17 01:49:36,109.03,Card,4952.0
9103834515.0,61851054.0,57405.0,3.0,607.67,2024-01-03 08:27:26,2024-01-03 08:40:26,2024-01-03 08:38:26,2255.0,Card,6449.0
6237437720.0,15568831.0,219598.0,2.0,367.08,2023-08-26 07:00:27,2023-08-26 07:17:27,2023-08-26 07:29:27,598.83,Wallet,8678.0
2719670578.0,95382317.0,228286.0,3.0,179.08,2024-09-04 09:46:08,2024-09-04 10:02:08,2024-09-04 10:21:08,2857.54,Wallet,2008.0
2748681349.0,84862161.0,851978.0,3.0,715.72,2024-05-15 05:36:05,2024-05-15 05:53:05,2024-05-15 05:58:05,1846.87,Card,3640.0
9851618724.0,96149069.0,6405.0,1.0,236.51,2023-10-03 18:03:27,2023-10-03 18:16:27,2023-10-03 18:22:27,3628.23,Card,4220.0
7013533376.0,81500385.0,818990.0,1.0,163.55,2023-12-08 14:00:36,2023-12-08 14:15:36,2023-12-08 14:11:36,1242.23,UPI,3361.0
9727047029.0,94730288.0,444361.0,2.0,822.63,2024-01-04 01:55:00,2024-01-04 02:12:00,2024-01-04 02:13:00,786.85,Cash,3252.0
1191540022.0,69863493.0,243235.0,2.0,109.03,2024-09-15 00:08:35,2024-09-15 00:26:35,2024-09-15 00:37:35,994.56,UPI,1226.0
5733572517.0,5039883.0,491314.0,1.0,973.44,2024-08-05 00:09:15,2024-08-05 00:21:15,2024-08-05 00:35:15,1706.96,Cash,5945.0
9647928644.0,99406165.0,36412.0,3.0,397.68,2023-05-19 13:40:04,2023-05-19 13:58:04,2023-05-19 13:57:04,612.04,Wallet,9057.0
9696598689.0,7288562.0,880510.0,2.0,951.43,2023-08-24 18:13:31,2023-08-24 18:25:31,2023-08-24 18:33:31,130.01,Card,814.0
1091207520.0,65559853.0,771228.0,3.0,83.18,2024-10-05 19:02:54,2024-10-05 19:12:54,2024-10-05 19:12:54,4752.89,Card,6765.0
7995971909.0,1342184.0,131748.0,1.0,81.35,2023-05-08 18:11:30,2023-05-08 18:29:30,2023-05-08 18:57:30,3065.9,Wallet,8900.0
6077755741.0,40055711.0,707935.0,2.0,820.9,2023-07-20 23:23:59,2023-07-20 23:41:59,2023-07-20 23:50:59,321.28,Card,3735.0
1240745644.0,22915611.0,942001.0,2.0,671.55,2023-05-20 11:57:18,2023-05-20 12:10:18,2023-05-20 12:06:18,2401.54,Wallet,6291.0
1397810713.0,9314637.0,89084.0,2.0,598.83,2023-12-09 14:37:08,2023-12-09 14:55:08,2023-12-09 14:53:08,2534.35,Wallet,3515.0
5149614189.0,90150193.0,131937.0,3.0,287.81,2023-07-24 14:47:54,2023-07-24 15:04:54,2023-07-24 15:19:54,923.84,Wallet,4566.0
7453349798.0,65488134.0,36412.0,1.0,397.68,2023-08-10 13:54:12,2023-08-10 14:10:12,2023-08-10 14:06:12,2182.13,UPI,8073.0
7570986632.0,45166203.0,284460.0,2.0,505.95,2023-05-17 11:01:22,2023-05-17 11:18:22,2023-05-17 11:17:22,3810.34,UPI,8034.0
5292931220.0,38327793.0,433521.0,1.0,321.33,2023-11-25 02:57:18,2023-11-25 03:12:18,2023-11-25 03:14:18,3112.63,Cash,3175.0
2654499230.0,79478655.0,257719.0,1.0,281.73,2023-06-10 17:45:41,2023-06-10 18:01:41,2023-06-10 17:59:41,3594.0,Cash,3352.0
2327587597.0,24621386.0,888807.0,2.0,230.58,2024-06-29 17:28:37,2024-06-29 17:44:37,2024-06-29 17:39:37,2167.31,Card,6117.0
5852189277.0,29653387.0,767398.0,1.0,22.14,2024-10-13 14:14:35,2024-10-13 14:27:35,2024-10-13 14:22:35,615.56,UPI,1771.0
8943211530.0,14632090.0,487931.0,3.0,709.08,2023-09-23 18:15:02,2023-09-23 18:28:02,2023-09-23 18:32:02,2867.18,Card,6547.0
3305649506.0,90649019.0,837480.0,3.0,217.4,2023-11-15 00:30:18,2023-11-15 00:45:18,2023-11-15 00:45:18,2556.55,Wallet,6301.0
538997323.0,13492411.0,615545.0,2.0,448.16,2023-04-17 03:28:03,2023-04-17 03:45:03,2023-04-17 03:48:03,456.58,Cash,7310.0
2966187610.0,67310893.0,461804.0,1.0,310.69,2023-04-13 01:04:17,2023-04-13 01:22:17,2023-04-13 01:31:17,1334.05,Wallet,4186.0
866693541.0,14472401.0,803607.0,2.0,949.73,2024-06-24 19:15:35,2024-06-24 19:32:35,2024-06-24 19:30:35,1917.12,Cash,5764.0
440721658.0,9450435.0,89084.0,2.0,598.83,2023-05-05 10:12:53,2023-05-05 10:23:53,2023-05-05 10:28:53,1749.09,Cash,9486.0
2084323012.0,11202130.0,871592.0,3.0,870.29,2024-06-03 13:19:17,2024-06-03 13:29:17,2024-06-03 13:24:17,1390.65,Wallet,2709.0
4876314410.0,37227953.0,962591.0,2.0,130.01,2024-11-01 06:57:36,2024-11-01 07:15:36,2024-11-01 07:19:36,1735.7,Card,1935.0
2401282648.0,21425168.0,473647.0,1.0,43.05,2023-08-10 20:45:58,2023-08-10 20:59:58,2023-08-10 21:04:58,483.9,Card,9034.0
2117291471.0,33481252.0,440875.0,3.0,275.03,2023-06-21 15:31:00,2023-06-21 15:46:00,2023-06-21 15:49:00,1361.47,Cash,5067.0
5455295163.0,46989310.0,264803.0,2.0,995.98,2024-08-25 11:26:15,2024-08-25 11:37:15,2024-08-25 11:55:15,2275.16,UPI,5250.0
3219761206.0,44589829.0,585299.0,3.0,799.46,2024-07-14 12:58:37,2024-07-14 13:17:37,2024-07-14 13:18:37,2975.65,Card,6040.0
7423918026.0,84448310.0,131136.0,2.0,37.8,2024-04-27 09:54:44,2024-04-27 10:09:44,2024-04-27 10:07:44,2329.61,UPI,6120.0
1793817443.0,68661619.0,448752.0,3.0,160.07,2023-11-14 23:44:05,2023-11-15 00:04:05,2023-11-15 00:14:05,1474.45,Card,5964.0
2644609220.0,97825663.0,784673.0,2.0,491.39,2024-05-22 07:43:43,2024-05-22 08:03:43,2024-05-22 07:59:43,2805.47,UPI,2108.0
1353492780.0,57765367.0,274207.0,3.0,328.51,2024-03-06 16:25:44,2024-03-06 16:40:44,2024-03-06 16:40:44,1205.58,UPI,9701.0
1230061693.0,11616535.0,739534.0,2.0,994.56,2023-06-15 18:21:45,2023-06-15 18:39:45,2023-06-15 18:40:45,1633.54,Wallet,2384.0
6299572675.0,81046421.0,952124.0,2.0,127.08,2023-08-17 18:46:18,2023-08-17 19:01:18,2023-08-17 19:14:18,1114.77,Wallet,5372.0
5956863364.0,24821281.0,890623.0,1.0,354.52,2024-02-20 23:36:34,2024-02-20 23:47:34,2024-02-20 23:55:34,918.58,Wallet,3838.0
6788884093.0,2566268.0,337168.0,1.0,545.49,2024-10-06 20:03:45,2024-10-06 20:13:45,2024-10-06 20:16:45,2885.2,UPI,3332.0
6120799223.0,84377964.0,107548.0,3.0,891.6,2024-01-14 00:47:46,2024-01-14 01:05:46,2024-01-14 01:18:46,1441.13,UPI,6766.0
3892854030.0,74179536.0,365133.0,1.0,915.45,2024-02-08 04:02:50,2024-02-08 04:18:50,2024-02-08 04:18:50,3818.13,Card,8748.0
1883324334.0,76327561.0,63769.0,1.0,878.07,2024-07-27 04:24:22,2024-07-27 04:43:22,2024-07-27 04:44:22,1762.3,UPI,6915.0
4541530278.0,59517074.0,669378.0,2.0,212.14,2024-04-05 02:15:27,2024-04-05 02:29:27,2024-04-05 02:51:27,3075.26,Wallet,8934.0
8807380767.0,37947202.0,490602.0,1.0,549.47,2023-04-22 21:41:04,2023-04-22 21:53:04,2023-04-22 21:57:04,699.62,Cash,9425.0
5865396281.0,84119685.0,525531.0,2.0,831.1,2024-02-06 02:08:36,2024-02-06 02:27:36,2024-02-06 02:57:36,994.56,UPI,6709.0
340451825.0,87691707.0,552496.0,3.0,508.0,2024-09-25 19:16:34,2024-09-25 19:33:34,2024-09-25 19:31:34,2930.46,Card,5783.0
3327784606.0,61982521.0,604184.0,3.0,397.55,2024-01-11 07:40:04,2024-01-11 07:52:04,2024-01-11 07:56:04,234.36,Cash,773.0
5990129875.0,87160527.0,490602.0,3.0,549.47,2024-07-13 08:44:22,2024-07-13 09:01:22,2024-07-13 09:16:22,2192.83,UPI,2222.0
8808930721.0,59329145.0,67197.0,1.0,552.2,2023-10-21 21:29:40,2023-10-21 21:39:40,2023-10-21 21:37:40,2623.19,UPI,8722.0
8116880443.0,26752630.0,945635.0,1.0,778.9,2023-07-23 01:47:23,2023-07-23 01:57:23,2023-07-23 01:55:23,3628.41,Card,1234.0
9933926720.0,96640716.0,56589.0,2.0,517.77,2023-08-17 05:10:16,2023-08-17 05:30:16,2023-08-17 05:29:16,1488.67,UPI,5085.0
776562418.0,54923640.0,566052.0,1.0,87.3,2024-09-08 21:57:02,2024-09-08 22:15:02,2024-09-08 22:19:02,1532.9,Card,1894.0
6105793582.0,67538982.0,659290.0,1.0,319.34,2023-04-13 01:28:18,2023-04-13 01:38:18,2023-04-13 01:50:18,1897.12,Cash,5290.0
9247779866.0,19523014.0,440875.0,2.0,275.03,2024-10-24 02:47:13,2024-10-24 03:02:13,2024-10-24 03:16:13,2452.82,Wallet,6646.0
5456672526.0,52757321.0,969851.0,3.0,340.66,2024-09-23 17:51:26,2024-09-23 18:05:26,2024-09-23 18:10:26,3534.84,Wallet,678.0
6676994910.0,50557979.0,60619.0,1.0,726.41,2023-11-28 22:30:33,2023-11-28 22:41:33,2023-11-28 22:44:33,2181.99,Wallet,5170.0
9353512235.0,97277696.0,652118.0,3.0,22.04,2023-11-29 11:12:59,2023-11-29 11:32:59,2023-11-29 11:29:59,933.3,Cash,1598.0
6539196955.0,58974323.0,914071.0,3.0,296.94,2024-05-27 08:15:29,2024-05-27 08:32:29,2024-05-27 08:49:29,1508.88,Wallet,8933.0
7886908865.0,1529180.0,449106.0,1.0,48.55,2023-04-07 02:53:46,2023-04-07 03:05:46,2023-04-07 03:08:46,4319.96,UPI,578.0
7548844176.0,12088552.0,962591.0,2.0,130.01,2023-05-12 17:23:18,2023-05-12 17:40:18,2023-05-12 17:40:18,1227.14,Card,1642.0
3375735380.0,93735495.0,432617.0,1.0,863.18,2024-06-15 04:48:21,2024-06-15 05:05:21,2024-06-15 05:01:21,3373.41,Wallet,9432.0
32604190.0,51503088.0,812607.0,3.0,416.65,2023-12-08 09:08:03,2023-12-08 09:19:03,2023-12-08 09:16:03,1169.84,Wallet,7220.0
5731985133.0,80696046.0,327290.0,2.0,862.28,2024-06-21 09:35:10,2024-06-21 09:46:10,2024-06-21 09:53:10,715.72,UPI,6208.0
7586577278.0,63360864.0,961614.0,3.0,227.22,2023-11-24 07:41:51,2023-11-24 07:52:51,2023-11-24 07:47:51,3704.57,UPI,203.0
7765930124.0,82179338.0,552883.0,3.0,888.16,2024-10-14 07:40:20,2024-10-14 07:54:20,2024-10-14 07:59:20,1921.46,Wallet,7976.0
299059193.0,26805477.0,567671.0,2.0,418.48,2024-05-04 09:02:25,2024-05-04 09:20:25,2024-05-04 09:23:25,1520.7,UPI,2427.0
135053432.0,10796846.0,500739.0,1.0,359.98,2023-04-24 13:30:15,2023-04-24 13:50:15,2023-04-24 13:52:15,3330.44,Wallet,5488.0
9618593702.0,29451600.0,140489.0,2.0,650.2,2024-03-31 09:26:46,2024-03-31 09:36:46,2024-03-31 09:49:46,3886.48,Card,7443.0
2802699236.0,83262890.0,723678.0,1.0,675.46,2024-05-08 21:07:08,2024-05-08 21:20:08,2024-05-08 21:46:08,576.22,Wallet,746.0
2044567188.0,4988545.0,194682.0,2.0,912.29,2023-05-19 10:27:52,2023-05-19 10:46:52,2023-05-19 10:51:52,3889.03,Card,3987.0
913489768.0,57833505.0,451933.0,3.0,568.94,2023-06-27 00:50:04,2023-06-27 01:04:04,2023-06-27 01:06:04,3824.6,Cash,8555.0
6856986497.0,3421258.0,328457.0,3.0,858.57,2024-02-19 15:44:34,2024-02-19 16:03:34,2024-02-19 16:01:34,223.27,Cash,6706.0
7292898570.0,26285589.0,970529.0,2.0,827.44,2024-09-05 22:34:37,2024-09-05 22:44:37,2024-09-05 23:03:37,2532.09,Wallet,4379.0
6223087303.0,65570302.0,784673.0,2.0,491.39,2024-08-05 15:22:23,2024-08-05 15:40:23,2024-08-05 15:42:23,447.28,Card,55.0
403352765.0,4057678.0,537274.0,1.0,702.71,2024-09-30 08:32:46,2024-09-30 08:49:46,2024-09-30 08:58:46,1568.48,Wallet,6895.0
7004560997.0,81994445.0,644847.0,2.0,622.81,2024-09-20 02:11:27,2024-09-20 02:21:27,2024-09-20 02:27:27,1459.57,Cash,793.0
8159868515.0,2558646.0,564692.0,1.0,215.65,2024-04-12 11:43:17,2024-04-12 11:53:17,2024-04-12 11:55:17,2797.64,UPI,2884.0
8854320668.0,67918495.0,123983.0,3.0,785.67,2023-11-17 08:24:06,2023-11-17 08:37:06,2023-11-17 08:41:06,417.39,UPI,4348.0
2285302205.0,13251137.0,970529.0,3.0,827.44,2024-08-25 09:54:40,2024-08-25 10:14:40,2024-08-25 10:10:40,4438.92,Wallet,2655.0
5160584867.0,34897081.0,672059.0,2.0,672.73,2024-06-02 18:31:20,2024-06-02 18:44:20,2024-06-02 18:40:20,3140.25,Cash,398.0
4314105605.0,34787383.0,953175.0,3.0,225.21,2024-07-12 18:30:17,2024-07-12 18:44:17,2024-07-12 18:39:17,317.8,Wallet,7294.0
9895756835.0,10694081.0,378230.0,2.0,166.42,2024-10-09 15:05:40,2024-10-09 15:15:40,2024-10-09 15:31:40,3821.8,Card,4090.0
1975300826.0,35885052.0,36412.0,3.0,397.68,2024-09-25 18:01:36,2024-09-25 18:17:36,2024-09-25 18:16:36,1685.6,Wallet,3702.0
2214666083.0,66427343.0,435929.0,2.0,856.89,2024-08-13 17:16:09,2024-08-13 17:32:09,2024-08-13 17:31:09,923.09,Cash,845.0
4735339432.0,29653387.0,540618.0,1.0,317.05,2024-03-04 03:07:09,2024-03-04 03:23:09,2024-03-04 03:19:09,2630.14,Cash,3195.0
9863540120.0,33675108.0,124290.0,1.0,39.65,2023-07-14 00:40:25,2023-07-14 00:53:25,2023-07-14 01:01:25,769.21,Cash,4420.0
8789376461.0,28394354.0,903336.0,2.0,551.88,2023-09-17 01:06:07,2023-09-17 01:18:07,2023-09-17 01:48:07,1626.99,Wallet,1916.0
4784591220.0,88923048.0,146840.0,2.0,786.85,2024-10-29 03:28:37,2024-10-29 03:44:37,2024-10-29 03:43:37,3656.06,Wallet,2990.0
6759658833.0,84377964.0,587645.0,3.0,801.81,2023-09-29 07:08:55,2023-09-29 07:25:55,2023-09-29 07:24:55,3420.13,UPI,2031.0
1241631129.0,3897936.0,820973.0,1.0,114.52,2024-04-26 21:15:08,2024-04-26 21:33:08,2024-04-26 21:38:08,1322.18,UPI,1283.0
8803314647.0,93938425.0,367391.0,3.0,939.55,2024-08-17 04:42:54,2024-08-17 04:58:54,2024-08-17 05:03:54,1789.57,UPI,3652.0
1016410657.0,32830199.0,798639.0,2.0,211.25,2023-11-01 23:05:16,2023-11-01 23:15:16,2023-11-01 23:10:16,3656.07,Card,6536.0
8284240513.0,949062.0,39154.0,3.0,946.86,2023-04-05 11:28:45,2023-04-05 11:38:45,2023-04-05 11:42:45,3558.14,Card,1107.0
343239069.0,41439103.0,455083.0,3.0,959.01,2024-02-12 17:28:06,2024-02-12 17:46:06,2024-02-12 17:45:06,2655.22,UPI,4746.0
3941137932.0,84929351.0,385113.0,2.0,816.38,2024-02-28 14:12:32,2024-02-28 14:27:32,2024-02-28 14:46:32,5473.26,Wallet,4509.0
8955573840.0,21461764.0,880510.0,1.0,951.43,2023-07-28 08:17:26,2023-07-28 08:34:26,2023-07-28 08:48:26,4869.22,Cash,8014.0
6832435511.0,62971413.0,739534.0,3.0,994.56,2023-04-18 15:30:02,2023-04-18 15:49:02,2023-04-18 15:44:02,2575.94,Cash,8467.0
3014319697.0,28428852.0,712003.0,2.0,671.68,2023-08-27 05:03:40,2023-08-27 05:13:40,2023-08-27 05:11:40,1822.73,Cash,4239.0
7367717333.0,11047835.0,679321.0,3.0,738.46,2023-07-30 10:15:56,2023-07-30 10:35:56,2023-07-30 10:33:56,2091.23,Card,4841.0
9389677233.0,99714944.0,891833.0,3.0,493.19,2024-08-10 12:35:37,2024-08-10 12:45:37,2024-08-10 12:56:37,2143.74,Cash,7085.0
2929883167.0,41146001.0,39154.0,1.0,946.86,2023-12-05 16:41:49,2023-12-05 17:01:49,2023-12-05 17:12:49,918.58,UPI,9623.0
9045592834.0,84119685.0,473647.0,2.0,43.05,2024-10-30 16:52:05,2024-10-30 17:02:05,2024-10-30 17:07:05,997.61,Cash,3069.0
7128308885.0,76604145.0,673058.0,2.0,765.76,2023-12-14 10:38:06,2023-12-14 10:56:06,2023-12-14 11:05:06,2541.96,Cash,9727.0
2060028411.0,27694927.0,240179.0,2.0,90.56,2023-11-15 18:55:20,2023-11-15 19:06:20,2023-11-15 19:02:20,1751.84,Wallet,9144.0
3856301920.0,63339001.0,4452.0,1.0,169.88,2024-07-05 04:07:34,2024-07-05 04:19:34,2024-07-05 04:37:34,796.36,Wallet,9475.0
7248479077.0,31940833.0,306177.0,2.0,769.24,2023-09-23 13:27:01,2023-09-23 13:46:01,2023-09-23 13:49:01,3007.61,UPI,6954.0
2738466605.0,49147776.0,378287.0,3.0,332.84,2024-08-23 05:00:22,2024-08-23 05:12:22,2024-08-23 05:15:22,439.24,Card,5981.0
9801353230.0,96853930.0,112390.0,1.0,877.98,2023-05-18 12:01:40,2023-05-18 12:16:40,2023-05-18 12:29:40,3749.33,Wallet,3787.0
2103613260.0,67528368.0,449106.0,2.0,48.55,2024-07-01 19:49:37,2024-07-01 20:00:37,2024-07-01 19:55:37,1031.19,Card,3565.0
7624166218.0,29525287.0,39154.0,1.0,946.86,2024-01-04 00:23:02,2024-01-04 00:35:02,2024-01-04 00:30:02,1213.14,UPI,633.0
4692680597.0,97185284.0,18035.0,3.0,968.94,2023-06-20 22:49:37,2023-06-20 23:09:37,2023-06-20 23:09:37,2789.63,Card,5201.0
2028074931.0,33998721.0,673058.0,3.0,765.76,2024-06-23 17:52:51,2024-06-23 18:09:51,2024-06-23 18:10:51,3038.93,Cash,8862.0
6247819401.0,57526322.0,256783.0,1.0,906.54,2023-03-30 06:00:33,2023-03-30 06:11:33,2023-03-30 06:12:33,3456.8,Cash,3634.0
6299879620.0,48160359.0,481843.0,2.0,297.68,2023-11-10 17:37:35,2023-11-10 17:54:35,2023-11-10 18:04:35,1300.47,Card,5841.0
3398014747.0,87823209.0,604184.0,2.0,397.55,2023-06-15 06:52:20,2023-06-15 07:05:20,2023-06-15 07:08:20,2430.88,Cash,4964.0
4526087670.0,54923640.0,803607.0,2.0,949.73,2023-11-03 06:17:43,2023-11-03 06:34:43,2023-11-03 06:33:43,2304.85,UPI,2583.0
4473653758.0,4597433.0,880510.0,3.0,951.43,2024-08-26 16:17:59,2024-08-26 16:34:59,2024-08-26 16:38:59,2342.62,Cash,3679.0
1286821727.0,32003512.0,771228.0,3.0,83.18,2024-08-04 02:44:11,2024-08-04 02:55:11,2024-08-04 02:59:11,2910.9,UPI,9685.0
5566617391.0,81822935.0,757274.0,1.0,98.32,2024-08-21 19:41:28,2024-08-21 19:58:28,2024-08-21 20:11:28,2195.25,Cash,238.0
6630935939.0,67708491.0,833557.0,1.0,422.87,2024-10-31 10:29:04,2024-10-31 10:48:04,2024-10-31 10:45:04,3344.49,UPI,6628.0
8676443273.0,47215976.0,144124.0,1.0,162.67,2024-05-24 10:53:46,2024-05-24 11:05:46,2024-05-24 11:24:46,58.59,Wallet,8880.0
439562091.0,36400756.0,753354.0,3.0,423.56,2024-04-26 18:16:10,2024-04-26 18:26:10,2024-04-26 18:28:10,2223.31,Cash,3768.0
7361440096.0,82529927.0,991434.0,2.0,237.62,2024-02-12 12:22:30,2024-02-12 12:39:30,2024-02-12 13:00:30,1068.91,Card,1150.0
2480611325.0,30823988.0,684939.0,1.0,727.95,2024-02-25 16:24:49,2024-02-25 16:42:49,2024-02-25 16:50:49,4729.75,Cash,1838.0
5091640382.0,64141971.0,741341.0,3.0,923.84,2024-01-31 06:58:29,2024-01-31 07:17:29,2024-01-31 07:17:29,402.11,Card,5538.0
1443292147.0,8395610.0,131136.0,3.0,37.8,2024-04-16 03:18:14,2024-04-16 03:32:14,2024-04-16 03:28:14,3889.01,Wallet,9470.0
3342653518.0,6319646.0,53833.0,2.0,134.69,2023-07-22 07:35:00,2023-07-22 07:45:00,2023-07-22 07:40:00,577.13,UPI,2138.0
3836073957.0,54952806.0,455755.0,2.0,44.09,2023-07-16 18:18:15,2023-07-16 18:37:15,2023-07-16 18:44:15,1264.91,Card,4458.0
4192669219.0,44589829.0,812607.0,1.0,416.65,2024-04-22 03:00:28,2024-04-22 03:16:28,2024-04-22 03:12:28,1447.55,Wallet,3092.0
6922121165.0,97928781.0,256783.0,2.0,906.54,2024-01-04 07:51:02,2024-01-04 08:11:02,2024-01-04 08:29:02,1513.91,UPI,8773.0
4850653474.0,66932104.0,398340.0,1.0,651.93,2024-03-05 03:41:52,2024-03-05 03:51:52,2024-03-05 03:56:52,2997.71,UPI,4174.0
1229660813.0,54748429.0,642612.0,2.0,517.03,2023-11-02 19:30:52,2023-11-02 19:45:52,2023-11-02 20:12:52,5173.19,UPI,1477.0
5194396051.0,12338529.0,925482.0,3.0,475.04,2024-10-26 18:11:47,2024-10-26 18:30:47,2024-10-26 18:28:47,508.0,Cash,8049.0
8971899775.0,92118758.0,186168.0,1.0,878.8,2024-03-04 12:09:15,2024-03-04 12:22:15,2024-03-04 12:17:15,5067.85,Wallet,5380.0
5619049608.0,56572297.0,451812.0,3.0,530.85,2024-05-06 13:10:05,2024-05-06 13:30:05,2024-05-06 13:50:05,3972.23,Card,777.0
9943996342.0,3282647.0,954722.0,2.0,616.45,2023-09-12 22:57:10,2023-09-12 23:07:10,2023-09-12 23:08:10,4252.97,UPI,7659.0
4548721519.0,93018527.0,876139.0,1.0,415.75,2024-08-20 23:28:40,2024-08-20 23:42:40,2024-08-20 23:46:40,1816.47,Wallet,9726.0
6211537502.0,2164524.0,349294.0,2.0,934.75,2023-09-06 23:08:44,2023-09-06 23:24:44,2023-09-06 23:49:44,1427.81,Wallet,5234.0
347093563.0,31026200.0,313754.0,3.0,136.6,2024-09-23 13:17:00,2024-09-23 13:35:00,2024-09-23 13:53:00,2614.94,Card,1463.0
1855924568.0,33472376.0,455755.0,2.0,44.09,2024-08-20 22:49:00,2024-08-20 23:06:00,2024-08-20 23:04:00,3758.71,Card,1711.0
5914484553.0,4378755.0,969851.0,3.0,340.66,2023-11-17 16:40:52,2023-11-17 16:59:52,2023-11-17 16:57:52,931.36,UPI,106.0
8068903161.0,11705793.0,473647.0,1.0,43.05,2024-02-14 22:15:46,2024-02-14 22:35:46,2024-02-14 22:37:46,4089.67,Wallet,6061.0
2147159735.0,50527764.0,123983.0,1.0,785.67,2023-05-13 03:52:37,2023-05-13 04:08:37,2023-05-13 04:13:37,1246.63,UPI,5971.0
9006983686.0,68063317.0,305754.0,3.0,979.99,2023-10-10 00:41:04,2023-10-10 00:55:04,2023-10-10 01:10:04,788.36,Card,7090.0
7606134274.0,69034027.0,451812.0,1.0,530.85,2024-05-28 12:31:28,2024-05-28 12:46:28,2024-05-28 12:59:28,832.06,Card,2028.0
4034750827.0,10019218.0,690565.0,1.0,951.27,2023-06-24 04:04:24,2023-06-24 04:14:24,2023-06-24 04:16:24,1168.59,Wallet,7729.0
851062565.0,49457685.0,901144.0,2.0,340.36,2024-03-15 11:23:08,2024-03-15 11:41:08,2024-03-15 11:47:08,3773.85,Cash,9465.0
4283323746.0,93321933.0,642612.0,1.0,517.03,2023-11-01 03:01:34,2023-11-01 03:21:34,2023-11-01 03:33:34,2824.79,Wallet,5976.0
7842390585.0,6637282.0,287070.0,1.0,443.17,2023-10-11 12:35:31,2023-10-11 12:51:31,2023-10-11 12:47:31,2820.47,Wallet,3881.0
2449548943.0,68486301.0,124290.0,3.0,39.65,2023-09-23 11:24:05,2023-09-23 11:39:05,2023-09-23 11:53:05,1635.94,Wallet,8687.0
7067924535.0,95371787.0,679284.0,2.0,877.89,2023-11-28 02:51:41,2023-11-28 03:09:41,2023-11-28 03:27:41,422.14,Cash,4804.0
1602291242.0,19581959.0,131937.0,3.0,287.81,2023-03-29 09:40:52,2023-03-29 09:57:52,2023-03-29 09:58:52,2648.42,Wallet,8540.0
7067630786.0,75082508.0,481843.0,2.0,297.68,2023-09-28 08:03:14,2023-09-28 08:16:14,2023-09-28 08:12:14,2467.57,Card,8695.0
9726762425.0,75674671.0,137909.0,3.0,864.3,2023-08-13 21:45:44,2023-08-13 21:55:44,2023-08-13 21:51:44,4041.64,Wallet,7653.0
1129887168.0,21201299.0,77308.0,1.0,223.27,2024-02-16 03:22:08,2024-02-16 03:34:08,2024-02-16 03:35:08,1818.6,Wallet,8814.0
3371892236.0,81763298.0,425341.0,2.0,486.28,2024-05-06 17:18:58,2024-05-06 17:38:58,2024-05-06 17:37:58,2101.11,Wallet,2699.0
6532953824.0,93924203.0,473647.0,1.0,43.05,2024-11-02 11:49:30,2024-11-02 12:02:30,2024-11-02 12:24:30,3946.2,Cash,6715.0
252964377.0,89531595.0,240179.0,2.0,90.56,2024-05-31 08:22:32,2024-05-31 08:33:32,2024-05-31 08:28:32,1197.31,Cash,2438.0
6270495384.0,12272282.0,51036.0,3.0,931.61,2023-09-11 22:37:29,2023-09-11 22:57:29,2023-09-11 22:53:29,878.07,Cash,2689.0
2450770184.0,45323391.0,385113.0,1.0,816.38,2023-08-11 09:00:48,2023-08-11 09:18:48,2023-08-11 09:28:48,3428.44,Wallet,3016.0
7543192113.0,82898985.0,114414.0,1.0,832.06,2023-12-28 05:43:03,2023-12-28 05:55:03,2023-12-28 06:02:03,4768.12,Cash,7250.0
9890817032.0,12967305.0,487065.0,2.0,374.68,2023-04-24 06:21:47,2023-04-24 06:38:47,2023-04-24 06:43:47,582.87,Card,3984.0
183165359.0,73098723.0,762527.0,3.0,690.08,2023-05-24 06:47:39,2023-05-24 07:03:39,2023-05-24 07:32:39,90.56,Wallet,6151.0
2136907826.0,7591711.0,11422.0,2.0,127.16,2023-12-21 14:21:21,2023-12-21 14:34:21,2023-12-21 14:37:21,887.78,Wallet,200.0
2801605687.0,16561710.0,681063.0,3.0,321.28,2024-03-04 21:19:44,2024-03-04 21:31:44,2024-03-04 21:27:44,1956.01,Card,4864.0
8869292457.0,12851610.0,567671.0,1.0,418.48,2024-09-25 04:22:43,2024-09-25 04:36:43,2024-09-25 04:39:43,2971.17,Card,8529.0
5414471648.0,46741896.0,337168.0,2.0,545.49,2023-05-20 03:22:51,2023-05-20 03:37:51,2023-05-20 03:35:51,3156.76,Card,3751.0
7827370415.0,97770901.0,448752.0,3.0,160.07,2023-06-23 12:23:20,2023-06-23 12:42:20,2023-06-23 12:48:20,576.7,Wallet,4487.0
7216662926.0,76327561.0,820973.0,2.0,114.52,2024-07-11 21:59:50,2024-07-11 22:14:50,2024-07-11 22:18:50,123.74,Cash,354.0
349410429.0,42514124.0,34186.0,3.0,925.65,2024-01-29 01:59:54,2024-01-29 02:15:54,2024-01-29 02:13:54,255.6,Wallet,6611.0
8512030806.0,77768189.0,991434.0,1.0,237.62,2024-10-26 11:26:17,2024-10-26 11:36:17,2024-10-26 11:44:17,2772.71,Card,5820.0
8003807551.0,76917159.0,354409.0,1.0,325.08,2024-08-25 11:46:42,2024-08-25 12:00:42,2024-08-25 12:01:42,4583.02,Cash,1511.0
274320517.0,18567760.0,153019.0,2.0,947.95,2024-08-23 04:13:36,2024-08-23 04:28:36,2024-08-23 04:23:36,1654.66,Wallet,1714.0
2150447285.0,93370787.0,18035.0,3.0,968.94,2024-06-13 10:24:40,2024-06-13 10:43:40,2024-06-13 10:39:40,1299.62,UPI,2041.0
5089385450.0,33608451.0,726958.0,2.0,887.48,2023-06-16 14:35:44,2023-06-16 14:54:44,2023-06-16 15:02:44,3352.28,UPI,4385.0
8622799862.0,5386246.0,679865.0,1.0,347.91,2024-02-10 02:57:56,2024-02-10 03:16:56,2024-02-10 03:13:56,2724.25,Card,6216.0
2773034272.0,36400756.0,6405.0,2.0,236.51,2024-06-27 04:28:30,2024-06-27 04:45:30,2024-06-27 04:49:30,2309.25,Wallet,224.0
4028266143.0,19216141.0,937542.0,3.0,97.04,2023-03-16 08:31:08,2023-03-16 08:48:08,2023-03-16 08:50:08,616.45,Card,4198.0
9691888826.0,54680459.0,57405.0,1.0,607.67,2023-10-31 16:21:00,2023-10-31 16:39:00,2023-10-31 16:42:00,1075.43,Card,9637.0
8891340263.0,87718744.0,623234.0,3.0,329.79,2024-09-02 00:09:24,2024-09-02 00:19:24,2024-09-02 00:14:24,3612.45,Wallet,5048.0
1149293318.0,43459807.0,925482.0,3.0,475.04,2023-11-25 20:09:17,2023-11-25 20:20:17,2023-11-25 20:24:17,123.74,UPI,8943.0
1288695184.0,46885873.0,264803.0,2.0,995.98,2023-10-03 01:31:18,2023-10-03 01:47:18,2023-10-03 01:46:18,984.35,Wallet,2984.0
5229336544.0,72857290.0,692985.0,3.0,197.39,2023-09-22 20:53:29,2023-09-22 21:10:29,2023-09-22 21:16:29,1017.1,Wallet,2166.0
196885435.0,88045094.0,451812.0,2.0,530.85,2023-06-25 02:20:56,2023-06-25 02:40:56,2023-06-25 02:42:56,96.09,Wallet,8392.0
6961457996.0,89704218.0,18035.0,3.0,968.94,2024-10-26 21:31:39,2024-10-26 21:44:39,2024-10-26 21:41:39,3243.74,UPI,4533.0
5059907679.0,65963876.0,723678.0,3.0,675.46,2024-04-18 11:47:40,2024-04-18 11:57:40,2024-04-18 12:07:40,4049.8,Card,6372.0
9046226901.0,38728779.0,954722.0,3.0,616.45,2024-02-28 07:15:01,2024-02-28 07:30:01,2024-02-28 07:25:01,486.28,UPI,8216.0
515408216.0,3408982.0,51036.0,1.0,931.61,2023-12-25 09:36:58,2023-12-25 09:50:58,2023-12-25 09:59:58,1665.29,UPI,6042.0
9048597167.0,75510747.0,661577.0,1.0,720.95,2024-06-17 02:18:01,2024-06-17 02:32:01,2024-06-17 03:00:01,2379.23,Wallet,2440.0
4308216668.0,6335221.0,990993.0,2.0,263.7,2024-07-11 05:59:50,2024-07-11 06:10:50,2024-07-11 06:28:50,3751.75,UPI,287.0
8671875127.0,13383642.0,15314.0,2.0,578.85,2023-06-05 01:39:19,2023-06-05 01:52:19,2023-06-05 01:57:19,2445.48,Wallet,6328.0
9622968817.0,96042320.0,537274.0,3.0,702.71,2023-06-12 22:58:47,2023-06-12 23:15:47,2023-06-12 23:10:47,2846.85,Card,376.0
7832599414.0,18889370.0,490602.0,1.0,549.47,2023-08-07 07:16:25,2023-08-07 07:29:25,2023-08-07 07:27:25,2986.47,UPI,6045.0
5533307028.0,21577948.0,67197.0,1.0,552.2,2023-05-27 10:39:37,2023-05-27 10:51:37,2023-05-27 10:52:37,5567.15,UPI,9001.0
752185231.0,24633671.0,659290.0,1.0,319.34,2024-03-02 04:01:30,2024-03-02 04:19:30,2024-03-02 04:19:30,1091.67,Wallet,7627.0
5859787209.0,8628482.0,131136.0,2.0,37.8,2024-09-30 06:06:12,2024-09-30 06:18:12,2024-09-30 06:28:12,2601.55,Cash,839.0
1736713150.0,46741896.0,661577.0,1.0,720.95,2024-01-07 10:03:34,2024-01-07 10:18:34,2024-01-07 10:24:34,730.32,Cash,7481.0
3620570172.0,25829710.0,57405.0,1.0,607.67,2024-04-16 18:25:09,2024-04-16 18:36:09,2024-04-16 19:03:09,422.87,Card,7384.0
5758119413.0,22694456.0,642612.0,3.0,517.03,2024-10-10 09:25:22,2024-10-10 09:37:22,2024-10-10 09:44:22,2017.51,Wallet,9315.0
2204489775.0,79257353.0,679865.0,2.0,347.91,2024-05-03 01:11:36,2024-05-03 01:21:36,2024-05-03 01:26:36,2799.27,Card,1294.0
5881059783.0,2219590.0,112390.0,3.0,877.98,2023-08-01 10:03:31,2023-08-01 10:15:31,2023-08-01 10:10:31,1432.73,Cash,4749.0
9475167773.0,48418662.0,487931.0,2.0,709.08,2023-07-24 17:30:20,2023-07-24 17:43:20,2023-07-24 17:53:20,2224.47,Cash,8010.0
4635228647.0,6459100.0,131136.0,2.0,37.8,2023-08-27 19:34:49,2023-08-27 19:44:49,2023-08-27 19:48:49,1218.98,UPI,9635.0
8394536341.0,6459100.0,257719.0,1.0,281.73,2024-08-17 07:51:09,2024-08-17 08:01:09,2024-08-17 08:11:09,949.73,Cash,2747.0
4726427550.0,93699264.0,487065.0,2.0,374.68,2024-02-04 22:57:07,2024-02-04 23:08:07,2024-02-04 23:22:07,891.6,Card,9161.0
5387935727.0,22694456.0,532965.0,3.0,307.23,2023-10-02 04:06:47,2023-10-02 04:24:47,2023-10-02 04:20:47,1457.05,UPI,461.0
1886705751.0,73393269.0,734789.0,1.0,395.82,2023-04-19 18:50:45,2023-04-19 19:02:45,2023-04-19 18:57:45,878.07,Wallet,8345.0
4224014067.0,85218071.0,679865.0,2.0,347.91,2023-05-15 12:01:24,2023-05-15 12:21:24,2023-05-15 12:22:24,3274.45,Cash,1401.0
8726515908.0,82900175.0,34186.0,2.0,925.65,2024-10-01 16:00:07,2024-10-01 16:15:07,2024-10-01 16:14:07,3941.32,Wallet,4011.0
7388091459.0,10562528.0,832348.0,1.0,831.43,2024-10-16 15:30:51,2024-10-16 15:49:51,2024-10-16 16:02:51,5228.36,Card,1937.0
9320256091.0,32595806.0,382511.0,2.0,702.54,2024-01-11 17:10:03,2024-01-11 17:25:03,2024-01-11 17:26:03,1628.06,Card,9377.0
3872093894.0,67729191.0,18035.0,2.0,968.94,2023-11-01 11:42:45,2023-11-01 11:55:45,2023-11-01 12:22:45,267.18,Cash,2106.0
992848455.0,44269569.0,435929.0,2.0,856.89,2024-09-18 12:49:11,2024-09-18 13:00:11,2024-09-18 12:59:11,2749.56,Card,3122.0
4458723519.0,38902882.0,970529.0,2.0,827.44,2024-09-01 17:25:55,2024-09-01 17:41:55,2024-09-01 17:39:55,2217.71,Wallet,3777.0
7755662096.0,10700664.0,799952.0,3.0,922.64,2024-01-30 12:43:24,2024-01-30 12:58:24,2024-01-30 13:06:24,1963.69,Cash,7928.0
5779793224.0,95971469.0,537274.0,3.0,702.71,2024-05-13 01:56:10,2024-05-13 02:11:10,2024-05-13 02:11:10,2121.4,Card,3790.0
8253576531.0,57063557.0,361361.0,2.0,826.21,2023-08-22 19:11:32,2023-08-22 19:26:32,2023-08-22 19:34:32,1686.55,Cash,9907.0
4993169316.0,90649019.0,243235.0,3.0,109.03,2024-07-10 16:56:35,2024-07-10 17:12:35,2024-07-10 17:21:35,3585.38,Cash,2844.0
828017545.0,12622901.0,264803.0,3.0,995.98,2024-03-12 02:25:14,2024-03-12 02:44:14,2024-03-12 02:57:14,1197.51,UPI,3919.0
2012368621.0,71252391.0,991434.0,1.0,237.62,2024-07-21 04:32:17,2024-07-21 04:44:17,2024-07-21 04:43:17,1328.97,Card,1514.0
6603205997.0,37702698.0,604184.0,2.0,397.55,2024-05-17 07:11:11,2024-05-17 07:30:11,2024-05-17 07:30:11,4193.2,Card,5722.0
833581472.0,31026200.0,455083.0,3.0,959.01,2023-08-19 15:33:38,2023-08-19 15:48:38,2023-08-19 16:00:38,1495.9,UPI,556.0
8755782101.0,50557979.0,961614.0,3.0,227.22,2023-12-30 16:40:51,2023-12-30 16:55:51,2023-12-30 16:55:51,424.58,Cash,1255.0
1049830215.0,44828791.0,349294.0,2.0,934.75,2024-08-06 01:47:05,2024-08-06 01:57:05,2024-08-06 02:07:05,1177.01,Wallet,1844.0
2399383238.0,79789048.0,114414.0,1.0,832.06,2023-11-09 18:09:39,2023-11-09 18:27:39,2023-11-09 18:26:39,3759.65,UPI,4550.0
143399998.0,46686696.0,187399.0,2.0,53.49,2024-10-17 13:55:44,2024-10-17 14:13:44,2024-10-17 14:24:44,481.63,UPI,833.0
2444273306.0,32003512.0,679284.0,3.0,877.89,2024-06-27 18:21:46,2024-06-27 18:38:46,2024-06-27 18:36:46,2023.82,UPI,7225.0
1309618968.0,91228580.0,487931.0,3.0,709.08,2023-04-04 19:47:37,2023-04-04 19:57:37,2023-04-04 19:55:37,3211.74,Cash,2406.0
3972788794.0,67708491.0,561860.0,1.0,874.78,2024-03-26 00:03:04,2024-03-26 00:23:04,2024-03-26 00:26:04,1274.33,Wallet,2404.0
2356073413.0,29902416.0,451812.0,1.0,530.85,2024-03-16 23:23:24,2024-03-16 23:43:24,2024-03-16 23:54:24,2690.61,Card,3908.0
3775683944.0,57217288.0,741341.0,3.0,923.84,2024-07-31 20:55:35,2024-07-31 21:08:35,2024-07-31 21:13:35,3297.69,UPI,8284.0
8994776653.0,3002538.0,487065.0,3.0,374.68,2023-12-22 05:55:24,2023-12-22 06:15:24,2023-12-22 06:27:24,2384.45,UPI,6428.0
8124075720.0,46741896.0,659290.0,1.0,319.34,2024-10-11 15:31:32,2024-10-11 15:46:32,2024-10-11 15:46:32,1077.91,Wallet,5406.0
5534171862.0,97664747.0,611575.0,1.0,482.06,2023-11-19 00:38:11,2023-11-19 00:50:11,2023-11-19 01:02:11,4216.87,UPI,826.0
4825558658.0,41008070.0,542300.0,3.0,255.35,2024-08-11 23:00:07,2024-08-11 23:14:07,2024-08-11 23:13:07,1446.36,Wallet,1030.0
1541676341.0,73660582.0,833557.0,2.0,422.87,2023-08-26 23:35:13,2023-08-26 23:47:13,2023-08-26 23:54:13,638.39,Cash,9879.0
5360755658.0,68341636.0,647462.0,2.0,326.42,2023-06-22 01:02:47,2023-06-22 01:15:47,2023-06-22 01:13:47,4391.02,Cash,176.0
844328418.0,29584848.0,799459.0,3.0,852.02,2023-04-11 21:39:16,2023-04-11 21:53:16,2023-04-11 22:20:16,2429.88,Card,5669.0
1843468816.0,55425478.0,952124.0,3.0,127.08,2023-07-03 03:03:59,2023-07-03 03:20:59,2023-07-03 03:21:59,2092.13,Cash,8400.0
3771484570.0,60319216.0,378287.0,1.0,332.84,2023-08-15 20:43:06,2023-08-15 21:03:06,2023-08-15 21:01:06,2809.06,UPI,8845.0
2458783424.0,1497747.0,820973.0,3.0,114.52,2023-06-02 16:45:09,2023-06-02 16:56:09,2023-06-02 16:54:09,1072.62,Card,937.0
2272849018.0,6982488.0,871592.0,1.0,870.29,2024-11-04 00:15:51,2024-11-04 00:34:51,2024-11-04 00:38:51,1797.17,UPI,5068.0
8549503132.0,63238941.0,349294.0,2.0,934.75,2023-03-29 10:49:35,2023-03-29 11:03:35,2023-03-29 11:00:35,1824.21,Cash,8975.0
4032847942.0,10857389.0,264803.0,2.0,995.98,2024-09-28 04:10:41,2024-09-28 04:21:41,2024-09-28 04:24:41,169.88,Wallet,4760.0
8224665612.0,27727819.0,425341.0,3.0,486.28,2023-07-16 12:34:40,2023-07-16 12:53:40,2023-07-16 12:50:40,3720.0,Wallet,3474.0
8007222259.0,31940833.0,120532.0,2.0,697.53,2024-02-05 01:14:16,2024-02-05 01:32:16,2024-02-05 01:29:16,2700.94,Card,7210.0
3522030676.0,46313756.0,365132.0,2.0,229.38,2023-06-01 15:26:41,2023-06-01 15:43:41,2023-06-01 15:52:41,604.87,Wallet,4247.0
3224743071.0,17805991.0,600767.0,3.0,722.42,2023-10-04 19:59:38,2023-10-04 20:10:38,2023-10-04 20:15:38,2374.92,Cash,1669.0
7474790671.0,43256928.0,52729.0,3.0,316.02,2023-10-13 18:57:52,2023-10-13 19:11:52,2023-10-13 19:18:52,4457.7,Cash,3820.0
7884745950.0,13585482.0,305754.0,1.0,979.99,2024-04-09 21:50:29,2024-04-09 22:10:29,2024-04-09 22:13:29,2356.29,Cash,3955.0
8269502930.0,11616535.0,762527.0,2.0,690.08,2024-06-01 02:03:06,2024-06-01 02:23:06,2024-06-01 02:24:06,826.21,UPI,6811.0
985347383.0,50080663.0,440875.0,2.0,275.03,2024-05-22 19:09:02,2024-05-22 19:23:02,2024-05-22 19:24:02,4860.53,UPI,3020.0
5932091553.0,80571942.0,9436.0,2.0,88.43,2024-10-22 11:07:22,2024-10-22 11:26:22,2024-10-22 11:36:22,1269.18,Card,5812.0
69932727.0,83236183.0,753354.0,3.0,423.56,2024-08-28 16:10:09,2024-08-28 16:25:09,2024-08-28 16:20:09,2192.28,Wallet,6580.0
2715027145.0,26903313.0,677542.0,3.0,212.61,2024-05-25 03:48:02,2024-05-25 04:07:02,2024-05-25 04:13:02,1301.38,Cash,3804.0
5234261944.0,18113428.0,291238.0,1.0,746.03,2023-06-30 20:23:31,2023-06-30 20:35:31,2023-06-30 20:38:31,3315.64,Wallet,5423.0
2818967815.0,74212242.0,56589.0,2.0,517.77,2024-04-08 21:17:51,2024-04-08 21:35:51,2024-04-08 22:05:51,1612.04,Cash,1934.0
1598213217.0,37947202.0,51036.0,3.0,931.61,2023-08-09 12:40:16,2023-08-09 12:53:16,2023-08-09 12:49:16,4755.76,Wallet,1657.0
9087747856.0,31681710.0,256783.0,2.0,906.54,2024-05-28 19:41:00,2024-05-28 20:01:00,2024-05-28 20:08:00,530.85,Cash,216.0
9606925547.0,45659330.0,89084.0,1.0,598.83,2024-03-10 20:52:16,2024-03-10 21:02:16,2024-03-10 21:02:16,1293.2,UPI,4719.0
9866554851.0,63793401.0,561860.0,1.0,874.78,2023-07-03 09:17:58,2023-07-03 09:29:58,2023-07-03 09:26:58,3641.7,Wallet,8277.0
3719294769.0,64316806.0,784827.0,1.0,274.25,2024-08-27 16:53:31,2024-08-27 17:09:31,2024-08-27 17:14:31,951.43,UPI,4799.0
3576529840.0,13383642.0,606256.0,2.0,369.28,2024-07-15 11:21:51,2024-07-15 11:31:51,2024-07-15 11:37:51,1697.53,UPI,6837.0
5478986113.0,72089140.0,567671.0,1.0,418.48,2023-04-16 00:26:28,2023-04-16 00:40:28,2023-04-16 00:49:28,4538.48,UPI,3960.0
6724582316.0,14991661.0,324809.0,3.0,608.0,2023-10-28 23:59:05,2023-10-29 00:16:05,2023-10-29 00:11:05,22.14,Card,3813.0
4391559649.0,60904312.0,123983.0,2.0,785.67,2023-06-25 00:05:02,2023-06-25 00:15:02,2023-06-25 00:11:02,2595.1,Wallet,513.0
9530258400.0,84850688.0,613942.0,3.0,545.0,2023-10-24 23:09:56,2023-10-24 23:20:56,2023-10-24 23:21:56,3087.68,UPI,9233.0
609162117.0,85233498.0,287070.0,2.0,443.17,2023-09-23 16:00:38,2023-09-23 16:14:38,2023-09-23 16:33:38,3723.26,Cash,6939.0
755143077.0,6856445.0,818522.0,2.0,96.09,2023-07-31 08:28:13,2023-07-31 08:43:13,2023-07-31 08:43:13,3152.22,Cash,2140.0
5239439928.0,67908555.0,851978.0,3.0,715.72,2023-08-25 08:26:08,2023-08-25 08:46:08,2023-08-25 08:56:08,3988.72,Card,9825.0
1328248068.0,51556553.0,602241.0,1.0,976.55,2024-05-14 00:59:20,2024-05-14 01:16:20,2024-05-14 01:29:20,1817.16,Cash,2255.0
1440606577.0,76917159.0,992178.0,1.0,632.43,2024-04-30 12:42:45,2024-04-30 13:01:45,2024-04-30 13:06:45,2092.55,Wallet,9846.0
8884389971.0,95858939.0,945635.0,1.0,778.9,2024-08-18 17:30:59,2024-08-18 17:40:59,2024-08-18 17:38:59,1889.4,UPI,6568.0
7307977336.0,95858939.0,672059.0,2.0,672.73,2023-09-02 08:47:10,2023-09-02 09:01:10,2023-09-02 08:57:10,939.2,Cash,4666.0
5953535252.0,79630614.0,871592.0,2.0,870.29,2024-06-08 18:58:00,2024-06-08 19:11:00,2024-06-08 19:07:00,1693.84,UPI,6004.0
6133025410.0,6061349.0,291238.0,3.0,746.03,2023-09-09 09:06:23,2023-09-09 09:19:23,2023-09-09 09:22:23,3478.04,Cash,8516.0
798088726.0,89699655.0,949818.0,2.0,483.05,2023-09-07 07:57:54,2023-09-07 08:10:54,2023-09-07 08:16:54,3022.46,Cash,2013.0
3372412988.0,89036169.0,435929.0,3.0,856.89,2024-01-22 20:01:10,2024-01-22 20:12:10,2024-01-22 20:10:10,3759.52,UPI,6810.0
4910060567.0,24323106.0,385113.0,3.0,816.38,2023-04-02 10:43:26,2023-04-02 11:02:26,2023-04-02 10:58:26,3151.21,UPI,9462.0
8708211566.0,38420886.0,937542.0,1.0,97.04,2023-04-30 20:23:35,2023-04-30 20:37:35,2023-04-30 20:48:35,2544.23,Cash,3772.0
2126853184.0,92509376.0,89084.0,3.0,598.83,2024-10-15 20:53:48,2024-10-15 21:05:48,2024-10-15 21:14:48,2444.79,Cash,8086.0
4390795259.0,66932104.0,848226.0,2.0,209.59,2023-09-20 09:46:52,2023-09-20 09:59:52,2023-09-20 09:55:52,923.84,UPI,1417.0
9030686359.0,5961261.0,747801.0,1.0,277.76,2023-05-01 23:02:00,2023-05-01 23:12:00,2023-05-01 23:16:00,2386.48,Card,3717.0
8565611606.0,85854265.0,647462.0,2.0,326.42,2024-02-01 04:19:46,2024-02-01 04:29:46,2024-02-01 04:54:46,1156.45,Card,2415.0
6782020758.0,23380116.0,555121.0,2.0,354.91,2023-11-30 06:23:19,2023-11-30 06:36:19,2023-11-30 06:40:19,1979.99,Cash,7482.0
561884159.0,84066402.0,903336.0,2.0,551.88,2023-09-01 14:23:30,2023-09-01 14:33:30,2023-09-01 14:37:30,3232.78,Wallet,1026.0
2767430579.0,16424635.0,60619.0,3.0,726.41,2023-10-21 07:51:34,2023-10-21 08:04:34,2023-10-21 08:11:34,2819.8,Wallet,8979.0
5934372451.0,56441247.0,144124.0,2.0,162.67,2023-04-10 01:58:24,2023-04-10 02:10:24,2023-04-10 02:05:24,3355.51,Cash,9122.0
6833977302.0,97475543.0,490602.0,3.0,549.47,2023-06-05 04:44:35,2023-06-05 04:57:35,2023-06-05 05:22:35,2495.74,Wallet,9262.0
8396649871.0,2517955.0,953175.0,3.0,225.21,2024-02-27 16:16:35,2024-02-27 16:26:35,2024-02-27 16:27:35,950.6,UPI,1658.0
1937188757.0,57392064.0,257719.0,3.0,281.73,2023-09-05 02:46:11,2023-09-05 02:59:11,2023-09-05 03:04:11,3936.8,Cash,8861.0
3142198801.0,49152878.0,300159.0,3.0,44.35,2024-07-16 01:14:38,2024-07-16 01:25:38,2024-07-16 01:24:38,1409.38,Wallet,40.0
6087109745.0,84824280.0,679284.0,1.0,877.89,2023-03-18 19:01:19,2023-03-18 19:21:19,2023-03-18 19:24:19,2201.69,Cash,1486.0
8895262247.0,191616.0,153019.0,1.0,947.95,2023-03-20 03:14:16,2023-03-20 03:25:16,2023-03-20 03:40:16,1664.01,Card,7859.0
5138524153.0,7522036.0,689769.0,3.0,46.62,2023-08-09 18:06:42,2023-08-09 18:21:42,2023-08-09 18:16:42,845.0,Card,3542.0
9789995549.0,34567918.0,757274.0,1.0,98.32,2024-01-24 22:05:21,2024-01-24 22:25:21,2024-01-24 22:29:21,2653.75,Cash,7209.0
7485459856.0,89784343.0,455755.0,2.0,44.09,2023-09-15 07:10:58,2023-09-15 07:22:58,2023-09-15 07:20:58,1163.04,UPI,8664.0
4033626537.0,66943324.0,89084.0,3.0,598.83,2023-05-03 22:54:44,2023-05-03 23:09:44,2023-05-03 23:09:44,1379.99,UPI,4743.0
9370915142.0,95372766.0,760828.0,3.0,563.45,2023-10-28 19:29:21,2023-10-28 19:49:21,2023-10-28 19:59:21,1849.29,Card,6129.0
7211325894.0,70976153.0,56589.0,1.0,517.77,2023-04-21 14:27:48,2023-04-21 14:41:48,2023-04-21 14:36:48,2956.03,Card,5539.0
3482827003.0,77869660.0,604184.0,2.0,397.55,2023-05-08 14:59:01,2023-05-08 15:11:01,2023-05-08 15:23:01,3749.87,Wallet,6253.0
6656246719.0,19180962.0,654623.0,2.0,422.14,2024-09-09 13:42:16,2024-09-09 13:53:16,2024-09-09 14:07:16,885.08,Wallet,8464.0
6092663288.0,51341672.0,818522.0,3.0,96.09,2024-09-28 03:12:58,2024-09-28 03:32:58,2024-09-28 03:27:58,4680.35,Cash,8336.0
9346041594.0,77559557.0,491314.0,2.0,973.44,2023-06-08 14:26:52,2023-06-08 14:40:52,2023-06-08 14:39:52,3936.68,Cash,190.0
9105127475.0,87213891.0,183929.0,3.0,738.74,2023-11-10 13:37:27,2023-11-10 13:54:27,2023-11-10 14:06:27,4110.56,Card,57.0
6120818381.0,34768050.0,647462.0,1.0,326.42,2024-05-02 00:28:42,2024-05-02 00:38:42,2024-05-02 00:34:42,3091.49,UPI,7698.0
5174370629.0,31156674.0,848226.0,1.0,209.59,2024-07-09 02:51:49,2024-07-09 03:01:49,2024-07-09 03:05:49,729.87,Card,5902.0
3244930036.0,67386193.0,300159.0,1.0,44.35,2023-05-15 01:17:28,2023-05-15 01:33:28,2023-05-15 01:36:28,2457.44,Cash,2332.0
2976493998.0,820740.0,91670.0,3.0,439.24,2024-10-26 08:38:46,2024-10-26 08:56:46,2024-10-26 09:03:46,2716.3,Card,3202.0
7971593791.0,92209869.0,146840.0,1.0,786.85,2023-06-14 04:31:45,2023-06-14 04:41:45,2023-06-14 04:57:45,2048.91,Wallet,9162.0
4052544342.0,58214883.0,222892.0,1.0,869.22,2024-04-30 18:23:36,2024-04-30 18:38:36,2024-04-30 18:54:36,987.59,Cash,7759.0
6264003424.0,26863280.0,739448.0,2.0,755.66,2024-08-03 11:28:53,2024-08-03 11:42:53,2024-08-03 11:42:53,517.03,UPI,1483.0
3436107152.0,64141971.0,378230.0,1.0,166.42,2024-04-04 18:16:56,2024-04-04 18:29:56,2024-04-04 18:34:56,3112.14,UPI,4757.0
8546631319.0,10541231.0,863930.0,2.0,242.57,2023-10-30 18:42:37,2023-10-30 18:58:37,2023-10-30 19:02:37,327.07,Wallet,902.0
640960551.0,34237583.0,52729.0,1.0,316.02,2023-06-09 02:50:17,2023-06-09 03:03:17,2023-06-09 03:05:17,3018.53,Cash,8596.0
1141173434.0,5961261.0,53833.0,1.0,134.69,2023-11-24 04:24:42,2023-11-24 04:38:42,2023-11-24 04:50:42,77.11,Wallet,113.0
528309380.0,52409516.0,118820.0,2.0,12.32,2024-04-30 10:59:53,2024-04-30 11:10:53,2024-04-30 11:19:53,2021.54,Wallet,8858.0
2387509904.0,63310076.0,107548.0,2.0,891.6,2024-07-26 00:01:41,2024-07-26 00:18:41,2024-07-26 00:23:41,4019.23,Card,5614.0
6791931269.0,38133873.0,567671.0,3.0,418.48,2024-07-05 01:32:45,2024-07-05 01:45:45,2024-07-05 01:50:45,329.79,Wallet,3261.0
4063689432.0,6025470.0,837480.0,1.0,217.4,2023-10-14 03:18:34,2023-10-14 03:34:34,2023-10-14 03:33:34,4593.42,Cash,370.0
1206887762.0,59909004.0,366066.0,2.0,918.58,2024-06-19 01:04:43,2024-06-19 01:23:43,2024-06-19 01:37:43,1620.95,Wallet,9364.0
6409437174.0,3399251.0,767398.0,3.0,22.14,2023-12-06 13:00:16,2023-12-06 13:14:16,2023-12-06 13:36:16,1348.39,Wallet,866.0
1355164713.0,28995786.0,131937.0,3.0,287.81,2023-09-03 15:15:59,2023-09-03 15:30:59,2023-09-03 15:31:59,2054.43,Card,3264.0
2604772138.0,15144290.0,36412.0,2.0,397.68,2024-05-21 11:26:22,2024-05-21 11:44:22,2024-05-21 11:46:22,1515.64,Cash,9574.0
5868093790.0,61618079.0,67197.0,2.0,552.2,2023-04-05 23:55:52,2023-04-06 00:08:52,2023-04-06 00:11:52,443.03,Card,6582.0
10161194.0,63238941.0,382511.0,1.0,702.54,2023-12-24 23:10:35,2023-12-24 23:28:35,2023-12-24 23:31:35,3827.54,Card,6592.0
8930380639.0,98540377.0,107548.0,1.0,891.6,2023-10-03 02:51:58,2023-10-03 03:09:58,2023-10-03 03:09:58,556.35,UPI,6679.0
2247940574.0,11202130.0,679284.0,3.0,877.89,2024-04-09 07:42:54,2024-04-09 08:02:54,2024-04-09 08:07:54,2397.73,Card,5259.0
6190907327.0,64151769.0,18035.0,3.0,968.94,2023-11-03 00:35:52,2023-11-03 00:52:52,2023-11-03 00:52:52,1891.03,Card,3217.0
127277515.0,35455991.0,654297.0,3.0,13.25,2023-09-30 08:18:09,2023-09-30 08:37:09,2023-09-30 08:41:09,2838.48,Card,3277.0
8209093135.0,2558646.0,91670.0,2.0,439.24,2023-10-30 06:16:40,2023-10-30 06:35:40,2023-10-30 06:37:40,481.63,Card,744.0
4419380079.0,1989720.0,567671.0,1.0,418.48,2023-12-15 15:15:19,2023-12-15 15:33:19,2023-12-15 15:41:19,3278.3,Cash,1701.0
2954606845.0,14294171.0,376447.0,3.0,724.84,2024-10-26 08:39:43,2024-10-26 08:58:43,2024-10-26 08:54:43,995.56,Wallet,7556.0
5128739359.0,57081917.0,131748.0,1.0,81.35,2024-07-25 03:49:30,2024-07-25 04:00:30,2024-07-25 03:55:30,730.51,Cash,9183.0
8183315245.0,80499378.0,990993.0,2.0,263.7,2024-02-27 15:17:56,2024-02-27 15:33:56,2024-02-27 15:47:56,825.46,UPI,8694.0
8820606892.0,8395343.0,689769.0,3.0,46.62,2023-04-13 05:56:54,2023-04-13 06:14:54,2023-04-13 06:16:54,2635.56,Cash,4241.0
7779228340.0,8395343.0,942001.0,3.0,671.55,2023-06-09 09:44:03,2023-06-09 10:02:03,2023-06-09 09:57:03,545.49,Cash,9297.0
8459230018.0,50899600.0,4452.0,1.0,169.88,2024-06-02 23:56:31,2024-06-03 00:07:31,2024-06-03 00:07:31,4124.32,UPI,328.0
7060468800.0,83867512.0,112390.0,2.0,877.98,2024-07-03 03:43:39,2024-07-03 03:54:39,2024-07-03 04:06:39,2192.05,Wallet,351.0
218821567.0,95428692.0,589812.0,3.0,163.03,2024-03-08 20:49:16,2024-03-08 21:08:16,2024-03-08 21:04:16,1711.15,Cash,164.0
7795766861.0,79135318.0,140154.0,1.0,171.2,2023-05-10 23:35:01,2023-05-10 23:54:01,2023-05-10 23:53:01,3024.18,Wallet,291.0
4285804383.0,23755474.0,890232.0,2.0,432.0,2023-05-01 02:15:15,2023-05-01 02:26:15,2023-05-01 02:37:15,479.64,Card,2486.0
5961051248.0,20834589.0,880510.0,3.0,951.43,2024-10-28 20:12:29,2024-10-28 20:23:29,2024-10-28 20:26:29,3502.35,Cash,3409.0
5630323534.0,98218863.0,425341.0,1.0,486.28,2024-03-08 13:40:09,2024-03-08 13:51:09,2024-03-08 13:58:09,1450.75,Cash,2286.0
4642824835.0,76327561.0,672059.0,3.0,672.73,2024-07-07 02:41:18,2024-07-07 02:51:18,2024-07-07 02:53:18,4721.64,Cash,209.0
3060527554.0,75213636.0,378230.0,3.0,166.42,2024-03-27 15:50:30,2024-03-27 16:05:30,2024-03-27 16:13:30,1143.28,UPI,2318.0
4048252396.0,75213636.0,451933.0,2.0,568.94,2024-04-12 19:45:15,2024-04-12 20:04:15,2024-04-12 20:00:15,2437.04,Wallet,7401.0
1271431612.0,18082040.0,679321.0,1.0,738.46,2024-04-16 13:05:31,2024-04-16 13:16:31,2024-04-16 13:22:31,2167.1,Cash,3997.0
8981940261.0,31537100.0,552496.0,2.0,508.0,2024-05-24 18:51:34,2024-05-24 19:09:34,2024-05-24 19:07:34,3097.06,Cash,9485.0
3896239510.0,90856813.0,739448.0,3.0,755.66,2023-05-19 13:05:59,2023-05-19 13:21:59,2023-05-19 13:35:59,2011.56,Card,3580.0
711316410.0,25587553.0,305754.0,3.0,979.99,2024-02-20 10:15:11,2024-02-20 10:30:11,2024-02-20 10:32:11,2027.04,Cash,1779.0
9863502398.0,31619915.0,673058.0,2.0,765.76,2023-12-19 09:35:31,2023-12-19 09:48:31,2023-12-19 09:50:31,1379.82,Card,6501.0
293770293.0,45066676.0,876139.0,1.0,415.75,2023-09-20 05:43:04,2023-09-20 05:57:04,2023-09-20 06:02:04,1019.25,UPI,9076.0
890800429.0,95594611.0,376447.0,1.0,724.84,2024-03-28 02:58:31,2024-03-28 03:15:31,2024-03-28 03:17:31,2490.28,Cash,2863.0
1270503169.0,8791577.0,6405.0,2.0,236.51,2024-07-09 11:42:13,2024-07-09 11:52:13,2024-07-09 11:55:13,3836.35,Wallet,2209.0
168180571.0,89910157.0,136533.0,1.0,826.21,2023-03-16 14:50:01,2023-03-16 15:06:01,2023-03-16 15:16:01,563.45,Cash,6130.0
111296281.0,28413467.0,378230.0,3.0,166.42,2024-05-28 15:17:09,2024-05-28 15:30:09,2024-05-28 15:28:09,4414.19,UPI,348.0
7329085364.0,53392567.0,969851.0,1.0,340.66,2023-06-07 21:24:43,2023-06-07 21:44:43,2023-06-07 21:45:43,332.84,Wallet,5424.0
1129130498.0,62243869.0,378676.0,1.0,881.42,2023-12-01 16:38:53,2023-12-01 16:52:53,2023-12-01 16:47:53,2623.48,Card,4381.0
996939836.0,23794330.0,993331.0,2.0,102.44,2024-05-15 12:53:16,2024-05-15 13:07:16,2024-05-15 13:06:16,3269.43,UPI,5098.0
8263379807.0,14479168.0,131136.0,3.0,37.8,2023-04-16 11:33:52,2023-04-16 11:50:52,2023-04-16 11:49:52,3179.87,UPI,4213.0
5735975899.0,83304571.0,611575.0,3.0,482.06,2023-09-14 07:37:08,2023-09-14 07:57:08,2023-09-14 07:59:08,2199.37,Card,5286.0
9651034668.0,70615775.0,669378.0,3.0,212.14,2024-09-07 09:46:29,2024-09-07 09:57:29,2024-09-07 09:58:29,2603.33,Cash,8727.0
3103539793.0,75244116.0,771228.0,1.0,83.18,2023-07-30 23:53:19,2023-07-31 00:08:19,2023-07-31 00:03:19,2514.37,Cash,2907.0
1611921781.0,48776805.0,123983.0,3.0,785.67,2023-06-01 13:00:30,2023-06-01 13:10:30,2023-06-01 13:10:30,2698.66,Card,7520.0
7532381028.0,73392739.0,925482.0,2.0,475.04,2023-03-21 19:55:00,2023-03-21 20:07:00,2023-03-21 20:04:00,3637.95,Cash,2672.0
7803665404.0,63571453.0,516376.0,1.0,877.43,2023-05-27 23:22:57,2023-05-27 23:38:57,2023-05-27 23:42:57,2423.07,UPI,5038.0
466184886.0,40277444.0,451812.0,3.0,530.85,2023-08-16 22:52:34,2023-08-16 23:10:34,2023-08-16 23:06:34,2154.04,Card,9024.0
4692518050.0,46989310.0,70969.0,2.0,631.7,2024-03-29 00:13:21,2024-03-29 00:26:21,2024-03-29 00:25:21,2176.24,Card,3998.0
9408428.0,31456752.0,124290.0,1.0,39.65,2023-08-30 13:34:14,2023-08-30 13:54:14,2023-08-30 13:50:14,1911.86,UPI,9889.0
8766330526.0,85907588.0,704868.0,3.0,193.46,2023-04-14 13:16:47,2023-04-14 13:29:47,2023-04-14 13:26:47,1580.27,Cash,2066.0
9221423039.0,42208242.0,707935.0,2.0,820.9,2024-10-27 13:36:06,2024-10-27 13:55:06,2024-10-27 13:50:06,1574.23,Wallet,25.0
4268661538.0,22694456.0,952124.0,1.0,127.08,2023-10-24 03:46:33,2023-10-24 03:59:33,2023-10-24 04:01:33,5136.72,Cash,2987.0
1378809665.0,52409516.0,771228.0,3.0,83.18,2023-03-18 19:45:58,2023-03-18 20:01:58,2023-03-18 20:06:58,3370.17,Wallet,5417.0
4917941248.0,83701325.0,764014.0,1.0,612.04,2024-05-19 04:01:01,2024-05-19 04:11:01,2024-05-19 04:14:01,3135.65,Cash,7404.0
5132792285.0,19080489.0,516376.0,2.0,877.43,2024-04-10 14:07:17,2024-04-10 14:26:17,2024-04-10 14:23:17,2858.4,Wallet,3189.0
3776678112.0,34655710.0,14145.0,1.0,630.84,2023-12-09 22:30:33,2023-12-09 22:43:33,2023-12-09 22:59:33,2429.82,Cash,3210.0
6940411801.0,59009727.0,89084.0,1.0,598.83,2023-07-01 21:55:34,2023-07-01 22:07:34,2023-07-01 22:20:34,1888.04,UPI,6174.0
7422521525.0,92509376.0,952124.0,2.0,127.08,2024-03-16 01:39:27,2024-03-16 01:59:27,2024-03-16 01:54:27,643.87,Card,4268.0
4419022028.0,23961725.0,491521.0,2.0,556.35,2023-12-13 09:25:07,2023-12-13 09:37:07,2023-12-13 09:42:07,3804.98,UPI,183.0
8016651984.0,90745023.0,131748.0,1.0,81.35,2023-04-30 06:35:41,2023-04-30 06:46:41,2023-04-30 06:48:41,651.93,Card,2196.0
2361722422.0,89412038.0,848226.0,3.0,209.59,2023-04-27 09:53:35,2023-04-27 10:07:35,2023-04-27 10:12:35,3755.33,Wallet,4259.0
1001453982.0,34668988.0,557908.0,3.0,942.37,2023-07-31 04:57:56,2023-07-31 05:13:56,2023-07-31 05:24:56,2774.06,Cash,8763.0
9093918346.0,74038361.0,91670.0,3.0,439.24,2024-03-31 22:52:56,2024-03-31 23:04:56,2024-03-31 23:08:56,3918.67,UPI,2999.0
3969014433.0,61982521.0,679865.0,1.0,347.91,2023-08-09 13:04:23,2023-08-09 13:24:23,2023-08-09 13:19:23,2747.35,UPI,9872.0
9684561720.0,61121421.0,398340.0,3.0,651.93,2023-09-04 11:40:25,2023-09-04 11:52:25,2023-09-04 11:56:25,1514.4,Cash,2246.0
7031115362.0,27878182.0,274207.0,2.0,328.51,2024-10-25 07:48:29,2024-10-25 07:59:29,2024-10-25 08:29:29,2998.51,UPI,5151.0
8204766849.0,76020843.0,709916.0,1.0,33.76,2024-07-29 02:53:06,2024-07-29 03:06:06,2024-07-29 03:26:06,3350.53,Card,3990.0
2785412612.0,60210778.0,764014.0,3.0,612.04,2024-03-18 21:22:29,2024-03-18 21:35:29,2024-03-18 21:31:29,1439.58,Card,7667.0
2624138741.0,31718565.0,82484.0,3.0,914.88,2024-04-18 01:09:21,2024-04-18 01:23:21,2024-04-18 01:18:21,1112.82,Cash,5824.0
748376248.0,66766629.0,194682.0,3.0,912.29,2023-08-29 00:41:18,2023-08-29 00:57:18,2023-08-29 00:53:18,2422.16,Cash,2386.0
6096787440.0,25128143.0,478531.0,3.0,825.46,2023-03-18 12:00:39,2023-03-18 12:17:39,2023-03-18 12:14:39,2294.77,Card,8358.0
8787660233.0,90586029.0,672059.0,2.0,672.73,2024-05-26 07:16:36,2024-05-26 07:35:36,2024-05-26 07:46:36,1435.29,Card,2445.0
3845481278.0,63870636.0,487931.0,3.0,709.08,2023-07-05 05:55:10,2023-07-05 06:14:10,2023-07-05 06:15:10,3988.77,Card,881.0
4636134267.0,57642258.0,228286.0,3.0,179.08,2024-02-28 19:30:45,2024-02-28 19:49:45,2024-02-28 20:02:45,223.27,Card,7151.0
4538825340.0,45700739.0,124290.0,2.0,39.65,2024-04-05 10:26:34,2024-04-05 10:44:34,2024-04-05 10:46:34,4269.5,Cash,1624.0
4553101047.0,39301587.0,937542.0,3.0,97.04,2024-05-31 23:11:12,2024-05-31 23:23:12,2024-05-31 23:20:12,236.51,Wallet,3855.0
2193853405.0,42208242.0,448752.0,2.0,160.07,2023-05-30 20:49:41,2023-05-30 21:05:41,2023-05-30 21:15:41,657.71,UPI,9875.0
1642059453.0,7378768.0,70969.0,1.0,631.7,2023-08-12 05:14:33,2023-08-12 05:33:33,2023-08-12 05:36:33,1277.62,Card,9556.0
5890339330.0,2188994.0,891833.0,2.0,493.19,2024-05-21 16:19:30,2024-05-21 16:31:30,2024-05-21 16:26:30,3750.59,Wallet,5506.0
313663478.0,6959437.0,14145.0,1.0,630.84,2024-02-21 16:55:20,2024-02-21 17:14:20,2024-02-21 17:17:20,1184.42,Wallet,2287.0
8591576320.0,79916464.0,692985.0,2.0,197.39,2023-07-29 06:28:49,2023-07-29 06:38:49,2023-07-29 06:33:49,3993.97,UPI,5912.0
4728104591.0,31389750.0,537274.0,2.0,702.71,2023-11-06 02:50:03,2023-11-06 03:00:03,2023-11-06 02:55:03,650.2,Wallet,6986.0
8276401643.0,88252625.0,833557.0,1.0,422.87,2024-10-17 06:18:51,2024-10-17 06:36:51,2024-10-17 06:31:51,4724.31,Card,7395.0
8709694061.0,6724509.0,337168.0,2.0,545.49,2024-10-17 11:15:32,2024-10-17 11:30:32,2024-10-17 11:44:32,114.52,UPI,7522.0
4080156881.0,97770901.0,300159.0,2.0,44.35,2024-04-03 18:42:51,2024-04-03 18:58:51,2024-04-03 18:58:51,950.39,Cash,3532.0
7485829116.0,49050014.0,500633.0,2.0,154.5,2024-03-30 13:45:50,2024-03-30 14:02:50,2024-03-30 14:03:50,3895.28,Card,4815.0
7378865582.0,30643619.0,661577.0,3.0,720.95,2023-05-23 18:01:13,2023-05-23 18:21:13,2023-05-23 18:17:13,340.66,Card,4250.0
335575667.0,32929817.0,77308.0,3.0,223.27,2023-09-07 06:07:54,2023-09-07 06:23:54,2023-09-07 06:24:54,3048.86,Card,3663.0
1621109077.0,87450286.0,557908.0,1.0,942.37,2024-03-25 17:49:50,2024-03-25 17:59:50,2024-03-25 18:06:50,4969.83,Card,3410.0
7468088555.0,21697638.0,654623.0,1.0,422.14,2023-05-10 11:30:56,2023-05-10 11:44:56,2023-05-10 11:41:56,2410.07,Cash,465.0
3676517886.0,57505804.0,473647.0,3.0,43.05,2024-06-08 19:12:48,2024-06-08 19:26:48,2024-06-08 19:38:48,582.03,Wallet,3625.0
1746921111.0,56604077.0,642612.0,2.0,517.03,2024-08-28 18:31:18,2024-08-28 18:41:18,2024-08-28 18:39:18,2466.28,Card,7956.0
7774691391.0,42514124.0,82484.0,2.0,914.88,2023-07-20 08:34:35,2023-07-20 08:53:35,2023-07-20 08:58:35,1545.97,Cash,9396.0
8220678247.0,63858550.0,361361.0,1.0,826.21,2024-06-23 18:23:45,2024-06-23 18:35:45,2024-06-23 18:33:45,2089.26,Cash,702.0
6048604080.0,98218863.0,799459.0,3.0,852.02,2023-09-06 02:01:23,2023-09-06 02:19:23,2023-09-06 02:16:23,5820.25,Cash,7098.0
8545716586.0,98540377.0,697683.0,2.0,123.74,2024-01-12 13:17:31,2024-01-12 13:34:31,2024-01-12 13:48:31,1454.01,Wallet,3915.0
530870056.0,39140039.0,764014.0,1.0,612.04,2024-08-15 12:59:18,2024-08-15 13:11:18,2024-08-15 13:08:18,2788.5,UPI,472.0
4055690435.0,15568831.0,120385.0,3.0,597.91,2023-04-05 02:02:30,2023-04-05 02:20:30,2023-04-05 02:16:30,3571.53,Cash,2874.0
7096530350.0,97411107.0,927651.0,3.0,426.72,2024-06-26 04:19:57,2024-06-26 04:39:57,2024-06-26 04:38:57,2474.92,Card,767.0
7083649345.0,75464725.0,555121.0,3.0,354.91,2023-05-20 10:11:53,2023-05-20 10:24:53,2023-05-20 10:26:53,3009.87,Wallet,1374.0
836457367.0,2365348.0,937542.0,2.0,97.04,2024-06-02 05:56:22,2024-06-02 06:14:22,2024-06-02 06:42:22,4789.73,Wallet,3262.0
7698126312.0,1705969.0,136533.0,1.0,826.21,2023-10-31 03:35:39,2023-10-31 03:51:39,2023-10-31 04:02:39,2404.95,UPI,1023.0
2267297760.0,5754255.0,448752.0,1.0,160.07,2024-01-29 11:49:19,2024-01-29 12:03:19,2024-01-29 11:59:19,1895.47,Cash,8171.0
1717841423.0,87954926.0,965755.0,1.0,532.57,2024-01-31 20:29:40,2024-01-31 20:44:40,2024-01-31 20:50:40,2393.48,Wallet,9204.0
4330597536.0,40563029.0,537274.0,1.0,702.71,2023-04-11 14:50:09,2023-04-11 15:08:09,2023-04-11 15:12:09,1494.23,Wallet,1372.0
3687593721.0,61121421.0,990993.0,1.0,263.7,2023-05-16 22:20:38,2023-05-16 22:40:38,2023-05-16 22:49:38,3344.72,Wallet,5775.0
6660740926.0,119099.0,378230.0,3.0,166.42,2024-05-24 16:36:21,2024-05-24 16:47:21,2024-05-24 16:58:21,2771.28,Card,7468.0
9439713009.0,4439806.0,455755.0,1.0,44.09,2024-04-22 02:53:06,2024-04-22 03:09:06,2024-04-22 03:06:06,1804.06,UPI,8462.0
5281121057.0,67908555.0,681063.0,3.0,321.28,2023-08-20 22:24:44,2023-08-20 22:35:44,2023-08-20 22:49:44,2207.49,Cash,3916.0
7044351561.0,91024604.0,51036.0,1.0,931.61,2023-09-19 16:19:53,2023-09-19 16:35:53,2023-09-19 16:34:53,4069.86,Card,5705.0
9121393476.0,57896058.0,219598.0,3.0,367.08,2023-08-01 08:04:38,2023-08-01 08:20:38,2023-08-01 08:19:38,1583.71,UPI,4537.0
7202170939.0,50518311.0,991434.0,3.0,237.62,2024-01-13 13:46:21,2024-01-13 14:02:21,2024-01-13 14:06:21,1105.29,Cash,3578.0
1429047127.0,18465047.0,847349.0,3.0,781.08,2023-12-09 20:37:38,2023-12-09 20:57:38,2023-12-09 21:15:38,4708.07,Card,3650.0
8551965787.0,8383197.0,34186.0,1.0,925.65,2024-10-16 11:19:47,2024-10-16 11:36:47,2024-10-16 11:33:47,3864.44,Wallet,2708.0
6756882357.0,83155219.0,26060.0,3.0,342.94,2024-06-23 09:48:26,2024-06-23 09:58:26,2024-06-23 09:53:26,654.31,UPI,5223.0
618929241.0,53624677.0,542300.0,1.0,255.35,2023-10-02 21:26:22,2023-10-02 21:36:22,2023-10-02 21:53:22,2348.09,UPI,8015.0
9711157887.0,46615831.0,679284.0,1.0,877.89,2024-01-03 18:21:23,2024-01-03 18:39:23,2024-01-03 18:40:23,2577.15,Wallet,6137.0
354149805.0,41164215.0,382511.0,3.0,702.54,2024-04-17 21:44:47,2024-04-17 22:03:47,2024-04-17 22:04:47,1274.62,Cash,5877.0
231328814.0,25287111.0,820541.0,3.0,576.22,2024-04-19 04:03:27,2024-04-19 04:16:27,2024-04-19 04:25:27,2506.93,Wallet,7970.0
523916986.0,66761643.0,799459.0,2.0,852.02,2024-09-19 07:46:51,2024-09-19 08:05:51,2024-09-19 08:03:51,1152.87,Cash,7927.0
1930887811.0,12302179.0,602241.0,2.0,976.55,2023-08-10 04:55:14,2023-08-10 05:11:14,2023-08-10 05:11:14,1497.01,UPI,5070.0
9958741781.0,95971469.0,818522.0,2.0,96.09,2024-08-26 01:43:47,2024-08-26 01:59:47,2024-08-26 02:08:47,2439.42,Wallet,9597.0
6727230123.0,26303194.0,6405.0,3.0,236.51,2024-10-19 12:16:02,2024-10-19 12:35:02,2024-10-19 12:51:02,1806.96,Cash,3775.0
9487368442.0,50899600.0,992178.0,2.0,632.43,2023-08-09 18:34:10,2023-08-09 18:52:10,2023-08-09 18:55:10,1725.5,Card,4068.0
671459763.0,50630016.0,133542.0,3.0,68.49,2024-06-23 14:18:16,2024-06-23 14:36:16,2024-06-23 14:41:16,1249.31,Cash,5402.0
9129957352.0,95971469.0,451812.0,2.0,530.85,2023-09-06 16:47:31,2023-09-06 17:01:31,2023-09-06 17:05:31,2166.2,UPI,435.0
9206073690.0,19425804.0,991434.0,3.0,237.62,2024-06-07 18:00:15,2024-06-07 18:12:15,2024-06-07 18:16:15,1452.39,UPI,5158.0
5587148302.0,32635818.0,18035.0,2.0,968.94,2024-09-23 21:07:03,2024-09-23 21:21:03,2024-09-23 21:26:03,2028.78,Cash,7273.0
6936256414.0,72263318.0,564692.0,3.0,215.65,2024-06-23 03:12:15,2024-06-23 03:22:15,2024-06-23 03:27:15,2331.06,UPI,303.0
3341228576.0,91196901.0,140489.0,3.0,650.2,2023-05-05 02:09:40,2023-05-05 02:21:40,2023-05-05 02:27:40,3724.8,Wallet,1134.0
4817323453.0,75028268.0,949818.0,2.0,483.05,2023-09-07 06:40:32,2023-09-07 06:51:32,2023-09-07 06:53:32,340.36,Cash,8512.0
1163454835.0,50392139.0,373536.0,2.0,494.17,2023-12-06 05:40:58,2023-12-06 05:56:58,2023-12-06 06:01:58,1711.61,UPI,2931.0
5236061455.0,48158494.0,532965.0,3.0,307.23,2023-04-06 23:50:19,2023-04-07 00:05:19,2023-04-07 00:09:19,2844.94,Cash,1802.0
5982829268.0,90038364.0,478531.0,3.0,825.46,2023-04-01 04:32:39,2023-04-01 04:43:39,2023-04-01 04:43:39,2923.98,Cash,6399.0
1901688056.0,16780752.0,704868.0,2.0,193.46,2023-09-13 16:06:06,2023-09-13 16:20:06,2023-09-13 16:20:06,2814.99,Card,1188.0
5936051107.0,83304462.0,798639.0,1.0,211.25,2024-10-21 14:47:16,2024-10-21 14:58:16,2024-10-21 15:10:16,939.55,Wallet,1813.0
3018272105.0,18465047.0,585299.0,3.0,799.46,2023-03-21 02:48:16,2023-03-21 02:59:16,2023-03-21 02:56:16,4236.91,UPI,4858.0
3656191983.0,59252433.0,313754.0,3.0,136.6,2023-08-16 23:04:52,2023-08-16 23:21:52,2023-08-16 23:20:52,3775.69,Card,7180.0
5186692805.0,97678578.0,144124.0,2.0,162.67,2023-11-08 14:57:16,2023-11-08 15:17:16,2023-11-08 15:37:16,4981.07,Card,2224.0
7281243151.0,13581527.0,611575.0,1.0,482.06,2023-08-30 09:48:17,2023-08-30 10:03:17,2023-08-30 10:00:17,957.5,Wallet,8730.0
7906004940.0,65963876.0,194682.0,1.0,912.29,2023-04-27 17:09:57,2023-04-27 17:29:57,2023-04-27 17:32:57,3488.88,Wallet,8508.0
6354703603.0,63310076.0,992178.0,3.0,632.43,2024-05-17 21:51:08,2024-05-17 22:08:08,2024-05-17 22:03:08,2980.62,Wallet,7913.0
6444064733.0,80571942.0,217710.0,3.0,58.59,2023-10-11 11:08:17,2023-10-11 11:21:17,2023-10-11 11:18:17,3213.89,Wallet,5172.0
2405783093.0,36428139.0,623234.0,2.0,329.79,2023-03-18 08:18:44,2023-03-18 08:32:44,2023-03-18 08:32:44,2246.93,UPI,8243.0
63363146.0,16410155.0,136533.0,2.0,826.21,2023-07-12 01:33:45,2023-07-12 01:50:45,2023-07-12 02:05:45,4207.71,Cash,3833.0
7040313500.0,90298394.0,256783.0,3.0,906.54,2024-10-14 15:16:37,2024-10-14 15:33:37,2024-10-14 15:29:37,1102.72,Wallet,1440.0
5844807259.0,45477575.0,448752.0,1.0,160.07,2023-10-14 02:32:22,2023-10-14 02:52:22,2023-10-14 02:47:22,4355.46,Cash,2024.0
1931703221.0,62917794.0,876139.0,1.0,415.75,2023-05-08 08:40:11,2023-05-08 08:57:11,2023-05-08 08:59:11,1332.43,Card,2023.0
3525336030.0,89998489.0,18035.0,1.0,968.94,2023-04-12 22:46:00,2023-04-12 23:03:00,2023-04-12 23:18:00,329.79,Cash,1348.0
4359807852.0,81136091.0,564692.0,1.0,215.65,2024-04-11 10:38:01,2024-04-11 10:54:01,2024-04-11 10:55:01,4759.44,Cash,3639.0
6946959356.0,13963450.0,461804.0,2.0,310.69,2023-12-15 21:46:35,2023-12-15 22:05:35,2023-12-15 22:12:35,2630.12,Wallet,7218.0
782338627.0,73639935.0,349294.0,1.0,934.75,2024-09-08 05:46:37,2024-09-08 06:06:37,2024-09-08 06:31:37,4244.83,Wallet,5324.0
4942714391.0,25294147.0,455755.0,3.0,44.09,2024-01-19 22:51:15,2024-01-19 23:09:15,2024-01-19 23:12:15,3427.02,Card,9467.0
919307194.0,11928321.0,140154.0,2.0,171.2,2024-01-07 15:22:00,2024-01-07 15:41:00,2024-01-07 15:59:00,2747.59,Wallet,6441.0
6509263423.0,29324437.0,615545.0,1.0,448.16,2024-01-20 12:11:50,2024-01-20 12:29:50,2024-01-20 12:26:50,3930.1,Cash,8110.0
7200105089.0,24845814.0,298985.0,1.0,183.76,2023-11-29 07:16:18,2023-11-29 07:35:18,2023-11-29 07:48:18,1613.85,UPI,9011.0
7120372196.0,40727086.0,669378.0,2.0,212.14,2024-08-10 17:23:00,2024-08-10 17:36:00,2024-08-10 17:47:00,1887.36,Card,3300.0
8710393245.0,32564478.0,112390.0,1.0,877.98,2024-07-21 11:07:08,2024-07-21 11:22:08,2024-07-21 11:20:08,3025.16,Wallet,6575.0
8862036450.0,7228206.0,954722.0,1.0,616.45,2024-01-03 12:27:59,2024-01-03 12:38:59,2024-01-03 12:36:59,1764.64,UPI,8479.0
2087769338.0,8536503.0,18035.0,3.0,968.94,2024-06-08 06:23:34,2024-06-08 06:34:34,2024-06-08 06:34:34,764.33,Cash,529.0
3349267712.0,85354059.0,532965.0,3.0,307.23,2023-09-25 00:54:21,2023-09-25 01:10:21,2023-09-25 01:20:21,230.58,Cash,794.0
1689937124.0,21701991.0,903336.0,3.0,551.88,2024-01-17 05:53:44,2024-01-17 06:09:44,2024-01-17 06:13:44,576.22,Wallet,4191.0
4498769995.0,84275450.0,681063.0,2.0,321.28,2024-01-23 02:23:29,2024-01-23 02:41:29,2024-01-23 02:46:29,786.85,Card,6666.0
3729771871.0,79592021.0,578097.0,2.0,267.61,2023-11-10 10:50:42,2023-11-10 11:00:42,2023-11-10 11:04:42,3905.34,UPI,1728.0
9065518834.0,61877649.0,319388.0,2.0,657.8,2024-06-17 17:12:43,2024-06-17 17:25:43,2024-06-17 17:27:43,3395.29,Card,3593.0
7524465290.0,22851478.0,684939.0,3.0,727.95,2024-01-06 15:42:03,2024-01-06 16:01:03,2024-01-06 16:07:03,4089.6,Card,1138.0
2319921666.0,97150234.0,839170.0,1.0,481.63,2024-05-01 11:42:02,2024-05-01 11:57:02,2024-05-01 11:54:02,3204.57,Card,9752.0
9541612277.0,5001749.0,306177.0,1.0,769.24,2024-03-31 06:34:45,2024-03-31 06:48:45,2024-03-31 06:46:45,2185.97,Card,9382.0
6303548068.0,31846190.0,925482.0,1.0,475.04,2024-06-30 00:12:33,2024-06-30 00:29:33,2024-06-30 00:40:33,939.55,Card,8411.0
5867651793.0,64197854.0,927651.0,3.0,426.72,2023-11-09 11:37:19,2023-11-09 11:51:19,2023-11-09 11:50:19,2984.43,Wallet,8491.0
6405947025.0,19375332.0,894539.0,2.0,445.48,2024-09-28 21:59:52,2024-09-28 22:18:52,2024-09-28 22:20:52,1756.09,Cash,172.0
2150790907.0,12655794.0,833557.0,3.0,422.87,2023-08-16 13:03:49,2023-08-16 13:21:49,2023-08-16 13:33:49,217.5,Card,2818.0
212856641.0,51994597.0,26060.0,1.0,342.94,2024-11-02 10:51:18,2024-11-02 11:02:18,2024-11-02 10:57:18,949.73,Cash,5233.0
1686508921.0,47215976.0,659290.0,3.0,319.34,2024-07-22 22:17:01,2024-07-22 22:32:01,2024-07-22 22:27:01,769.24,Wallet,1855.0
5879579208.0,41261495.0,757274.0,1.0,98.32,2024-09-10 10:51:59,2024-09-10 11:07:59,2024-09-10 11:13:59,983.81,Wallet,5704.0
1882682579.0,44050697.0,587645.0,3.0,801.81,2023-05-13 23:08:40,2023-05-13 23:21:40,2023-05-13 23:20:40,2560.66,Wallet,9746.0
8370410622.0,10663246.0,63769.0,2.0,878.07,2024-06-01 13:09:54,2024-06-01 13:19:54,2024-06-01 13:21:54,1989.47,Cash,2459.0
368599691.0,44030130.0,890232.0,1.0,432.0,2024-10-22 16:16:46,2024-10-22 16:36:46,2024-10-22 16:37:46,3753.0,Wallet,1885.0
9282982332.0,97873848.0,739534.0,2.0,994.56,2024-09-12 22:13:08,2024-09-12 22:32:08,2024-09-12 22:34:08,3359.77,Card,3609.0
4874880100.0,67271824.0,274207.0,1.0,328.51,2024-09-09 22:56:26,2024-09-09 23:14:26,2024-09-09 23:19:26,1619.89,UPI,3824.0
102639985.0,40392019.0,89084.0,2.0,598.83,2023-08-27 06:58:21,2023-08-27 07:12:21,2023-08-27 07:15:21,3686.28,Wallet,4639.0
5288207551.0,53299455.0,760684.0,2.0,71.6,2023-09-10 18:49:17,2023-09-10 19:09:17,2023-09-10 19:23:17,3228.77,Wallet,5001.0
693932743.0,57658033.0,300159.0,2.0,44.35,2023-06-06 20:28:15,2023-06-06 20:45:15,2023-06-06 20:45:15,1378.36,Card,492.0
2325405669.0,20834589.0,673058.0,3.0,765.76,2024-03-08 23:18:49,2024-03-08 23:29:49,2024-03-08 23:27:49,1432.06,Card,2380.0
8152364696.0,90665975.0,487065.0,1.0,374.68,2023-12-24 13:13:30,2023-12-24 13:29:30,2023-12-24 13:29:30,5047.96,Wallet,1200.0
7682359398.0,36833857.0,324809.0,1.0,608.0,2024-09-15 04:58:47,2024-09-15 05:16:47,2024-09-15 05:25:47,1168.41,Cash,4717.0
1742951029.0,95371787.0,954722.0,1.0,616.45,2023-05-07 23:10:50,2023-05-07 23:20:50,2023-05-07 23:39:50,4766.38,Cash,9903.0
4799787645.0,71905368.0,140154.0,3.0,171.2,2023-10-07 07:11:32,2023-10-07 07:24:32,2023-10-07 07:43:32,1025.06,Wallet,9732.0
8498666384.0,37556526.0,930284.0,2.0,189.47,2024-03-08 17:58:36,2024-03-08 18:13:36,2024-03-08 18:16:36,630.84,Cash,3091.0
5013572642.0,73363613.0,952124.0,1.0,127.08,2023-05-08 19:20:37,2023-05-08 19:37:37,2023-05-08 19:50:37,1812.54,Card,2187.0
8403006958.0,59398136.0,433521.0,2.0,321.33,2023-11-27 05:42:29,2023-11-27 05:53:29,2023-11-27 05:48:29,1272.55,UPI,9004.0
4688831157.0,13071673.0,53833.0,2.0,134.69,2024-07-03 23:35:41,2024-07-03 23:55:41,2024-07-03 23:59:41,2824.26,UPI,6973.0
394578210.0,88067569.0,349294.0,3.0,934.75,2023-09-26 05:15:28,2023-09-26 05:33:28,2023-09-26 05:38:28,1706.05,Card,8335.0
8681711802.0,36833857.0,56589.0,3.0,517.77,2023-10-07 07:03:38,2023-10-07 07:22:38,2023-10-07 07:17:38,3724.44,UPI,2940.0
9311399064.0,20238921.0,131748.0,1.0,81.35,2023-11-04 21:26:08,2023-11-04 21:42:08,2023-11-04 21:45:08,720.95,Wallet,3093.0
2620581496.0,63092485.0,34200.0,2.0,319.8,2023-04-21 02:33:11,2023-04-21 02:46:11,2023-04-21 02:45:11,2457.47,Wallet,7441.0
5116898322.0,73377004.0,771228.0,3.0,83.18,2024-07-18 13:26:09,2024-07-18 13:37:09,2024-07-18 13:35:09,1385.25,UPI,1820.0
5995819849.0,34787383.0,707935.0,3.0,820.9,2023-08-19 04:16:08,2023-08-19 04:35:08,2023-08-19 04:44:08,2030.88,Wallet,4317.0
7690500286.0,35349582.0,18035.0,2.0,968.94,2024-07-12 18:09:22,2024-07-12 18:27:22,2024-07-12 18:34:22,3224.92,Wallet,8296.0
6107283203.0,87444738.0,94225.0,1.0,77.11,2024-09-09 20:27:41,2024-09-09 20:41:41,2024-09-09 20:43:41,1173.0,Card,8551.0
3170417508.0,85561151.0,942001.0,3.0,671.55,2024-01-10 05:24:05,2024-01-10 05:43:05,2024-01-10 05:56:05,1432.65,Cash,2288.0
805682701.0,33481252.0,57405.0,3.0,607.67,2023-07-30 22:42:14,2023-07-30 23:02:14,2023-07-30 23:14:14,2637.15,UPI,6430.0
8960508625.0,20163931.0,970529.0,1.0,827.44,2023-10-07 09:53:49,2023-10-07 10:13:49,2023-10-07 10:18:49,1058.0,Cash,1057.0
5580397726.0,62243869.0,186168.0,1.0,878.8,2023-06-21 04:49:17,2023-06-21 05:05:17,2023-06-21 05:24:17,37.8,Cash,4351.0
1506599381.0,77345018.0,491521.0,2.0,556.35,2024-09-18 04:36:44,2024-09-18 04:47:44,2024-09-18 04:50:44,465.38,Cash,5615.0
8424478165.0,27416314.0,880510.0,1.0,951.43,2023-04-21 18:23:42,2023-04-21 18:36:42,2023-04-21 18:36:42,230.58,Cash,244.0
6083333956.0,45028365.0,818522.0,1.0,96.09,2023-03-27 06:42:59,2023-03-27 06:53:59,2023-03-27 07:06:59,3002.02,Wallet,4635.0
9611327860.0,6335221.0,487931.0,2.0,709.08,2024-04-07 17:40:20,2024-04-07 17:57:20,2024-04-07 17:55:20,4410.34,Cash,3780.0
9539444766.0,97873848.0,63769.0,3.0,878.07,2023-11-04 07:59:03,2023-11-04 08:11:03,2023-11-04 08:16:03,870.29,Wallet,7663.0
756168939.0,54923640.0,4452.0,1.0,169.88,2024-07-05 18:33:40,2024-07-05 18:49:40,2024-07-05 18:44:40,3321.94,Cash,6050.0
7762624518.0,22738465.0,171602.0,1.0,883.44,2024-08-26 21:19:15,2024-08-26 21:32:15,2024-08-26 21:46:15,2301.05,Card,128.0
3681781563.0,4940671.0,112390.0,3.0,877.98,2023-11-18 10:23:31,2023-11-18 10:35:31,2023-11-18 10:33:31,3471.7,Wallet,8544.0
1571085226.0,78961097.0,991434.0,3.0,237.62,2024-04-07 00:35:53,2024-04-07 00:50:53,2024-04-07 00:57:53,4040.38,Cash,8778.0
4244306883.0,2584499.0,604184.0,3.0,397.55,2024-03-03 10:25:44,2024-03-03 10:42:44,2024-03-03 10:56:44,893.81,Card,2157.0
7333141591.0,69415494.0,876139.0,3.0,415.75,2024-03-15 16:47:34,2024-03-15 17:02:34,2024-03-15 17:20:34,1042.3,Wallet,9231.0
1199945706.0,70867736.0,970529.0,1.0,827.44,2024-01-08 19:31:33,2024-01-08 19:48:33,2024-01-08 19:47:33,1712.9,UPI,953.0
5895644119.0,1603358.0,382511.0,2.0,702.54,2023-06-11 14:12:56,2023-06-11 14:27:56,2023-06-11 14:27:56,1742.44,Wallet,8140.0
7112919210.0,55693909.0,6405.0,1.0,236.51,2024-02-01 21:59:31,2024-02-01 22:18:31,2024-02-01 22:18:31,3921.9,Card,9154.0
8315937318.0,64497538.0,962054.0,1.0,16.86,2024-05-08 17:34:39,2024-05-08 17:52:39,2024-05-08 18:01:39,2187.85,Card,7676.0
5331800057.0,65488134.0,990993.0,3.0,263.7,2023-03-29 01:21:40,2023-03-29 01:41:40,2023-03-29 01:54:40,4003.82,Wallet,220.0
5989265505.0,62742797.0,228286.0,2.0,179.08,2024-03-15 04:11:36,2024-03-15 04:27:36,2024-03-15 04:22:36,3673.81,Card,4556.0
7906361274.0,96795047.0,33955.0,3.0,186.08,2023-09-03 18:32:54,2023-09-03 18:52:54,2023-09-03 18:51:54,4228.99,Cash,3646.0
6312476146.0,35988028.0,433521.0,1.0,321.33,2024-01-27 19:44:55,2024-01-27 19:57:55,2024-01-27 20:06:55,1867.01,Card,143.0
9436272631.0,44410149.0,613942.0,3.0,545.0,2024-05-18 02:42:09,2024-05-18 02:57:09,2024-05-18 02:56:09,2112.07,Wallet,8837.0
8289791792.0,61516967.0,552883.0,2.0,888.16,2024-01-26 14:45:19,2024-01-26 15:04:19,2024-01-26 15:00:19,326.42,Card,2704.0
7659532788.0,22112867.0,451812.0,2.0,530.85,2024-02-01 20:59:31,2024-02-01 21:16:31,2024-02-01 21:19:31,3157.69,Card,5046.0
1498157233.0,19180962.0,673058.0,2.0,765.76,2024-02-08 06:24:38,2024-02-08 06:44:38,2024-02-08 06:48:38,1659.86,Card,8869.0
8560951754.0,954629.0,942001.0,3.0,671.55,2023-05-17 18:13:02,2023-05-17 18:26:02,2023-05-17 18:32:02,44.35,Card,9337.0
8764192824.0,64823226.0,673058.0,2.0,765.76,2023-07-24 08:49:59,2023-07-24 09:08:59,2023-07-24 09:23:59,2704.64,Wallet,6935.0
1900542981.0,11254582.0,704868.0,1.0,193.46,2023-03-25 18:31:16,2023-03-25 18:46:16,2023-03-25 18:50:16,2332.14,Card,3727.0
9445683691.0,41878908.0,799688.0,3.0,309.62,2023-11-12 20:03:13,2023-11-12 20:17:13,2023-11-12 20:33:13,2342.04,UPI,6404.0
7719808335.0,48358028.0,491521.0,1.0,556.35,2023-04-26 17:45:53,2023-04-26 18:00:53,2023-04-26 17:59:53,4406.7,Wallet,447.0
4865644960.0,50484778.0,490939.0,1.0,80.25,2023-09-11 08:45:57,2023-09-11 08:59:57,2023-09-11 09:07:57,866.17,Wallet,5280.0
6518276143.0,70965437.0,53833.0,2.0,134.69,2024-01-25 23:09:31,2024-01-25 23:29:31,2024-01-25 23:24:31,5253.79,Cash,7188.0
2211459584.0,73869823.0,114414.0,1.0,832.06,2023-12-25 14:20:44,2023-12-25 14:34:44,2023-12-25 14:34:44,1116.17,Card,8760.0
6811633572.0,7728406.0,491314.0,3.0,973.44,2024-06-26 14:28:44,2024-06-26 14:44:44,2024-06-26 14:48:44,88.43,Cash,45.0
1821573240.0,32019725.0,876139.0,3.0,415.75,2024-04-10 16:28:04,2024-04-10 16:39:04,2024-04-10 16:42:04,3338.08,Card,7802.0
8848227434.0,12988801.0,723678.0,3.0,675.46,2023-06-17 14:04:33,2023-06-17 14:18:33,2023-06-17 14:16:33,552.2,Cash,7795.0
7812276711.0,67465084.0,306177.0,3.0,769.24,2023-03-25 06:09:39,2023-03-25 06:28:39,2023-03-25 06:40:39,1649.13,Cash,7898.0
939966106.0,42012717.0,354409.0,3.0,325.08,2023-05-02 09:45:13,2023-05-02 10:04:13,2023-05-02 10:06:13,3461.4,UPI,2339.0
4099108156.0,24144240.0,94225.0,2.0,77.11,2024-04-10 04:21:01,2024-04-10 04:40:01,2024-04-10 04:39:01,4435.45,Card,7032.0
5684182622.0,29095552.0,833557.0,1.0,422.87,2024-03-03 16:17:14,2024-03-03 16:31:14,2024-03-03 16:31:14,1591.23,UPI,3490.0
4916740946.0,69240186.0,712307.0,3.0,264.89,2023-10-29 19:15:31,2023-10-29 19:30:31,2023-10-29 19:34:31,1835.2,UPI,7658.0
9732307600.0,81757554.0,144124.0,1.0,162.67,2024-01-31 08:46:13,2024-01-31 09:03:13,2024-01-31 09:02:13,3988.7,Wallet,7816.0
9280329883.0,60904312.0,784827.0,3.0,274.25,2023-09-10 23:04:56,2023-09-10 23:19:56,2023-09-10 23:27:56,2447.91,UPI,4975.0
4284285927.0,92843141.0,673058.0,1.0,765.76,2024-08-04 21:00:58,2024-08-04 21:12:58,2024-08-04 21:14:58,4371.79,UPI,5374.0
8701796.0,14479168.0,672059.0,2.0,672.73,2024-08-19 19:01:44,2024-08-19 19:14:44,2024-08-19 19:23:44,215.65,Cash,1925.0
6834734512.0,40727086.0,137909.0,2.0,864.3,2023-08-31 23:13:56,2023-08-31 23:28:56,2023-08-31 23:29:56,738.46,UPI,3945.0
7127377458.0,99406165.0,448752.0,3.0,160.07,2023-03-26 15:37:19,2023-03-26 15:47:19,2023-03-26 15:55:19,1540.67,Wallet,9661.0
4754481356.0,84161531.0,124290.0,3.0,39.65,2023-08-14 18:23:06,2023-08-14 18:36:06,2023-08-14 18:35:06,2891.12,Card,9517.0
4726007482.0,93924203.0,284460.0,3.0,505.95,2023-08-30 11:52:03,2023-08-30 12:07:03,2023-08-30 12:11:03,874.78,Cash,8402.0
2320560482.0,27709218.0,557908.0,1.0,942.37,2024-02-18 13:07:26,2024-02-18 13:21:26,2024-02-18 13:19:26,1435.56,Card,3307.0
1456550348.0,39674723.0,566052.0,1.0,87.3,2024-05-02 00:22:28,2024-05-02 00:38:28,2024-05-02 00:38:28,1980.75,UPI,1166.0
5370744569.0,61522288.0,478531.0,1.0,825.46,2023-08-23 13:35:26,2023-08-23 13:55:26,2023-08-23 14:08:26,2393.81,Cash,8394.0
5819887962.0,49433260.0,186168.0,3.0,878.8,2024-03-03 00:31:47,2024-03-03 00:46:47,2024-03-03 01:08:47,4570.58,Wallet,4778.0
1929465827.0,19556566.0,647462.0,1.0,326.42,2023-12-13 12:44:12,2023-12-13 13:01:12,2023-12-13 13:00:12,4702.15,UPI,3297.0
9430139302.0,59329145.0,120532.0,1.0,697.53,2024-02-09 07:52:50,2024-02-09 08:04:50,2024-02-09 08:05:50,2829.63,UPI,801.0
3632715912.0,66135710.0,679321.0,3.0,738.46,2024-08-18 17:15:12,2024-08-18 17:35:12,2024-08-18 17:40:12,1892.3,UPI,2068.0
3356214803.0,66655397.0,888807.0,3.0,230.58,2024-06-08 22:01:14,2024-06-08 22:11:14,2024-06-08 22:08:14,4359.64,Wallet,8255.0
2277864850.0,73377004.0,513199.0,2.0,422.23,2024-10-30 04:15:24,2024-10-30 04:34:24,2024-10-30 04:30:24,2054.4,Cash,1563.0
1754472592.0,33331259.0,847349.0,3.0,781.08,2024-06-11 01:55:09,2024-06-11 02:12:09,2024-06-11 02:13:09,4183.35,Card,7706.0
1833208408.0,49881540.0,194682.0,3.0,912.29,2023-08-16 07:23:25,2023-08-16 07:43:25,2023-08-16 07:43:25,236.51,Cash,9548.0
6567954047.0,21809858.0,954722.0,2.0,616.45,2023-07-09 09:53:02,2023-07-09 10:06:02,2023-07-09 10:28:02,83.18,Cash,2606.0
9409585531.0,2414265.0,448752.0,3.0,160.07,2023-04-03 06:11:57,2023-04-03 06:22:57,2023-04-03 06:29:57,3092.14,Wallet,8153.0
731371161.0,57566548.0,927651.0,1.0,426.72,2024-09-25 09:55:55,2024-09-25 10:09:55,2024-09-25 10:29:55,465.24,Wallet,968.0
7863496069.0,63802820.0,349294.0,3.0,934.75,2024-02-09 18:51:29,2024-02-09 19:09:29,2024-02-09 19:24:29,3103.01,Card,8787.0
9043955242.0,92123198.0,56589.0,3.0,517.77,2024-04-13 05:06:04,2024-04-13 05:19:04,2024-04-13 05:45:04,2903.44,Cash,3812.0
8257564936.0,15897933.0,516376.0,1.0,877.43,2024-03-31 08:04:53,2024-03-31 08:22:53,2024-03-31 08:22:53,154.5,Card,3508.0
7487631571.0,77397957.0,120532.0,3.0,697.53,2024-04-12 17:09:51,2024-04-12 17:22:51,2024-04-12 17:31:51,2778.63,Cash,5862.0
4243307535.0,8886587.0,592784.0,2.0,280.35,2024-07-04 21:42:31,2024-07-04 21:55:31,2024-07-04 22:03:31,2023.82,UPI,7044.0
5490221933.0,41155125.0,563740.0,1.0,96.33,2023-06-21 12:46:33,2023-06-21 13:05:33,2023-06-21 13:01:33,2855.48,Cash,6358.0
577600718.0,72857290.0,120385.0,1.0,597.91,2024-04-06 03:39:44,2024-04-06 03:56:44,2024-04-06 04:05:44,1447.21,Card,1520.0
1815462789.0,47618810.0,679865.0,3.0,347.91,2023-09-09 04:46:10,2023-09-09 05:03:10,2023-09-09 05:15:10,58.59,UPI,9304.0
896786012.0,99156138.0,747801.0,3.0,277.76,2023-08-18 05:36:14,2023-08-18 05:55:14,2023-08-18 06:05:14,4116.32,UPI,6034.0
2610552179.0,98225598.0,67197.0,1.0,552.2,2024-06-26 11:29:47,2024-06-26 11:40:47,2024-06-26 11:42:47,1012.79,Cash,1905.0
6244718082.0,2400009.0,60619.0,3.0,726.41,2024-05-22 14:09:40,2024-05-22 14:27:40,2024-05-22 14:23:40,1920.42,Card,9245.0
1837634871.0,98241853.0,652118.0,2.0,22.04,2023-05-06 13:36:50,2023-05-06 13:50:50,2023-05-06 14:05:50,959.01,Cash,3416.0
8684571382.0,94033330.0,240179.0,1.0,90.56,2023-10-04 22:34:08,2023-10-04 22:51:08,2023-10-04 22:50:08,883.36,Cash,7399.0
1659181364.0,27513158.0,94225.0,2.0,77.11,2023-08-26 23:39:59,2023-08-26 23:49:59,2023-08-26 23:59:59,918.58,UPI,5139.0
5626641031.0,65426878.0,952124.0,1.0,127.08,2024-05-19 01:30:02,2024-05-19 01:47:02,2024-05-19 01:49:02,4747.5,Card,6408.0
1589326447.0,77961205.0,647462.0,3.0,326.42,2024-01-27 14:34:02,2024-01-27 14:47:02,2024-01-27 14:52:02,582.87,Card,1871.0
5018325783.0,52862822.0,367391.0,3.0,939.55,2024-02-11 04:22:54,2024-02-11 04:37:54,2024-02-11 04:35:54,1487.29,Cash,8523.0
5111073873.0,75984768.0,962054.0,2.0,16.86,2024-02-02 19:36:40,2024-02-02 19:56:40,2024-02-02 19:56:40,2273.81,Cash,3765.0
5953426781.0,79135318.0,532965.0,1.0,307.23,2023-12-10 11:26:07,2023-12-10 11:44:07,2023-12-10 11:42:07,3762.13,UPI,930.0
8966870214.0,59518795.0,131136.0,3.0,37.8,2024-02-27 21:30:02,2024-02-27 21:42:02,2024-02-27 21:48:02,2904.43,UPI,6460.0
6962915277.0,54748429.0,540618.0,2.0,317.05,2024-09-14 10:42:22,2024-09-14 10:57:22,2024-09-14 10:57:22,2097.56,Wallet,2859.0
4309308088.0,18642306.0,120532.0,2.0,697.53,2023-12-02 20:28:56,2023-12-02 20:44:56,2023-12-02 20:48:56,236.95,Wallet,8036.0
5391068200.0,68159723.0,659290.0,3.0,319.34,2023-11-20 04:03:06,2023-11-20 04:13:06,2023-11-20 04:08:06,3265.32,Wallet,3782.0
4394681222.0,80517784.0,952124.0,3.0,127.08,2024-03-28 23:16:24,2024-03-28 23:30:24,2024-03-28 23:45:24,1157.88,UPI,8977.0
4791895461.0,63793401.0,425341.0,3.0,486.28,2024-08-10 23:44:45,2024-08-11 00:04:45,2024-08-11 00:28:45,1338.81,Card,2091.0
7272011740.0,54139038.0,848226.0,1.0,209.59,2024-09-16 12:33:23,2024-09-16 12:46:23,2024-09-16 12:48:23,3361.56,Cash,9219.0
87784691.0,92583164.0,70969.0,2.0,631.7,2024-09-29 00:51:06,2024-09-29 01:10:06,2024-09-29 01:13:06,534.55,Wallet,3159.0
4939105270.0,2164524.0,444361.0,3.0,822.63,2023-11-02 02:45:13,2023-11-02 03:00:13,2023-11-02 02:58:13,1026.88,Cash,4374.0
4622303035.0,55060796.0,880510.0,2.0,951.43,2023-08-03 11:10:02,2023-08-03 11:25:02,2023-08-03 11:23:02,3067.7,Wallet,7191.0
3460208027.0,78725001.0,709916.0,2.0,33.76,2024-04-19 21:38:18,2024-04-19 21:56:18,2024-04-19 21:56:18,2835.33,UPI,4457.0
2548125971.0,7228206.0,183929.0,1.0,738.74,2023-11-05 21:58:39,2023-11-05 22:18:39,2023-11-05 22:13:39,4335.06,Cash,9121.0
2390111460.0,70608515.0,492958.0,2.0,84.2,2023-09-09 21:22:09,2023-09-09 21:37:09,2023-09-09 21:42:09,4182.23,UPI,9686.0
8309485249.0,87200291.0,903336.0,2.0,551.88,2023-12-02 20:34:50,2023-12-02 20:46:50,2023-12-02 20:51:50,624.16,UPI,9772.0
8322543480.0,34668988.0,661577.0,3.0,720.95,2024-09-27 02:18:22,2024-09-27 02:38:22,2024-09-27 03:02:22,513.36,Wallet,4197.0
2819200158.0,64497538.0,60619.0,1.0,726.41,2023-07-23 14:42:43,2023-07-23 14:54:43,2023-07-23 14:56:43,1263.55,Cash,8084.0
7087151227.0,49795571.0,600767.0,1.0,722.42,2023-11-26 00:53:11,2023-11-26 01:10:11,2023-11-26 01:06:11,1917.32,UPI,7783.0
6704234561.0,51833636.0,962054.0,1.0,16.86,2024-01-03 07:30:25,2024-01-03 07:40:25,2024-01-03 08:10:25,3172.73,Cash,8838.0
6998410196.0,78748184.0,365133.0,2.0,915.45,2023-07-25 15:33:47,2023-07-25 15:51:47,2023-07-25 16:04:47,505.95,Wallet,7979.0
707035635.0,61618079.0,677542.0,1.0,212.61,2024-09-29 09:30:51,2024-09-29 09:47:51,2024-09-29 09:43:51,3868.34,Wallet,7875.0
543400704.0,60300263.0,767398.0,3.0,22.14,2023-10-27 00:41:23,2023-10-27 00:54:23,2023-10-27 00:49:23,3496.47,Card,9098.0
3604694195.0,34713143.0,52729.0,1.0,316.02,2023-09-03 16:21:20,2023-09-03 16:41:20,2023-09-03 16:36:20,2577.7,UPI,5553.0
3560549947.0,42465414.0,913428.0,2.0,392.22,2024-07-21 02:22:15,2024-07-21 02:39:15,2024-07-21 02:47:15,1973.85,Card,9599.0
9982178143.0,89968482.0,734789.0,1.0,395.82,2023-12-08 14:07:42,2023-12-08 14:17:42,2023-12-08 14:39:42,2530.45,Card,2963.0
1423646541.0,48730063.0,799952.0,1.0,922.64,2023-12-10 10:34:10,2023-12-10 10:45:10,2023-12-10 10:44:10,2734.37,UPI,2522.0
7441941402.0,16785724.0,820973.0,1.0,114.52,2023-12-22 22:14:29,2023-12-22 22:33:29,2023-12-22 22:31:29,2580.93,UPI,8585.0
8395661807.0,4386273.0,120532.0,3.0,697.53,2024-08-19 07:50:08,2024-08-19 08:09:08,2024-08-19 08:11:08,2561.18,Card,5198.0
5480656353.0,11446157.0,587645.0,2.0,801.81,2024-03-05 19:23:07,2024-03-05 19:33:07,2024-03-05 19:28:07,3053.71,Card,6864.0
4561602092.0,53624677.0,306177.0,1.0,769.24,2024-09-18 09:27:09,2024-09-18 09:45:09,2024-09-18 09:44:09,1825.82,Cash,7622.0
1695982633.0,81382213.0,481843.0,2.0,297.68,2024-01-13 18:46:50,2024-01-13 18:59:50,2024-01-13 18:55:50,2247.86,Wallet,2381.0
6309447153.0,74212242.0,853932.0,2.0,941.19,2023-05-18 21:18:34,2023-05-18 21:38:34,2023-05-18 21:38:34,423.56,Cash,4937.0
4796733514.0,87251489.0,604184.0,2.0,397.55,2023-04-03 18:31:05,2023-04-03 18:48:05,2023-04-03 19:17:05,2436.11,Card,7680.0
2858966982.0,77214094.0,734789.0,2.0,395.82,2024-04-25 10:21:37,2024-04-25 10:34:37,2024-04-25 10:29:37,2280.3,Card,4073.0
6948607495.0,18259715.0,891833.0,1.0,493.19,2024-08-28 09:38:14,2024-08-28 09:56:14,2024-08-28 10:01:14,1508.35,UPI,49.0
4959271803.0,11082181.0,385113.0,2.0,816.38,2024-02-22 01:13:13,2024-02-22 01:31:13,2024-02-22 01:44:13,1303.23,Wallet,1339.0
5669689881.0,7728406.0,448752.0,1.0,160.07,2023-07-11 21:20:37,2023-07-11 21:32:37,2023-07-11 21:43:37,3152.59,Cash,8583.0
5352265711.0,75928073.0,440875.0,1.0,275.03,2024-02-29 19:33:52,2024-02-29 19:48:52,2024-02-29 20:01:52,2319.89,Wallet,4884.0
5498551836.0,62243869.0,871592.0,1.0,870.29,2023-11-02 13:26:20,2023-11-02 13:45:20,2023-11-02 13:47:20,3619.47,UPI,5957.0
6556845822.0,68692574.0,799688.0,1.0,309.62,2023-05-13 19:07:16,2023-05-13 19:23:16,2023-05-13 19:28:16,1527.98,UPI,5294.0
5167008199.0,76359458.0,883013.0,1.0,989.88,2024-05-31 21:21:14,2024-05-31 21:41:14,2024-05-31 21:36:14,697.53,UPI,262.0
966294309.0,89619421.0,654297.0,3.0,13.25,2024-05-02 05:47:11,2024-05-02 06:03:11,2024-05-02 06:06:11,2928.57,Card,1506.0
3163611427.0,85074810.0,962591.0,2.0,130.01,2024-01-17 06:25:26,2024-01-17 06:37:26,2024-01-17 06:42:26,342.94,Cash,9445.0
203136866.0,91320466.0,6405.0,1.0,236.51,2024-06-11 12:26:47,2024-06-11 12:37:47,2024-06-11 12:36:47,826.21,Wallet,6082.0
1815555165.0,58085779.0,382511.0,1.0,702.54,2023-09-11 11:47:58,2023-09-11 12:01:58,2023-09-11 12:01:58,435.48,Card,3386.0
1874499212.0,64162093.0,697683.0,1.0,123.74,2024-05-30 00:09:01,2024-05-30 00:23:01,2024-05-30 00:25:01,2252.85,Cash,2609.0
4012779165.0,84641682.0,462526.0,2.0,449.97,2024-09-16 09:26:48,2024-09-16 09:44:48,2024-09-16 09:47:48,899.16,Wallet,7146.0
3669023899.0,81183415.0,707935.0,2.0,820.9,2024-05-12 09:34:26,2024-05-12 09:53:26,2024-05-12 10:04:26,4292.45,Card,8930.0
9296381620.0,50630016.0,89084.0,2.0,598.83,2024-04-28 01:33:11,2024-04-28 01:44:11,2024-04-28 01:43:11,841.56,Card,4885.0
2725513934.0,54799731.0,604184.0,3.0,397.55,2023-10-07 06:21:20,2023-10-07 06:37:20,2023-10-07 06:39:20,5349.56,Wallet,1213.0
5564338561.0,61226563.0,257719.0,1.0,281.73,2024-03-31 22:59:21,2024-03-31 23:16:21,2024-03-31 23:14:21,3295.72,UPI,2964.0
4701778121.0,23348269.0,700048.0,1.0,141.28,2024-06-06 21:29:44,2024-06-06 21:40:44,2024-06-06 21:44:44,786.17,Wallet,1314.0
9529272337.0,29973346.0,91670.0,1.0,439.24,2023-12-11 00:03:58,2023-12-11 00:17:58,2023-12-11 00:17:58,801.81,UPI,2872.0
869910650.0,34755436.0,451933.0,1.0,568.94,2024-05-27 00:42:52,2024-05-27 00:57:52,2024-05-27 00:52:52,2378.93,UPI,8521.0
2127080399.0,84468124.0,222892.0,3.0,869.22,2024-09-16 14:58:17,2024-09-16 15:17:17,2024-09-16 15:25:17,2317.2,Card,3298.0
3547439109.0,33481252.0,706112.0,3.0,478.79,2023-04-13 00:22:45,2023-04-13 00:41:45,2023-04-13 00:39:45,3176.34,Cash,7552.0
997535715.0,21409946.0,606256.0,1.0,369.28,2023-03-27 11:18:08,2023-03-27 11:35:08,2023-03-27 11:37:08,1097.17,Wallet,5326.0
2442453181.0,16543242.0,146840.0,2.0,786.85,2023-03-26 07:24:46,2023-03-26 07:40:46,2023-03-26 07:45:46,858.57,Card,4137.0
1182120536.0,4386273.0,9436.0,1.0,88.43,2024-05-26 15:40:32,2024-05-26 15:51:32,2024-05-26 15:53:32,843.97,Cash,1836.0
2819297954.0,5540556.0,500739.0,2.0,359.98,2024-04-07 15:53:26,2024-04-07 16:05:26,2024-04-07 16:08:26,1762.49,Cash,3250.0
9870956079.0,39423691.0,937542.0,1.0,97.04,2023-10-26 07:26:28,2023-10-26 07:43:28,2023-10-26 07:45:28,3130.27,Card,9124.0
6032675432.0,63368244.0,60619.0,2.0,726.41,2024-09-29 05:08:49,2024-09-29 05:22:49,2024-09-29 05:19:49,2708.71,Wallet,371.0
329790912.0,76925460.0,305754.0,1.0,979.99,2024-08-04 10:24:41,2024-08-04 10:38:41,2024-08-04 10:34:41,4636.88,Cash,6949.0
6459815532.0,43295656.0,951463.0,3.0,787.4,2023-05-16 21:39:22,2023-05-16 21:57:22,2023-05-16 22:09:22,877.48,Card,1615.0
9214523757.0,59619739.0,243235.0,3.0,109.03,2023-10-20 21:30:45,2023-10-20 21:41:45,2023-10-20 21:37:45,1657.57,Card,8949.0
9450279027.0,38694209.0,367391.0,2.0,939.55,2023-09-30 04:35:00,2023-09-30 04:51:00,2023-09-30 04:47:00,3043.5,Card,4578.0
6265551101.0,38568692.0,890623.0,2.0,354.52,2023-11-13 21:52:45,2023-11-13 22:02:45,2023-11-13 21:58:45,1723.54,Cash,9840.0
4138526838.0,33871107.0,555121.0,2.0,354.91,2023-10-25 00:11:05,2023-10-25 00:22:05,2023-10-25 00:35:05,3273.82,Cash,6282.0
8005579633.0,89617089.0,992178.0,2.0,632.43,2023-08-16 05:25:22,2023-08-16 05:37:22,2023-08-16 06:01:22,2758.2,UPI,2829.0
3442984170.0,55472026.0,673058.0,2.0,765.76,2024-09-16 23:33:42,2024-09-16 23:48:42,2024-09-16 23:49:42,1398.1,UPI,7510.0
8711550413.0,68941950.0,914071.0,3.0,296.94,2023-05-30 14:19:46,2023-05-30 14:32:46,2023-05-30 14:54:46,1022.12,Card,241.0
2509593585.0,58111297.0,186168.0,3.0,878.8,2023-05-05 01:42:01,2023-05-05 02:02:01,2023-05-05 01:59:01,2163.4,Cash,7710.0
6126557370.0,61982521.0,563740.0,3.0,96.33,2024-04-20 07:41:40,2024-04-20 08:00:40,2024-04-20 08:05:40,3776.14,Card,4133.0
9876119035.0,29095552.0,689769.0,3.0,46.62,2023-04-15 01:07:35,2023-04-15 01:22:35,2023-04-15 01:35:35,4751.01,Card,5558.0
3739042166.0,92416428.0,642612.0,3.0,517.03,2024-07-23 00:49:03,2024-07-23 01:02:03,2024-07-23 01:07:03,2089.76,UPI,4722.0
7938944124.0,85074810.0,112390.0,3.0,877.98,2024-03-30 01:54:28,2024-03-30 02:13:28,2024-03-30 02:18:28,2183.84,UPI,7894.0
506804807.0,9107360.0,470449.0,3.0,827.77,2024-07-10 04:44:45,2024-07-10 05:02:45,2024-07-10 04:57:45,2368.7,UPI,9702.0
3577900599.0,28286754.0,140489.0,1.0,650.2,2024-02-02 08:12:47,2024-02-02 08:27:47,2024-02-02 08:22:47,3491.53,UPI,2011.0
8337599633.0,41073776.0,707935.0,3.0,820.9,2023-11-21 12:48:18,2023-11-21 13:08:18,2023-11-21 13:07:18,2853.43,Card,5487.0
8611745429.0,88045094.0,146840.0,2.0,786.85,2024-05-12 03:21:52,2024-05-12 03:41:52,2024-05-12 03:40:52,1567.01,Card,924.0
2990223879.0,72359843.0,373536.0,2.0,494.17,2023-08-11 18:13:54,2023-08-11 18:25:54,2023-08-11 18:35:54,367.08,Cash,174.0
52324496.0,81605722.0,888807.0,2.0,230.58,2024-02-23 17:32:54,2024-02-23 17:47:54,2024-02-23 17:52:54,560.54,Card,4009.0
6594929133.0,45868300.0,812607.0,1.0,416.65,2023-04-14 09:49:18,2023-04-14 10:02:18,2023-04-14 10:01:18,2352.18,Wallet,4519.0
2480235830.0,31324823.0,63769.0,3.0,878.07,2023-09-19 05:40:36,2023-09-19 05:54:36,2023-09-19 05:58:36,2484.07,Cash,5418.0
9667072962.0,50781611.0,945635.0,1.0,778.9,2023-04-11 20:58:29,2023-04-11 21:09:29,2023-04-11 21:15:29,2753.36,Cash,8751.0
277700053.0,1174162.0,552496.0,2.0,508.0,2023-08-15 19:15:25,2023-08-15 19:26:25,2023-08-15 19:29:25,190.09,UPI,3796.0
5691623788.0,60757351.0,41853.0,1.0,910.44,2024-03-16 18:58:00,2024-03-16 19:17:00,2024-03-16 19:17:00,2178.18,Cash,6867.0
6845696161.0,37759707.0,194682.0,2.0,912.29,2023-07-14 07:37:28,2023-07-14 07:49:28,2023-07-14 08:03:28,2844.2,Cash,5816.0
4098488449.0,60049160.0,444361.0,3.0,822.63,2023-03-31 13:33:47,2023-03-31 13:48:47,2023-03-31 13:48:47,340.36,Card,6824.0
5653623743.0,96461062.0,659290.0,3.0,319.34,2023-03-30 08:43:35,2023-03-30 08:53:35,2023-03-30 09:19:35,4125.04,Wallet,2740.0
6416399784.0,34156884.0,52729.0,1.0,316.02,2023-08-07 02:35:15,2023-08-07 02:45:15,2023-08-07 02:54:15,316.02,UPI,5155.0
4365565386.0,54145987.0,490602.0,2.0,549.47,2023-06-30 04:15:15,2023-06-30 04:25:15,2023-06-30 04:21:15,918.86,Card,6311.0
6423269418.0,30643619.0,890232.0,1.0,432.0,2024-08-23 09:56:42,2024-08-23 10:13:42,2024-08-23 10:27:42,2648.0,UPI,4027.0
1020534590.0,48150243.0,953175.0,3.0,225.21,2023-12-12 09:55:06,2023-12-12 10:13:06,2023-12-12 10:21:06,3205.74,Wallet,6353.0
4015289878.0,72489544.0,692985.0,1.0,197.39,2024-03-22 06:56:23,2024-03-22 07:09:23,2024-03-22 07:19:23,3698.77,Wallet,6661.0
9959668334.0,80935110.0,361361.0,3.0,826.21,2024-01-07 08:11:57,2024-01-07 08:28:57,2024-01-07 08:25:57,494.17,Wallet,94.0
8054387790.0,84953008.0,41853.0,1.0,910.44,2023-05-08 18:33:24,2023-05-08 18:44:24,2023-05-08 18:40:24,4112.71,Card,2442.0
4795344310.0,91562028.0,747801.0,3.0,277.76,2024-04-12 15:53:40,2024-04-12 16:07:40,2024-04-12 16:37:40,486.97,Wallet,6505.0
2205862234.0,52001314.0,891833.0,2.0,493.19,2023-10-02 13:43:36,2023-10-02 14:01:36,2023-10-02 13:57:36,2871.57,Cash,738.0
4686249863.0,21701991.0,319388.0,2.0,657.8,2024-08-31 03:26:25,2024-08-31 03:41:25,2024-08-31 03:38:25,2908.98,UPI,9362.0
1270524770.0,11478478.0,679321.0,1.0,738.46,2023-10-11 07:18:40,2023-10-11 07:33:40,2023-10-11 07:35:40,3520.61,Wallet,2800.0
5743550453.0,93699264.0,679284.0,2.0,877.89,2024-05-19 05:04:34,2024-05-19 05:24:34,2024-05-19 05:29:34,3921.27,Card,5655.0
5309699078.0,81584486.0,51036.0,1.0,931.61,2023-08-02 17:35:02,2023-08-02 17:53:02,2023-08-02 18:07:02,1026.58,Card,6106.0
7565768030.0,15830066.0,833557.0,3.0,422.87,2024-02-10 02:50:25,2024-02-10 03:08:25,2024-02-10 03:07:25,980.97,UPI,7035.0
3210260715.0,68939350.0,63769.0,1.0,878.07,2023-04-06 15:05:02,2023-04-06 15:21:02,2023-04-06 15:16:02,1793.45,Card,8705.0
6657245289.0,820740.0,679284.0,1.0,877.89,2024-05-20 01:54:03,2024-05-20 02:14:03,2024-05-20 02:33:03,1820.28,Card,391.0
7854526965.0,48228547.0,658389.0,2.0,152.55,2023-08-18 07:47:47,2023-08-18 08:06:47,2023-08-18 08:15:47,1944.66,Cash,1046.0
2770948451.0,22077605.0,107548.0,1.0,891.6,2023-04-27 07:44:43,2023-04-27 08:03:43,2023-04-27 08:22:43,1775.72,Wallet,2637.0
624070426.0,41640262.0,951463.0,1.0,787.4,2023-10-07 16:47:55,2023-10-07 17:05:55,2023-10-07 17:02:55,845.85,Cash,7732.0
891583492.0,13651980.0,492958.0,2.0,84.2,2024-04-07 04:49:11,2024-04-07 05:01:11,2024-04-07 05:02:11,3269.6,Card,4623.0
5811206654.0,70391758.0,818990.0,2.0,163.55,2023-05-17 05:17:19,2023-05-17 05:34:19,2023-05-17 05:48:19,1917.36,Cash,4685.0
809894905.0,82374625.0,537274.0,2.0,702.71,2023-12-28 16:37:59,2023-12-28 16:51:59,2023-12-28 16:56:59,670.12,Card,274.0
8209000496.0,63948546.0,661577.0,1.0,720.95,2023-03-28 19:54:34,2023-03-28 20:10:34,2023-03-28 20:25:34,1239.55,UPI,255.0
4901288364.0,44723662.0,970529.0,3.0,827.44,2023-07-31 22:09:25,2023-07-31 22:26:25,2023-07-31 22:38:25,3186.85,Wallet,9585.0
5890338566.0,81337068.0,690565.0,2.0,951.27,2023-04-29 02:55:02,2023-04-29 03:11:02,2023-04-29 03:12:02,4368.22,Cash,2886.0
2745295248.0,40643232.0,760828.0,1.0,563.45,2024-05-28 21:19:44,2024-05-28 21:34:44,2024-05-28 21:33:44,929.37,Wallet,1080.0
5708700204.0,40387944.0,274207.0,2.0,328.51,2023-05-05 17:48:38,2023-05-05 18:08:38,2023-05-05 18:07:38,864.94,UPI,276.0
8643851643.0,57360162.0,799952.0,2.0,922.64,2023-04-21 01:31:37,2023-04-21 01:41:37,2023-04-21 02:11:37,1532.33,Cash,8413.0
4525287277.0,74174956.0,305754.0,1.0,979.99,2023-06-29 00:08:19,2023-06-29 00:20:19,2023-06-29 00:23:19,432.39,Wallet,4189.0
6154459753.0,82179338.0,949818.0,3.0,483.05,2024-06-12 09:13:57,2024-06-12 09:28:57,2024-06-12 09:39:57,3709.23,Cash,7935.0
2587790388.0,45586151.0,11422.0,3.0,127.16,2024-06-09 18:01:59,2024-06-09 18:18:59,2024-06-09 18:16:59,695.87,Cash,9279.0
2665891587.0,86636273.0,767398.0,2.0,22.14,2024-03-18 15:53:34,2024-03-18 16:10:34,2024-03-18 16:05:34,504.18,Cash,1766.0
6996561687.0,3844290.0,968887.0,2.0,40.7,2024-06-29 04:36:55,2024-06-29 04:52:55,2024-06-29 04:53:55,3469.28,Wallet,2480.0
961607638.0,55170753.0,954722.0,2.0,616.45,2023-08-03 23:41:19,2023-08-03 23:57:19,2023-08-04 00:25:19,967.96,Wallet,5325.0
4385491839.0,7228206.0,146840.0,3.0,786.85,2024-06-07 20:25:54,2024-06-07 20:35:54,2024-06-07 20:30:54,2158.72,Cash,3074.0
1279200190.0,84468124.0,291238.0,1.0,746.03,2024-07-10 06:00:41,2024-07-10 06:18:41,2024-07-10 06:25:41,2280.01,Wallet,7654.0
9668698616.0,76441843.0,962054.0,1.0,16.86,2023-11-01 14:10:21,2023-11-01 14:24:21,2023-11-01 14:24:21,1813.08,UPI,7782.0
4813038298.0,27304827.0,500739.0,3.0,359.98,2024-05-23 13:27:54,2024-05-23 13:43:54,2024-05-23 13:53:54,4047.69,UPI,6741.0
2030125421.0,44477365.0,222892.0,3.0,869.22,2024-05-03 14:50:27,2024-05-03 15:06:27,2024-05-03 15:10:27,2375.26,Cash,1901.0
6997235339.0,87669943.0,820541.0,1.0,576.22,2024-01-12 08:55:18,2024-01-12 09:05:18,2024-01-12 09:04:18,554.83,Wallet,1768.0
7438342576.0,82585664.0,336847.0,2.0,936.98,2023-05-09 21:58:47,2023-05-09 22:11:47,2023-05-09 22:16:47,3835.39,Card,568.0
9958423263.0,47503133.0,455755.0,2.0,44.09,2024-03-15 05:55:57,2024-03-15 06:10:57,2024-03-15 06:07:57,1678.13,Card,2105.0
3416693628.0,52428250.0,324809.0,3.0,608.0,2024-10-03 00:22:31,2024-10-03 00:38:31,2024-10-03 00:39:31,651.23,Card,9611.0
3440579647.0,89950235.0,222892.0,1.0,869.22,2024-08-05 15:28:00,2024-08-05 15:48:00,2024-08-05 15:48:00,1827.9,UPI,5470.0
5307231496.0,14330483.0,799688.0,2.0,309.62,2024-04-23 06:16:32,2024-04-23 06:36:32,2024-04-23 06:35:32,2048.45,Card,4723.0
4779055734.0,36587003.0,818522.0,3.0,96.09,2023-06-30 05:45:36,2023-06-30 06:04:36,2023-06-30 06:14:36,1765.22,UPI,2993.0
3834705841.0,54375571.0,432617.0,1.0,863.18,2023-09-09 07:18:51,2023-09-09 07:38:51,2023-09-09 08:01:51,1440.56,Card,7102.0
9080324081.0,48554440.0,256783.0,3.0,906.54,2023-05-27 09:14:16,2023-05-27 09:34:16,2023-05-27 09:33:16,2315.52,Card,1583.0
2500757555.0,65488134.0,284460.0,3.0,505.95,2024-10-27 10:52:42,2024-10-27 11:03:42,2024-10-27 11:00:42,4945.86,UPI,665.0
1292986566.0,47503133.0,615545.0,2.0,448.16,2023-07-12 03:59:43,2023-07-12 04:14:43,2023-07-12 04:10:43,2659.09,Wallet,9316.0
6602362287.0,5961261.0,642612.0,2.0,517.03,2024-02-01 21:05:56,2024-02-01 21:18:56,2024-02-01 21:23:56,2491.22,Cash,8022.0
184844043.0,33331259.0,349294.0,3.0,934.75,2023-12-07 05:00:07,2023-12-07 05:13:07,2023-12-07 05:08:07,2146.32,Card,6656.0
936587253.0,93699264.0,462526.0,2.0,449.97,2023-07-18 09:42:45,2023-07-18 10:00:45,2023-07-18 10:04:45,1820.32,Card,9864.0
2834429147.0,66742602.0,700048.0,3.0,141.28,2023-10-04 04:52:48,2023-10-04 05:08:48,2023-10-04 05:15:48,1482.38,Wallet,4363.0
114306835.0,13251137.0,448752.0,3.0,160.07,2024-02-06 20:32:16,2024-02-06 20:47:16,2024-02-06 20:52:16,2885.11,Wallet,3692.0
1675849477.0,36998375.0,679321.0,2.0,738.46,2024-06-11 20:01:49,2024-06-11 20:13:49,2024-06-11 20:18:49,1650.66,UPI,5579.0
5191052705.0,6579892.0,433521.0,3.0,321.33,2023-06-19 05:32:30,2023-06-19 05:49:30,2023-06-19 05:53:30,1438.94,Cash,4116.0
7068834722.0,45314389.0,654623.0,3.0,422.14,2023-11-19 08:25:33,2023-11-19 08:43:33,2023-11-19 08:48:33,1559.6,Cash,4564.0
5051330893.0,74230420.0,425341.0,1.0,486.28,2024-07-04 02:35:20,2024-07-04 02:47:20,2024-07-04 03:01:20,786.85,Cash,1706.0
6065496420.0,12277039.0,500633.0,1.0,154.5,2023-05-16 16:31:53,2023-05-16 16:44:53,2023-05-16 16:55:53,4299.16,Cash,4918.0
7574848635.0,79206969.0,4452.0,3.0,169.88,2023-06-28 02:18:28,2023-06-28 02:31:28,2023-06-28 02:43:28,4837.03,UPI,349.0
8793868975.0,16256136.0,60619.0,3.0,726.41,2024-02-01 17:22:46,2024-02-01 17:32:46,2024-02-01 17:36:46,1048.83,UPI,8383.0
5381466176.0,64106072.0,94225.0,1.0,77.11,2023-06-01 20:53:50,2023-06-01 21:05:50,2023-06-01 21:08:50,281.73,UPI,3043.0
7709366480.0,91024604.0,228286.0,2.0,179.08,2024-08-28 02:22:17,2024-08-28 02:38:17,2024-08-28 02:38:17,3998.65,UPI,9961.0
4936667930.0,18567760.0,131136.0,1.0,37.8,2023-06-20 09:49:22,2023-06-20 10:08:22,2023-06-20 10:09:22,2747.08,Wallet,3426.0
6860925755.0,14272050.0,451812.0,1.0,530.85,2023-09-29 09:06:04,2023-09-29 09:20:04,2023-09-29 09:19:04,3219.23,UPI,5226.0
5486433396.0,9278983.0,891833.0,2.0,493.19,2024-01-20 18:08:10,2024-01-20 18:27:10,2024-01-20 18:32:10,776.26,Cash,4581.0
7089292009.0,8791577.0,613942.0,1.0,545.0,2023-04-05 23:10:17,2023-04-05 23:29:17,2023-04-05 23:30:17,1425.76,UPI,5111.0
5350760367.0,25587553.0,734789.0,1.0,395.82,2023-08-13 06:06:18,2023-08-13 06:22:18,2023-08-13 06:26:18,3300.67,Card,7299.0
5581769906.0,41164215.0,500739.0,1.0,359.98,2024-04-14 04:04:17,2024-04-14 04:17:17,2024-04-14 04:30:17,2042.47,Wallet,1538.0
6256637306.0,3096845.0,677169.0,3.0,261.03,2023-11-07 11:20:32,2023-11-07 11:37:32,2023-11-07 11:46:32,5196.58,Cash,2218.0
2999946056.0,92306841.0,673058.0,1.0,765.76,2024-06-28 10:40:06,2024-06-28 10:50:06,2024-06-28 10:50:06,1554.85,Wallet,5591.0
5218488175.0,57833505.0,183929.0,2.0,738.74,2024-01-03 20:29:01,2024-01-03 20:39:01,2024-01-03 20:39:01,709.02,UPI,4232.0
8297436592.0,46802633.0,52729.0,3.0,316.02,2024-10-20 08:34:38,2024-10-20 08:46:38,2024-10-20 08:41:38,545.49,UPI,1536.0
1806118907.0,75752515.0,500739.0,2.0,359.98,2023-12-25 05:25:12,2023-12-25 05:43:12,2023-12-25 05:45:12,4646.12,Wallet,1154.0
6999224625.0,49806393.0,689769.0,3.0,46.62,2023-04-16 00:20:18,2023-04-16 00:38:18,2023-04-16 00:39:18,2274.19,Card,6931.0
1809997641.0,48281892.0,82484.0,3.0,914.88,2023-11-10 10:22:12,2023-11-10 10:33:12,2023-11-10 10:56:12,152.55,UPI,8985.0
7528090614.0,73639935.0,324809.0,2.0,608.0,2024-06-29 17:56:55,2024-06-29 18:07:55,2024-06-29 18:10:55,929.86,Card,2377.0
4884904912.0,36737539.0,382511.0,2.0,702.54,2023-08-24 13:58:19,2023-08-24 14:13:19,2023-08-24 14:08:19,3074.06,UPI,8629.0
9811235698.0,58929595.0,837480.0,1.0,217.4,2024-03-02 11:01:48,2024-03-02 11:21:48,2024-03-02 11:33:48,877.43,UPI,3395.0
5616653529.0,52001314.0,329351.0,2.0,310.87,2023-12-23 03:20:12,2023-12-23 03:32:12,2023-12-23 03:37:12,2986.32,Card,1499.0
7188183056.0,84953008.0,455755.0,3.0,44.09,2023-08-06 13:35:22,2023-08-06 13:52:22,2023-08-06 13:52:22,2396.81,Wallet,6024.0
7898301143.0,73660582.0,707935.0,3.0,820.9,2023-08-10 21:11:51,2023-08-10 21:28:51,2023-08-10 21:31:51,3375.53,UPI,5413.0
5222677885.0,31582950.0,256051.0,2.0,400.92,2024-07-15 10:44:09,2024-07-15 11:03:09,2024-07-15 11:10:09,3429.93,Wallet,340.0
8544952346.0,61618079.0,853932.0,3.0,941.19,2023-11-23 04:50:58,2023-11-23 05:02:58,2023-11-23 05:03:58,1205.58,UPI,4150.0
9403371764.0,3096845.0,9436.0,3.0,88.43,2023-06-08 03:09:50,2023-06-08 03:29:50,2023-06-08 03:42:50,317.8,Cash,8873.0
3956205476.0,57892837.0,36412.0,3.0,397.68,2023-06-12 01:00:49,2023-06-12 01:18:49,2023-06-12 01:17:49,1386.61,Wallet,546.0
5678362658.0,58513300.0,67197.0,3.0,552.2,2024-07-22 04:48:43,2024-07-22 05:06:43,2024-07-22 05:06:43,2100.38,Cash,792.0
8131610255.0,90448312.0,692985.0,1.0,197.39,2024-03-22 15:56:37,2024-03-22 16:15:37,2024-03-22 16:12:37,2409.01,Card,289.0
4722653990.0,95428692.0,990993.0,2.0,263.7,2023-07-19 15:59:48,2023-07-19 16:19:48,2023-07-19 16:23:48,1684.14,Cash,6595.0
6613853662.0,75474920.0,183929.0,1.0,738.74,2024-01-26 14:02:11,2024-01-26 14:17:11,2024-01-26 14:27:11,1748.17,Cash,3473.0
8274987671.0,19523014.0,140489.0,1.0,650.2,2024-10-03 07:49:18,2024-10-03 08:02:18,2024-10-03 08:04:18,1766.79,UPI,3696.0
5519983123.0,78678612.0,449106.0,1.0,48.55,2024-04-11 14:16:22,2024-04-11 14:28:22,2024-04-11 14:26:22,1645.97,Wallet,1336.0
2746329488.0,35156679.0,171602.0,2.0,883.44,2023-08-26 15:58:09,2023-08-26 16:09:09,2023-08-26 16:08:09,972.69,Cash,7686.0
6443285614.0,2400009.0,723678.0,3.0,675.46,2023-08-29 03:27:57,2023-08-29 03:47:57,2023-08-29 03:48:57,3136.89,UPI,9814.0
6932426427.0,31384626.0,832348.0,1.0,831.43,2023-08-01 19:46:04,2023-08-01 19:56:04,2023-08-01 19:51:04,1001.25,Cash,3017.0
1796512004.0,19741509.0,462526.0,1.0,449.97,2023-06-13 13:37:42,2023-06-13 13:56:42,2023-06-13 13:59:42,1832.58,Cash,2927.0
1464518253.0,12695670.0,540618.0,1.0,317.05,2023-07-04 02:15:55,2023-07-04 02:26:55,2023-07-04 02:30:55,1022.05,Wallet,1047.0
3585105627.0,41168392.0,753354.0,1.0,423.56,2024-10-10 03:43:05,2024-10-10 03:56:05,2024-10-10 03:53:05,2024.09,Card,9598.0
5387247994.0,19182548.0,217710.0,1.0,58.59,2024-04-28 20:22:25,2024-04-28 20:39:25,2024-04-28 20:42:25,2436.58,Card,5876.0
7568171531.0,46504355.0,561860.0,2.0,874.78,2023-12-02 12:47:08,2023-12-02 12:57:08,2023-12-02 13:00:08,33.76,Wallet,5675.0
4111193446.0,85020453.0,133542.0,3.0,68.49,2024-01-22 09:08:13,2024-01-22 09:25:13,2024-01-22 09:25:13,2318.06,Card,2683.0
8683154153.0,89986926.0,818522.0,2.0,96.09,2024-09-07 06:40:42,2024-09-07 06:50:42,2024-09-07 06:52:42,3588.19,Card,1197.0
5712367183.0,85763665.0,329351.0,3.0,310.87,2024-06-13 19:15:19,2024-06-13 19:31:19,2024-06-13 19:45:19,2496.31,Cash,6570.0
3952854723.0,88739922.0,700048.0,2.0,141.28,2023-09-15 02:34:20,2023-09-15 02:54:20,2023-09-15 02:50:20,2653.25,Card,2560.0
4631387671.0,86704661.0,56589.0,3.0,517.77,2024-10-08 08:44:29,2024-10-08 09:00:29,2024-10-08 09:23:29,1770.58,UPI,4904.0
2145309969.0,35988028.0,953175.0,3.0,225.21,2023-09-17 16:44:19,2023-09-17 17:01:19,2023-09-17 17:01:19,995.98,UPI,4375.0
4314762741.0,61516967.0,587645.0,3.0,801.81,2023-06-17 09:36:10,2023-06-17 09:46:10,2023-06-17 09:42:10,4040.43,Wallet,638.0
7401889152.0,15733078.0,888807.0,3.0,230.58,2024-09-20 01:43:32,2024-09-20 02:01:32,2024-09-20 01:57:32,2406.32,Cash,6657.0
1932040824.0,32987624.0,557908.0,3.0,942.37,2024-03-15 20:40:41,2024-03-15 20:59:41,2024-03-15 21:04:41,1305.23,UPI,9248.0
9836424713.0,53815931.0,367391.0,2.0,939.55,2023-11-19 03:22:27,2023-11-19 03:38:27,2023-11-19 03:42:27,267.29,Cash,6418.0
9882312203.0,65134271.0,540618.0,1.0,317.05,2024-05-15 05:35:36,2024-05-15 05:53:36,2024-05-15 06:23:36,2246.09,Wallet,9384.0
3082649585.0,92409489.0,747801.0,3.0,277.76,2023-09-26 18:01:46,2023-09-26 18:20:46,2023-09-26 18:22:46,127.08,Cash,5968.0
6033878151.0,61226563.0,837480.0,2.0,217.4,2023-11-11 18:32:19,2023-11-11 18:42:19,2023-11-11 18:37:19,572.02,Card,6219.0
6395547592.0,43799224.0,319388.0,2.0,657.8,2024-10-23 10:37:05,2024-10-23 10:53:05,2024-10-23 11:23:05,440.19,UPI,7196.0
372962997.0,43799224.0,684939.0,1.0,727.95,2024-04-18 00:11:51,2024-04-18 00:28:51,2024-04-18 00:41:51,325.08,UPI,8437.0
2988215377.0,46802633.0,274207.0,1.0,328.51,2024-08-18 15:10:03,2024-08-18 15:23:03,2024-08-18 15:22:03,2731.72,UPI,9744.0
7081583361.0,39093069.0,243235.0,1.0,109.03,2024-08-01 20:30:53,2024-08-01 20:45:53,2024-08-01 20:50:53,2777.11,Card,9532.0
1860491452.0,99893898.0,63769.0,3.0,878.07,2024-04-18 11:44:01,2024-04-18 11:59:01,2024-04-18 12:12:01,3744.71,Cash,9865.0
7499656197.0,12469338.0,897083.0,2.0,972.69,2024-03-27 09:26:49,2024-03-27 09:46:49,2024-03-27 10:01:49,832.1,Card,8833.0
4507112412.0,47577193.0,903336.0,2.0,551.88,2023-09-30 22:08:09,2023-09-30 22:27:09,2023-09-30 22:22:09,2679.57,Card,5193.0
9214595868.0,98211325.0,56589.0,2.0,517.77,2024-07-01 23:42:15,2024-07-01 23:55:15,2024-07-02 00:08:15,3419.53,Wallet,8256.0
253430904.0,16543242.0,14145.0,2.0,630.84,2023-07-08 00:55:44,2023-07-08 01:13:44,2023-07-08 01:09:44,1392.32,UPI,5277.0
5574588218.0,48281892.0,196719.0,1.0,217.5,2024-06-28 08:57:17,2024-06-28 09:07:17,2024-06-28 09:14:17,5318.31,Cash,2154.0
2817281674.0,73869823.0,91670.0,3.0,439.24,2023-09-16 13:27:51,2023-09-16 13:39:51,2023-09-16 13:40:51,923.09,UPI,5058.0
4932779616.0,90021871.0,487065.0,2.0,374.68,2024-07-26 05:11:13,2024-07-26 05:24:13,2024-07-26 05:29:13,3548.4,UPI,7930.0
7932879650.0,81088747.0,621677.0,3.0,317.8,2023-05-07 18:50:20,2023-05-07 19:09:20,2023-05-07 19:35:20,1885.92,Cash,1758.0
997698125.0,97492493.0,876139.0,1.0,415.75,2023-11-29 05:51:30,2023-11-29 06:04:30,2023-11-29 06:04:30,1552.41,Card,1694.0
2403547563.0,59677346.0,77308.0,3.0,223.27,2024-05-20 16:56:51,2024-05-20 17:08:51,2024-05-20 17:04:51,2309.25,Wallet,3595.0
8875483494.0,34787383.0,578097.0,2.0,267.61,2024-03-12 05:26:09,2024-03-12 05:38:09,2024-03-12 05:44:09,827.44,UPI,8225.0
883548284.0,3408982.0,689769.0,3.0,46.62,2024-05-23 04:21:13,2024-05-23 04:36:13,2024-05-23 04:42:13,2340.86,Wallet,2475.0
2364229435.0,69339331.0,478531.0,3.0,825.46,2024-07-13 05:31:47,2024-07-13 05:51:47,2024-07-13 05:47:47,4099.53,Wallet,2832.0
6845869445.0,54730270.0,925482.0,2.0,475.04,2024-05-27 17:23:25,2024-05-27 17:39:25,2024-05-27 17:59:25,4065.85,UPI,6222.0
397818832.0,75467328.0,692985.0,3.0,197.39,2023-12-22 12:59:55,2023-12-22 13:18:55,2023-12-22 13:45:55,3963.84,Card,4358.0
304166272.0,34835738.0,913428.0,3.0,392.22,2023-10-29 01:26:58,2023-10-29 01:37:58,2023-10-29 01:42:58,3896.33,UPI,2812.0
1575626085.0,78157360.0,863930.0,1.0,242.57,2023-05-19 13:24:15,2023-05-19 13:43:15,2023-05-19 13:39:15,58.59,Card,9143.0
3945644714.0,92356639.0,654623.0,2.0,422.14,2023-05-16 14:06:16,2023-05-16 14:23:16,2023-05-16 14:26:16,1226.18,UPI,3084.0
8370213291.0,10855630.0,397973.0,3.0,728.73,2023-05-20 14:05:18,2023-05-20 14:16:18,2023-05-20 14:30:18,2721.29,Wallet,3852.0
2185375786.0,46313756.0,337168.0,2.0,545.49,2024-04-25 10:38:55,2024-04-25 10:58:55,2024-04-25 11:13:55,2132.32,Card,1639.0
1828975788.0,41155125.0,667163.0,1.0,441.2,2024-01-30 13:15:19,2024-01-30 13:25:19,2024-01-30 13:32:19,3658.25,Card,995.0
4319450104.0,7288562.0,354409.0,1.0,325.08,2024-09-16 09:57:14,2024-09-16 10:15:14,2024-09-16 10:21:14,1968.01,Card,7352.0
5059765199.0,91562028.0,564692.0,1.0,215.65,2023-10-19 05:58:52,2023-10-19 06:09:52,2023-10-19 06:15:52,3092.93,Cash,2988.0
5360089735.0,21425168.0,925482.0,3.0,475.04,2023-05-04 05:15:17,2023-05-04 05:25:17,2023-05-04 05:28:17,3550.74,Wallet,1189.0
8008211695.0,77397957.0,623234.0,3.0,329.79,2023-09-07 16:23:21,2023-09-07 16:39:21,2023-09-07 16:41:21,3773.66,Cash,8657.0
4400031082.0,46682777.0,500739.0,1.0,359.98,2023-07-08 20:42:32,2023-07-08 20:58:32,2023-07-08 20:55:32,765.76,Cash,4314.0
9582738204.0,88312515.0,604184.0,1.0,397.55,2023-08-17 02:50:35,2023-08-17 03:10:35,2023-08-17 03:29:35,1728.25,Cash,7696.0
1368450162.0,14974554.0,525531.0,3.0,831.1,2023-09-11 00:04:44,2023-09-11 00:16:44,2023-09-11 00:13:44,3130.36,Card,5455.0
56705032.0,63060947.0,692985.0,2.0,197.39,2023-11-16 04:30:25,2023-11-16 04:40:25,2023-11-16 04:54:25,3069.98,UPI,8706.0
2407168640.0,78254569.0,34186.0,2.0,925.65,2024-07-25 09:51:06,2024-07-25 10:04:06,2024-07-25 10:17:06,1781.83,Cash,1449.0
530588807.0,25722990.0,954722.0,1.0,616.45,2024-02-01 13:40:53,2024-02-01 13:50:53,2024-02-01 14:12:53,2352.13,Wallet,831.0
9975541696.0,59890331.0,784827.0,1.0,274.25,2023-06-12 22:41:34,2023-06-12 23:01:34,2023-06-12 23:10:34,3990.22,UPI,9000.0
8602707005.0,77673290.0,883013.0,2.0,989.88,2024-04-02 12:58:37,2024-04-02 13:15:37,2024-04-02 13:20:37,2934.21,Card,6189.0
2382595056.0,76377003.0,753354.0,3.0,423.56,2023-12-09 12:30:22,2023-12-09 12:42:22,2023-12-09 12:41:22,227.22,Wallet,2710.0
8056162498.0,11446157.0,317242.0,3.0,198.15,2023-05-08 22:14:21,2023-05-08 22:27:21,2023-05-08 22:48:21,5891.08,Card,9691.0
4593039089.0,50015282.0,490939.0,2.0,80.25,2024-09-14 07:00:20,2024-09-14 07:15:20,2024-09-14 07:20:20,1790.99,Card,2768.0
7311288658.0,48358028.0,398340.0,2.0,651.93,2024-08-15 15:36:43,2024-08-15 15:51:43,2024-08-15 15:51:43,1282.27,UPI,8806.0
9157217130.0,8073518.0,306177.0,2.0,769.24,2023-06-18 19:59:32,2023-06-18 20:12:32,2023-06-18 20:07:32,1448.27,Wallet,8340.0
9328094731.0,77086539.0,500739.0,2.0,359.98,2024-08-21 04:31:01,2024-08-21 04:43:01,2024-08-21 04:41:01,2164.86,Card,8300.0
3259266120.0,35049420.0,644847.0,1.0,622.81,2024-07-08 12:40:30,2024-07-08 13:00:30,2024-07-08 13:14:30,3483.31,Cash,8069.0
4656541041.0,84572019.0,592784.0,2.0,280.35,2024-10-30 19:05:44,2024-10-30 19:24:44,2024-10-30 19:49:44,87.3,Card,4751.0
730839483.0,20148223.0,123983.0,1.0,785.67,2023-07-23 23:59:23,2023-07-24 00:12:23,2023-07-24 00:08:23,2528.88,Cash,8077.0
6185824257.0,1816969.0,337168.0,3.0,545.49,2024-08-05 07:01:50,2024-08-05 07:15:50,2024-08-05 07:15:50,4093.07,UPI,9890.0
225195662.0,76202036.0,658389.0,2.0,152.55,2024-08-30 19:21:40,2024-08-30 19:41:40,2024-08-30 19:48:40,284.69,Card,4605.0
6771104541.0,61618079.0,833557.0,2.0,422.87,2023-05-10 10:40:23,2023-05-10 10:59:23,2023-05-10 10:58:23,97.04,Cash,9739.0
6146830622.0,14367270.0,435929.0,3.0,856.89,2024-10-04 13:15:54,2024-10-04 13:31:54,2024-10-04 13:27:54,271.38,Cash,3967.0
1380326453.0,68159723.0,14145.0,2.0,630.84,2023-08-29 20:51:35,2023-08-29 21:11:35,2023-08-29 21:14:35,4991.05,Cash,5301.0
728523620.0,46699982.0,687218.0,3.0,317.82,2023-08-31 19:13:41,2023-08-31 19:30:41,2023-08-31 19:33:41,1394.0,Wallet,4697.0
27296314.0,64562786.0,313754.0,2.0,136.6,2024-10-17 16:13:30,2024-10-17 16:24:30,2024-10-17 16:46:30,3866.08,UPI,3986.0
2608278705.0,51945420.0,237083.0,3.0,577.13,2023-10-22 02:28:34,2023-10-22 02:40:34,2023-10-22 02:46:34,4746.82,Cash,6359.0
6786366774.0,5716817.0,53833.0,3.0,134.69,2024-03-21 02:27:40,2024-03-21 02:38:40,2024-03-21 02:35:40,3962.96,Card,7573.0
5572475750.0,40563029.0,397973.0,3.0,728.73,2023-04-25 09:43:38,2023-04-25 09:54:38,2023-04-25 09:55:38,4045.5,UPI,3548.0
8276417383.0,39976965.0,462526.0,1.0,449.97,2024-06-18 02:15:04,2024-06-18 02:33:04,2024-06-18 02:36:04,1938.45,Cash,5288.0
784435014.0,2684440.0,478531.0,1.0,825.46,2023-10-11 14:46:33,2023-10-11 14:58:33,2023-10-11 14:56:33,415.75,Cash,7308.0
9442274046.0,93617659.0,969851.0,2.0,340.66,2023-09-01 10:55:53,2023-09-01 11:08:53,2023-09-01 11:14:53,229.38,UPI,4120.0
2470025903.0,81420960.0,839170.0,2.0,481.63,2024-06-06 07:57:42,2024-06-06 08:07:42,2024-06-06 08:02:42,3939.11,Cash,5295.0
6774241153.0,29272253.0,707935.0,2.0,820.9,2024-09-23 05:28:57,2024-09-23 05:46:57,2024-09-23 05:44:57,915.45,UPI,1503.0
3874644184.0,49152878.0,853932.0,3.0,941.19,2024-06-23 23:29:09,2024-06-23 23:43:09,2024-06-23 23:48:09,577.13,Cash,7620.0
8078065454.0,97033691.0,679865.0,3.0,347.91,2024-05-19 11:15:16,2024-05-19 11:31:16,2024-05-19 12:01:16,2440.55,Cash,4145.0
340113260.0,83039559.0,621677.0,1.0,317.8,2024-02-27 15:25:27,2024-02-27 15:38:27,2024-02-27 15:51:27,869.51,Card,2430.0
2978839318.0,59436131.0,435929.0,2.0,856.89,2024-01-11 16:07:45,2024-01-11 16:18:45,2024-01-11 16:18:45,1031.54,Card,2089.0
3896922017.0,9274874.0,677542.0,3.0,212.61,2024-08-25 17:39:03,2024-08-25 17:55:03,2024-08-25 17:59:03,726.41,Card,6459.0
7621954956.0,32797235.0,298985.0,1.0,183.76,2023-07-07 03:59:40,2023-07-07 04:14:40,2023-07-07 04:10:40,793.14,UPI,2156.0
581178324.0,12277039.0,578097.0,2.0,267.61,2024-02-17 04:05:04,2024-02-17 04:22:04,2024-02-17 04:19:04,2887.67,Cash,2226.0
8469170680.0,5901440.0,240179.0,1.0,90.56,2023-03-16 18:55:27,2023-03-16 19:14:27,2023-03-16 19:18:27,39.65,UPI,1928.0
6779626333.0,55404382.0,871592.0,2.0,870.29,2024-05-11 01:20:43,2024-05-11 01:31:43,2024-05-11 01:42:43,329.79,Card,8218.0
6335704206.0,38327793.0,592784.0,1.0,280.35,2024-05-22 12:37:47,2024-05-22 12:48:47,2024-05-22 12:49:47,3363.41,Card,7314.0
8314342490.0,21677923.0,440875.0,2.0,275.03,2023-04-05 01:03:31,2023-04-05 01:23:31,2023-04-05 01:23:31,3821.54,Wallet,8209.0
1948795658.0,49833888.0,186168.0,1.0,878.8,2023-10-23 07:46:00,2023-10-23 07:57:00,2023-10-23 07:55:00,3541.32,Card,4485.0
9187864807.0,44776601.0,871592.0,1.0,870.29,2024-06-22 10:00:22,2024-06-22 10:17:22,2024-06-22 10:16:22,1565.97,Wallet,5814.0
8399666962.0,21573815.0,287070.0,3.0,443.17,2023-04-08 09:45:31,2023-04-08 10:04:31,2023-04-08 09:59:31,3782.86,UPI,6255.0
6196321055.0,30788486.0,767398.0,2.0,22.14,2024-05-17 18:25:15,2024-05-17 18:38:15,2024-05-17 18:37:15,1795.02,Cash,4893.0
8128518434.0,94486311.0,449106.0,2.0,48.55,2023-08-12 16:51:00,2023-08-12 17:06:00,2023-08-12 17:03:00,2083.51,Card,5160.0
9854897999.0,72415263.0,991434.0,2.0,237.62,2023-10-04 17:52:34,2023-10-04 18:11:34,2023-10-04 18:10:34,2790.09,Card,2982.0
2603584546.0,41811800.0,366066.0,3.0,918.58,2024-05-21 21:53:23,2024-05-21 22:05:23,2024-05-21 22:09:23,1328.82,Wallet,3672.0
1295119665.0,99695529.0,378676.0,2.0,881.42,2024-03-19 08:08:31,2024-03-19 08:26:31,2024-03-19 08:21:31,4979.18,UPI,8775.0
599975885.0,45708879.0,473647.0,3.0,43.05,2023-06-07 05:55:43,2023-06-07 06:13:43,2023-06-07 06:11:43,3420.7,Card,2050.0
5834861324.0,84826389.0,89084.0,3.0,598.83,2023-07-04 12:17:28,2023-07-04 12:29:28,2023-07-04 12:50:28,1367.34,UPI,3985.0
2032005162.0,18791381.0,883013.0,2.0,989.88,2024-10-21 07:09:25,2024-10-21 07:19:25,2024-10-21 07:23:25,2152.48,Wallet,2241.0
8391900458.0,43518622.0,704868.0,1.0,193.46,2023-05-17 05:40:54,2023-05-17 05:51:54,2023-05-17 05:48:54,1807.66,Wallet,2375.0
1887687323.0,85518832.0,490602.0,1.0,549.47,2024-02-08 02:50:48,2024-02-08 03:09:48,2024-02-08 03:07:48,695.62,Cash,384.0
2120411967.0,6867315.0,34200.0,3.0,319.8,2023-12-21 01:28:43,2023-12-21 01:38:43,2023-12-21 02:00:43,4769.69,Wallet,5498.0
3158340906.0,48002829.0,398340.0,1.0,651.93,2024-07-19 01:27:35,2024-07-19 01:41:35,2024-07-19 01:48:35,4157.26,Wallet,7547.0
2387343456.0,17749347.0,820541.0,2.0,576.22,2024-10-19 03:10:02,2024-10-19 03:22:02,2024-10-19 03:34:02,915.29,Wallet,7943.0
338609144.0,12574626.0,349294.0,3.0,934.75,2024-10-26 05:45:05,2024-10-26 05:55:05,2024-10-26 05:52:05,2731.77,Cash,6708.0
9056190831.0,3100301.0,890232.0,3.0,432.0,2023-07-17 06:57:09,2023-07-17 07:08:09,2023-07-17 07:08:09,2618.61,Wallet,7951.0
2803081135.0,42262168.0,385113.0,2.0,816.38,2023-06-10 21:55:58,2023-06-10 22:06:58,2023-06-10 22:07:58,1389.92,Wallet,9047.0
5970759669.0,26285589.0,194682.0,1.0,912.29,2024-03-19 10:30:44,2024-03-19 10:42:44,2024-03-19 10:41:44,3168.87,UPI,3868.0
3226693729.0,62629494.0,444361.0,3.0,822.63,2023-08-06 13:26:22,2023-08-06 13:46:22,2023-08-06 13:45:22,748.62,UPI,3892.0
8132845656.0,4597433.0,965755.0,3.0,532.57,2024-07-10 11:53:29,2024-07-10 12:12:29,2024-07-10 12:36:29,690.08,UPI,8266.0
7850550725.0,16424635.0,317242.0,3.0,198.15,2023-12-31 05:45:21,2023-12-31 06:00:21,2023-12-31 06:04:21,1641.82,Wallet,9018.0
2934547619.0,77161976.0,567671.0,1.0,418.48,2024-06-01 20:59:04,2024-06-01 21:11:04,2024-06-01 21:12:04,3784.91,Card,1442.0
608179182.0,87220860.0,298985.0,3.0,183.76,2024-08-01 08:28:48,2024-08-01 08:41:48,2024-08-01 08:57:48,4653.67,Card,7107.0
5191326847.0,48158494.0,621677.0,3.0,317.8,2023-05-13 21:35:00,2023-05-13 21:45:00,2023-05-13 21:40:00,3166.48,UPI,7651.0
7614561036.0,91853589.0,739448.0,1.0,755.66,2023-09-10 05:56:46,2023-09-10 06:13:46,2023-09-10 06:09:46,1848.84,Wallet,4853.0
2947791133.0,19741509.0,837480.0,2.0,217.4,2023-11-28 07:16:17,2023-11-28 07:29:17,2023-11-28 07:25:17,1379.52,Wallet,2712.0
6538760883.0,119099.0,133542.0,1.0,68.49,2024-04-19 13:46:57,2024-04-19 14:06:57,2024-04-19 14:06:57,5122.1,UPI,3096.0
8872250952.0,43243913.0,94225.0,3.0,77.11,2023-10-04 04:56:45,2023-10-04 05:09:45,2023-10-04 05:25:45,993.86,UPI,8902.0
8173258734.0,20835909.0,712003.0,1.0,671.68,2023-11-03 03:32:12,2023-11-03 03:51:12,2023-11-03 03:59:12,1063.55,Wallet,5758.0
5465833352.0,11047835.0,243235.0,3.0,109.03,2023-03-28 19:57:09,2023-03-28 20:10:09,2023-03-28 20:12:09,2140.08,UPI,8457.0
2106569369.0,27513158.0,853932.0,2.0,941.19,2024-01-02 11:25:38,2024-01-02 11:45:38,2024-01-02 11:45:38,2211.21,UPI,9675.0
9039440500.0,64298209.0,228286.0,3.0,179.08,2024-07-12 05:36:09,2024-07-12 05:53:09,2024-07-12 05:54:09,4074.16,Card,3169.0
8281482042.0,72889295.0,313754.0,3.0,136.6,2023-06-28 15:21:01,2023-06-28 15:38:01,2023-06-28 15:42:01,1781.14,Card,5598.0
479528548.0,21786873.0,564692.0,3.0,215.65,2023-07-17 23:34:46,2023-07-17 23:45:46,2023-07-17 23:47:46,2419.83,Card,8068.0
8087519921.0,90246977.0,500739.0,2.0,359.98,2023-10-19 08:34:22,2023-10-19 08:49:22,2023-10-19 08:45:22,3870.37,UPI,566.0
4869691623.0,9401406.0,913428.0,3.0,392.22,2023-05-05 04:16:51,2023-05-05 04:29:51,2023-05-05 04:24:51,2648.0,Card,1385.0
7155177625.0,2566268.0,952168.0,3.0,236.95,2024-08-25 23:46:26,2024-08-25 23:59:26,2024-08-26 00:04:26,3064.83,UPI,309.0
7254499390.0,93563435.0,146840.0,1.0,786.85,2023-11-29 13:26:00,2023-11-29 13:46:00,2023-11-29 13:46:00,1260.53,Cash,6757.0
7394439260.0,22358567.0,376447.0,3.0,724.84,2024-10-21 06:27:59,2024-10-21 06:44:59,2024-10-21 07:11:59,4682.75,Cash,8221.0
6581715589.0,8375298.0,661577.0,2.0,720.95,2023-05-09 00:35:46,2023-05-09 00:54:46,2023-05-09 00:53:46,900.3,UPI,7415.0
9457009010.0,80858127.0,712003.0,3.0,671.68,2024-02-06 00:04:30,2024-02-06 00:23:30,2024-02-06 00:37:30,3393.32,Cash,6240.0
2859660695.0,33685414.0,672059.0,2.0,672.73,2023-08-02 04:36:07,2023-08-02 04:53:07,2023-08-02 05:06:07,1022.62,UPI,9876.0
6392348668.0,1697604.0,473647.0,2.0,43.05,2024-01-29 19:49:32,2024-01-29 20:06:32,2024-01-29 20:11:32,4479.61,UPI,3200.0
6933011590.0,21658322.0,839170.0,1.0,481.63,2023-08-01 23:22:26,2023-08-01 23:34:26,2023-08-01 23:29:26,549.47,Card,3239.0
5809441378.0,51872499.0,990993.0,3.0,263.7,2024-07-29 20:56:08,2024-07-29 21:11:08,2024-07-29 21:35:08,1275.88,Card,776.0
411113020.0,84953008.0,217710.0,1.0,58.59,2024-06-29 01:37:42,2024-06-29 01:48:42,2024-06-29 01:51:42,1822.88,Wallet,4880.0
5512796364.0,12507907.0,661577.0,3.0,720.95,2023-06-21 15:23:37,2023-06-21 15:38:37,2023-06-21 15:38:37,1369.75,Card,1341.0
2610813239.0,62917794.0,690565.0,3.0,951.27,2023-11-26 04:06:37,2023-11-26 04:21:37,2023-11-26 04:20:37,1291.85,UPI,9191.0
3236748462.0,58111297.0,305754.0,3.0,979.99,2024-06-26 10:13:19,2024-06-26 10:30:19,2024-06-26 10:34:19,2340.2,UPI,6982.0
6652395897.0,60904312.0,56589.0,1.0,517.77,2024-07-11 03:41:04,2024-07-11 03:52:04,2024-07-11 03:49:04,2780.39,UPI,163.0
5517901926.0,40593638.0,803607.0,3.0,949.73,2023-06-24 23:50:38,2023-06-25 00:01:38,2023-06-25 00:05:38,2377.37,Cash,6183.0
2174753933.0,38780509.0,120532.0,1.0,697.53,2024-10-12 05:12:22,2024-10-12 05:29:22,2024-10-12 05:26:22,940.61,Card,8817.0
1525700767.0,61320989.0,890232.0,2.0,432.0,2023-05-29 00:08:08,2023-05-29 00:22:08,2023-05-29 00:37:08,4081.2,Cash,5999.0
7232692149.0,899941.0,681063.0,2.0,321.28,2023-12-01 20:28:51,2023-12-01 20:42:51,2023-12-01 20:46:51,1932.42,Wallet,3715.0
8556607504.0,68703613.0,194682.0,1.0,912.29,2024-02-20 06:35:03,2024-02-20 06:47:03,2024-02-20 06:48:03,1877.95,Card,3778.0
5841260317.0,65426878.0,478531.0,1.0,825.46,2023-04-28 19:29:03,2023-04-28 19:44:03,2023-04-28 19:58:03,3951.8,Cash,7582.0
9471427840.0,18935489.0,378230.0,3.0,166.42,2023-07-08 06:36:31,2023-07-08 06:55:31,2023-07-08 07:10:31,4352.3,Card,7378.0
2070610257.0,4386273.0,652118.0,2.0,22.04,2023-07-20 04:48:04,2023-07-20 05:08:04,2023-07-20 05:08:04,949.73,Card,1523.0
1884811437.0,24988999.0,762527.0,2.0,690.08,2023-03-21 20:07:38,2023-03-21 20:21:38,2023-03-21 20:16:38,665.98,Card,4546.0
5331747573.0,3588443.0,4452.0,2.0,169.88,2024-09-30 16:45:59,2024-09-30 16:58:59,2024-09-30 16:55:59,3589.43,Card,8840.0
9977285985.0,22321208.0,425341.0,3.0,486.28,2023-08-11 15:04:42,2023-08-11 15:18:42,2023-08-11 15:20:42,325.08,Cash,5920.0
1715175070.0,33706378.0,291238.0,3.0,746.03,2023-09-27 04:45:33,2023-09-27 05:03:33,2023-09-27 05:25:33,3786.34,Cash,514.0
4117790162.0,52770036.0,91670.0,3.0,439.24,2023-05-11 23:26:43,2023-05-11 23:36:43,2023-05-11 23:39:43,986.22,UPI,6341.0
9051644316.0,30447453.0,914071.0,3.0,296.94,2024-07-23 17:11:45,2024-07-23 17:31:45,2024-07-23 17:38:45,1636.36,Wallet,3116.0
4903335316.0,47822591.0,34186.0,2.0,925.65,2023-04-30 19:35:17,2023-04-30 19:51:17,2023-04-30 20:01:17,3090.86,UPI,3917.0
3341481363.0,43066953.0,435929.0,1.0,856.89,2023-11-22 02:15:41,2023-11-22 02:33:41,2023-11-22 02:49:41,2839.24,Cash,982.0
4074537770.0,2400009.0,361361.0,3.0,826.21,2024-04-30 07:00:27,2024-04-30 07:12:27,2024-04-30 07:16:27,871.22,Card,9861.0
5374589112.0,52409516.0,540618.0,2.0,317.05,2023-10-26 14:14:38,2023-10-26 14:31:38,2023-10-26 14:55:38,355.96,Cash,7583.0
6401406847.0,58152923.0,894539.0,3.0,445.48,2023-11-04 14:02:24,2023-11-04 14:14:24,2023-11-04 14:25:24,2125.71,Card,1286.0
698439139.0,75038062.0,677169.0,1.0,261.03,2024-09-07 07:06:30,2024-09-07 07:25:30,2024-09-07 07:23:30,5380.75,Card,5480.0
881367843.0,25221501.0,34200.0,2.0,319.8,2024-10-14 08:12:02,2024-10-14 08:22:02,2024-10-14 08:18:02,1830.88,Cash,4552.0
6438115781.0,43431724.0,563740.0,2.0,96.33,2023-10-29 13:27:38,2023-10-29 13:46:38,2023-10-29 13:46:38,2245.7,UPI,9657.0
1706198744.0,19425804.0,444361.0,2.0,822.63,2024-06-03 18:12:37,2024-06-03 18:30:37,2024-06-03 18:29:37,278.4,UPI,8416.0
3115167739.0,83304571.0,36412.0,1.0,397.68,2024-07-25 18:31:08,2024-07-25 18:43:08,2024-07-25 18:43:08,870.29,Card,8592.0
8608111158.0,75244116.0,652118.0,1.0,22.04,2023-04-14 02:39:54,2023-04-14 02:57:54,2023-04-14 03:06:54,4129.04,Cash,1407.0
8167540645.0,69925688.0,832348.0,2.0,831.43,2023-07-23 13:23:28,2023-07-23 13:35:28,2023-07-23 13:39:28,3873.68,Wallet,3251.0
898210033.0,28111842.0,490939.0,3.0,80.25,2024-06-13 03:42:15,2024-06-13 03:57:15,2024-06-13 03:55:15,3445.49,Cash,3478.0
5415454466.0,79369660.0,897083.0,2.0,972.69,2024-07-09 12:07:53,2024-07-09 12:19:53,2024-07-09 12:20:53,2422.42,Wallet,7347.0
9240312177.0,80862136.0,34186.0,3.0,925.65,2023-04-06 12:22:30,2023-04-06 12:41:30,2023-04-06 12:48:30,3134.86,Wallet,2892.0
4880265969.0,20163931.0,382511.0,2.0,702.54,2023-05-22 01:12:12,2023-05-22 01:32:12,2023-05-22 01:32:12,2341.08,UPI,1617.0
5056583192.0,27336589.0,945635.0,1.0,778.9,2023-11-30 05:07:39,2023-11-30 05:20:39,2023-11-30 05:16:39,61.79,Wallet,1035.0
1921412688.0,12338529.0,222892.0,2.0,869.22,2023-10-04 14:32:30,2023-10-04 14:48:30,2023-10-04 14:51:30,261.03,Cash,5163.0
5829741995.0,40434527.0,673058.0,3.0,765.76,2023-12-25 23:00:40,2023-12-25 23:10:40,2023-12-25 23:20:40,1906.86,Card,7172.0
9830742370.0,49806393.0,679284.0,1.0,877.89,2024-02-09 16:22:41,2024-02-09 16:32:41,2024-02-09 16:38:41,2223.88,Wallet,6927.0
509041342.0,91243571.0,679321.0,1.0,738.46,2024-01-05 15:09:52,2024-01-05 15:21:52,2024-01-05 15:21:52,2427.78,Cash,3455.0
8420144998.0,72164737.0,799688.0,1.0,309.62,2023-11-25 19:40:54,2023-11-25 19:50:54,2023-11-25 19:47:54,4216.31,Card,2908.0
7353766541.0,48418662.0,385113.0,1.0,816.38,2023-06-28 21:29:31,2023-06-28 21:43:31,2023-06-28 21:43:31,441.87,Cash,3214.0
8617979440.0,13604883.0,552496.0,1.0,508.0,2023-09-10 11:49:39,2023-09-10 11:59:39,2023-09-10 12:17:39,1827.78,Cash,5221.0
680476823.0,75739462.0,183929.0,3.0,738.74,2024-09-23 14:07:55,2024-09-23 14:23:55,2024-09-23 14:27:55,1205.62,Cash,7056.0
5424536852.0,18035010.0,123983.0,2.0,785.67,2024-08-18 12:18:21,2024-08-18 12:35:21,2024-08-18 12:37:21,3267.02,UPI,4945.0
1142004448.0,73735548.0,567671.0,1.0,418.48,2024-06-05 07:38:45,2024-06-05 07:54:45,2024-06-05 07:50:45,2117.45,Cash,9370.0
1814491335.0,27336589.0,34186.0,2.0,925.65,2024-02-24 07:45:16,2024-02-24 07:57:16,2024-02-24 08:10:16,3762.92,Wallet,2298.0
445929405.0,36885115.0,798639.0,1.0,211.25,2023-07-18 17:01:40,2023-07-18 17:19:40,2023-07-18 17:22:40,1363.04,Card,4644.0
3849003596.0,60300263.0,677169.0,3.0,261.03,2023-10-07 17:21:57,2023-10-07 17:31:57,2023-10-07 17:57:57,2568.24,Card,3531.0
6367757670.0,33617546.0,681063.0,1.0,321.28,2024-09-08 16:38:15,2024-09-08 16:48:15,2024-09-08 16:44:15,4428.29,Cash,3103.0
4925321106.0,77214094.0,820541.0,3.0,576.22,2024-02-04 06:25:26,2024-02-04 06:39:26,2024-02-04 06:40:26,3596.68,Wallet,6684.0
4463294381.0,44409533.0,654297.0,1.0,13.25,2023-12-31 22:50:47,2023-12-31 23:06:47,2023-12-31 23:21:47,3635.76,Wallet,5698.0
9077946933.0,81808190.0,487065.0,2.0,374.68,2024-04-19 15:31:52,2024-04-19 15:41:52,2024-04-19 15:50:52,4519.36,Wallet,7046.0
6688079478.0,57392064.0,462526.0,2.0,449.97,2024-04-18 12:12:45,2024-04-18 12:25:45,2024-04-18 12:23:45,53.49,Cash,4812.0
8712304346.0,40085705.0,537274.0,1.0,702.71,2023-06-10 02:41:49,2023-06-10 02:57:49,2023-06-10 02:52:49,4727.01,UPI,8169.0
3748957111.0,98088303.0,243235.0,3.0,109.03,2023-04-30 14:51:49,2023-04-30 15:09:49,2023-04-30 15:17:49,1499.45,Wallet,8507.0
2388792163.0,81160474.0,513199.0,2.0,422.23,2024-02-20 17:10:19,2024-02-20 17:27:19,2024-02-20 17:40:19,839.84,Wallet,380.0
2583035857.0,77220027.0,337168.0,1.0,545.49,2023-11-15 21:48:52,2023-11-15 21:59:52,2023-11-15 22:02:52,874.78,Wallet,2902.0
2649487718.0,81346291.0,557908.0,2.0,942.37,2024-03-01 14:00:21,2024-03-01 14:11:21,2024-03-01 14:15:21,549.47,Cash,4840.0
5936628691.0,47387512.0,888807.0,2.0,230.58,2023-10-01 11:20:21,2023-10-01 11:37:21,2023-10-01 11:49:21,2943.17,UPI,5691.0
7662682121.0,1562083.0,673058.0,3.0,765.76,2024-09-12 04:16:57,2024-09-12 04:29:57,2024-09-12 04:30:57,4222.73,Cash,1332.0
736115661.0,55971849.0,473929.0,1.0,440.19,2023-05-22 01:22:24,2023-05-22 01:40:24,2023-05-22 01:50:24,1710.16,Card,8347.0
2448741950.0,60757351.0,760684.0,1.0,71.6,2023-11-26 19:26:31,2023-11-26 19:42:31,2023-11-26 19:45:31,1534.86,Cash,202.0
9321629905.0,79206969.0,186168.0,1.0,878.8,2024-02-08 20:25:13,2024-02-08 20:36:13,2024-02-08 20:40:13,3273.05,UPI,2273.0
9020583379.0,9573071.0,317242.0,3.0,198.15,2023-06-20 18:08:01,2023-06-20 18:27:01,2023-06-20 18:29:01,2075.61,Cash,4382.0
2642275862.0,97419742.0,757274.0,3.0,98.32,2023-12-18 06:15:35,2023-12-18 06:28:35,2023-12-18 06:53:35,5086.75,UPI,542.0
6932431317.0,79206969.0,34186.0,1.0,925.65,2024-07-16 04:05:08,2024-07-16 04:22:08,2024-07-16 04:20:08,329.79,Wallet,3199.0
9126871366.0,67696145.0,154179.0,3.0,582.87,2023-05-18 08:44:54,2023-05-18 09:04:54,2023-05-18 09:20:54,3246.38,Card,2921.0
3244572785.0,60732869.0,563740.0,1.0,96.33,2024-01-16 21:22:55,2024-01-16 21:32:55,2024-01-16 21:57:55,491.21,Card,1991.0
6485432691.0,18082040.0,60619.0,3.0,726.41,2023-05-13 21:26:44,2023-05-13 21:38:44,2023-05-13 21:40:44,2635.54,UPI,9974.0
6047222755.0,78394303.0,681063.0,2.0,321.28,2023-09-23 06:45:31,2023-09-23 06:59:31,2023-09-23 06:58:31,4715.13,Card,9177.0
6167501412.0,20940403.0,600767.0,2.0,722.42,2024-01-24 23:43:14,2024-01-24 23:56:14,2024-01-25 00:23:14,2814.34,Wallet,1014.0
2052163872.0,20634789.0,376447.0,2.0,724.84,2023-06-21 22:30:22,2023-06-21 22:43:22,2023-06-21 22:43:22,819.82,Card,2177.0
7740339645.0,70170606.0,704868.0,2.0,193.46,2023-12-04 01:16:30,2023-12-04 01:32:30,2023-12-04 01:41:30,2054.08,Card,2146.0
2761855959.0,81541985.0,36412.0,3.0,397.68,2023-10-24 07:06:54,2023-10-24 07:17:54,2023-10-24 07:12:54,4023.54,Wallet,5899.0
8010347195.0,18935489.0,451812.0,2.0,530.85,2023-12-14 20:23:20,2023-12-14 20:35:20,2023-12-14 20:38:20,341.75,UPI,6055.0
2384153985.0,30285217.0,684939.0,3.0,727.95,2023-10-09 12:12:03,2023-10-09 12:22:03,2023-10-09 12:32:03,2168.39,Wallet,5184.0
3584794157.0,96253172.0,951463.0,2.0,787.4,2024-04-04 05:02:46,2024-04-04 05:20:46,2024-04-04 05:18:46,3902.46,Wallet,3719.0
8186709947.0,27604184.0,449106.0,3.0,48.55,2023-11-18 08:57:30,2023-11-18 09:16:30,2023-11-18 09:38:30,768.27,Wallet,6943.0
6027355216.0,17929886.0,144124.0,2.0,162.67,2023-06-27 20:49:55,2023-06-27 21:07:55,2023-06-27 21:08:55,2562.39,Card,8534.0
9823160533.0,51119088.0,451812.0,1.0,530.85,2024-06-05 05:16:03,2024-06-05 05:30:03,2024-06-05 05:35:03,1408.86,Wallet,3975.0
8694663463.0,12851610.0,186168.0,3.0,878.8,2024-01-16 01:11:41,2024-01-16 01:25:41,2024-01-16 01:23:41,1496.16,UPI,1316.0
1296772969.0,68703613.0,124290.0,3.0,39.65,2024-06-02 02:03:40,2024-06-02 02:13:40,2024-06-02 02:14:40,5662.12,UPI,5047.0
5856838171.0,55971849.0,652118.0,3.0,22.04,2023-12-20 18:25:40,2023-12-20 18:44:40,2023-12-20 19:09:40,3115.94,Wallet,1390.0
915473142.0,53636086.0,891833.0,1.0,493.19,2024-05-30 02:09:42,2024-05-30 02:24:42,2024-05-30 02:39:42,152.55,UPI,4295.0
6992097680.0,9450435.0,51036.0,2.0,931.61,2023-11-13 22:10:00,2023-11-13 22:21:00,2023-11-13 22:34:00,1214.18,Wallet,4273.0
6870670122.0,70529459.0,760828.0,3.0,563.45,2023-11-24 12:04:22,2023-11-24 12:15:22,2023-11-24 12:16:22,449.97,UPI,9539.0
6626994121.0,44223796.0,144124.0,2.0,162.67,2024-07-16 00:45:39,2024-07-16 00:57:39,2024-07-16 01:10:39,1769.65,Cash,8212.0
6125813500.0,44562310.0,784827.0,2.0,274.25,2023-07-23 17:17:56,2023-07-23 17:29:56,2023-07-23 17:41:56,3788.27,Cash,441.0
6899859775.0,33706378.0,606256.0,2.0,369.28,2024-04-30 16:35:18,2024-04-30 16:48:18,2024-04-30 16:51:18,3110.34,Wallet,9252.0
1825560091.0,41494867.0,82484.0,1.0,914.88,2024-01-31 20:57:35,2024-01-31 21:08:35,2024-01-31 21:13:35,422.14,Cash,2114.0
1320638425.0,36833857.0,490602.0,2.0,549.47,2023-04-26 21:53:58,2023-04-26 22:11:58,2023-04-26 22:11:58,3608.01,Card,4392.0
5320995509.0,81932548.0,140489.0,2.0,650.2,2023-06-12 09:16:12,2023-06-12 09:27:12,2023-06-12 09:32:12,4452.79,Wallet,9308.0
4249535395.0,50953418.0,714999.0,1.0,882.51,2023-03-25 11:21:29,2023-03-25 11:31:29,2023-03-25 11:26:29,1566.19,Card,6866.0
804881381.0,44269569.0,382511.0,2.0,702.54,2024-05-26 10:00:47,2024-05-26 10:18:47,2024-05-26 10:14:47,321.33,UPI,6978.0
4858560187.0,55028958.0,859361.0,1.0,432.39,2023-10-21 20:23:10,2023-10-21 20:43:10,2023-10-21 20:47:10,1018.81,Cash,7344.0
6425666148.0,24144240.0,6405.0,3.0,236.51,2023-08-07 20:54:37,2023-08-07 21:05:37,2023-08-07 21:01:37,1967.25,Wallet,8114.0
9021754099.0,23844919.0,60619.0,2.0,726.41,2024-08-01 02:27:31,2024-08-01 02:38:31,2024-08-01 02:40:31,3472.43,Wallet,3228.0
7728205680.0,46023497.0,687218.0,3.0,317.82,2024-06-15 21:30:18,2024-06-15 21:48:18,2024-06-15 21:48:18,325.08,Cash,5959.0
9346166799.0,62416456.0,120532.0,3.0,697.53,2024-10-23 00:20:31,2024-10-23 00:38:31,2024-10-23 00:45:31,1896.99,Card,781.0
3377313085.0,89036169.0,897083.0,3.0,972.69,2023-09-23 23:16:58,2023-09-23 23:34:58,2023-09-23 23:41:58,2044.47,UPI,2496.0
8167716321.0,73392739.0,52729.0,2.0,316.02,2024-05-02 03:12:20,2024-05-02 03:23:20,2024-05-02 03:23:20,3448.04,Cash,5231.0
2024637181.0,29451600.0,784827.0,3.0,274.25,2023-06-04 21:26:10,2023-06-04 21:39:10,2023-06-04 21:40:10,2241.49,Cash,9002.0
9310630290.0,64162093.0,563740.0,3.0,96.33,2023-10-04 06:35:01,2023-10-04 06:54:01,2023-10-04 06:52:01,2003.29,Cash,4115.0
2276505075.0,12769552.0,449106.0,1.0,48.55,2024-07-05 13:41:54,2024-07-05 13:51:54,2024-07-05 13:51:54,2169.15,UPI,28.0
6615188116.0,49529811.0,803607.0,1.0,949.73,2023-08-30 13:03:42,2023-08-30 13:22:42,2023-08-30 13:27:42,1531.68,Wallet,9663.0
6858336318.0,92027021.0,883013.0,1.0,989.88,2024-06-29 07:32:32,2024-06-29 07:48:32,2024-06-29 07:46:32,160.07,Cash,5222.0
7601638642.0,32426778.0,968887.0,2.0,40.7,2024-09-10 06:07:31,2024-09-10 06:23:31,2024-09-10 06:39:31,4827.19,Card,6401.0
1191565627.0,51661209.0,820973.0,3.0,114.52,2023-11-04 12:01:36,2023-11-04 12:20:36,2023-11-04 12:16:36,1760.51,UPI,8835.0
4785021992.0,91144803.0,721521.0,1.0,417.39,2023-12-20 12:11:37,2023-12-20 12:30:37,2023-12-20 12:35:37,3562.88,Wallet,7921.0
3452964753.0,49449238.0,757274.0,1.0,98.32,2024-06-15 18:53:44,2024-06-15 19:09:44,2024-06-15 19:13:44,3713.57,Card,4866.0
3490919801.0,85198177.0,537274.0,1.0,702.71,2023-10-18 06:51:41,2023-10-18 07:08:41,2023-10-18 07:06:41,801.81,Cash,8709.0
105578518.0,38615653.0,329351.0,3.0,310.87,2024-03-03 01:59:51,2024-03-03 02:13:51,2024-03-03 02:27:51,1034.16,Cash,3362.0
2978719561.0,11478478.0,144124.0,3.0,162.67,2023-11-09 09:33:50,2023-11-09 09:53:50,2023-11-09 10:00:50,3000.58,Card,7396.0
9979010790.0,13465850.0,914071.0,1.0,296.94,2024-02-13 01:25:09,2024-02-13 01:36:09,2024-02-13 01:46:09,415.75,UPI,6979.0
4435636116.0,93018527.0,366066.0,1.0,918.58,2023-04-07 14:02:46,2023-04-07 14:22:46,2023-04-07 14:20:46,552.2,Wallet,1997.0
5909879259.0,82594354.0,949818.0,2.0,483.05,2024-08-06 19:17:03,2024-08-06 19:31:03,2024-08-06 19:42:03,786.1,Card,4123.0
2686390867.0,45071436.0,903336.0,2.0,551.88,2024-02-04 17:00:23,2024-02-04 17:17:23,2024-02-04 17:15:23,397.55,Card,6752.0
6698537000.0,52770036.0,131748.0,1.0,81.35,2024-01-16 05:36:12,2024-01-16 05:55:12,2024-01-16 05:54:12,2179.27,Card,9810.0
4395604675.0,53076417.0,914071.0,2.0,296.94,2023-11-11 10:55:29,2023-11-11 11:11:29,2023-11-11 11:18:29,1878.33,UPI,3185.0
3475041787.0,34425723.0,712003.0,1.0,671.68,2024-07-27 12:46:39,2024-07-27 13:00:39,2024-07-27 13:14:39,890.42,UPI,2344.0
5817989751.0,72366758.0,687218.0,3.0,317.82,2023-11-22 11:36:54,2023-11-22 11:48:54,2023-11-22 11:49:54,1730.17,Wallet,2507.0
1433129858.0,43256928.0,647462.0,1.0,326.42,2024-05-27 14:45:47,2024-05-27 14:57:47,2024-05-27 14:52:47,481.63,UPI,8177.0
3571922553.0,69364309.0,137909.0,3.0,864.3,2024-01-04 14:09:50,2024-01-04 14:22:50,2024-01-04 14:26:50,2999.67,Cash,6288.0
7940229189.0,50632192.0,52729.0,1.0,316.02,2024-03-20 21:38:09,2024-03-20 21:49:09,2024-03-20 22:06:09,481.63,Wallet,6133.0
3801240688.0,18256339.0,313754.0,3.0,136.6,2024-08-26 00:46:08,2024-08-26 01:02:08,2024-08-26 01:02:08,1441.45,Card,123.0
1295268290.0,70168151.0,952124.0,1.0,127.08,2024-02-16 22:34:18,2024-02-16 22:53:18,2024-02-16 22:50:18,3522.38,Cash,3039.0
4552636670.0,74313592.0,120385.0,3.0,597.91,2024-08-12 17:56:50,2024-08-12 18:16:50,2024-08-12 18:19:50,2002.09,UPI,5564.0
6805071689.0,87266309.0,82484.0,3.0,914.88,2024-03-30 04:50:39,2024-03-30 05:06:39,2024-03-30 05:29:39,1190.62,UPI,1183.0
8026827967.0,49371494.0,9436.0,1.0,88.43,2023-06-17 22:28:55,2023-06-17 22:41:55,2023-06-17 22:41:55,878.8,Wallet,9216.0
6417774057.0,22800586.0,739534.0,3.0,994.56,2024-03-06 18:58:23,2024-03-06 19:14:23,2024-03-06 19:20:23,3376.87,Wallet,9385.0
7877665931.0,35434373.0,354409.0,3.0,325.08,2023-12-24 09:20:20,2023-12-24 09:34:20,2023-12-24 09:39:20,722.42,Card,6726.0
7754237266.0,75836905.0,51036.0,2.0,931.61,2023-05-09 13:29:26,2023-05-09 13:48:26,2023-05-09 13:46:26,445.48,Card,5897.0
7985418058.0,35302195.0,760684.0,2.0,71.6,2024-09-10 03:53:21,2024-09-10 04:10:21,2024-09-10 04:10:21,672.73,Card,184.0
5287733777.0,84066402.0,667163.0,3.0,441.2,2024-10-24 16:14:26,2024-10-24 16:30:26,2024-10-24 16:28:26,1654.07,Card,1389.0
7112725384.0,21658322.0,319388.0,1.0,657.8,2024-02-10 07:50:22,2024-02-10 08:03:22,2024-02-10 08:03:22,211.25,Wallet,5956.0
6261926473.0,50760752.0,455083.0,2.0,959.01,2024-06-16 19:05:12,2024-06-16 19:17:12,2024-06-16 19:13:12,2714.81,Card,1195.0
1495465938.0,5607734.0,913428.0,2.0,392.22,2023-10-15 07:21:32,2023-10-15 07:38:32,2023-10-15 07:43:32,3767.45,UPI,4249.0
7891205593.0,10562528.0,490939.0,2.0,80.25,2024-07-14 17:41:11,2024-07-14 18:00:11,2024-07-14 17:56:11,1348.96,Wallet,5316.0
924888012.0,79298972.0,39154.0,2.0,946.86,2024-03-10 08:27:01,2024-03-10 08:47:01,2024-03-10 08:57:01,843.03,UPI,9609.0
943278538.0,22227829.0,812607.0,2.0,416.65,2024-04-06 05:24:47,2024-04-06 05:37:47,2024-04-06 06:04:47,4369.44,Wallet,5145.0
9981950902.0,39153585.0,284460.0,1.0,505.95,2024-07-28 05:46:17,2024-07-28 05:59:17,2024-07-28 06:04:17,941.19,UPI,7848.0
7769253886.0,8351747.0,760828.0,1.0,563.45,2023-09-25 23:30:12,2023-09-25 23:50:12,2023-09-25 23:55:12,4065.3,UPI,6028.0
9350977708.0,41874489.0,739448.0,2.0,755.66,2023-08-18 05:23:32,2023-08-18 05:33:32,2023-08-18 05:32:32,2004.57,UPI,6351.0
4525211942.0,30317733.0,490939.0,1.0,80.25,2024-06-24 23:32:24,2024-06-24 23:51:24,2024-06-24 23:50:24,2234.58,Cash,7393.0
7232049635.0,79916464.0,300159.0,2.0,44.35,2023-03-25 15:49:28,2023-03-25 16:07:28,2023-03-25 16:02:28,2379.3,Card,5119.0
679546532.0,72942753.0,136533.0,2.0,826.21,2024-05-28 16:58:25,2024-05-28 17:17:25,2024-05-28 17:26:25,3679.63,UPI,8974.0
4665187954.0,97739583.0,337168.0,1.0,545.49,2024-04-03 05:13:47,2024-04-03 05:33:47,2024-04-03 05:30:47,340.66,Wallet,2639.0
3914760118.0,61877649.0,153019.0,1.0,947.95,2023-03-21 20:18:23,2023-03-21 20:29:23,2023-03-21 20:30:23,2930.6,Wallet,1101.0
155568486.0,36517334.0,807452.0,1.0,144.19,2023-12-26 04:56:10,2023-12-26 05:07:10,2023-12-26 05:09:10,936.98,UPI,3309.0
3773972929.0,26752630.0,669378.0,1.0,212.14,2023-10-19 11:20:42,2023-10-19 11:35:42,2023-10-19 11:34:42,297.68,Card,263.0
2168808412.0,91382237.0,378287.0,2.0,332.84,2023-05-23 10:16:42,2023-05-23 10:36:42,2023-05-23 10:50:42,1185.57,UPI,9712.0
7697315553.0,49769532.0,692985.0,1.0,197.39,2023-12-10 02:54:11,2023-12-10 03:13:11,2023-12-10 03:16:11,3321.85,UPI,4656.0
804414742.0,42781544.0,707935.0,3.0,820.9,2024-07-15 21:18:58,2024-07-15 21:34:58,2024-07-15 21:46:58,3378.21,Cash,8163.0
918328199.0,60656482.0,970529.0,2.0,827.44,2023-12-18 01:55:01,2023-12-18 02:05:01,2023-12-18 02:16:01,1095.57,Card,9479.0
3084493525.0,32527479.0,219598.0,1.0,367.08,2023-04-11 18:46:37,2023-04-11 19:06:37,2023-04-11 19:08:37,1922.46,Cash,8205.0
8047256000.0,17805991.0,721521.0,1.0,417.39,2024-08-08 20:00:24,2024-08-08 20:12:24,2024-08-08 20:23:24,1862.31,Card,8179.0
5176597414.0,80875034.0,6405.0,2.0,236.51,2024-01-25 04:34:04,2024-01-25 04:46:04,2024-01-25 04:54:04,1723.93,Wallet,7307.0
110303417.0,57566548.0,654623.0,3.0,422.14,2024-05-24 01:48:07,2024-05-24 02:08:07,2024-05-24 02:08:07,2258.29,Wallet,7725.0
1809212176.0,50105174.0,818522.0,2.0,96.09,2023-04-08 09:17:28,2023-04-08 09:36:28,2023-04-08 09:32:28,4454.66,Card,133.0
1765001264.0,1697604.0,654623.0,1.0,422.14,2023-07-06 11:02:35,2023-07-06 11:13:35,2023-07-06 11:40:35,412.53,UPI,3190.0
4220306391.0,44139071.0,537274.0,1.0,702.71,2024-01-08 04:39:13,2024-01-08 04:51:13,2024-01-08 05:03:13,1587.88,UPI,377.0
1275637731.0,20148223.0,137909.0,1.0,864.3,2023-12-21 10:41:16,2023-12-21 10:53:16,2023-12-21 11:14:16,786.85,UPI,9107.0
7729557529.0,59252433.0,961614.0,1.0,227.22,2024-09-24 10:49:23,2024-09-24 11:08:23,2024-09-24 11:11:23,2146.47,Wallet,5486.0
9279017414.0,60495351.0,131937.0,1.0,287.81,2023-05-29 14:59:48,2023-05-29 15:09:48,2023-05-29 15:10:48,1476.41,UPI,8954.0
8726185624.0,57505804.0,712003.0,2.0,671.68,2024-09-25 20:16:31,2024-09-25 20:26:31,2024-09-25 20:31:31,3851.22,Card,9750.0
3192177869.0,59252433.0,677542.0,3.0,212.61,2024-08-10 04:21:42,2024-08-10 04:39:42,2024-08-10 04:36:42,168.09,Cash,9579.0
5033541164.0,32987624.0,969851.0,3.0,340.66,2024-05-26 04:28:43,2024-05-26 04:39:43,2024-05-26 04:57:43,950.94,Cash,194.0
4495977117.0,61753272.0,378287.0,2.0,332.84,2023-05-02 10:10:23,2023-05-02 10:23:23,2023-05-02 10:35:23,2663.89,Card,8009.0
8866977450.0,97509888.0,564692.0,1.0,215.65,2024-09-03 09:15:50,2024-09-03 09:31:50,2024-09-03 09:32:50,735.43,Wallet,2841.0
7542030170.0,49371494.0,77308.0,3.0,223.27,2023-12-21 00:30:48,2023-12-21 00:45:48,2023-12-21 00:45:48,1247.39,Cash,8206.0
8782031586.0,23982977.0,820541.0,3.0,576.22,2024-06-19 19:08:21,2024-06-19 19:21:21,2024-06-19 19:28:21,1485.74,Wallet,1796.0
7177553918.0,10048910.0,425341.0,1.0,486.28,2023-03-31 22:05:28,2023-03-31 22:17:28,2023-03-31 22:31:28,1381.29,Card,9833.0
9157563215.0,89142848.0,77308.0,1.0,223.27,2023-05-31 20:34:28,2023-05-31 20:46:28,2023-05-31 20:45:28,2075.02,Card,7019.0
989452284.0,79773912.0,51036.0,2.0,931.61,2024-07-07 22:13:41,2024-07-07 22:23:41,2024-07-07 22:25:41,551.88,Wallet,9884.0
9972678893.0,45033270.0,305754.0,2.0,979.99,2024-08-13 07:23:10,2024-08-13 07:42:10,2024-08-13 07:42:10,3702.6,Wallet,7171.0
8561203503.0,6390687.0,937542.0,1.0,97.04,2024-04-14 05:13:07,2024-04-14 05:23:07,2024-04-14 05:20:07,2766.81,Wallet,2325.0
1388300707.0,84824280.0,848226.0,2.0,209.59,2024-04-08 21:53:05,2024-04-08 22:12:05,2024-04-08 22:16:05,3998.46,UPI,6018.0
4054816025.0,29584848.0,876139.0,3.0,415.75,2024-07-19 14:29:26,2024-07-19 14:49:26,2024-07-19 14:51:26,2422.3,UPI,4274.0
9943206333.0,12851610.0,378287.0,2.0,332.84,2023-03-22 09:47:17,2023-03-22 09:57:17,2023-03-22 10:01:17,918.65,Wallet,2694.0
3948498236.0,35402531.0,136533.0,2.0,826.21,2024-08-30 05:15:03,2024-08-30 05:34:03,2024-08-30 05:43:03,2174.34,Card,3973.0
8096169523.0,66768157.0,739448.0,3.0,755.66,2024-09-15 05:37:55,2024-09-15 05:52:55,2024-09-15 05:55:55,2160.02,UPI,9286.0
8803091944.0,11228463.0,697683.0,2.0,123.74,2024-05-18 03:11:30,2024-05-18 03:24:30,2024-05-18 03:19:30,3598.91,UPI,1496.0
7409519974.0,60834500.0,679284.0,2.0,877.89,2024-01-16 21:25:18,2024-01-16 21:41:18,2024-01-16 21:42:18,4040.13,Wallet,3913.0
456278500.0,62526567.0,525531.0,1.0,831.1,2024-05-06 16:13:15,2024-05-06 16:27:15,2024-05-06 16:39:15,2591.57,Cash,9627.0
9912965340.0,95309983.0,153019.0,1.0,947.95,2023-08-20 17:16:27,2023-08-20 17:31:27,2023-08-20 17:59:27,4366.97,Wallet,7496.0
2802653261.0,9987182.0,455083.0,3.0,959.01,2024-10-07 16:33:53,2024-10-07 16:47:53,2024-10-07 16:43:53,1481.99,UPI,1650.0
8629948751.0,97678578.0,901144.0,1.0,340.36,2023-08-31 14:56:32,2023-08-31 15:08:32,2023-08-31 15:14:32,2006.53,Card,2313.0
9169008097.0,98625898.0,196719.0,1.0,217.5,2024-05-18 09:23:08,2024-05-18 09:37:08,2024-05-18 09:42:08,2432.06,Wallet,4039.0
3186513319.0,3730316.0,492958.0,1.0,84.2,2023-04-14 00:08:38,2023-04-14 00:19:38,2023-04-14 00:28:38,83.18,UPI,4043.0
8837578937.0,28663279.0,33797.0,1.0,888.12,2023-08-14 08:55:19,2023-08-14 09:06:19,2023-08-14 09:07:19,3480.43,Cash,2219.0
1468095888.0,37691544.0,455083.0,1.0,959.01,2023-06-17 06:09:04,2023-06-17 06:24:04,2023-06-17 06:19:04,4034.72,Cash,5684.0
3055120492.0,408590.0,604184.0,2.0,397.55,2023-12-19 16:33:47,2023-12-19 16:53:47,2023-12-19 17:03:47,1217.39,Wallet,5237.0
6083457185.0,80571942.0,57405.0,3.0,607.67,2024-08-19 20:34:04,2024-08-19 20:54:04,2024-08-19 20:58:04,923.43,Wallet,6370.0
7154956248.0,22112867.0,313754.0,2.0,136.6,2023-07-17 19:48:59,2023-07-17 20:02:59,2023-07-17 19:58:59,801.47,Wallet,4761.0
246971181.0,376144.0,901144.0,1.0,340.36,2023-07-30 14:12:21,2023-07-30 14:32:21,2023-07-30 14:34:21,3266.0,UPI,3131.0
2452915406.0,96806748.0,890232.0,3.0,432.0,2024-07-17 12:29:12,2024-07-17 12:43:12,2024-07-17 12:46:12,2169.36,Cash,1892.0
9458183390.0,88203688.0,361361.0,2.0,826.21,2023-03-17 01:19:51,2023-03-17 01:39:51,2023-03-17 01:37:51,1507.92,Wallet,5900.0
576571858.0,26285589.0,114414.0,3.0,832.06,2024-09-23 05:09:07,2024-09-23 05:25:07,2024-09-23 05:26:07,4080.28,Card,137.0
9544803182.0,31410886.0,807452.0,2.0,144.19,2024-03-27 02:35:21,2024-03-27 02:53:21,2024-03-27 02:55:21,2272.72,Cash,7922.0
2121652047.0,65815155.0,962054.0,3.0,16.86,2024-02-03 18:01:48,2024-02-03 18:13:48,2024-02-03 18:30:48,1734.01,UPI,7863.0
8891725854.0,13871547.0,120532.0,3.0,697.53,2023-05-16 21:08:18,2023-05-16 21:23:18,2023-05-16 21:22:18,2149.76,Wallet,1423.0
4870772869.0,78903046.0,669378.0,1.0,212.14,2024-03-31 08:14:25,2024-03-31 08:25:25,2024-03-31 08:26:25,2385.36,Wallet,75.0
262562615.0,12059049.0,264803.0,3.0,995.98,2023-04-09 04:43:09,2023-04-09 04:55:09,2023-04-09 04:59:09,2066.5,Wallet,4716.0
5142912812.0,57642258.0,324809.0,1.0,608.0,2023-11-16 22:10:43,2023-11-16 22:28:43,2023-11-16 22:48:43,2175.4,Cash,6494.0
1225289500.0,70529459.0,378230.0,2.0,166.42,2024-03-31 21:51:15,2024-03-31 22:04:15,2024-03-31 22:07:15,3663.25,Wallet,8199.0
7337555525.0,44223796.0,537274.0,1.0,702.71,2024-03-09 19:28:58,2024-03-09 19:48:58,2024-03-09 19:49:58,3036.62,Card,5013.0
5719806088.0,42012717.0,272170.0,2.0,140.8,2024-01-08 13:30:35,2024-01-08 13:50:35,2024-01-08 13:55:35,1759.81,Card,1096.0
6890191424.0,57360162.0,154179.0,3.0,582.87,2024-06-13 00:43:50,2024-06-13 00:57:50,2024-06-13 01:03:50,760.54,Wallet,5646.0
5695198653.0,29562254.0,557908.0,2.0,942.37,2024-09-20 01:17:54,2024-09-20 01:36:54,2024-09-20 01:38:54,572.4,UPI,5437.0
482670263.0,9641623.0,621677.0,2.0,317.8,2024-06-05 04:40:12,2024-06-05 05:00:12,2024-06-05 04:59:12,835.53,Cash,459.0
7857904467.0,97286925.0,953175.0,1.0,225.21,2023-04-25 12:40:49,2023-04-25 12:55:49,2023-04-25 12:56:49,888.12,UPI,3956.0
614435661.0,73586244.0,578097.0,2.0,267.61,2023-08-01 21:25:47,2023-08-01 21:44:47,2023-08-01 21:48:47,1266.44,Cash,8306.0
2284551326.0,68063317.0,257719.0,1.0,281.73,2023-10-07 04:36:46,2023-10-07 04:55:46,2023-10-07 04:57:46,207.41,Cash,6910.0
8614991290.0,57566548.0,642612.0,2.0,517.03,2024-10-17 13:13:23,2024-10-17 13:33:23,2024-10-17 13:54:23,96.33,Wallet,1674.0
9865566300.0,61753272.0,753354.0,2.0,423.56,2023-11-28 02:35:37,2023-11-28 02:46:37,2023-11-28 02:53:37,2566.27,UPI,7265.0
6672582413.0,82359623.0,11422.0,2.0,127.16,2024-06-13 22:04:02,2024-06-13 22:22:02,2024-06-13 22:36:02,1020.03,UPI,636.0
3004834987.0,91590001.0,604184.0,3.0,397.55,2023-10-12 02:21:02,2023-10-12 02:36:02,2023-10-12 02:31:02,1849.28,Card,1413.0
4486349175.0,45481936.0,566052.0,3.0,87.3,2024-04-20 01:10:08,2024-04-20 01:29:08,2024-04-20 01:34:08,2577.5,Cash,6903.0
3098655541.0,69908484.0,697683.0,2.0,123.74,2023-05-06 06:44:37,2023-05-06 07:03:37,2023-05-06 07:07:37,680.53,Wallet,2969.0
1912293606.0,49433260.0,124290.0,3.0,39.65,2024-07-17 19:35:11,2024-07-17 19:47:11,2024-07-17 19:49:11,2522.33,Card,8233.0
7465280557.0,26863280.0,689769.0,3.0,46.62,2024-03-13 13:22:12,2024-03-13 13:35:12,2024-03-13 13:40:12,3881.99,Cash,327.0
343050015.0,72263318.0,146840.0,2.0,786.85,2023-04-21 06:20:18,2023-04-21 06:40:18,2023-04-21 07:01:18,1163.49,Cash,3952.0
6414606364.0,70867736.0,723678.0,2.0,675.46,2024-01-26 04:48:08,2024-01-26 05:05:08,2024-01-26 05:06:08,1615.25,Cash,5693.0
4092550629.0,50572914.0,264803.0,1.0,995.98,2023-04-09 16:19:33,2023-04-09 16:30:33,2023-04-09 16:30:33,1925.24,Wallet,6204.0
9810964144.0,51476157.0,542300.0,1.0,255.35,2024-02-08 19:57:13,2024-02-08 20:11:13,2024-02-08 20:10:13,517.03,Wallet,6274.0
6513851276.0,99160348.0,491314.0,2.0,973.44,2023-08-24 15:43:08,2023-08-24 15:58:08,2023-08-24 16:10:08,722.42,Wallet,4078.0
6080784069.0,39418109.0,487065.0,2.0,374.68,2023-07-19 11:42:13,2023-07-19 11:58:13,2023-07-19 12:07:13,3940.75,Wallet,2830.0
1967283733.0,15796277.0,897083.0,1.0,972.69,2023-08-01 07:09:08,2023-08-01 07:20:08,2023-08-01 07:35:08,1589.89,Cash,4047.0
2683672396.0,89617089.0,36412.0,2.0,397.68,2023-08-27 04:49:33,2023-08-27 05:02:33,2023-08-27 04:58:33,2073.99,Card,6550.0
1464736195.0,15830066.0,425341.0,1.0,486.28,2024-08-23 16:05:00,2024-08-23 16:17:00,2024-08-23 16:27:00,692.32,Wallet,1345.0
3258963661.0,20343501.0,644847.0,1.0,622.81,2024-05-17 08:00:34,2024-05-17 08:14:34,2024-05-17 08:11:34,3903.48,Wallet,8685.0
9956872454.0,41874489.0,11422.0,1.0,127.16,2023-11-20 05:11:37,2023-11-20 05:23:37,2023-11-20 05:38:37,5294.27,Card,1949.0
867630114.0,30373140.0,123983.0,2.0,785.67,2023-06-26 18:24:36,2023-06-26 18:38:36,2023-06-26 18:38:36,2680.19,Wallet,6095.0
3333752740.0,84862161.0,70969.0,2.0,631.7,2023-07-10 16:58:53,2023-07-10 17:14:53,2023-07-10 17:09:53,397.55,UPI,3006.0
4835197446.0,72889295.0,492958.0,2.0,84.2,2024-01-02 08:08:22,2024-01-02 08:26:22,2024-01-02 08:29:22,1255.62,Wallet,7618.0
1888517793.0,42514124.0,329351.0,2.0,310.87,2023-10-02 06:38:37,2023-10-02 06:55:37,2023-10-02 06:58:37,828.44,Wallet,7834.0
5148599328.0,28350645.0,871592.0,2.0,870.29,2024-05-07 13:36:19,2024-05-07 13:47:19,2024-05-07 13:58:19,97.04,UPI,8401.0
3405089431.0,96629034.0,491314.0,2.0,973.44,2024-02-23 15:28:21,2024-02-23 15:45:21,2024-02-23 15:58:21,2479.65,Card,2300.0
9286199495.0,5751638.0,647462.0,1.0,326.42,2023-09-10 20:57:55,2023-09-10 21:08:55,2023-09-10 21:10:55,813.3,Wallet,5262.0
6418255337.0,63948546.0,154179.0,1.0,582.87,2024-02-13 17:53:34,2024-02-13 18:06:34,2024-02-13 18:06:34,3894.81,Wallet,6584.0
7442478777.0,28289030.0,222892.0,3.0,869.22,2023-10-17 08:13:55,2023-10-17 08:25:55,2023-10-17 08:22:55,2429.09,Cash,4607.0
5170777528.0,31537100.0,679284.0,2.0,877.89,2023-05-01 09:41:09,2023-05-01 09:59:09,2023-05-01 10:02:09,1207.56,UPI,5244.0
1255941187.0,38420886.0,478531.0,3.0,825.46,2024-02-10 06:00:03,2024-02-10 06:14:03,2024-02-10 06:27:03,2307.21,Wallet,5839.0
4704980993.0,119099.0,564692.0,1.0,215.65,2024-05-24 04:11:09,2024-05-24 04:22:09,2024-05-24 04:34:09,3153.02,Wallet,4325.0
7310604669.0,93617659.0,183929.0,1.0,738.74,2023-07-09 06:12:54,2023-07-09 06:28:54,2023-07-09 06:37:54,4342.7,Card,8079.0
7970608721.0,60385293.0,839170.0,1.0,481.63,2024-01-31 06:43:27,2024-01-31 07:00:27,2024-01-31 07:14:27,4153.66,UPI,7364.0
3164727163.0,20956158.0,542300.0,1.0,255.35,2023-05-09 08:30:24,2023-05-09 08:48:24,2023-05-09 08:54:24,1185.06,Cash,8379.0
2388064449.0,34237583.0,473929.0,3.0,440.19,2024-05-26 06:10:19,2024-05-26 06:22:19,2024-05-26 06:27:19,3393.04,Card,4671.0
757816226.0,22571994.0,14145.0,3.0,630.84,2023-03-16 14:07:42,2023-03-16 14:24:42,2023-03-16 14:42:42,1308.05,Wallet,3870.0
259772553.0,2566268.0,34200.0,2.0,319.8,2023-09-27 02:09:15,2023-09-27 02:25:15,2023-09-27 02:23:15,881.42,Card,7872.0
8388644219.0,4444673.0,9436.0,1.0,88.43,2024-04-21 09:50:41,2024-04-21 10:05:41,2024-04-21 10:02:41,491.39,Card,3927.0
1545044936.0,77921718.0,329351.0,1.0,310.87,2023-08-24 23:36:46,2023-08-24 23:50:46,2023-08-24 23:54:46,1686.14,Cash,975.0
6995571310.0,81200164.0,336847.0,1.0,936.98,2024-03-24 07:14:59,2024-03-24 07:24:59,2024-03-24 07:22:59,2773.23,UPI,8811.0
8801161214.0,9107360.0,313754.0,3.0,136.6,2024-04-11 01:56:50,2024-04-11 02:15:50,2024-04-11 02:19:50,1367.02,UPI,9278.0
1751319400.0,98307019.0,561860.0,2.0,874.78,2024-06-25 10:54:04,2024-06-25 11:09:04,2024-06-25 11:09:04,4146.0,Card,1178.0
10448052.0,90021871.0,945635.0,2.0,778.9,2023-08-05 10:01:05,2023-08-05 10:21:05,2023-08-05 10:26:05,1228.86,UPI,1064.0
3047076079.0,65895091.0,723678.0,1.0,675.46,2023-05-22 08:29:28,2023-05-22 08:47:28,2023-05-22 08:43:28,881.42,Card,559.0
5085860780.0,64316806.0,513199.0,3.0,422.23,2023-12-13 18:19:00,2023-12-13 18:39:00,2023-12-13 18:34:00,697.53,Cash,1364.0
6213909425.0,42208242.0,455083.0,3.0,959.01,2023-12-05 21:06:09,2023-12-05 21:21:09,2023-12-05 21:23:09,4991.59,Cash,2757.0
3712789789.0,20634789.0,455755.0,2.0,44.09,2024-02-02 19:52:03,2024-02-02 20:03:03,2024-02-02 20:05:03,2294.43,Wallet,2443.0
278794976.0,94137242.0,378676.0,3.0,881.42,2023-03-18 11:29:14,2023-03-18 11:46:14,2023-03-18 11:50:14,3325.87,Cash,109.0
3420357591.0,86444757.0,365133.0,1.0,915.45,2024-07-10 22:01:15,2024-07-10 22:14:15,2024-07-10 22:11:15,4924.02,Card,4085.0
4551386734.0,62807542.0,951463.0,3.0,787.4,2023-03-18 00:29:58,2023-03-18 00:46:58,2023-03-18 00:59:58,1974.67,Card,6471.0
7609681987.0,22076522.0,365132.0,1.0,229.38,2023-10-16 15:03:06,2023-10-16 15:14:06,2023-10-16 15:18:06,4177.05,Card,827.0
1721655048.0,79742293.0,589812.0,1.0,163.03,2024-04-15 13:33:03,2024-04-15 13:45:03,2024-04-15 13:53:03,2644.87,Wallet,1036.0
7040151151.0,5540556.0,94225.0,3.0,77.11,2023-03-28 16:54:25,2023-03-28 17:07:25,2023-03-28 17:07:25,3174.92,Cash,8992.0
6719661881.0,48716374.0,140154.0,1.0,171.2,2023-05-13 04:58:22,2023-05-13 05:13:22,2023-05-13 05:13:22,2911.6,Wallet,5692.0
5195004299.0,50632192.0,567671.0,3.0,418.48,2024-01-09 06:37:07,2024-01-09 06:57:07,2024-01-09 07:02:07,1214.72,Card,3246.0
5441946621.0,40256341.0,859361.0,1.0,432.39,2024-02-01 07:51:45,2024-02-01 08:08:45,2024-02-01 08:27:45,1477.71,Card,4464.0
3508992095.0,32293017.0,734789.0,2.0,395.82,2023-12-09 10:01:52,2023-12-09 10:17:52,2023-12-09 10:44:52,2024.65,Card,3494.0
8454449180.0,79672044.0,324809.0,1.0,608.0,2024-02-18 20:51:31,2024-02-18 21:10:31,2024-02-18 21:18:31,229.38,Cash,5571.0
9251851237.0,94453274.0,993331.0,3.0,102.44,2023-11-25 13:43:03,2023-11-25 13:58:03,2023-11-25 14:02:03,3102.6,Cash,9301.0
6739811103.0,9981089.0,256783.0,3.0,906.54,2024-01-01 22:52:54,2024-01-01 23:10:54,2024-01-01 23:14:54,1098.44,Card,6544.0
7590827828.0,40703374.0,661577.0,3.0,720.95,2023-11-05 23:49:25,2023-11-06 00:00:25,2023-11-05 23:59:25,1527.05,UPI,8893.0
310213322.0,12077371.0,880510.0,2.0,951.43,2023-09-30 04:27:12,2023-09-30 04:38:12,2023-09-30 04:46:12,3179.91,UPI,4253.0
934908369.0,53299455.0,324809.0,2.0,608.0,2024-08-15 12:33:04,2024-08-15 12:50:04,2024-08-15 12:54:04,692.8,Card,9234.0
3817617199.0,29525287.0,712003.0,1.0,671.68,2024-08-28 00:19:42,2024-08-28 00:33:42,2024-08-28 01:00:42,2583.68,UPI,3597.0
2622709030.0,50781611.0,968887.0,3.0,40.7,2024-07-11 12:45:49,2024-07-11 13:04:49,2024-07-11 13:28:49,1796.1,Cash,3256.0
3843689992.0,3730316.0,36412.0,2.0,397.68,2024-10-13 13:52:50,2024-10-13 14:06:50,2024-10-13 14:09:50,2378.76,UPI,8575.0
8732395640.0,26285589.0,448752.0,1.0,160.07,2024-03-17 13:44:38,2024-03-17 13:57:38,2024-03-17 13:54:38,671.55,Card,7998.0
3889721330.0,44269569.0,120532.0,2.0,697.53,2024-05-16 10:00:09,2024-05-16 10:13:09,2024-05-16 10:41:09,1698.08,Card,3101.0
7064093619.0,90665975.0,962591.0,1.0,130.01,2023-05-23 05:35:10,2023-05-23 05:49:10,2023-05-23 05:49:10,2426.17,Wallet,3209.0
6798661163.0,3730316.0,552496.0,2.0,508.0,2024-07-23 10:15:16,2024-07-23 10:34:16,2024-07-23 10:36:16,711.91,UPI,8237.0
2878307830.0,97150234.0,186168.0,2.0,878.8,2024-05-01 15:04:50,2024-05-01 15:22:50,2024-05-01 15:37:50,2165.98,UPI,8518.0
4133369643.0,95971469.0,667163.0,1.0,441.2,2023-07-03 22:41:35,2023-07-03 22:55:35,2023-07-03 23:01:35,3015.94,UPI,8673.0
3394787348.0,40841791.0,63769.0,1.0,878.07,2024-06-23 04:56:02,2024-06-23 05:09:02,2024-06-23 05:23:02,2942.82,Cash,6609.0
4830380663.0,19259955.0,57405.0,2.0,607.67,2023-12-24 10:17:01,2023-12-24 10:29:01,2023-12-24 10:30:01,610.43,Wallet,9819.0
3441042301.0,43052303.0,604184.0,1.0,397.55,2023-08-05 09:42:32,2023-08-05 10:00:32,2023-08-05 09:56:32,2638.95,UPI,353.0
3984353474.0,17681645.0,557908.0,3.0,942.37,2024-05-19 06:48:11,2024-05-19 07:02:11,2024-05-19 07:25:11,136.6,Card,512.0
4495916529.0,57662767.0,112390.0,3.0,877.98,2023-04-01 11:32:48,2023-04-01 11:51:48,2023-04-01 11:54:48,760.22,UPI,7592.0
5075205264.0,51034600.0,15314.0,3.0,578.85,2024-04-22 13:43:00,2024-04-22 13:54:00,2024-04-22 14:00:00,1652.05,Card,9169.0
6129180304.0,86499778.0,146840.0,3.0,786.85,2024-01-17 21:50:48,2024-01-17 22:05:48,2024-01-17 22:06:48,1047.98,Wallet,9307.0
3311686914.0,63310076.0,945635.0,1.0,778.9,2024-05-06 20:48:58,2024-05-06 21:02:58,2024-05-06 21:05:58,4422.12,Cash,8048.0
3907403745.0,99490786.0,33797.0,2.0,888.12,2023-06-19 16:37:55,2023-06-19 16:51:55,2023-06-19 16:46:55,2440.93,Wallet,3088.0
9924696305.0,43367112.0,876139.0,2.0,415.75,2023-04-30 14:40:42,2023-04-30 14:53:42,2023-04-30 14:55:42,46.62,Cash,5581.0
7348508805.0,45052594.0,942001.0,1.0,671.55,2024-05-23 22:19:58,2024-05-23 22:39:58,2024-05-23 22:49:58,3935.99,Cash,19.0
1665004352.0,5226128.0,883013.0,2.0,989.88,2023-08-01 05:40:59,2023-08-01 05:52:59,2023-08-01 05:50:59,1989.91,Cash,3040.0
1049800958.0,44139071.0,131937.0,3.0,287.81,2023-07-02 09:05:35,2023-07-02 09:16:35,2023-07-02 09:16:35,1099.79,Cash,1098.0
2937550786.0,72946405.0,739448.0,3.0,755.66,2023-08-06 08:03:35,2023-08-06 08:18:35,2023-08-06 08:14:35,1638.19,Card,2083.0
486724008.0,12415659.0,901144.0,1.0,340.36,2024-07-12 04:35:15,2024-07-12 04:52:15,2024-07-12 05:04:15,2431.37,Wallet,8143.0
9361578823.0,81373608.0,652118.0,3.0,22.04,2023-08-18 13:36:21,2023-08-18 13:53:21,2023-08-18 13:55:21,3335.13,UPI,8665.0
6249585672.0,20940403.0,144124.0,1.0,162.67,2023-07-09 08:37:58,2023-07-09 08:50:58,2023-07-09 08:54:58,864.3,Card,6218.0
2111712383.0,67465084.0,969851.0,3.0,340.66,2024-01-23 18:08:02,2024-01-23 18:23:02,2024-01-23 18:26:02,727.95,Card,9806.0
2962076108.0,99824171.0,131136.0,1.0,37.8,2024-06-13 04:42:25,2024-06-13 05:02:25,2024-06-13 05:02:25,1970.13,UPI,978.0
7509638056.0,35912599.0,327290.0,1.0,862.28,2024-02-13 00:53:38,2024-02-13 01:03:38,2024-02-13 01:08:38,1009.53,Wallet,6064.0
6074743537.0,32797235.0,300159.0,3.0,44.35,2024-09-12 06:33:08,2024-09-12 06:43:08,2024-09-12 06:44:08,431.37,Wallet,2135.0
3560026527.0,97174235.0,578097.0,2.0,267.61,2024-06-09 18:25:49,2024-06-09 18:43:49,2024-06-09 19:07:49,255.35,Wallet,2364.0
7005103077.0,76850859.0,52729.0,1.0,316.02,2024-05-14 02:58:36,2024-05-14 03:11:36,2024-05-14 03:11:36,1835.86,Card,6699.0
8175826750.0,22076522.0,661577.0,1.0,720.95,2024-09-17 20:10:13,2024-09-17 20:24:13,2024-09-17 20:27:13,1546.34,Cash,1879.0
8572946020.0,41168392.0,537274.0,2.0,702.71,2024-04-26 04:31:01,2024-04-26 04:42:01,2024-04-26 04:42:01,786.85,Card,3449.0
2936701883.0,28286754.0,140154.0,1.0,171.2,2024-03-02 09:00:52,2024-03-02 09:10:52,2024-03-02 09:13:52,1577.75,UPI,688.0
9948324640.0,22054087.0,107548.0,1.0,891.6,2023-10-31 04:05:42,2023-10-31 04:21:42,2023-10-31 04:25:42,1529.04,Cash,3268.0
2865872281.0,49970560.0,291238.0,3.0,746.03,2024-09-13 23:51:04,2024-09-14 00:02:04,2024-09-14 00:13:04,3543.67,Wallet,2005.0
5785351358.0,64795608.0,707935.0,2.0,820.9,2024-11-03 14:28:39,2024-11-03 14:41:39,2024-11-03 14:38:39,2240.09,UPI,6926.0
5204776107.0,65514005.0,818522.0,3.0,96.09,2023-08-24 23:32:11,2023-08-24 23:47:11,2023-08-24 23:45:11,2183.02,Cash,1691.0
8689865723.0,62526567.0,970529.0,1.0,827.44,2024-03-28 15:21:29,2024-03-28 15:31:29,2024-03-28 15:27:29,3277.87,Cash,4414.0
7822329516.0,79742293.0,34200.0,2.0,319.8,2023-11-19 22:55:01,2023-11-19 23:12:01,2023-11-19 23:18:01,367.08,Card,2461.0
5995393950.0,64535602.0,324809.0,3.0,608.0,2023-08-06 07:53:40,2023-08-06 08:09:40,2023-08-06 08:07:40,3434.89,Card,3722.0
5458784818.0,79672044.0,953175.0,3.0,225.21,2024-07-24 02:59:03,2024-07-24 03:16:03,2024-07-24 03:14:03,3321.58,Cash,5867.0
5611686165.0,83660688.0,217710.0,3.0,58.59,2023-07-02 08:15:05,2023-07-02 08:27:05,2023-07-02 08:25:05,2997.68,Wallet,8172.0
6390653932.0,83597876.0,962054.0,3.0,16.86,2023-05-19 08:04:04,2023-05-19 08:18:04,2023-05-19 08:13:04,1996.94,Card,3905.0
1215008706.0,68219091.0,349294.0,1.0,934.75,2024-03-04 22:56:25,2024-03-04 23:15:25,2024-03-04 23:11:25,3025.0,Cash,8245.0
7357727116.0,6617417.0,82484.0,2.0,914.88,2024-06-15 09:30:19,2024-06-15 09:45:19,2024-06-15 09:40:19,1441.9,UPI,6704.0
7562975685.0,89910157.0,284460.0,2.0,505.95,2023-07-02 04:44:00,2023-07-02 04:59:00,2023-07-02 05:10:00,3837.24,Card,1002.0
3118070064.0,50518311.0,760828.0,2.0,563.45,2023-06-05 04:26:07,2023-06-05 04:41:07,2023-06-05 04:37:07,3977.57,UPI,8287.0
8255753870.0,72667140.0,398340.0,2.0,651.93,2023-09-09 08:25:02,2023-09-09 08:35:02,2023-09-09 08:36:02,5768.29,Card,3023.0
5924715529.0,79919160.0,455755.0,2.0,44.09,2024-03-24 04:10:10,2024-03-24 04:26:10,2024-03-24 04:29:10,3867.9,UPI,8803.0
9593816617.0,44589829.0,440875.0,3.0,275.03,2023-05-28 01:37:07,2023-05-28 01:56:07,2023-05-28 01:51:07,3890.77,Card,119.0
6143213997.0,71643758.0,739534.0,2.0,994.56,2024-03-21 10:05:10,2024-03-21 10:15:10,2024-03-21 10:17:10,4464.71,Card,5651.0
4516009647.0,99361865.0,969851.0,1.0,340.66,2024-07-19 01:14:23,2024-07-19 01:34:23,2024-07-19 01:36:23,3570.86,Wallet,4099.0
291900074.0,625395.0,376447.0,3.0,724.84,2024-10-02 17:17:52,2024-10-02 17:27:52,2024-10-02 17:22:52,2248.63,Card,2983.0
3178700341.0,48033969.0,704868.0,1.0,193.46,2024-06-10 04:45:21,2024-06-10 04:58:21,2024-06-10 04:53:21,1776.0,Cash,1093.0
4231742059.0,4439806.0,690565.0,1.0,951.27,2023-11-21 07:52:59,2023-11-21 08:12:59,2023-11-21 08:26:59,1232.31,UPI,3792.0
7437613292.0,31582950.0,237083.0,2.0,577.13,2023-12-30 01:27:48,2023-12-30 01:43:48,2023-12-30 01:52:48,4161.8,Card,3072.0
5609346062.0,82169898.0,925482.0,1.0,475.04,2023-08-08 20:17:58,2023-08-08 20:33:58,2023-08-08 20:32:58,134.69,Card,8189.0
909033820.0,93924203.0,433521.0,3.0,321.33,2023-10-11 10:18:32,2023-10-11 10:36:32,2023-10-11 10:51:32,2660.5,UPI,6165.0
470624828.0,59545278.0,679321.0,2.0,738.46,2023-08-21 03:20:09,2023-08-21 03:39:09,2023-08-21 03:40:09,197.39,UPI,9388.0
9608676386.0,99714944.0,487065.0,1.0,374.68,2023-08-14 19:28:16,2023-08-14 19:43:16,2023-08-14 19:40:16,545.0,UPI,6017.0
6846160702.0,77661491.0,131937.0,3.0,287.81,2023-07-20 15:58:04,2023-07-20 16:17:04,2023-07-20 16:13:04,483.05,Card,3237.0
4248168019.0,29973346.0,378676.0,3.0,881.42,2024-03-26 14:29:52,2024-03-26 14:43:52,2024-03-26 14:39:52,1838.03,Card,8134.0
9057909300.0,9738801.0,120532.0,1.0,697.53,2024-01-17 16:21:44,2024-01-17 16:38:44,2024-01-17 16:37:44,787.4,Cash,697.0
2171816966.0,92404798.0,537274.0,1.0,702.71,2024-01-30 19:08:30,2024-01-30 19:26:30,2024-01-30 19:22:30,2672.4,Cash,6332.0
1387025817.0,52417972.0,490939.0,2.0,80.25,2024-06-15 20:30:42,2024-06-15 20:46:42,2024-06-15 20:50:42,1004.68,Card,4735.0
6801124715.0,26912171.0,305754.0,2.0,979.99,2024-04-10 06:34:06,2024-04-10 06:46:06,2024-04-10 06:44:06,697.53,Card,9037.0
6117979297.0,79206969.0,298985.0,1.0,183.76,2023-12-23 05:22:12,2023-12-23 05:32:12,2023-12-23 05:32:12,2007.19,Cash,1734.0
4902314626.0,98307019.0,140154.0,2.0,171.2,2024-05-25 15:43:16,2024-05-25 16:01:16,2024-05-25 15:58:16,1819.77,Cash,4018.0
361595059.0,70966268.0,700048.0,1.0,141.28,2023-10-21 06:12:27,2023-10-21 06:25:27,2023-10-21 06:21:27,1854.55,Cash,8346.0
5309683159.0,24153726.0,757274.0,2.0,98.32,2023-04-21 05:04:01,2023-04-21 05:19:01,2023-04-21 05:36:01,3047.03,Wallet,4677.0
2300265337.0,90246977.0,654623.0,3.0,422.14,2024-01-01 01:10:17,2024-01-01 01:23:17,2024-01-01 01:26:17,2215.55,Cash,6444.0
199903168.0,99627097.0,847349.0,3.0,781.08,2023-04-16 10:59:20,2023-04-16 11:14:20,2023-04-16 11:11:20,1440.04,UPI,2391.0
4923840119.0,60049160.0,764014.0,2.0,612.04,2024-09-04 05:40:29,2024-09-04 05:56:29,2024-09-04 05:53:29,426.72,UPI,5293.0
2209550085.0,56457995.0,679865.0,1.0,347.91,2024-09-07 13:22:14,2024-09-07 13:42:14,2024-09-07 13:41:14,2710.74,Cash,9844.0
120178110.0,65294340.0,739534.0,3.0,994.56,2024-01-21 01:20:21,2024-01-21 01:37:21,2024-01-21 01:47:21,1508.3,Wallet,6099.0
6647259959.0,83660688.0,39154.0,3.0,946.86,2023-06-20 22:30:07,2023-06-20 22:42:07,2023-06-20 23:05:07,3032.51,Card,9451.0
3859980017.0,77015367.0,992178.0,1.0,632.43,2023-05-15 05:15:07,2023-05-15 05:27:07,2023-05-15 05:29:07,114.52,Card,1716.0
9196827234.0,51669263.0,741341.0,2.0,923.84,2023-10-31 04:53:31,2023-10-31 05:05:31,2023-10-31 05:17:31,2203.36,Wallet,7484.0
3499440849.0,3638834.0,965755.0,2.0,532.57,2023-10-10 21:36:37,2023-10-10 21:47:37,2023-10-10 21:43:37,1266.77,Card,2816.0
7114775833.0,68965787.0,592784.0,1.0,280.35,2024-07-08 12:52:59,2024-07-08 13:09:59,2024-07-08 13:04:59,1057.06,Cash,491.0
7812364366.0,25081012.0,552883.0,1.0,888.16,2023-08-26 23:42:03,2023-08-26 23:53:03,2023-08-26 23:50:03,4225.96,Cash,2342.0
7525899857.0,52428250.0,723678.0,3.0,675.46,2023-09-04 04:12:50,2023-09-04 04:31:50,2023-09-04 04:26:50,3983.85,Wallet,1081.0
3917847107.0,90665975.0,587420.0,2.0,357.42,2024-08-13 22:21:03,2024-08-13 22:37:03,2024-08-13 22:38:03,2860.94,UPI,4390.0
1229828587.0,42989999.0,432617.0,2.0,863.18,2023-10-27 01:20:12,2023-10-27 01:39:12,2023-10-27 01:43:12,3587.77,UPI,9576.0
4249345096.0,81346291.0,564692.0,1.0,215.65,2023-05-31 18:48:29,2023-05-31 19:00:29,2023-05-31 19:00:29,1230.3,UPI,5759.0
4002407580.0,59398136.0,256051.0,3.0,400.92,2023-11-17 17:12:26,2023-11-17 17:30:26,2023-11-17 17:35:26,4381.56,Cash,9460.0
5982122427.0,6398761.0,707935.0,3.0,820.9,2023-04-23 19:59:41,2023-04-23 20:15:41,2023-04-23 20:18:41,345.54,Card,1333.0
3280431261.0,48268435.0,327290.0,2.0,862.28,2024-03-13 22:01:07,2024-03-13 22:15:07,2024-03-13 22:10:07,1198.33,Cash,3799.0
5066338759.0,48284116.0,41853.0,2.0,910.44,2023-11-21 04:48:59,2023-11-21 05:05:59,2023-11-21 05:00:59,616.45,UPI,3897.0
9087426355.0,66932104.0,114414.0,2.0,832.06,2023-11-03 17:05:47,2023-11-03 17:25:47,2023-11-03 17:24:47,473.64,Wallet,6566.0
5512907.0,51476157.0,659290.0,3.0,319.34,2023-04-30 20:52:21,2023-04-30 21:11:21,2023-04-30 21:26:21,861.53,Wallet,419.0
4174741467.0,34074184.0,930284.0,2.0,189.47,2023-12-17 02:00:05,2023-12-17 02:10:05,2023-12-17 02:22:05,1492.14,UPI,7942.0
6270463968.0,35434373.0,883013.0,1.0,989.88,2023-10-03 03:37:56,2023-10-03 03:57:56,2023-10-03 03:53:56,3784.59,Wallet,4408.0
1239385001.0,82359623.0,897083.0,3.0,972.69,2023-09-27 14:03:37,2023-09-27 14:15:37,2023-09-27 14:17:37,2963.43,UPI,4114.0
5250202756.0,40871915.0,555121.0,2.0,354.91,2023-09-10 11:47:03,2023-09-10 12:07:03,2023-09-10 12:27:03,1416.86,Card,2042.0
4099185509.0,22047134.0,968887.0,2.0,40.7,2024-01-24 20:20:07,2024-01-24 20:38:07,2024-01-24 20:37:07,2680.39,Cash,4179.0
7875903450.0,17805991.0,563740.0,3.0,96.33,2024-03-14 04:38:14,2024-03-14 04:51:14,2024-03-14 04:51:14,877.43,Wallet,6653.0
7561642939.0,75739462.0,146840.0,2.0,786.85,2024-07-24 20:16:37,2024-07-24 20:29:37,2024-07-24 20:25:37,2045.25,UPI,6438.0
5438908316.0,59815512.0,942001.0,1.0,671.55,2024-04-03 00:44:54,2024-04-03 00:58:54,2024-04-03 00:58:54,3399.81,Card,1533.0
357437373.0,23126657.0,667163.0,3.0,441.2,2023-05-10 06:00:22,2023-05-10 06:20:22,2023-05-10 06:25:22,3284.68,UPI,2372.0
8972877222.0,57291761.0,373536.0,1.0,494.17,2024-10-26 04:59:57,2024-10-26 05:12:57,2024-10-26 05:13:57,4304.25,Cash,3754.0
1163798451.0,25641500.0,954722.0,2.0,616.45,2023-10-04 03:09:32,2023-10-04 03:20:32,2023-10-04 03:47:32,2383.88,Cash,8660.0
3588229485.0,29973346.0,67197.0,3.0,552.2,2024-08-01 00:33:39,2024-08-01 00:48:39,2024-08-01 01:09:39,3644.32,Wallet,254.0
1205823348.0,79478655.0,707935.0,2.0,820.9,2024-07-29 10:13:55,2024-07-29 10:32:55,2024-07-29 10:41:55,2426.3,UPI,9924.0
2867008541.0,99594960.0,914071.0,3.0,296.94,2023-12-20 17:42:19,2023-12-20 17:59:19,2023-12-20 18:11:19,1763.79,Card,8989.0
5794917332.0,12574626.0,60619.0,1.0,726.41,2024-02-16 13:46:41,2024-02-16 14:02:41,2024-02-16 13:57:41,1099.91,Cash,1119.0
4726520098.0,48284116.0,77308.0,2.0,223.27,2023-04-19 21:36:45,2023-04-19 21:49:45,2023-04-19 21:46:45,2873.05,Cash,5762.0
6251716165.0,93723634.0,914071.0,3.0,296.94,2023-09-27 21:30:53,2023-09-27 21:50:53,2023-09-27 22:01:53,2660.73,Card,2728.0
5991829458.0,80850753.0,329351.0,2.0,310.87,2023-08-12 07:02:02,2023-08-12 07:17:02,2023-08-12 07:14:02,4046.31,UPI,7607.0
1142626566.0,27304827.0,337168.0,2.0,545.49,2024-05-31 05:15:00,2024-05-31 05:31:00,2024-05-31 05:28:00,1294.71,Cash,208.0
2595161999.0,45586151.0,771228.0,2.0,83.18,2023-08-12 02:19:59,2023-08-12 02:29:59,2023-08-12 02:26:59,3891.35,Card,1665.0
8865698939.0,3897936.0,107548.0,2.0,891.6,2023-09-09 19:18:23,2023-09-09 19:31:23,2023-09-09 19:33:23,1333.67,UPI,8382.0
1776582175.0,12305040.0,56589.0,2.0,517.77,2024-03-29 23:46:45,2024-03-29 23:56:45,2024-03-30 00:01:45,2507.31,Wallet,1810.0
7323157341.0,16543242.0,478531.0,1.0,825.46,2024-07-01 22:47:22,2024-07-01 22:57:22,2024-07-01 23:02:22,2438.78,Wallet,2571.0
8997413283.0,45314389.0,839170.0,2.0,481.63,2024-10-02 10:25:13,2024-10-02 10:39:13,2024-10-02 10:43:13,3639.44,Card,1840.0
2548452255.0,44776601.0,131136.0,3.0,37.8,2023-09-18 02:09:26,2023-09-18 02:24:26,2023-09-18 02:45:26,2112.34,Wallet,4072.0
7906839225.0,56548063.0,33955.0,3.0,186.08,2023-10-28 15:45:23,2023-10-28 15:55:23,2023-10-28 15:54:23,1434.14,Wallet,8047.0
4113927200.0,53782978.0,144124.0,3.0,162.67,2023-05-19 05:22:03,2023-05-19 05:32:03,2023-05-19 05:29:03,4111.84,Cash,1186.0
4233626614.0,24043135.0,542300.0,3.0,255.35,2024-07-28 05:10:33,2024-07-28 05:30:33,2024-07-28 05:35:33,1487.88,Card,4855.0
2886463378.0,6853981.0,140489.0,2.0,650.2,2023-12-24 19:17:51,2023-12-24 19:31:51,2023-12-24 19:54:51,141.28,UPI,2329.0
1823348306.0,92604392.0,669378.0,2.0,212.14,2023-06-27 09:50:08,2023-06-27 10:08:08,2023-06-27 10:07:08,1015.0,UPI,146.0
8706556166.0,84953008.0,567671.0,2.0,418.48,2024-09-11 23:11:11,2024-09-11 23:27:11,2024-09-11 23:38:11,690.08,Wallet,462.0
5139433840.0,77614510.0,123983.0,2.0,785.67,2023-05-25 20:50:40,2023-05-25 21:02:40,2023-05-25 21:05:40,3480.72,Wallet,1611.0
769731596.0,97825663.0,837480.0,1.0,217.4,2024-10-10 06:40:41,2024-10-10 06:55:41,2024-10-10 06:59:41,2692.05,Card,2471.0
1346090496.0,88202341.0,659290.0,3.0,319.34,2023-08-18 07:48:46,2023-08-18 08:03:46,2023-08-18 08:08:46,2035.95,Cash,30.0
9339629293.0,79478655.0,542300.0,3.0,255.35,2023-05-28 02:29:58,2023-05-28 02:45:58,2023-05-28 02:56:58,1797.71,UPI,8161.0
3043993017.0,13455530.0,451812.0,1.0,530.85,2023-11-25 00:38:58,2023-11-25 00:51:58,2023-11-25 01:00:58,3205.65,Wallet,1757.0
274863669.0,39140039.0,990993.0,1.0,263.7,2024-04-11 17:37:35,2024-04-11 17:50:35,2024-04-11 17:48:35,1785.63,Wallet,1959.0
3736611791.0,6959437.0,398340.0,3.0,651.93,2024-10-05 07:48:45,2024-10-05 08:05:45,2024-10-05 08:01:45,1410.62,Card,4071.0
9628875555.0,11470681.0,903336.0,1.0,551.88,2024-03-09 03:58:13,2024-03-09 04:09:13,2024-03-09 04:07:13,3007.93,Cash,17.0
6367306297.0,17201639.0,196719.0,3.0,217.5,2023-09-25 11:13:00,2023-09-25 11:33:00,2023-09-25 11:29:00,3012.27,Cash,4611.0
4393113152.0,79695653.0,56589.0,1.0,517.77,2024-06-02 08:12:47,2024-06-02 08:24:47,2024-06-02 08:39:47,3080.2,Cash,1903.0
1239928207.0,79591237.0,961614.0,2.0,227.22,2023-09-11 00:37:13,2023-09-11 00:47:13,2023-09-11 00:46:13,281.73,UPI,1041.0
5473002872.0,44030130.0,992178.0,2.0,632.43,2024-07-07 16:39:05,2024-07-07 16:53:05,2024-07-07 16:51:05,755.66,Card,5382.0
6536847919.0,81822935.0,965755.0,2.0,532.57,2023-06-10 19:34:51,2023-06-10 19:48:51,2023-06-10 19:48:51,5410.01,Wallet,5403.0
5480709564.0,18140588.0,89084.0,1.0,598.83,2023-12-16 23:01:42,2023-12-16 23:20:42,2023-12-16 23:17:42,3731.46,Card,9426.0
1393100618.0,33295496.0,723678.0,3.0,675.46,2024-09-25 01:37:46,2024-09-25 01:47:46,2024-09-25 01:44:46,3502.77,Cash,8686.0
6999330116.0,81605722.0,120385.0,3.0,597.91,2023-04-13 00:06:06,2023-04-13 00:24:06,2023-04-13 00:47:06,931.61,Card,4675.0
7816842690.0,1449273.0,564692.0,1.0,215.65,2023-08-01 19:16:42,2023-08-01 19:31:42,2023-08-01 19:34:42,3078.32,Cash,3253.0
3186586558.0,9987182.0,654297.0,3.0,13.25,2024-02-21 13:59:40,2024-02-21 14:09:40,2024-02-21 14:08:40,2983.4,Card,5556.0
7927955136.0,32293017.0,11422.0,1.0,127.16,2023-08-27 23:56:24,2023-08-28 00:07:24,2023-08-28 00:07:24,597.91,Cash,5721.0
3518172697.0,13189939.0,500633.0,1.0,154.5,2023-05-13 19:18:59,2023-05-13 19:37:59,2023-05-13 19:33:59,2809.38,Card,8607.0
4557188271.0,17597449.0,871592.0,1.0,870.29,2024-05-16 06:38:40,2024-05-16 06:49:40,2024-05-16 06:53:40,4693.64,Cash,2327.0
2893244627.0,11493380.0,34200.0,2.0,319.8,2024-10-10 18:17:29,2024-10-10 18:28:29,2024-10-10 18:39:29,3331.28,Cash,2343.0
1996683408.0,5043760.0,39154.0,2.0,946.86,2024-01-30 23:25:16,2024-01-30 23:40:16,2024-01-30 23:53:16,870.29,Wallet,191.0
1673794089.0,48167795.0,378287.0,3.0,332.84,2024-02-06 16:10:43,2024-02-06 16:24:43,2024-02-06 16:19:43,891.13,Cash,2365.0
9931161723.0,41640262.0,679865.0,2.0,347.91,2023-07-12 19:57:22,2023-07-12 20:16:22,2023-07-12 20:13:22,883.44,Card,6439.0
856799416.0,25770577.0,611575.0,2.0,482.06,2023-09-10 14:48:09,2023-09-10 15:03:09,2023-09-10 15:05:09,439.98,Wallet,4839.0
6668508959.0,15144290.0,137909.0,2.0,864.3,2024-08-31 19:27:35,2024-08-31 19:40:35,2024-08-31 19:36:35,2236.64,UPI,2949.0
4914874727.0,80517784.0,240179.0,1.0,90.56,2023-06-13 19:36:13,2023-06-13 19:47:13,2023-06-13 19:50:13,2658.31,UPI,2449.0
7869104895.0,57392064.0,820973.0,1.0,114.52,2023-10-01 21:30:39,2023-10-01 21:42:39,2023-10-01 21:41:39,1638.0,Cash,5533.0
5094989752.0,87107263.0,478531.0,2.0,825.46,2024-06-01 12:17:08,2024-06-01 12:28:08,2024-06-01 12:32:08,46.62,Card,1243.0
4305377896.0,19216141.0,799952.0,2.0,922.64,2024-08-08 00:29:16,2024-08-08 00:45:16,2024-08-08 01:10:16,2737.62,Cash,4243.0
7017136473.0,50680889.0,953175.0,1.0,225.21,2024-03-11 20:19:32,2024-03-11 20:32:32,2024-03-11 20:28:32,2783.74,UPI,6934.0
3303209513.0,70084516.0,183929.0,3.0,738.74,2024-03-09 03:38:10,2024-03-09 03:58:10,2024-03-09 03:53:10,2662.16,Wallet,752.0
8607953669.0,67340606.0,34186.0,3.0,925.65,2023-06-10 10:33:47,2023-06-10 10:53:47,2023-06-10 10:50:47,1274.25,Cash,2780.0
1940918101.0,4356173.0,140154.0,1.0,171.2,2023-10-03 18:30:51,2023-10-03 18:47:51,2023-10-03 18:42:51,1438.2,Card,3921.0
6494615659.0,10745302.0,757274.0,1.0,98.32,2023-11-19 18:46:56,2023-11-19 19:02:56,2023-11-19 19:15:56,3759.4,Card,1534.0
4280890409.0,42102289.0,89084.0,2.0,598.83,2024-10-30 14:33:42,2024-10-30 14:52:42,2024-10-30 14:56:42,2926.61,Wallet,5039.0
7598489331.0,84066402.0,425341.0,2.0,486.28,2024-07-20 15:56:26,2024-07-20 16:08:26,2024-07-20 16:15:26,2118.48,Wallet,7854.0
8755280486.0,2566268.0,589812.0,3.0,163.03,2024-07-30 17:33:23,2024-07-30 17:45:23,2024-07-30 17:52:23,2760.76,Cash,9166.0
8281093933.0,67277562.0,642612.0,1.0,517.03,2024-02-18 13:40:29,2024-02-18 14:00:29,2024-02-18 13:55:29,781.08,Cash,489.0
7415765726.0,75244116.0,647462.0,3.0,326.42,2023-08-05 09:22:31,2023-08-05 09:36:31,2023-08-05 09:51:31,4757.16,Wallet,4389.0
6266072804.0,60565603.0,196719.0,1.0,217.5,2024-06-23 06:17:02,2024-06-23 06:35:02,2024-06-23 06:39:02,582.63,Card,3867.0
1542448934.0,97033691.0,118820.0,3.0,12.32,2023-10-13 08:22:43,2023-10-13 08:40:43,2023-10-13 08:39:43,2557.13,UPI,4662.0
2896979776.0,30317733.0,992178.0,3.0,632.43,2023-05-24 05:50:25,2023-05-24 06:01:25,2023-05-24 05:57:25,690.08,Cash,3114.0
169867835.0,59545278.0,927651.0,3.0,426.72,2023-08-16 22:27:20,2023-08-16 22:39:20,2023-08-16 22:37:20,632.43,Wallet,5315.0
9493456526.0,77811864.0,516376.0,3.0,877.43,2023-04-02 07:12:05,2023-04-02 07:25:05,2023-04-02 07:22:05,1359.05,Card,1337.0
9423261830.0,17597449.0,611575.0,1.0,482.06,2023-08-24 06:24:57,2023-08-24 06:36:57,2023-08-24 06:39:57,3077.08,Cash,3847.0
5793453795.0,70543108.0,378676.0,2.0,881.42,2024-04-13 02:33:42,2024-04-13 02:43:42,2024-04-13 02:48:42,3172.62,Cash,4479.0
2141680269.0,32797235.0,820541.0,1.0,576.22,2024-10-25 02:05:26,2024-10-25 02:20:26,2024-10-25 02:23:26,3449.94,Cash,8112.0
6457122136.0,79764458.0,589812.0,3.0,163.03,2023-05-19 07:38:24,2023-05-19 07:54:24,2023-05-19 08:19:24,3162.28,Cash,285.0
8447536518.0,48160359.0,542300.0,2.0,255.35,2023-12-20 23:53:02,2023-12-21 00:03:02,2023-12-21 00:08:02,4888.47,Cash,1132.0
3191672889.0,88223261.0,897083.0,2.0,972.69,2024-07-07 17:51:59,2024-07-07 18:02:59,2024-07-07 18:03:59,3130.58,UPI,3711.0
2521995712.0,30285217.0,219598.0,3.0,367.08,2023-08-21 01:43:10,2023-08-21 01:59:10,2023-08-21 01:57:10,2100.16,Cash,7878.0
8194578267.0,74313592.0,669378.0,2.0,212.14,2023-10-11 13:48:45,2023-10-11 14:06:45,2023-10-11 14:10:45,3901.21,UPI,9932.0
2811341619.0,30188374.0,762527.0,1.0,690.08,2024-05-24 20:17:58,2024-05-24 20:27:58,2024-05-24 20:30:58,947.95,Cash,3931.0
5562576298.0,10019218.0,578097.0,2.0,267.61,2023-11-08 13:23:27,2023-11-08 13:41:27,2023-11-08 13:48:27,3844.75,UPI,6913.0
7446009755.0,71767248.0,954722.0,3.0,616.45,2023-06-15 20:49:56,2023-06-15 21:08:56,2023-06-15 21:19:56,1324.37,Wallet,9612.0
7343262659.0,16484167.0,492958.0,1.0,84.2,2023-04-07 06:36:05,2023-04-07 06:46:05,2023-04-07 06:49:05,3927.09,Card,2071.0
7147677361.0,97475543.0,490939.0,1.0,80.25,2024-07-12 09:59:18,2024-07-12 10:09:18,2024-07-12 10:09:18,2543.15,Wallet,4844.0
8732072897.0,12077371.0,366066.0,2.0,918.58,2023-06-14 10:37:11,2023-06-14 10:48:11,2023-06-14 10:53:11,2358.85,UPI,2720.0
6418604551.0,12967305.0,243235.0,2.0,109.03,2023-07-25 19:31:47,2023-07-25 19:41:47,2023-07-25 19:36:47,4251.6,Wallet,1287.0
4989511905.0,41972994.0,373536.0,3.0,494.17,2023-04-03 00:54:43,2023-04-03 01:07:43,2023-04-03 01:06:43,2654.71,Card,3078.0
2520527893.0,51476157.0,18035.0,3.0,968.94,2024-10-02 01:35:34,2024-10-02 01:53:34,2024-10-02 02:10:34,3294.27,UPI,8699.0
4753989820.0,81500385.0,672059.0,1.0,672.73,2023-10-06 19:53:59,2023-10-06 20:08:59,2023-10-06 20:08:59,1939.92,Card,5442.0
8285547588.0,26245432.0,264803.0,2.0,995.98,2024-01-02 23:08:51,2024-01-02 23:27:51,2024-01-02 23:32:51,909.66,UPI,9795.0
5824924668.0,49881540.0,382511.0,3.0,702.54,2023-11-19 17:07:48,2023-11-19 17:24:48,2023-11-19 17:25:48,1710.54,UPI,4088.0
7703854141.0,86483673.0,990993.0,3.0,263.7,2024-05-13 17:00:31,2024-05-13 17:18:31,2024-05-13 17:14:31,1659.75,Wallet,3459.0
7380361209.0,7591711.0,487065.0,2.0,374.68,2023-06-27 10:33:07,2023-06-27 10:48:07,2023-06-27 10:44:07,2151.14,Wallet,1843.0
5053033745.0,66485571.0,803607.0,1.0,949.73,2024-04-09 13:43:30,2024-04-09 13:59:30,2024-04-09 13:59:30,2322.3,Card,5629.0
4859489972.0,12305040.0,848226.0,3.0,209.59,2023-07-15 17:32:59,2023-07-15 17:42:59,2023-07-15 17:40:59,2081.4,UPI,1873.0
9690396315.0,46563355.0,812607.0,2.0,416.65,2024-09-29 11:06:50,2024-09-29 11:19:50,2024-09-29 11:15:50,3891.07,Cash,9038.0
448732557.0,80952275.0,689769.0,1.0,46.62,2023-11-30 23:44:28,2023-12-01 00:00:28,2023-11-30 23:58:28,1385.54,Wallet,3163.0
4927306668.0,97033691.0,540618.0,2.0,317.05,2023-06-08 23:21:25,2023-06-08 23:32:25,2023-06-08 23:30:25,898.65,Wallet,4226.0
1669690997.0,62600289.0,925482.0,3.0,475.04,2023-12-25 15:46:20,2023-12-25 16:05:20,2023-12-25 16:10:20,1132.33,Cash,1587.0
8340761903.0,53640286.0,124290.0,2.0,39.65,2023-11-27 09:18:43,2023-11-27 09:38:43,2023-11-27 09:36:43,2372.01,Cash,3458.0
5936301790.0,87059497.0,491314.0,3.0,973.44,2024-06-21 19:09:09,2024-06-21 19:23:09,2024-06-21 19:26:09,3158.35,Cash,7424.0
5710579377.0,67310893.0,319388.0,2.0,657.8,2024-06-06 14:58:13,2024-06-06 15:12:13,2024-06-06 15:10:13,1918.92,UPI,6128.0
2494813730.0,28663279.0,136533.0,1.0,826.21,2023-08-23 12:04:18,2023-08-23 12:20:18,2023-08-23 12:21:18,1879.46,Card,5588.0
